id	uuid	coa_cd	coa_name	weight	risk_weight_1	risk_weight_2	risk_weight_3	risk_weight_4	risk_weight_5	risk_weight_6	risk_weight_7	risk_weight_8	risk_weight_9	risk_weight_10	risk_weight_11	risk_weight_12	risk_weight_13	risk_weight_14	risk_weight_15	risk_weight_16	risk_weight_17	risk_weight_18	risk_weight_19	risk_weight_20	risk_weight_21	risk_weight_22	risk_weight_23	risk_weight_24
1	7ddc5e84-8a15-4aa8-8385-4d857599798c	1_1_1	现金_1D	0.1	0.1	0.1	0.1	0.1	0.1	0.1	0.1	0.1	0.1	0.1	0.1	0.1	0.1	0.1	0.1	0.1	0.1	0.1	0.1	0.1	0.1	0.1	0.1	0.1
2	d44f9525-522a-4d45-838d-3c784aa99933	1_1_2	存放央行法定准备金_30Y	0.1	0.1	0.1	0.1	0.1	0.1	0.1	0.1	0.1	0.1	0.1	0.1	0.1	0.1	0.1	0.1	0.1	0.1	0.1	0.1	0.1	0.1	0.1	0.1	0.1
3	b2a628ba-7a23-4b31-840e-548940d602d6	1_1_3	存放央行超额准备金_1D	0.1	0.1	0.1	0.1	0.1	0.1	0.1	0.1	0.1	0.1	0.1	0.1	0.1	0.1	0.1	0.1	0.1	0.1	0.1	0.1	0.1	0.1	0.1	0.1	0.1
4	6c1fbbf7-9688-4f19-9cf3-304257786d3e	1_1_4	存放央行其他款项_30Y	0.1	0.1	0.1	0.1	0.1	0.1	0.1	0.1	0.1	0.1	0.1	0.1	0.1	0.1	0.1	0.1	0.1	0.1	0.1	0.1	0.1	0.1	0.1	0.1	0.1
5	7446b5d8-2dbb-4d30-9a66-cb0038201cef	1_2_1_1_1	存放同业活期款项_金融市场部_1D	0.1	0.1	0.1	0.1	0.1	0.1	0.1	0.1	0.1	0.1	0.1	0.1	0.1	0.1	0.1	0.1	0.1	0.1	0.1	0.1	0.1	0.1	0.1	0.1	0.1
6	4318afbc-7362-4396-af70-877c9be9edc2	1_2_1_1_2	存放同业定期款项_金融市场部_1M	0.1	0.1	0.1	0.1	0.1	0.1	0.1	0.1	0.1	0.1	0.1	0.1	0.1	0.1	0.1	0.1	0.1	0.1	0.1	0.1	0.1	0.1	0.1	0.1	0.1
7	39d9e626-334f-4fe6-b71f-05403d718b0d	1_2_1_1_3	存放同业定期款项_金融市场部_3M	0.1	0.1	0.1	0.1	0.1	0.1	0.1	0.1	0.1	0.1	0.1	0.1	0.1	0.1	0.1	0.1	0.1	0.1	0.1	0.1	0.1	0.1	0.1	0.1	0.1
8	ef29d253-a9be-4a8e-9c0c-75125d54f78c	1_2_1_1_4	存放同业定期款项_金融市场部_6M	0.1	0.1	0.1	0.1	0.1	0.1	0.1	0.1	0.1	0.1	0.1	0.1	0.1	0.1	0.1	0.1	0.1	0.1	0.1	0.1	0.1	0.1	0.1	0.1	0.1
9	43562b93-edf0-40af-89e5-2a1114088f04	1_2_1_1_5	存放同业定期款项_金融市场部_1Y	0.1	0.1	0.1	0.1	0.1	0.1	0.1	0.1	0.1	0.1	0.1	0.1	0.1	0.1	0.1	0.1	0.1	0.1	0.1	0.1	0.1	0.1	0.1	0.1	0.1
10	a7ac42db-ca0f-45fe-b5d5-c066296b2433	1_2_1_2_1	存放同业活期款项_公司金融部_1D	0.1	0.1	0.1	0.1	0.1	0.1	0.1	0.1	0.1	0.1	0.1	0.1	0.1	0.1	0.1	0.1	0.1	0.1	0.1	0.1	0.1	0.1	0.1	0.1	0.1
11	6a972b16-3856-4d93-bd6b-29bd92a1a822	1_2_1_2_2	存放同业定期款项_公司金融部_1M	0.1	0.1	0.1	0.1	0.1	0.1	0.1	0.1	0.1	0.1	0.1	0.1	0.1	0.1	0.1	0.1	0.1	0.1	0.1	0.1	0.1	0.1	0.1	0.1	0.1
12	14b0f62c-d35a-4a9b-87c0-f1b0320c2bf4	1_2_1_2_3	存放同业定期款项_公司金融部_3M	0.1	0.1	0.1	0.1	0.1	0.1	0.1	0.1	0.1	0.1	0.1	0.1	0.1	0.1	0.1	0.1	0.1	0.1	0.1	0.1	0.1	0.1	0.1	0.1	0.1
13	0857988b-c37c-4e3f-b4d9-38664c173055	1_2_1_2_4	存放同业定期款项_公司金融部_6M	0.1	0.1	0.1	0.1	0.1	0.1	0.1	0.1	0.1	0.1	0.1	0.1	0.1	0.1	0.1	0.1	0.1	0.1	0.1	0.1	0.1	0.1	0.1	0.1	0.1
14	0c806e1d-2d75-45d1-8413-570f3ebb8dc8	1_2_1_2_5	存放同业定期款项_公司金融部_1Y	0.1	0.1	0.1	0.1	0.1	0.1	0.1	0.1	0.1	0.1	0.1	0.1	0.1	0.1	0.1	0.1	0.1	0.1	0.1	0.1	0.1	0.1	0.1	0.1	0.1
15	efa52d1b-80b4-4c83-b4d4-658f1a781b8c	1_2_2_1	拆放同业款项_1D	0.1	0.1	0.1	0.1	0.1	0.1	0.1	0.1	0.1	0.1	0.1	0.1	0.1	0.1	0.1	0.1	0.1	0.1	0.1	0.1	0.1	0.1	0.1	0.1	0.1
16	7e785a05-327d-4aa0-9e89-1f6e3e81a3cc	1_2_2_2	拆放同业款项_1M	0.1	0.1	0.1	0.1	0.1	0.1	0.1	0.1	0.1	0.1	0.1	0.1	0.1	0.1	0.1	0.1	0.1	0.1	0.1	0.1	0.1	0.1	0.1	0.1	0.1
17	71e228d6-6819-448c-95b8-5f686c6ed053	1_2_2_3	拆放同业款项_3M	0.1	0.1	0.1	0.1	0.1	0.1	0.1	0.1	0.1	0.1	0.1	0.1	0.1	0.1	0.1	0.1	0.1	0.1	0.1	0.1	0.1	0.1	0.1	0.1	0.1
18	6be1a6f7-294b-46d8-a111-7961c3be0e52	1_2_2_4	拆放同业款项_6M	0.1	0.1	0.1	0.1	0.1	0.1	0.1	0.1	0.1	0.1	0.1	0.1	0.1	0.1	0.1	0.1	0.1	0.1	0.1	0.1	0.1	0.1	0.1	0.1	0.1
19	5c9a9cf4-7838-441a-a2b1-6324baab1951	1_2_2_5	拆放同业款项_1Y	0.1	0.1	0.1	0.1	0.1	0.1	0.1	0.1	0.1	0.1	0.1	0.1	0.1	0.1	0.1	0.1	0.1	0.1	0.1	0.1	0.1	0.1	0.1	0.1	0.1
20	461d6e09-3ea2-45c7-8012-74529f951d5d	1_2_3_1_1	买入返售债券_买断式_1D	0.1	0.1	0.1	0.1	0.1	0.1	0.1	0.1	0.1	0.1	0.1	0.1	0.1	0.1	0.1	0.1	0.1	0.1	0.1	0.1	0.1	0.1	0.1	0.1	0.1
21	a65170e6-7105-4804-ad27-d8ce20545a7e	1_2_3_1_2	买入返售债券_买断式_7D	0.1	0.1	0.1	0.1	0.1	0.1	0.1	0.1	0.1	0.1	0.1	0.1	0.1	0.1	0.1	0.1	0.1	0.1	0.1	0.1	0.1	0.1	0.1	0.1	0.1
22	096d09ce-a64d-4a65-aab6-dc1bba2d0589	1_2_3_1_3	买入返售债券_质押式_1D	0.1	0.1	0.1	0.1	0.1	0.1	0.1	0.1	0.1	0.1	0.1	0.1	0.1	0.1	0.1	0.1	0.1	0.1	0.1	0.1	0.1	0.1	0.1	0.1	0.1
23	53cafa35-0a44-41ba-a468-2c428a35a253	1_2_3_1_4	买入返售债券_质押式_7D	0.1	0.1	0.1	0.1	0.1	0.1	0.1	0.1	0.1	0.1	0.1	0.1	0.1	0.1	0.1	0.1	0.1	0.1	0.1	0.1	0.1	0.1	0.1	0.1	0.1
24	4673b043-b090-4140-ae27-62277833f32b	1_2_3_2_1	买入返售票据_买断式_1D	0.1	0.1	0.1	0.1	0.1	0.1	0.1	0.1	0.1	0.1	0.1	0.1	0.1	0.1	0.1	0.1	0.1	0.1	0.1	0.1	0.1	0.1	0.1	0.1	0.1
25	f0aa70f5-32ca-45d4-97b0-99c3533d9ee9	1_2_3_2_2	买入返售票据_买断式_7D	0.1	0.1	0.1	0.1	0.1	0.1	0.1	0.1	0.1	0.1	0.1	0.1	0.1	0.1	0.1	0.1	0.1	0.1	0.1	0.1	0.1	0.1	0.1	0.1	0.1
26	9c4d34c2-f5f3-4e6d-8c67-18c7f4d15a1d	1_2_3_2_3	买入返售票据_质押式_1D	0.1	0.1	0.1	0.1	0.1	0.1	0.1	0.1	0.1	0.1	0.1	0.1	0.1	0.1	0.1	0.1	0.1	0.1	0.1	0.1	0.1	0.1	0.1	0.1	0.1
27	6568525c-7cdb-492b-89ba-6a09a17cebd1	1_2_3_2_4	买入返售票据_质押式_7D	0.1	0.1	0.1	0.1	0.1	0.1	0.1	0.1	0.1	0.1	0.1	0.1	0.1	0.1	0.1	0.1	0.1	0.1	0.1	0.1	0.1	0.1	0.1	0.1	0.1
28	632eb099-694a-4fc6-957f-ee0906339bbd	1_3_1_1_1_1_1	金融市场部_交易性国债投资_司库_1Y	0.1	0.1	0.1	0.1	0.1	0.1	0.1	0.1	0.1	0.1	0.1	0.1	0.1	0.1	0.1	0.1	0.1	0.1	0.1	0.1	0.1	0.1	0.1	0.1	0.1
29	517ade71-046d-4282-b34d-31c624097467	1_3_1_1_1_1_2	金融市场部_交易性国债投资_司库_3Y	0.1	0.1	0.1	0.1	0.1	0.1	0.1	0.1	0.1	0.1	0.1	0.1	0.1	0.1	0.1	0.1	0.1	0.1	0.1	0.1	0.1	0.1	0.1	0.1	0.1
30	5b7d8ab0-af3a-44bc-81d1-e7af6d08de44	1_3_1_1_1_1_3	金融市场部_交易性国债投资_司库_5Y	0.1	0.1	0.1	0.1	0.1	0.1	0.1	0.1	0.1	0.1	0.1	0.1	0.1	0.1	0.1	0.1	0.1	0.1	0.1	0.1	0.1	0.1	0.1	0.1	0.1
31	85f91830-d2e4-4ff2-a90f-edd0d8abdfa7	1_3_1_1_1_1_4	金融市场部_交易性国债投资_司库_10Y	0.1	0.1	0.1	0.1	0.1	0.1	0.1	0.1	0.1	0.1	0.1	0.1	0.1	0.1	0.1	0.1	0.1	0.1	0.1	0.1	0.1	0.1	0.1	0.1	0.1
32	bf063969-be61-4f2a-b678-fcee9f4ce979	1_3_1_1_1_2_1_1	金融市场部_交易性国债投资_非司库_交易账户_1Y	0.1	0.1	0.1	0.1	0.1	0.1	0.1	0.1	0.1	0.1	0.1	0.1	0.1	0.1	0.1	0.1	0.1	0.1	0.1	0.1	0.1	0.1	0.1	0.1	0.1
33	1cd8b638-1872-41e7-88f8-48ce842dc691	1_3_1_1_1_2_1_2	金融市场部_交易性国债投资_非司库_交易账户_3Y	0.1	0.1	0.1	0.1	0.1	0.1	0.1	0.1	0.1	0.1	0.1	0.1	0.1	0.1	0.1	0.1	0.1	0.1	0.1	0.1	0.1	0.1	0.1	0.1	0.1
34	3102eccd-8bd7-4e1b-966c-5a709bffe203	1_3_1_1_1_2_1_3	金融市场部_交易性国债投资_非司库_交易账户_5Y	0.1	0.1	0.1	0.1	0.1	0.1	0.1	0.1	0.1	0.1	0.1	0.1	0.1	0.1	0.1	0.1	0.1	0.1	0.1	0.1	0.1	0.1	0.1	0.1	0.1
35	9b177eec-51f9-4bed-9414-ce6423908a18	1_3_1_1_1_2_1_4	金融市场部_交易性国债投资_非司库_交易账户_10Y	0.1	0.1	0.1	0.1	0.1	0.1	0.1	0.1	0.1	0.1	0.1	0.1	0.1	0.1	0.1	0.1	0.1	0.1	0.1	0.1	0.1	0.1	0.1	0.1	0.1
36	0ba0c0d1-5d3a-4644-8d90-7b15f00585eb	1_3_1_1_1_2_2_1	金融市场部_交易性国债投资_非司库_银行账户_1Y	0.1	0.1	0.1	0.1	0.1	0.1	0.1	0.1	0.1	0.1	0.1	0.1	0.1	0.1	0.1	0.1	0.1	0.1	0.1	0.1	0.1	0.1	0.1	0.1	0.1
37	ef9a6717-4b48-4141-88e1-560d4ec9af9c	1_3_1_1_1_2_2_2	金融市场部_交易性国债投资_非司库_银行账户_3Y	0.1	0.1	0.1	0.1	0.1	0.1	0.1	0.1	0.1	0.1	0.1	0.1	0.1	0.1	0.1	0.1	0.1	0.1	0.1	0.1	0.1	0.1	0.1	0.1	0.1
38	7b87c7b5-b91a-451b-9035-bafb19d80d57	1_3_1_1_1_2_2_3	金融市场部_交易性国债投资_非司库_银行账户_5Y	0.1	0.1	0.1	0.1	0.1	0.1	0.1	0.1	0.1	0.1	0.1	0.1	0.1	0.1	0.1	0.1	0.1	0.1	0.1	0.1	0.1	0.1	0.1	0.1	0.1
39	b1ed43d9-9d82-41f7-a568-0eb8d7d5df96	1_3_1_1_1_2_2_4	金融市场部_交易性国债投资_非司库_银行账户_10Y	0.1	0.1	0.1	0.1	0.1	0.1	0.1	0.1	0.1	0.1	0.1	0.1	0.1	0.1	0.1	0.1	0.1	0.1	0.1	0.1	0.1	0.1	0.1	0.1	0.1
40	59446ca3-3003-4f87-9fd4-4576bfb1b10f	1_3_1_1_2_1_1	金融市场部_交易性央票投资_司库_1Y	0.1	0.1	0.1	0.1	0.1	0.1	0.1	0.1	0.1	0.1	0.1	0.1	0.1	0.1	0.1	0.1	0.1	0.1	0.1	0.1	0.1	0.1	0.1	0.1	0.1
41	026836a8-430f-4997-ac2f-cfe2ffc7dcdd	1_3_1_1_2_1_2	金融市场部_交易性央票投资_司库_3Y	0.1	0.1	0.1	0.1	0.1	0.1	0.1	0.1	0.1	0.1	0.1	0.1	0.1	0.1	0.1	0.1	0.1	0.1	0.1	0.1	0.1	0.1	0.1	0.1	0.1
42	bfeb4817-d589-493b-b79e-e29f4976c890	1_3_1_1_2_1_3	金融市场部_交易性央票投资_司库_5Y	0.1	0.1	0.1	0.1	0.1	0.1	0.1	0.1	0.1	0.1	0.1	0.1	0.1	0.1	0.1	0.1	0.1	0.1	0.1	0.1	0.1	0.1	0.1	0.1	0.1
43	16d261ad-9606-443b-9a7a-94eb11905fd9	1_3_1_1_2_1_4	金融市场部_交易性央票投资_司库_10Y	0.1	0.1	0.1	0.1	0.1	0.1	0.1	0.1	0.1	0.1	0.1	0.1	0.1	0.1	0.1	0.1	0.1	0.1	0.1	0.1	0.1	0.1	0.1	0.1	0.1
44	6484bcc1-fba1-4f0e-9d46-09fa727ac17e	1_3_1_1_2_2_1_1	金融市场部_交易性央票投资_非司库_交易账户_1Y	0.1	0.1	0.1	0.1	0.1	0.1	0.1	0.1	0.1	0.1	0.1	0.1	0.1	0.1	0.1	0.1	0.1	0.1	0.1	0.1	0.1	0.1	0.1	0.1	0.1
45	b82b8dd0-75a1-464c-8b37-3ccf08ac8262	1_3_1_1_2_2_1_2	金融市场部_交易性央票投资_非司库_交易账户_3Y	0.1	0.1	0.1	0.1	0.1	0.1	0.1	0.1	0.1	0.1	0.1	0.1	0.1	0.1	0.1	0.1	0.1	0.1	0.1	0.1	0.1	0.1	0.1	0.1	0.1
46	bda3129b-9657-4c4d-b3a6-31c4a1f76cab	1_3_1_1_2_2_1_3	金融市场部_交易性央票投资_非司库_交易账户_5Y	0.1	0.1	0.1	0.1	0.1	0.1	0.1	0.1	0.1	0.1	0.1	0.1	0.1	0.1	0.1	0.1	0.1	0.1	0.1	0.1	0.1	0.1	0.1	0.1	0.1
47	284ca2a2-ab43-41af-b418-9f42d555443d	1_3_1_1_2_2_1_4	金融市场部_交易性央票投资_非司库_交易账户_10Y	0.1	0.1	0.1	0.1	0.1	0.1	0.1	0.1	0.1	0.1	0.1	0.1	0.1	0.1	0.1	0.1	0.1	0.1	0.1	0.1	0.1	0.1	0.1	0.1	0.1
48	ef39cbeb-98f0-4cf5-addb-bb32fff9c050	1_3_1_1_2_2_2_1	金融市场部_交易性央票投资_非司库_银行账户_1Y	0.1	0.1	0.1	0.1	0.1	0.1	0.1	0.1	0.1	0.1	0.1	0.1	0.1	0.1	0.1	0.1	0.1	0.1	0.1	0.1	0.1	0.1	0.1	0.1	0.1
49	aa4294ef-3e4e-4d78-a7c3-583c9f6f5905	1_3_1_1_2_2_2_2	金融市场部_交易性央票投资_非司库_银行账户_3Y	0.1	0.1	0.1	0.1	0.1	0.1	0.1	0.1	0.1	0.1	0.1	0.1	0.1	0.1	0.1	0.1	0.1	0.1	0.1	0.1	0.1	0.1	0.1	0.1	0.1
50	6787b7bb-bfd0-41ef-a79e-3d3afc11b6e8	1_3_1_1_2_2_2_3	金融市场部_交易性央票投资_非司库_银行账户_5Y	0.1	0.1	0.1	0.1	0.1	0.1	0.1	0.1	0.1	0.1	0.1	0.1	0.1	0.1	0.1	0.1	0.1	0.1	0.1	0.1	0.1	0.1	0.1	0.1	0.1
51	0bd4730b-92cc-4cfb-ae18-04ad07199061	1_3_1_1_2_2_2_4	金融市场部_交易性央票投资_非司库_银行账户_10Y	0.1	0.1	0.1	0.1	0.1	0.1	0.1	0.1	0.1	0.1	0.1	0.1	0.1	0.1	0.1	0.1	0.1	0.1	0.1	0.1	0.1	0.1	0.1	0.1	0.1
52	d14ca4ef-b2a5-46d8-a981-b1dca0c2b122	1_3_1_1_3_1_1	金融市场部_交易性地方政府债投资_司库_1Y	0.1	0.1	0.1	0.1	0.1	0.1	0.1	0.1	0.1	0.1	0.1	0.1	0.1	0.1	0.1	0.1	0.1	0.1	0.1	0.1	0.1	0.1	0.1	0.1	0.1
53	65e4dc8d-3b4d-4af4-90bf-63dc65e618ea	1_3_1_1_3_1_2	金融市场部_交易性地方政府债投资_司库_3Y	0.1	0.1	0.1	0.1	0.1	0.1	0.1	0.1	0.1	0.1	0.1	0.1	0.1	0.1	0.1	0.1	0.1	0.1	0.1	0.1	0.1	0.1	0.1	0.1	0.1
54	a0814c7c-1789-4069-8f7e-e7f6b56a24c8	1_3_1_1_3_1_3	金融市场部_交易性地方政府债投资_司库_5Y	0.1	0.1	0.1	0.1	0.1	0.1	0.1	0.1	0.1	0.1	0.1	0.1	0.1	0.1	0.1	0.1	0.1	0.1	0.1	0.1	0.1	0.1	0.1	0.1	0.1
55	96c58570-e071-4c5d-88cb-3594c0b85c67	1_3_1_1_3_1_4	金融市场部_交易性地方政府债投资_司库_10Y	0.1	0.1	0.1	0.1	0.1	0.1	0.1	0.1	0.1	0.1	0.1	0.1	0.1	0.1	0.1	0.1	0.1	0.1	0.1	0.1	0.1	0.1	0.1	0.1	0.1
56	25871301-1cce-4b92-aca5-2750d55c2103	1_3_1_1_3_2_1_1	金融市场部_交易性地方政府债投资_非司库_交易账户_1Y	0.1	0.1	0.1	0.1	0.1	0.1	0.1	0.1	0.1	0.1	0.1	0.1	0.1	0.1	0.1	0.1	0.1	0.1	0.1	0.1	0.1	0.1	0.1	0.1	0.1
57	6f5128dc-f901-4c2f-853f-65631a7893f4	1_3_1_1_3_2_1_2	金融市场部_交易性地方政府债投资_非司库_交易账户_3Y	0.1	0.1	0.1	0.1	0.1	0.1	0.1	0.1	0.1	0.1	0.1	0.1	0.1	0.1	0.1	0.1	0.1	0.1	0.1	0.1	0.1	0.1	0.1	0.1	0.1
58	ccb696af-c8ab-4867-8605-2bec07130bce	1_3_1_1_3_2_1_3	金融市场部_交易性地方政府债投资_非司库_交易账户_5Y	0.1	0.1	0.1	0.1	0.1	0.1	0.1	0.1	0.1	0.1	0.1	0.1	0.1	0.1	0.1	0.1	0.1	0.1	0.1	0.1	0.1	0.1	0.1	0.1	0.1
59	19650de4-600d-4cc7-8d13-b677eb3e0617	1_3_1_1_3_2_1_4	金融市场部_交易性地方政府债投资_非司库_交易账户_10Y	0.1	0.1	0.1	0.1	0.1	0.1	0.1	0.1	0.1	0.1	0.1	0.1	0.1	0.1	0.1	0.1	0.1	0.1	0.1	0.1	0.1	0.1	0.1	0.1	0.1
60	ac9f5e66-a8e0-4460-9236-0c4659898f95	1_3_1_1_3_2_2_1	金融市场部_交易性地方政府债投资_非司库_银行账户_1Y	0.1	0.1	0.1	0.1	0.1	0.1	0.1	0.1	0.1	0.1	0.1	0.1	0.1	0.1	0.1	0.1	0.1	0.1	0.1	0.1	0.1	0.1	0.1	0.1	0.1
61	51ef64a2-d7bd-4578-8e7a-f1f65327d735	1_3_1_1_3_2_2_2	金融市场部_交易性地方政府债投资_非司库_银行账户_3Y	0.1	0.1	0.1	0.1	0.1	0.1	0.1	0.1	0.1	0.1	0.1	0.1	0.1	0.1	0.1	0.1	0.1	0.1	0.1	0.1	0.1	0.1	0.1	0.1	0.1
62	efa2182a-f6ff-489a-9ddf-b113c7501398	1_3_1_1_3_2_2_3	金融市场部_交易性地方政府债投资_非司库_银行账户_5Y	0.1	0.1	0.1	0.1	0.1	0.1	0.1	0.1	0.1	0.1	0.1	0.1	0.1	0.1	0.1	0.1	0.1	0.1	0.1	0.1	0.1	0.1	0.1	0.1	0.1
63	915d363a-2ff2-4352-a69d-3ce6494ed99b	1_3_1_1_3_2_2_4	金融市场部_交易性地方政府债投资_非司库_银行账户_10Y	0.1	0.1	0.1	0.1	0.1	0.1	0.1	0.1	0.1	0.1	0.1	0.1	0.1	0.1	0.1	0.1	0.1	0.1	0.1	0.1	0.1	0.1	0.1	0.1	0.1
64	00b9a58b-09d2-4b15-b93e-968159a3bbb4	1_3_1_1_4_1_1	金融市场部_交易性政策性金融债投资_ 司库_1Y	0.1	0.1	0.1	0.1	0.1	0.1	0.1	0.1	0.1	0.1	0.1	0.1	0.1	0.1	0.1	0.1	0.1	0.1	0.1	0.1	0.1	0.1	0.1	0.1	0.1
65	7a0dd959-7706-4e05-85c2-7cb03a9ecf0d	1_3_1_1_4_1_2	金融市场部_交易性政策性金融债投资_ 司库_3Y	0.1	0.1	0.1	0.1	0.1	0.1	0.1	0.1	0.1	0.1	0.1	0.1	0.1	0.1	0.1	0.1	0.1	0.1	0.1	0.1	0.1	0.1	0.1	0.1	0.1
66	54cec83a-0cce-43db-a65a-38065ec5be6b	1_3_1_1_4_1_3	金融市场部_交易性政策性金融债投资_ 司库_5Y	0.1	0.1	0.1	0.1	0.1	0.1	0.1	0.1	0.1	0.1	0.1	0.1	0.1	0.1	0.1	0.1	0.1	0.1	0.1	0.1	0.1	0.1	0.1	0.1	0.1
67	be69b6d2-c520-4aa3-ad1c-69e2de92b5e6	1_3_1_1_4_1_4	金融市场部_交易性政策性金融债投资_ 司库_10Y	0.1	0.1	0.1	0.1	0.1	0.1	0.1	0.1	0.1	0.1	0.1	0.1	0.1	0.1	0.1	0.1	0.1	0.1	0.1	0.1	0.1	0.1	0.1	0.1	0.1
68	e1569515-44ac-423b-9501-d0d89690eab2	1_3_1_1_4_2_1_1	金融市场部_交易性政策性金融债投资_非司库_交易账户_1Y	0.1	0.1	0.1	0.1	0.1	0.1	0.1	0.1	0.1	0.1	0.1	0.1	0.1	0.1	0.1	0.1	0.1	0.1	0.1	0.1	0.1	0.1	0.1	0.1	0.1
69	6a3b93cb-a296-462a-9015-f6332b96201d	1_3_1_1_4_2_1_2	金融市场部_交易性政策性金融债投资_非司库_交易账户_3Y	0.1	0.1	0.1	0.1	0.1	0.1	0.1	0.1	0.1	0.1	0.1	0.1	0.1	0.1	0.1	0.1	0.1	0.1	0.1	0.1	0.1	0.1	0.1	0.1	0.1
70	5e70f8d5-099f-4423-9869-caadf0dee7ac	1_3_1_1_4_2_1_3	金融市场部_交易性政策性金融债投资_非司库_交易账户_5Y	0.1	0.1	0.1	0.1	0.1	0.1	0.1	0.1	0.1	0.1	0.1	0.1	0.1	0.1	0.1	0.1	0.1	0.1	0.1	0.1	0.1	0.1	0.1	0.1	0.1
71	38f5d943-3790-476b-b462-cbecaaedc7a7	1_3_1_1_4_2_1_4	金融市场部_交易性政策性金融债投资_非司库_交易账户_10Y	0.1	0.1	0.1	0.1	0.1	0.1	0.1	0.1	0.1	0.1	0.1	0.1	0.1	0.1	0.1	0.1	0.1	0.1	0.1	0.1	0.1	0.1	0.1	0.1	0.1
72	4d22fad7-75ae-4e54-86b0-02298140b313	1_3_1_1_4_2_2_1	金融市场部_交易性政策性金融债投资_非司库_银行账户_1Y	0.1	0.1	0.1	0.1	0.1	0.1	0.1	0.1	0.1	0.1	0.1	0.1	0.1	0.1	0.1	0.1	0.1	0.1	0.1	0.1	0.1	0.1	0.1	0.1	0.1
73	2eb94023-bde3-4afc-afdf-c0c4576a9584	1_3_1_1_4_2_2_2	金融市场部_交易性政策性金融债投资_非司库_银行账户_3Y	0.1	0.1	0.1	0.1	0.1	0.1	0.1	0.1	0.1	0.1	0.1	0.1	0.1	0.1	0.1	0.1	0.1	0.1	0.1	0.1	0.1	0.1	0.1	0.1	0.1
74	60ac25b7-c1a8-4cd9-99d6-3f6a214be3fa	1_3_1_1_4_2_2_3	金融市场部_交易性政策性金融债投资_非司库_银行账户_5Y	0.1	0.1	0.1	0.1	0.1	0.1	0.1	0.1	0.1	0.1	0.1	0.1	0.1	0.1	0.1	0.1	0.1	0.1	0.1	0.1	0.1	0.1	0.1	0.1	0.1
75	374f1600-4604-44c9-a446-a149d1320844	1_3_1_1_4_2_2_4	金融市场部_交易性政策性金融债投资_非司库_银行账户_10Y	0.1	0.1	0.1	0.1	0.1	0.1	0.1	0.1	0.1	0.1	0.1	0.1	0.1	0.1	0.1	0.1	0.1	0.1	0.1	0.1	0.1	0.1	0.1	0.1	0.1
76	833e9b06-a017-48eb-83fd-7278ffc89533	1_3_1_1_5_1_1	金融市场部_交易性商业银行债投资_司库_1Y	0.1	0.1	0.1	0.1	0.1	0.1	0.1	0.1	0.1	0.1	0.1	0.1	0.1	0.1	0.1	0.1	0.1	0.1	0.1	0.1	0.1	0.1	0.1	0.1	0.1
77	1558644d-5a55-4dd4-8ee4-3a365086d56e	1_3_1_1_5_1_2	金融市场部_交易性商业银行债投资_司库_3Y	0.1	0.1	0.1	0.1	0.1	0.1	0.1	0.1	0.1	0.1	0.1	0.1	0.1	0.1	0.1	0.1	0.1	0.1	0.1	0.1	0.1	0.1	0.1	0.1	0.1
78	0a02f982-a48e-4dd6-939d-6bd60fde221a	1_3_1_1_5_1_3	金融市场部_交易性商业银行债投资_司库_5Y	0.1	0.1	0.1	0.1	0.1	0.1	0.1	0.1	0.1	0.1	0.1	0.1	0.1	0.1	0.1	0.1	0.1	0.1	0.1	0.1	0.1	0.1	0.1	0.1	0.1
79	d2355f2b-3036-4cee-8c5e-18a2dd11e24b	1_3_1_1_5_1_4	金融市场部_交易性商业银行债投资_司库_10Y	0.1	0.1	0.1	0.1	0.1	0.1	0.1	0.1	0.1	0.1	0.1	0.1	0.1	0.1	0.1	0.1	0.1	0.1	0.1	0.1	0.1	0.1	0.1	0.1	0.1
80	d530765a-15f2-40ae-b56d-9e1603c28c1e	1_3_1_1_5_2_1_1	金融市场部_交易性商业银行债投资_非司库_交易账户_1Y	0.1	0.1	0.1	0.1	0.1	0.1	0.1	0.1	0.1	0.1	0.1	0.1	0.1	0.1	0.1	0.1	0.1	0.1	0.1	0.1	0.1	0.1	0.1	0.1	0.1
81	bc14baf3-1237-431f-a8ec-db505ed8e71e	1_3_1_1_5_2_1_2	金融市场部_交易性商业银行债投资_非司库_交易账户_3Y	0.1	0.1	0.1	0.1	0.1	0.1	0.1	0.1	0.1	0.1	0.1	0.1	0.1	0.1	0.1	0.1	0.1	0.1	0.1	0.1	0.1	0.1	0.1	0.1	0.1
82	47c1e2d8-c0af-42a0-8708-d0e6d44b4ffa	1_3_1_1_5_2_1_3	金融市场部_交易性商业银行债投资_非司库_交易账户_5Y	0.1	0.1	0.1	0.1	0.1	0.1	0.1	0.1	0.1	0.1	0.1	0.1	0.1	0.1	0.1	0.1	0.1	0.1	0.1	0.1	0.1	0.1	0.1	0.1	0.1
83	8c35d0d3-ee02-4da3-a425-c5ee74f04736	1_3_1_1_5_2_1_4	金融市场部_交易性商业银行债投资_非司库_交易账户_10Y	0.1	0.1	0.1	0.1	0.1	0.1	0.1	0.1	0.1	0.1	0.1	0.1	0.1	0.1	0.1	0.1	0.1	0.1	0.1	0.1	0.1	0.1	0.1	0.1	0.1
84	c77979db-9f56-4fd2-9177-277a7ba7e191	1_3_1_1_5_2_2_1	金融市场部_交易性商业银行债投资_非司库_银行账户_1Y	0.1	0.1	0.1	0.1	0.1	0.1	0.1	0.1	0.1	0.1	0.1	0.1	0.1	0.1	0.1	0.1	0.1	0.1	0.1	0.1	0.1	0.1	0.1	0.1	0.1
85	ec70a9d1-6658-4c86-b289-44cad91759a0	1_3_1_1_5_2_2_2	金融市场部_交易性商业银行债投资_非司库_银行账户_3Y	0.1	0.1	0.1	0.1	0.1	0.1	0.1	0.1	0.1	0.1	0.1	0.1	0.1	0.1	0.1	0.1	0.1	0.1	0.1	0.1	0.1	0.1	0.1	0.1	0.1
86	17810567-ed59-46f3-9f7a-52983a2213b2	1_3_1_1_5_2_2_3	金融市场部_交易性商业银行债投资_非司库_银行账户_5Y	0.1	0.1	0.1	0.1	0.1	0.1	0.1	0.1	0.1	0.1	0.1	0.1	0.1	0.1	0.1	0.1	0.1	0.1	0.1	0.1	0.1	0.1	0.1	0.1	0.1
87	ae725a42-832d-498d-be4c-b7a6c266036d	1_3_1_1_5_2_2_4	金融市场部_交易性商业银行债投资_非司库_银行账户_10Y	0.1	0.1	0.1	0.1	0.1	0.1	0.1	0.1	0.1	0.1	0.1	0.1	0.1	0.1	0.1	0.1	0.1	0.1	0.1	0.1	0.1	0.1	0.1	0.1	0.1
88	23f3a98b-b1fa-486a-ade4-b27c2f5d5bc5	1_3_1_1_6_1_1_1	金融市场部_交易性金融机构债投资_非司库_交易账户_1Y	0.1	0.1	0.1	0.1	0.1	0.1	0.1	0.1	0.1	0.1	0.1	0.1	0.1	0.1	0.1	0.1	0.1	0.1	0.1	0.1	0.1	0.1	0.1	0.1	0.1
89	f1a34e45-9e3e-4dcb-869f-df479f5d2095	1_3_1_1_6_1_1_2	金融市场部_交易性金融机构债投资_非司库_交易账户_3Y	0.1	0.1	0.1	0.1	0.1	0.1	0.1	0.1	0.1	0.1	0.1	0.1	0.1	0.1	0.1	0.1	0.1	0.1	0.1	0.1	0.1	0.1	0.1	0.1	0.1
90	74c1b8cc-ff6b-415e-bd22-fa6b286e3a6a	1_3_1_1_6_1_1_3	金融市场部_交易性金融机构债投资_非司库_交易账户_5Y	0.1	0.1	0.1	0.1	0.1	0.1	0.1	0.1	0.1	0.1	0.1	0.1	0.1	0.1	0.1	0.1	0.1	0.1	0.1	0.1	0.1	0.1	0.1	0.1	0.1
91	5e4e2461-6cd4-4431-b92d-cfaea9899956	1_3_1_1_6_1_1_4	金融市场部_交易性金融机构债投资_非司库_交易账户_10Y	0.1	0.1	0.1	0.1	0.1	0.1	0.1	0.1	0.1	0.1	0.1	0.1	0.1	0.1	0.1	0.1	0.1	0.1	0.1	0.1	0.1	0.1	0.1	0.1	0.1
92	bffebfa8-db5b-4b47-905d-c4f2671bd9ed	1_3_1_1_6_1_2_1	金融市场部_交易性金融机构债投资_非司库_银行账户_1Y	0.1	0.1	0.1	0.1	0.1	0.1	0.1	0.1	0.1	0.1	0.1	0.1	0.1	0.1	0.1	0.1	0.1	0.1	0.1	0.1	0.1	0.1	0.1	0.1	0.1
93	1da249a8-5f10-45c1-af3e-aeca47522f94	1_3_1_1_6_1_2_2	金融市场部_交易性金融机构债投资_非司库_银行账户_3Y	0.1	0.1	0.1	0.1	0.1	0.1	0.1	0.1	0.1	0.1	0.1	0.1	0.1	0.1	0.1	0.1	0.1	0.1	0.1	0.1	0.1	0.1	0.1	0.1	0.1
94	acf5fb97-8d7b-4a40-96e3-e328f699b4c5	1_3_1_1_6_1_2_3	金融市场部_交易性金融机构债投资_非司库_银行账户_5Y	0.1	0.1	0.1	0.1	0.1	0.1	0.1	0.1	0.1	0.1	0.1	0.1	0.1	0.1	0.1	0.1	0.1	0.1	0.1	0.1	0.1	0.1	0.1	0.1	0.1
95	33be3838-a372-426b-a898-4a3e47c0ca47	1_3_1_1_6_1_2_4	金融市场部_交易性金融机构债投资_非司库_银行账户_10Y	0.1	0.1	0.1	0.1	0.1	0.1	0.1	0.1	0.1	0.1	0.1	0.1	0.1	0.1	0.1	0.1	0.1	0.1	0.1	0.1	0.1	0.1	0.1	0.1	0.1
96	0a08545d-4de7-4e61-a50c-b14ab8a132ec	1_3_1_1_7_1_1_1	金融市场部_交易性公司债投资_非司库_交易账户_1Y	0.1	0.1	0.1	0.1	0.1	0.1	0.1	0.1	0.1	0.1	0.1	0.1	0.1	0.1	0.1	0.1	0.1	0.1	0.1	0.1	0.1	0.1	0.1	0.1	0.1
97	3625d47e-9bda-4a2c-9281-18aa182093d9	1_3_1_1_7_1_1_2	金融市场部_交易性公司债投资_非司库_交易账户_3Y	0.1	0.1	0.1	0.1	0.1	0.1	0.1	0.1	0.1	0.1	0.1	0.1	0.1	0.1	0.1	0.1	0.1	0.1	0.1	0.1	0.1	0.1	0.1	0.1	0.1
98	a334b2b3-a878-47a4-a78a-f5af997e15ef	1_3_1_1_7_1_1_3	金融市场部_交易性公司债投资_非司库_交易账户_5Y	0.1	0.1	0.1	0.1	0.1	0.1	0.1	0.1	0.1	0.1	0.1	0.1	0.1	0.1	0.1	0.1	0.1	0.1	0.1	0.1	0.1	0.1	0.1	0.1	0.1
99	e7f4c8ac-b2cb-4921-9330-0435a5435dae	1_3_1_1_7_1_1_4	金融市场部_交易性公司债投资_非司库_交易账户_10Y	0.1	0.1	0.1	0.1	0.1	0.1	0.1	0.1	0.1	0.1	0.1	0.1	0.1	0.1	0.1	0.1	0.1	0.1	0.1	0.1	0.1	0.1	0.1	0.1	0.1
100	31fa2d59-4e5f-445e-99f5-e78a980b62e8	1_3_1_1_7_1_2_1	金融市场部_交易性公司债投资_非司库_银行账户_1Y	0.1	0.1	0.1	0.1	0.1	0.1	0.1	0.1	0.1	0.1	0.1	0.1	0.1	0.1	0.1	0.1	0.1	0.1	0.1	0.1	0.1	0.1	0.1	0.1	0.1
101	d540aade-f33b-4570-9108-1e30f31acb4c	1_3_1_1_7_1_2_2	金融市场部_交易性公司债投资_非司库_银行账户_3Y	0.1	0.1	0.1	0.1	0.1	0.1	0.1	0.1	0.1	0.1	0.1	0.1	0.1	0.1	0.1	0.1	0.1	0.1	0.1	0.1	0.1	0.1	0.1	0.1	0.1
102	325f3bd3-e2b2-4b64-9d9e-9189e8596a62	1_3_1_1_7_1_2_3	金融市场部_交易性公司债投资_非司库_银行账户_5Y	0.1	0.1	0.1	0.1	0.1	0.1	0.1	0.1	0.1	0.1	0.1	0.1	0.1	0.1	0.1	0.1	0.1	0.1	0.1	0.1	0.1	0.1	0.1	0.1	0.1
103	c994bc48-3d02-4fb4-a79d-3b52624e34a1	1_3_1_1_7_1_2_4	金融市场部_交易性公司债投资_非司库_银行账户_10Y	0.1	0.1	0.1	0.1	0.1	0.1	0.1	0.1	0.1	0.1	0.1	0.1	0.1	0.1	0.1	0.1	0.1	0.1	0.1	0.1	0.1	0.1	0.1	0.1	0.1
104	3742eb1c-38ac-4c5c-a2f8-e4cbfb873965	1_3_1_1_8_1_1_1	金融市场部_交易性同业存单投资_非司库_交易账户_1M	0.1	0.1	0.1	0.1	0.1	0.1	0.1	0.1	0.1	0.1	0.1	0.1	0.1	0.1	0.1	0.1	0.1	0.1	0.1	0.1	0.1	0.1	0.1	0.1	0.1
105	37976045-abbd-40df-a413-42bc67caa33a	1_3_1_1_8_1_1_2	金融市场部_交易性同业存单投资_非司库_交易账户_3M	0.1	0.1	0.1	0.1	0.1	0.1	0.1	0.1	0.1	0.1	0.1	0.1	0.1	0.1	0.1	0.1	0.1	0.1	0.1	0.1	0.1	0.1	0.1	0.1	0.1
106	501284fc-146d-4945-be33-0b7039bf1e11	1_3_1_1_8_1_1_3	金融市场部_交易性同业存单投资_非司库_交易账户_6M	0.1	0.1	0.1	0.1	0.1	0.1	0.1	0.1	0.1	0.1	0.1	0.1	0.1	0.1	0.1	0.1	0.1	0.1	0.1	0.1	0.1	0.1	0.1	0.1	0.1
107	16f97f16-9433-4b0e-bc27-18fdc936b5ba	1_3_1_1_8_1_1_4	金融市场部_交易性同业存单投资_非司库_交易账户_1Y	0.1	0.1	0.1	0.1	0.1	0.1	0.1	0.1	0.1	0.1	0.1	0.1	0.1	0.1	0.1	0.1	0.1	0.1	0.1	0.1	0.1	0.1	0.1	0.1	0.1
108	a2b85270-b341-4c53-b467-536114024c96	1_3_1_1_8_1_2_1	金融市场部_交易性同业存单投资_非司库_银行账户_1M	0.1	0.1	0.1	0.1	0.1	0.1	0.1	0.1	0.1	0.1	0.1	0.1	0.1	0.1	0.1	0.1	0.1	0.1	0.1	0.1	0.1	0.1	0.1	0.1	0.1
109	1bb65e6e-2927-49ae-bb30-e0fc011a7a8b	1_3_1_1_8_1_2_2	金融市场部_交易性同业存单投资_非司库_银行账户_3M	0.1	0.1	0.1	0.1	0.1	0.1	0.1	0.1	0.1	0.1	0.1	0.1	0.1	0.1	0.1	0.1	0.1	0.1	0.1	0.1	0.1	0.1	0.1	0.1	0.1
110	09faee83-419a-4828-aed7-f0eb1b01db97	1_3_1_1_8_1_2_3	金融市场部_交易性同业存单投资_非司库_银行账户_6M	0.1	0.1	0.1	0.1	0.1	0.1	0.1	0.1	0.1	0.1	0.1	0.1	0.1	0.1	0.1	0.1	0.1	0.1	0.1	0.1	0.1	0.1	0.1	0.1	0.1
111	3e5a0411-add1-4a78-aaa3-2d027418d61b	1_3_1_1_8_1_2_4	金融市场部_交易性同业存单投资_非司库_银行账户_1Y	0.1	0.1	0.1	0.1	0.1	0.1	0.1	0.1	0.1	0.1	0.1	0.1	0.1	0.1	0.1	0.1	0.1	0.1	0.1	0.1	0.1	0.1	0.1	0.1	0.1
112	6aeccc67-ae89-4599-89af-32f09cc3ce3a	1_3_1_1_9_1_1_1	金融市场部_交易性金融资产_其他_非司库_交易账户_1Y	0.1	0.1	0.1	0.1	0.1	0.1	0.1	0.1	0.1	0.1	0.1	0.1	0.1	0.1	0.1	0.1	0.1	0.1	0.1	0.1	0.1	0.1	0.1	0.1	0.1
113	d87ff69b-1dcf-4bc0-9a9c-935158b2052b	1_3_1_1_9_1_1_2	金融市场部_交易性金融资产_其他_非司库_交易账户_3Y	0.1	0.1	0.1	0.1	0.1	0.1	0.1	0.1	0.1	0.1	0.1	0.1	0.1	0.1	0.1	0.1	0.1	0.1	0.1	0.1	0.1	0.1	0.1	0.1	0.1
114	77602ed6-cafa-4eb8-84eb-e9a363664d30	1_3_1_1_9_1_1_3	金融市场部_交易性金融资产_其他_非司库_交易账户_5Y	0.1	0.1	0.1	0.1	0.1	0.1	0.1	0.1	0.1	0.1	0.1	0.1	0.1	0.1	0.1	0.1	0.1	0.1	0.1	0.1	0.1	0.1	0.1	0.1	0.1
115	26dd9069-13e7-4e49-9c63-6422ce59694b	1_3_1_1_9_1_2_1	金融市场部_交易性金融资产_其他_非司库_银行账户_1Y	0.1	0.1	0.1	0.1	0.1	0.1	0.1	0.1	0.1	0.1	0.1	0.1	0.1	0.1	0.1	0.1	0.1	0.1	0.1	0.1	0.1	0.1	0.1	0.1	0.1
116	2c4c78b1-1e61-45df-ab6e-c300d7fcd595	1_3_1_1_9_1_2_2	金融市场部_交易性金融资产_其他_非司库_银行账户_3Y	0.1	0.1	0.1	0.1	0.1	0.1	0.1	0.1	0.1	0.1	0.1	0.1	0.1	0.1	0.1	0.1	0.1	0.1	0.1	0.1	0.1	0.1	0.1	0.1	0.1
117	cc31e8ad-cb23-496d-a2d6-f838f991515e	1_3_1_1_9_1_2_3	金融市场部_交易性金融资产_其他_非司库_银行账户_5Y	0.1	0.1	0.1	0.1	0.1	0.1	0.1	0.1	0.1	0.1	0.1	0.1	0.1	0.1	0.1	0.1	0.1	0.1	0.1	0.1	0.1	0.1	0.1	0.1	0.1
118	0fdbe072-d9f4-44cc-b054-1a94bddc7fa0	1_3_1_2_1_1_1	金融市场部_其他债权投资_国债_司库_1Y	0.1	0.1	0.1	0.1	0.1	0.1	0.1	0.1	0.1	0.1	0.1	0.1	0.1	0.1	0.1	0.1	0.1	0.1	0.1	0.1	0.1	0.1	0.1	0.1	0.1
119	e6f05766-e7c7-42e8-b7c5-c43fce60cc9e	1_3_1_2_1_1_2	金融市场部_其他债权投资_国债_司库_3Y	0.1	0.1	0.1	0.1	0.1	0.1	0.1	0.1	0.1	0.1	0.1	0.1	0.1	0.1	0.1	0.1	0.1	0.1	0.1	0.1	0.1	0.1	0.1	0.1	0.1
120	14e2ee98-5ebb-4236-97a5-d18de11f8440	1_3_1_2_1_1_3	金融市场部_其他债权投资_国债_司库_5Y	0.1	0.1	0.1	0.1	0.1	0.1	0.1	0.1	0.1	0.1	0.1	0.1	0.1	0.1	0.1	0.1	0.1	0.1	0.1	0.1	0.1	0.1	0.1	0.1	0.1
121	f22bcf5a-141e-42e1-bc64-25061130a6c9	1_3_1_2_1_1_4	金融市场部_其他债权投资_国债_司库_10Y	0.1	0.1	0.1	0.1	0.1	0.1	0.1	0.1	0.1	0.1	0.1	0.1	0.1	0.1	0.1	0.1	0.1	0.1	0.1	0.1	0.1	0.1	0.1	0.1	0.1
122	1bdadac0-0616-47db-9c03-efe06be99a25	1_3_1_2_1_2_1	金融市场部_其他债权投资_国债_非司库_1Y	0.1	0.1	0.1	0.1	0.1	0.1	0.1	0.1	0.1	0.1	0.1	0.1	0.1	0.1	0.1	0.1	0.1	0.1	0.1	0.1	0.1	0.1	0.1	0.1	0.1
123	b6b224a9-fd8f-49b8-92d2-73741e296617	1_3_1_2_1_2_2	金融市场部_其他债权投资_国债_非司库_3Y	0.1	0.1	0.1	0.1	0.1	0.1	0.1	0.1	0.1	0.1	0.1	0.1	0.1	0.1	0.1	0.1	0.1	0.1	0.1	0.1	0.1	0.1	0.1	0.1	0.1
124	e97e06ca-c9c3-40bb-9ff8-3584519362ff	1_3_1_2_1_2_3	金融市场部_其他债权投资_国债_非司库_5Y	0.1	0.1	0.1	0.1	0.1	0.1	0.1	0.1	0.1	0.1	0.1	0.1	0.1	0.1	0.1	0.1	0.1	0.1	0.1	0.1	0.1	0.1	0.1	0.1	0.1
125	b7049385-0f7d-4ae1-80c6-350ddc87004a	1_3_1_2_1_2_4	金融市场部_其他债权投资_国债_非司库_10Y	0.1	0.1	0.1	0.1	0.1	0.1	0.1	0.1	0.1	0.1	0.1	0.1	0.1	0.1	0.1	0.1	0.1	0.1	0.1	0.1	0.1	0.1	0.1	0.1	0.1
126	0b630285-cb79-466b-9ec9-2f179dbb9705	1_3_1_2_2_1_1	金融市场部_其他债权投资_央票_司库_1Y	0.1	0.1	0.1	0.1	0.1	0.1	0.1	0.1	0.1	0.1	0.1	0.1	0.1	0.1	0.1	0.1	0.1	0.1	0.1	0.1	0.1	0.1	0.1	0.1	0.1
127	a455525b-9358-48ce-bfd0-31ff3bd4d36a	1_3_1_2_2_1_2	金融市场部_其他债权投资_央票_司库_3Y	0.1	0.1	0.1	0.1	0.1	0.1	0.1	0.1	0.1	0.1	0.1	0.1	0.1	0.1	0.1	0.1	0.1	0.1	0.1	0.1	0.1	0.1	0.1	0.1	0.1
128	8c6d8300-237d-4f65-8759-c256f64b18a6	1_3_1_2_2_1_3	金融市场部_其他债权投资_央票_司库_5Y	0.1	0.1	0.1	0.1	0.1	0.1	0.1	0.1	0.1	0.1	0.1	0.1	0.1	0.1	0.1	0.1	0.1	0.1	0.1	0.1	0.1	0.1	0.1	0.1	0.1
129	3db1bf10-2750-4986-ac70-b74791d60b26	1_3_1_2_2_1_4	金融市场部_其他债权投资_央票_司库_10Y	0.1	0.1	0.1	0.1	0.1	0.1	0.1	0.1	0.1	0.1	0.1	0.1	0.1	0.1	0.1	0.1	0.1	0.1	0.1	0.1	0.1	0.1	0.1	0.1	0.1
130	283b7c71-71d3-450e-b2be-dcc0d5a590c6	1_3_1_2_2_2_1	金融市场部_其他债权投资_央票_非司库_1Y	0.1	0.1	0.1	0.1	0.1	0.1	0.1	0.1	0.1	0.1	0.1	0.1	0.1	0.1	0.1	0.1	0.1	0.1	0.1	0.1	0.1	0.1	0.1	0.1	0.1
131	8e679c73-3bc9-4fa8-aa6f-e58da76c2037	1_3_1_2_2_2_2	金融市场部_其他债权投资_央票_非司库_3Y	0.1	0.1	0.1	0.1	0.1	0.1	0.1	0.1	0.1	0.1	0.1	0.1	0.1	0.1	0.1	0.1	0.1	0.1	0.1	0.1	0.1	0.1	0.1	0.1	0.1
132	614476cf-b4c7-4c33-8c01-28105a8af030	1_3_1_2_2_2_3	金融市场部_其他债权投资_央票_非司库_5Y	0.1	0.1	0.1	0.1	0.1	0.1	0.1	0.1	0.1	0.1	0.1	0.1	0.1	0.1	0.1	0.1	0.1	0.1	0.1	0.1	0.1	0.1	0.1	0.1	0.1
133	c2be253b-0d18-4129-a2f3-4d29f0c4a6d8	1_3_1_2_2_2_4	金融市场部_其他债权投资_央票_非司库_10Y	0.1	0.1	0.1	0.1	0.1	0.1	0.1	0.1	0.1	0.1	0.1	0.1	0.1	0.1	0.1	0.1	0.1	0.1	0.1	0.1	0.1	0.1	0.1	0.1	0.1
134	cdfa301d-3c72-4133-9f5c-1a2957770800	1_3_1_2_3_1_1	金融市场部_其他债权投资_地方政府债_司库_1Y	0.1	0.1	0.1	0.1	0.1	0.1	0.1	0.1	0.1	0.1	0.1	0.1	0.1	0.1	0.1	0.1	0.1	0.1	0.1	0.1	0.1	0.1	0.1	0.1	0.1
135	9ce3cb05-9ed0-49f5-b2e2-f73d78668cef	1_3_1_2_3_1_2	金融市场部_其他债权投资_地方政府债_司库_3Y	0.1	0.1	0.1	0.1	0.1	0.1	0.1	0.1	0.1	0.1	0.1	0.1	0.1	0.1	0.1	0.1	0.1	0.1	0.1	0.1	0.1	0.1	0.1	0.1	0.1
136	4a6600ac-30cf-4a7d-a9e0-cc44c7cad034	1_3_1_2_3_1_3	金融市场部_其他债权投资_地方政府债_司库_5Y	0.1	0.1	0.1	0.1	0.1	0.1	0.1	0.1	0.1	0.1	0.1	0.1	0.1	0.1	0.1	0.1	0.1	0.1	0.1	0.1	0.1	0.1	0.1	0.1	0.1
137	3f6d2f69-846b-4d57-9b8c-13fc02671443	1_3_1_2_3_1_4	金融市场部_其他债权投资_地方政府债_司库_10Y	0.1	0.1	0.1	0.1	0.1	0.1	0.1	0.1	0.1	0.1	0.1	0.1	0.1	0.1	0.1	0.1	0.1	0.1	0.1	0.1	0.1	0.1	0.1	0.1	0.1
138	47e856dd-fbd1-48f0-afa3-005c3d496fe8	1_3_1_2_3_2_1	金融市场部_其他债权投资_地方政府债_非司库_1Y	0.1	0.1	0.1	0.1	0.1	0.1	0.1	0.1	0.1	0.1	0.1	0.1	0.1	0.1	0.1	0.1	0.1	0.1	0.1	0.1	0.1	0.1	0.1	0.1	0.1
139	a8cd0792-42d4-44ad-8a9c-40b84e210285	1_3_1_2_3_2_2	金融市场部_其他债权投资_地方政府债_非司库_3Y	0.1	0.1	0.1	0.1	0.1	0.1	0.1	0.1	0.1	0.1	0.1	0.1	0.1	0.1	0.1	0.1	0.1	0.1	0.1	0.1	0.1	0.1	0.1	0.1	0.1
140	63a439a4-1452-4cc9-9dbe-48021d57ab16	1_3_1_2_3_2_3	金融市场部_其他债权投资_地方政府债_非司库_5Y	0.1	0.1	0.1	0.1	0.1	0.1	0.1	0.1	0.1	0.1	0.1	0.1	0.1	0.1	0.1	0.1	0.1	0.1	0.1	0.1	0.1	0.1	0.1	0.1	0.1
141	2257d1ef-aadb-47a3-805b-02cb2bd222ef	1_3_1_2_3_2_4	金融市场部_其他债权投资_地方政府债_非司库_10Y	0.1	0.1	0.1	0.1	0.1	0.1	0.1	0.1	0.1	0.1	0.1	0.1	0.1	0.1	0.1	0.1	0.1	0.1	0.1	0.1	0.1	0.1	0.1	0.1	0.1
142	3c555152-9074-4d35-846f-e843f1f6816c	1_3_1_2_4_1_1	金融市场部_其他债权投资_政策性金融债_司库_1Y	0.1	0.1	0.1	0.1	0.1	0.1	0.1	0.1	0.1	0.1	0.1	0.1	0.1	0.1	0.1	0.1	0.1	0.1	0.1	0.1	0.1	0.1	0.1	0.1	0.1
143	fd899b62-8dac-446f-beca-d893754414db	1_3_1_2_4_1_2	金融市场部_其他债权投资_政策性金融债_司库_3Y	0.1	0.1	0.1	0.1	0.1	0.1	0.1	0.1	0.1	0.1	0.1	0.1	0.1	0.1	0.1	0.1	0.1	0.1	0.1	0.1	0.1	0.1	0.1	0.1	0.1
144	decd86b6-8913-4c30-b83d-af948c97ef62	1_3_1_2_4_1_3	金融市场部_其他债权投资_政策性金融债_司库_5Y	0.1	0.1	0.1	0.1	0.1	0.1	0.1	0.1	0.1	0.1	0.1	0.1	0.1	0.1	0.1	0.1	0.1	0.1	0.1	0.1	0.1	0.1	0.1	0.1	0.1
145	0cdfeea9-b5a9-4ff7-9030-777b1e082045	1_3_1_2_4_1_4	金融市场部_其他债权投资_政策性金融债_司库_10Y	0.1	0.1	0.1	0.1	0.1	0.1	0.1	0.1	0.1	0.1	0.1	0.1	0.1	0.1	0.1	0.1	0.1	0.1	0.1	0.1	0.1	0.1	0.1	0.1	0.1
146	ad3a2041-3034-40d6-9416-f36f2e2f960d	1_3_1_2_4_2_1	金融市场部_其他债权投资_政策性金融债_非司库_1Y	0.1	0.1	0.1	0.1	0.1	0.1	0.1	0.1	0.1	0.1	0.1	0.1	0.1	0.1	0.1	0.1	0.1	0.1	0.1	0.1	0.1	0.1	0.1	0.1	0.1
147	c35b5e7d-c487-4b08-a819-37aebc89fb2a	1_3_1_2_4_2_2	金融市场部_其他债权投资_政策性金融债_非司库_3Y	0.1	0.1	0.1	0.1	0.1	0.1	0.1	0.1	0.1	0.1	0.1	0.1	0.1	0.1	0.1	0.1	0.1	0.1	0.1	0.1	0.1	0.1	0.1	0.1	0.1
148	8c08136f-c325-4737-8d2c-4d188cc1ecd2	1_3_1_2_4_2_3	金融市场部_其他债权投资_政策性金融债_非司库_5Y	0.1	0.1	0.1	0.1	0.1	0.1	0.1	0.1	0.1	0.1	0.1	0.1	0.1	0.1	0.1	0.1	0.1	0.1	0.1	0.1	0.1	0.1	0.1	0.1	0.1
149	ff93127e-684e-4c69-85a6-3180c468b822	1_3_1_2_4_2_4	金融市场部_其他债权投资_政策性金融债_非司库_10Y	0.1	0.1	0.1	0.1	0.1	0.1	0.1	0.1	0.1	0.1	0.1	0.1	0.1	0.1	0.1	0.1	0.1	0.1	0.1	0.1	0.1	0.1	0.1	0.1	0.1
150	b094b66a-7770-4c54-ac5d-78cdce324d44	1_3_1_2_5_1_1	金融市场部_其他债权投资_商业银行债_司库_1Y	0.1	0.1	0.1	0.1	0.1	0.1	0.1	0.1	0.1	0.1	0.1	0.1	0.1	0.1	0.1	0.1	0.1	0.1	0.1	0.1	0.1	0.1	0.1	0.1	0.1
151	e7b52073-f41f-4099-9ca5-b1208e166d17	1_3_1_2_5_1_2	金融市场部_其他债权投资_商业银行债_司库_3Y	0.1	0.1	0.1	0.1	0.1	0.1	0.1	0.1	0.1	0.1	0.1	0.1	0.1	0.1	0.1	0.1	0.1	0.1	0.1	0.1	0.1	0.1	0.1	0.1	0.1
152	6819f35e-e106-4fb9-a8e4-3dcd113e9995	1_3_1_2_5_1_3	金融市场部_其他债权投资_商业银行债_司库_5Y	0.1	0.1	0.1	0.1	0.1	0.1	0.1	0.1	0.1	0.1	0.1	0.1	0.1	0.1	0.1	0.1	0.1	0.1	0.1	0.1	0.1	0.1	0.1	0.1	0.1
153	52d2987d-55a0-4d23-803f-4bdb6a0ed267	1_3_1_2_5_1_4	金融市场部_其他债权投资_商业银行债_司库_10Y	0.1	0.1	0.1	0.1	0.1	0.1	0.1	0.1	0.1	0.1	0.1	0.1	0.1	0.1	0.1	0.1	0.1	0.1	0.1	0.1	0.1	0.1	0.1	0.1	0.1
154	50bd4d35-729c-45fa-a26d-467b72a723a6	1_3_1_2_5_2_1	金融市场部_其他债权投资_商业银行债_非司库_1Y	0.1	0.1	0.1	0.1	0.1	0.1	0.1	0.1	0.1	0.1	0.1	0.1	0.1	0.1	0.1	0.1	0.1	0.1	0.1	0.1	0.1	0.1	0.1	0.1	0.1
155	bdc67f81-c881-4e21-a44b-0daf8f04205d	1_3_1_2_5_2_2	金融市场部_其他债权投资_商业银行债_非司库_3Y	0.1	0.1	0.1	0.1	0.1	0.1	0.1	0.1	0.1	0.1	0.1	0.1	0.1	0.1	0.1	0.1	0.1	0.1	0.1	0.1	0.1	0.1	0.1	0.1	0.1
156	68709fc0-5ced-402d-9d8d-5fffc5e21583	1_3_1_2_5_2_3	金融市场部_其他债权投资_商业银行债_非司库_5Y	0.1	0.1	0.1	0.1	0.1	0.1	0.1	0.1	0.1	0.1	0.1	0.1	0.1	0.1	0.1	0.1	0.1	0.1	0.1	0.1	0.1	0.1	0.1	0.1	0.1
157	1da12eb7-d6e8-4cc7-8ef9-cae418700f38	1_3_1_2_5_2_4	金融市场部_其他债权投资_商业银行债_非司库_10Y	0.1	0.1	0.1	0.1	0.1	0.1	0.1	0.1	0.1	0.1	0.1	0.1	0.1	0.1	0.1	0.1	0.1	0.1	0.1	0.1	0.1	0.1	0.1	0.1	0.1
158	85c46345-8288-4ffc-a5b8-02266e032e06	1_3_1_2_6_1_1	金融市场部_其他债权投资_金融机构债_非司库_1Y	0.1	0.1	0.1	0.1	0.1	0.1	0.1	0.1	0.1	0.1	0.1	0.1	0.1	0.1	0.1	0.1	0.1	0.1	0.1	0.1	0.1	0.1	0.1	0.1	0.1
159	dd6e0f52-465c-4157-a825-72fc1f073be2	1_3_1_2_6_1_2	金融市场部_其他债权投资_金融机构债_非司库_3Y	0.1	0.1	0.1	0.1	0.1	0.1	0.1	0.1	0.1	0.1	0.1	0.1	0.1	0.1	0.1	0.1	0.1	0.1	0.1	0.1	0.1	0.1	0.1	0.1	0.1
160	c21e6852-73c0-4e8d-808d-2b240f4a89fd	1_3_1_2_6_1_3	金融市场部_其他债权投资_金融机构债_非司库_5Y	0.1	0.1	0.1	0.1	0.1	0.1	0.1	0.1	0.1	0.1	0.1	0.1	0.1	0.1	0.1	0.1	0.1	0.1	0.1	0.1	0.1	0.1	0.1	0.1	0.1
161	7e4af7a7-e46c-49dd-b89e-cf7aff897c06	1_3_1_2_6_1_4	金融市场部_其他债权投资_金融机构债_非司库_10Y	0.1	0.1	0.1	0.1	0.1	0.1	0.1	0.1	0.1	0.1	0.1	0.1	0.1	0.1	0.1	0.1	0.1	0.1	0.1	0.1	0.1	0.1	0.1	0.1	0.1
162	d5e63af9-6f7c-4732-8039-1c1f027c2ba9	1_3_1_2_7_1_1	金融市场部_其他债权投资_公司债_非司库_1Y	0.1	0.1	0.1	0.1	0.1	0.1	0.1	0.1	0.1	0.1	0.1	0.1	0.1	0.1	0.1	0.1	0.1	0.1	0.1	0.1	0.1	0.1	0.1	0.1	0.1
163	d4614504-343c-4a91-a263-c5303f922368	1_3_1_2_7_1_2	金融市场部_其他债权投资_公司债_非司库_3Y	0.1	0.1	0.1	0.1	0.1	0.1	0.1	0.1	0.1	0.1	0.1	0.1	0.1	0.1	0.1	0.1	0.1	0.1	0.1	0.1	0.1	0.1	0.1	0.1	0.1
164	0460bcb3-cdfc-4561-9e84-8a4e568fd31f	1_3_1_2_7_1_3	金融市场部_其他债权投资_公司债_非司库_5Y	0.1	0.1	0.1	0.1	0.1	0.1	0.1	0.1	0.1	0.1	0.1	0.1	0.1	0.1	0.1	0.1	0.1	0.1	0.1	0.1	0.1	0.1	0.1	0.1	0.1
165	15836aa7-ada5-47af-b263-3fe67b20d7ec	1_3_1_2_7_1_4	金融市场部_其他债权投资_公司债_非司库_10Y	0.1	0.1	0.1	0.1	0.1	0.1	0.1	0.1	0.1	0.1	0.1	0.1	0.1	0.1	0.1	0.1	0.1	0.1	0.1	0.1	0.1	0.1	0.1	0.1	0.1
166	92fc7814-2517-4478-8d89-606d807f9204	1_3_1_2_8_1_1	金融市场部_其他债权投资_同业存单债_非司库_1M	0.1	0.1	0.1	0.1	0.1	0.1	0.1	0.1	0.1	0.1	0.1	0.1	0.1	0.1	0.1	0.1	0.1	0.1	0.1	0.1	0.1	0.1	0.1	0.1	0.1
167	9e62dda0-f0be-49e8-81e3-1d090ed1fe2b	1_3_1_2_8_1_2	金融市场部_其他债权投资_同业存单债_非司库_3M	0.1	0.1	0.1	0.1	0.1	0.1	0.1	0.1	0.1	0.1	0.1	0.1	0.1	0.1	0.1	0.1	0.1	0.1	0.1	0.1	0.1	0.1	0.1	0.1	0.1
168	53a46f3c-6711-4986-a5c9-5f8ac38f84e4	1_3_1_2_8_1_3	金融市场部_其他债权投资_同业存单债_非司库_6M	0.1	0.1	0.1	0.1	0.1	0.1	0.1	0.1	0.1	0.1	0.1	0.1	0.1	0.1	0.1	0.1	0.1	0.1	0.1	0.1	0.1	0.1	0.1	0.1	0.1
169	d88ce6c5-ea5c-45bc-8d53-7124e3844e99	1_3_1_2_8_1_4	金融市场部_其他债权投资_同业存单债_非司库_1Y	0.1	0.1	0.1	0.1	0.1	0.1	0.1	0.1	0.1	0.1	0.1	0.1	0.1	0.1	0.1	0.1	0.1	0.1	0.1	0.1	0.1	0.1	0.1	0.1	0.1
170	2bfae812-baeb-4b1f-9e16-9f342bc4c101	1_3_1_2_9_1_1	金融市场部_其他债权投资_其他_非司库_1Y	0.1	0.1	0.1	0.1	0.1	0.1	0.1	0.1	0.1	0.1	0.1	0.1	0.1	0.1	0.1	0.1	0.1	0.1	0.1	0.1	0.1	0.1	0.1	0.1	0.1
171	d97639b0-943f-423b-acb8-fd2e69d79883	1_3_1_2_9_1_2	金融市场部_其他债权投资_其他_非司库_3Y	0.1	0.1	0.1	0.1	0.1	0.1	0.1	0.1	0.1	0.1	0.1	0.1	0.1	0.1	0.1	0.1	0.1	0.1	0.1	0.1	0.1	0.1	0.1	0.1	0.1
172	866d26c0-e5c1-4a79-a1cc-6589d6a84924	1_3_1_2_9_1_3	金融市场部_其他债权投资_其他_非司库_5Y	0.1	0.1	0.1	0.1	0.1	0.1	0.1	0.1	0.1	0.1	0.1	0.1	0.1	0.1	0.1	0.1	0.1	0.1	0.1	0.1	0.1	0.1	0.1	0.1	0.1
173	3e69713a-5071-44b7-835c-e35ce764cf68	1_3_1_3_1_1_1	金融市场部_债权投资_国债_司库_1Y	0.1	0.1	0.1	0.1	0.1	0.1	0.1	0.1	0.1	0.1	0.1	0.1	0.1	0.1	0.1	0.1	0.1	0.1	0.1	0.1	0.1	0.1	0.1	0.1	0.1
174	500582d2-b9b1-45b9-9e75-d233b62e0a5c	1_3_1_3_1_1_2	金融市场部_债权投资_国债_司库_3Y	0.1	0.1	0.1	0.1	0.1	0.1	0.1	0.1	0.1	0.1	0.1	0.1	0.1	0.1	0.1	0.1	0.1	0.1	0.1	0.1	0.1	0.1	0.1	0.1	0.1
175	494e51ef-07f1-4f39-9156-cf06e0ba3557	1_3_1_3_1_1_3	金融市场部_债权投资_国债_司库_5Y	0.1	0.1	0.1	0.1	0.1	0.1	0.1	0.1	0.1	0.1	0.1	0.1	0.1	0.1	0.1	0.1	0.1	0.1	0.1	0.1	0.1	0.1	0.1	0.1	0.1
176	bccab00e-e0c4-4e8e-ad96-eccb441fa0df	1_3_1_3_1_1_4	金融市场部_债权投资_国债_司库_10Y	0.1	0.1	0.1	0.1	0.1	0.1	0.1	0.1	0.1	0.1	0.1	0.1	0.1	0.1	0.1	0.1	0.1	0.1	0.1	0.1	0.1	0.1	0.1	0.1	0.1
177	5b41793c-4a0b-4198-8a0a-906711fc7c17	1_3_1_3_1_2_1	金融市场部_债权投资_国债_非司库_1Y	0.1	0.1	0.1	0.1	0.1	0.1	0.1	0.1	0.1	0.1	0.1	0.1	0.1	0.1	0.1	0.1	0.1	0.1	0.1	0.1	0.1	0.1	0.1	0.1	0.1
178	49bfd869-29ea-417d-b090-1d97eca423fd	1_3_1_3_1_2_2	金融市场部_债权投资_国债_非司库_3Y	0.1	0.1	0.1	0.1	0.1	0.1	0.1	0.1	0.1	0.1	0.1	0.1	0.1	0.1	0.1	0.1	0.1	0.1	0.1	0.1	0.1	0.1	0.1	0.1	0.1
179	5bb954f9-1778-4ef8-9c71-68f8c0265d82	1_3_1_3_1_2_3	金融市场部_债权投资_国债_非司库_5Y	0.1	0.1	0.1	0.1	0.1	0.1	0.1	0.1	0.1	0.1	0.1	0.1	0.1	0.1	0.1	0.1	0.1	0.1	0.1	0.1	0.1	0.1	0.1	0.1	0.1
180	38d1035a-a03e-4f61-b7d2-526491961464	1_3_1_3_1_2_4	金融市场部_债权投资_国债_非司库_10Y	0.1	0.1	0.1	0.1	0.1	0.1	0.1	0.1	0.1	0.1	0.1	0.1	0.1	0.1	0.1	0.1	0.1	0.1	0.1	0.1	0.1	0.1	0.1	0.1	0.1
181	abd16722-9807-4306-8e42-179063780e63	1_3_1_3_2_1_1	金融市场部_债权投资_央票_司库_1Y	0.1	0.1	0.1	0.1	0.1	0.1	0.1	0.1	0.1	0.1	0.1	0.1	0.1	0.1	0.1	0.1	0.1	0.1	0.1	0.1	0.1	0.1	0.1	0.1	0.1
182	6031b4ab-6e4c-4540-ad39-0639c4d8e1c3	1_3_1_3_2_1_2	金融市场部_债权投资_央票_司库_3Y	0.1	0.1	0.1	0.1	0.1	0.1	0.1	0.1	0.1	0.1	0.1	0.1	0.1	0.1	0.1	0.1	0.1	0.1	0.1	0.1	0.1	0.1	0.1	0.1	0.1
183	089ed218-2b4a-4304-b416-a768b491cfdb	1_3_1_3_2_1_3	金融市场部_债权投资_央票_司库_5Y	0.1	0.1	0.1	0.1	0.1	0.1	0.1	0.1	0.1	0.1	0.1	0.1	0.1	0.1	0.1	0.1	0.1	0.1	0.1	0.1	0.1	0.1	0.1	0.1	0.1
184	be64ee4b-9414-4a38-88ac-e2268b854d97	1_3_1_3_2_1_4	金融市场部_债权投资_央票_司库_10Y	0.1	0.1	0.1	0.1	0.1	0.1	0.1	0.1	0.1	0.1	0.1	0.1	0.1	0.1	0.1	0.1	0.1	0.1	0.1	0.1	0.1	0.1	0.1	0.1	0.1
185	92512a78-fe59-4f52-82fe-b808e6afc2d5	1_3_1_3_2_2_1	金融市场部_债权投资_央票_非司库_1Y	0.1	0.1	0.1	0.1	0.1	0.1	0.1	0.1	0.1	0.1	0.1	0.1	0.1	0.1	0.1	0.1	0.1	0.1	0.1	0.1	0.1	0.1	0.1	0.1	0.1
186	91961b3c-d7bf-4fba-962f-e2aa3f9a351a	1_3_1_3_2_2_2	金融市场部_债权投资_央票_非司库_3Y	0.1	0.1	0.1	0.1	0.1	0.1	0.1	0.1	0.1	0.1	0.1	0.1	0.1	0.1	0.1	0.1	0.1	0.1	0.1	0.1	0.1	0.1	0.1	0.1	0.1
187	3270afe8-407e-46e9-a9c1-84b75a23a1ba	1_3_1_3_2_2_3	金融市场部_债权投资_央票_非司库_5Y	0.1	0.1	0.1	0.1	0.1	0.1	0.1	0.1	0.1	0.1	0.1	0.1	0.1	0.1	0.1	0.1	0.1	0.1	0.1	0.1	0.1	0.1	0.1	0.1	0.1
188	722b32b1-b549-49b4-8449-f55d3885c458	1_3_1_3_2_2_4	金融市场部_债权投资_央票_非司库_10Y	0.1	0.1	0.1	0.1	0.1	0.1	0.1	0.1	0.1	0.1	0.1	0.1	0.1	0.1	0.1	0.1	0.1	0.1	0.1	0.1	0.1	0.1	0.1	0.1	0.1
189	2d4eb0d5-7204-4597-a03a-ac69636ad31f	1_3_1_3_3_1_1	金融市场部_债权投资_地方政府债_司库_1Y	0.1	0.1	0.1	0.1	0.1	0.1	0.1	0.1	0.1	0.1	0.1	0.1	0.1	0.1	0.1	0.1	0.1	0.1	0.1	0.1	0.1	0.1	0.1	0.1	0.1
190	0e0f5dd9-0cb3-401a-939d-f28198feb9c2	1_3_1_3_3_1_2	金融市场部_债权投资_地方政府债_司库_3Y	0.1	0.1	0.1	0.1	0.1	0.1	0.1	0.1	0.1	0.1	0.1	0.1	0.1	0.1	0.1	0.1	0.1	0.1	0.1	0.1	0.1	0.1	0.1	0.1	0.1
191	ce657bd5-717c-4f14-bad4-e308215bebd5	1_3_1_3_3_1_3	金融市场部_债权投资_地方政府债_司库_5Y	0.1	0.1	0.1	0.1	0.1	0.1	0.1	0.1	0.1	0.1	0.1	0.1	0.1	0.1	0.1	0.1	0.1	0.1	0.1	0.1	0.1	0.1	0.1	0.1	0.1
192	20499075-c73f-41b0-8882-d47a84be3216	1_3_1_3_3_1_4	金融市场部_债权投资_地方政府债_司库_10Y	0.1	0.1	0.1	0.1	0.1	0.1	0.1	0.1	0.1	0.1	0.1	0.1	0.1	0.1	0.1	0.1	0.1	0.1	0.1	0.1	0.1	0.1	0.1	0.1	0.1
193	422fe5b3-f5cd-4f71-9fb1-20820d159e5f	1_3_1_3_3_2_1	金融市场部_债权投资_地方政府债_非司库_1Y	0.1	0.1	0.1	0.1	0.1	0.1	0.1	0.1	0.1	0.1	0.1	0.1	0.1	0.1	0.1	0.1	0.1	0.1	0.1	0.1	0.1	0.1	0.1	0.1	0.1
194	012a116a-7425-4288-b4c9-3bf65e41ae65	1_3_1_3_3_2_2	金融市场部_债权投资_地方政府债_非司库_3Y	0.1	0.1	0.1	0.1	0.1	0.1	0.1	0.1	0.1	0.1	0.1	0.1	0.1	0.1	0.1	0.1	0.1	0.1	0.1	0.1	0.1	0.1	0.1	0.1	0.1
195	6eb18b7d-c972-446c-9460-9b4ab11f7325	1_3_1_3_3_2_3	金融市场部_债权投资_地方政府债_非司库_5Y	0.1	0.1	0.1	0.1	0.1	0.1	0.1	0.1	0.1	0.1	0.1	0.1	0.1	0.1	0.1	0.1	0.1	0.1	0.1	0.1	0.1	0.1	0.1	0.1	0.1
196	9173b256-2fff-48de-8018-d192ad2453e3	1_3_1_3_3_2_4	金融市场部_债权投资_地方政府债_非司库_10Y	0.1	0.1	0.1	0.1	0.1	0.1	0.1	0.1	0.1	0.1	0.1	0.1	0.1	0.1	0.1	0.1	0.1	0.1	0.1	0.1	0.1	0.1	0.1	0.1	0.1
197	8dddf800-8788-423b-a597-1bd23e6b68a7	1_3_1_3_4_1_1	金融市场部_债权投资_政策性金融债_司库_1Y	0.1	0.1	0.1	0.1	0.1	0.1	0.1	0.1	0.1	0.1	0.1	0.1	0.1	0.1	0.1	0.1	0.1	0.1	0.1	0.1	0.1	0.1	0.1	0.1	0.1
198	970791b7-5b54-4bc8-b525-68c3f0625b8b	1_3_1_3_4_1_2	金融市场部_债权投资_政策性金融债_司库_3Y	0.1	0.1	0.1	0.1	0.1	0.1	0.1	0.1	0.1	0.1	0.1	0.1	0.1	0.1	0.1	0.1	0.1	0.1	0.1	0.1	0.1	0.1	0.1	0.1	0.1
199	a69c5846-97f7-4fb9-ad16-6a44cadedbab	1_3_1_3_4_1_3	金融市场部_债权投资_政策性金融债_司库_5Y	0.1	0.1	0.1	0.1	0.1	0.1	0.1	0.1	0.1	0.1	0.1	0.1	0.1	0.1	0.1	0.1	0.1	0.1	0.1	0.1	0.1	0.1	0.1	0.1	0.1
200	c3f56430-1df2-42d2-a19b-b8d72ff29a3e	1_3_1_3_4_1_4	金融市场部_债权投资_政策性金融债_司库_10Y	0.1	0.1	0.1	0.1	0.1	0.1	0.1	0.1	0.1	0.1	0.1	0.1	0.1	0.1	0.1	0.1	0.1	0.1	0.1	0.1	0.1	0.1	0.1	0.1	0.1
201	614ce924-6407-484c-a51e-8ae79da31f25	1_3_1_3_4_2_1	金融市场部_债权投资_政策性金融债_非司库_1Y	0.1	0.1	0.1	0.1	0.1	0.1	0.1	0.1	0.1	0.1	0.1	0.1	0.1	0.1	0.1	0.1	0.1	0.1	0.1	0.1	0.1	0.1	0.1	0.1	0.1
202	b5fc1fc6-6030-439f-b37b-95597e4ea4b3	1_3_1_3_4_2_2	金融市场部_债权投资_政策性金融债_非司库_3Y	0.1	0.1	0.1	0.1	0.1	0.1	0.1	0.1	0.1	0.1	0.1	0.1	0.1	0.1	0.1	0.1	0.1	0.1	0.1	0.1	0.1	0.1	0.1	0.1	0.1
203	1406f545-af87-4de2-bac6-3e82ac690fde	1_3_1_3_4_2_3	金融市场部_债权投资_政策性金融债_非司库_5Y	0.1	0.1	0.1	0.1	0.1	0.1	0.1	0.1	0.1	0.1	0.1	0.1	0.1	0.1	0.1	0.1	0.1	0.1	0.1	0.1	0.1	0.1	0.1	0.1	0.1
204	a1e04235-95e4-41b8-b39b-a5f6f37dbd89	1_3_1_3_4_2_4	金融市场部_债权投资_政策性金融债_非司库_10Y	0.1	0.1	0.1	0.1	0.1	0.1	0.1	0.1	0.1	0.1	0.1	0.1	0.1	0.1	0.1	0.1	0.1	0.1	0.1	0.1	0.1	0.1	0.1	0.1	0.1
205	d887799b-334c-47dc-81c4-6250be697468	1_3_1_3_5_1_1	金融市场部_债权投资_商业银行债_司库_1Y	0.1	0.1	0.1	0.1	0.1	0.1	0.1	0.1	0.1	0.1	0.1	0.1	0.1	0.1	0.1	0.1	0.1	0.1	0.1	0.1	0.1	0.1	0.1	0.1	0.1
206	2f4ec4de-a36b-4482-8960-fcc3d5675938	1_3_1_3_5_1_2	金融市场部_债权投资_商业银行债_司库_3Y	0.1	0.1	0.1	0.1	0.1	0.1	0.1	0.1	0.1	0.1	0.1	0.1	0.1	0.1	0.1	0.1	0.1	0.1	0.1	0.1	0.1	0.1	0.1	0.1	0.1
207	1582cc80-3366-492d-9d86-7f6ccc248f54	1_3_1_3_5_1_3	金融市场部_债权投资_商业银行债_司库_5Y	0.1	0.1	0.1	0.1	0.1	0.1	0.1	0.1	0.1	0.1	0.1	0.1	0.1	0.1	0.1	0.1	0.1	0.1	0.1	0.1	0.1	0.1	0.1	0.1	0.1
208	1fc8e1a5-4818-45a4-bf91-ecdf4536d870	1_3_1_3_5_1_4	金融市场部_债权投资_商业银行债_司库_10Y	0.1	0.1	0.1	0.1	0.1	0.1	0.1	0.1	0.1	0.1	0.1	0.1	0.1	0.1	0.1	0.1	0.1	0.1	0.1	0.1	0.1	0.1	0.1	0.1	0.1
209	a636ec80-8a30-428c-9c99-ed9092499823	1_3_1_3_5_2_1	金融市场部_债权投资_商业银行债_非司库_1Y	0.1	0.1	0.1	0.1	0.1	0.1	0.1	0.1	0.1	0.1	0.1	0.1	0.1	0.1	0.1	0.1	0.1	0.1	0.1	0.1	0.1	0.1	0.1	0.1	0.1
210	75d66cd8-4f83-4f63-bc07-63425c55c60e	1_3_1_3_5_2_2	金融市场部_债权投资_商业银行债_非司库_3Y	0.1	0.1	0.1	0.1	0.1	0.1	0.1	0.1	0.1	0.1	0.1	0.1	0.1	0.1	0.1	0.1	0.1	0.1	0.1	0.1	0.1	0.1	0.1	0.1	0.1
211	387dfac8-e180-4e5c-9d46-cb18c7e2f931	1_3_1_3_5_2_3	金融市场部_债权投资_商业银行债_非司库_5Y	0.1	0.1	0.1	0.1	0.1	0.1	0.1	0.1	0.1	0.1	0.1	0.1	0.1	0.1	0.1	0.1	0.1	0.1	0.1	0.1	0.1	0.1	0.1	0.1	0.1
212	11274e14-d19a-48b7-be90-09eb81ddcb02	1_3_1_3_5_2_4	金融市场部_债权投资_商业银行债_非司库_10Y	0.1	0.1	0.1	0.1	0.1	0.1	0.1	0.1	0.1	0.1	0.1	0.1	0.1	0.1	0.1	0.1	0.1	0.1	0.1	0.1	0.1	0.1	0.1	0.1	0.1
213	fc071e91-093a-4ff4-a817-126438771961	1_3_1_3_6_1_1	金融市场部_债权投资_金融机构债_非司库_1Y	0.1	0.1	0.1	0.1	0.1	0.1	0.1	0.1	0.1	0.1	0.1	0.1	0.1	0.1	0.1	0.1	0.1	0.1	0.1	0.1	0.1	0.1	0.1	0.1	0.1
214	1eeb151e-ec68-429d-9065-c3b34b0a16b9	1_3_1_3_6_1_2	金融市场部_债权投资_金融机构债_非司库_3Y	0.1	0.1	0.1	0.1	0.1	0.1	0.1	0.1	0.1	0.1	0.1	0.1	0.1	0.1	0.1	0.1	0.1	0.1	0.1	0.1	0.1	0.1	0.1	0.1	0.1
215	7d5daca6-e3ae-4b7d-a689-e691a29a39ae	1_3_1_3_6_1_3	金融市场部_债权投资_金融机构债_非司库_5Y	0.1	0.1	0.1	0.1	0.1	0.1	0.1	0.1	0.1	0.1	0.1	0.1	0.1	0.1	0.1	0.1	0.1	0.1	0.1	0.1	0.1	0.1	0.1	0.1	0.1
216	66edcd43-bb08-46dd-bfe1-0ddb5299e961	1_3_1_3_6_1_4	金融市场部_债权投资_金融机构债_非司库_10Y	0.1	0.1	0.1	0.1	0.1	0.1	0.1	0.1	0.1	0.1	0.1	0.1	0.1	0.1	0.1	0.1	0.1	0.1	0.1	0.1	0.1	0.1	0.1	0.1	0.1
217	7058a3dc-281f-4301-a9b6-c1704314c2f1	1_3_1_3_7_1_1	金融市场部_债权投资_公司债_非司库_1Y	0.1	0.1	0.1	0.1	0.1	0.1	0.1	0.1	0.1	0.1	0.1	0.1	0.1	0.1	0.1	0.1	0.1	0.1	0.1	0.1	0.1	0.1	0.1	0.1	0.1
218	396f84a2-3cb3-473c-ac6b-287d10bf33c7	1_3_1_3_7_1_2	金融市场部_债权投资_公司债_非司库_3Y	0.1	0.1	0.1	0.1	0.1	0.1	0.1	0.1	0.1	0.1	0.1	0.1	0.1	0.1	0.1	0.1	0.1	0.1	0.1	0.1	0.1	0.1	0.1	0.1	0.1
219	a39bf690-683d-4ba4-b58c-09e9b0e664c9	1_3_1_3_7_1_3	金融市场部_债权投资_公司债_非司库_5Y	0.1	0.1	0.1	0.1	0.1	0.1	0.1	0.1	0.1	0.1	0.1	0.1	0.1	0.1	0.1	0.1	0.1	0.1	0.1	0.1	0.1	0.1	0.1	0.1	0.1
220	73f1be56-3da5-481a-8456-0552aaf2021c	1_3_1_3_7_1_4	金融市场部_债权投资_公司债_非司库_10Y	0.1	0.1	0.1	0.1	0.1	0.1	0.1	0.1	0.1	0.1	0.1	0.1	0.1	0.1	0.1	0.1	0.1	0.1	0.1	0.1	0.1	0.1	0.1	0.1	0.1
221	4d78ccfb-e85c-48bf-a8a2-107e72092bb6	1_3_1_3_8_1_1	金融市场部_债权投资_同业存单债_非司库_1M	0.1	0.1	0.1	0.1	0.1	0.1	0.1	0.1	0.1	0.1	0.1	0.1	0.1	0.1	0.1	0.1	0.1	0.1	0.1	0.1	0.1	0.1	0.1	0.1	0.1
222	0677a582-8091-4a5b-a5c4-2fc1ef97332d	1_3_1_3_8_1_2	金融市场部_债权投资_同业存单债_非司库_3M	0.1	0.1	0.1	0.1	0.1	0.1	0.1	0.1	0.1	0.1	0.1	0.1	0.1	0.1	0.1	0.1	0.1	0.1	0.1	0.1	0.1	0.1	0.1	0.1	0.1
223	f25c22e5-1010-4a82-9d83-fb65ad898fac	1_3_1_3_8_1_3	金融市场部_债权投资_同业存单债_非司库_6M	0.1	0.1	0.1	0.1	0.1	0.1	0.1	0.1	0.1	0.1	0.1	0.1	0.1	0.1	0.1	0.1	0.1	0.1	0.1	0.1	0.1	0.1	0.1	0.1	0.1
224	78dfbb7c-173e-4f2f-a581-b507e26b964c	1_3_1_3_8_1_4	金融市场部_债权投资_同业存单债_非司库_1Y	0.1	0.1	0.1	0.1	0.1	0.1	0.1	0.1	0.1	0.1	0.1	0.1	0.1	0.1	0.1	0.1	0.1	0.1	0.1	0.1	0.1	0.1	0.1	0.1	0.1
225	7571e4da-0e22-4f9c-8153-39e06e7212fa	1_3_1_3_9_1_1	金融市场部_债权投资_其他_非司库_1Y	0.1	0.1	0.1	0.1	0.1	0.1	0.1	0.1	0.1	0.1	0.1	0.1	0.1	0.1	0.1	0.1	0.1	0.1	0.1	0.1	0.1	0.1	0.1	0.1	0.1
226	8071f350-b414-4dd9-b469-a78ad41bb5f9	1_3_1_3_9_1_2	金融市场部_债权投资_其他_非司库_3Y	0.1	0.1	0.1	0.1	0.1	0.1	0.1	0.1	0.1	0.1	0.1	0.1	0.1	0.1	0.1	0.1	0.1	0.1	0.1	0.1	0.1	0.1	0.1	0.1	0.1
227	954dd8ed-91ae-44c4-868f-8d3fb3def5a7	1_3_1_3_9_1_3	金融市场部_债权投资_其他_非司库_5Y	0.1	0.1	0.1	0.1	0.1	0.1	0.1	0.1	0.1	0.1	0.1	0.1	0.1	0.1	0.1	0.1	0.1	0.1	0.1	0.1	0.1	0.1	0.1	0.1	0.1
228	c0e26573-a028-4080-b7f4-87a3ff86fa02	1_3_1_4_1	金融市场部_其他权益工具投资_司库_5Y	0.1	0.1	0.1	0.1	0.1	0.1	0.1	0.1	0.1	0.1	0.1	0.1	0.1	0.1	0.1	0.1	0.1	0.1	0.1	0.1	0.1	0.1	0.1	0.1	0.1
229	205d98f1-193e-4a04-a6c2-8e6d9defdb40	1_3_1_4_2	金融市场部_其他权益工具投资_非司库_5Y	0.1	0.1	0.1	0.1	0.1	0.1	0.1	0.1	0.1	0.1	0.1	0.1	0.1	0.1	0.1	0.1	0.1	0.1	0.1	0.1	0.1	0.1	0.1	0.1	0.1
230	af89b0e8-2486-406b-a724-db69f05d6e34	1_3_2_1_1_1_1	投资银行部_交易性政策性金融债投资_交易账户_1Y	0.1	0.1	0.1	0.1	0.1	0.1	0.1	0.1	0.1	0.1	0.1	0.1	0.1	0.1	0.1	0.1	0.1	0.1	0.1	0.1	0.1	0.1	0.1	0.1	0.1
231	aefd2147-834f-4a34-a695-018a0ee1a2fa	1_3_2_1_1_1_2	投资银行部_交易性政策性金融债投资_交易账户_3Y	0.1	0.1	0.1	0.1	0.1	0.1	0.1	0.1	0.1	0.1	0.1	0.1	0.1	0.1	0.1	0.1	0.1	0.1	0.1	0.1	0.1	0.1	0.1	0.1	0.1
232	78895f67-21c0-485f-8d06-a618a6222aba	1_3_2_1_1_1_3	投资银行部_交易性政策性金融债投资_交易账户_5Y	0.1	0.1	0.1	0.1	0.1	0.1	0.1	0.1	0.1	0.1	0.1	0.1	0.1	0.1	0.1	0.1	0.1	0.1	0.1	0.1	0.1	0.1	0.1	0.1	0.1
233	51044514-f8f8-40a3-b866-2a0c81d8403a	1_3_2_1_1_1_4	投资银行部_交易性政策性金融债投资_交易账户_10Y	0.1	0.1	0.1	0.1	0.1	0.1	0.1	0.1	0.1	0.1	0.1	0.1	0.1	0.1	0.1	0.1	0.1	0.1	0.1	0.1	0.1	0.1	0.1	0.1	0.1
234	9da3f414-c9f8-410b-8042-29bcee39e71b	1_3_2_1_1_2_1	投资银行部_交易性政策性金融债投资_银行账户_1Y	0.1	0.1	0.1	0.1	0.1	0.1	0.1	0.1	0.1	0.1	0.1	0.1	0.1	0.1	0.1	0.1	0.1	0.1	0.1	0.1	0.1	0.1	0.1	0.1	0.1
235	65b67cc2-be4e-4283-b0af-bd29ef331422	1_3_2_1_1_2_2	投资银行部_交易性政策性金融债投资_银行账户_3Y	0.1	0.1	0.1	0.1	0.1	0.1	0.1	0.1	0.1	0.1	0.1	0.1	0.1	0.1	0.1	0.1	0.1	0.1	0.1	0.1	0.1	0.1	0.1	0.1	0.1
236	1f49a57a-a611-4b12-9b6d-27afe91bac75	1_3_2_1_1_2_3	投资银行部_交易性政策性金融债投资_银行账户_5Y	0.1	0.1	0.1	0.1	0.1	0.1	0.1	0.1	0.1	0.1	0.1	0.1	0.1	0.1	0.1	0.1	0.1	0.1	0.1	0.1	0.1	0.1	0.1	0.1	0.1
237	8883abcd-fbf4-4bf7-933a-90ad16200762	1_3_2_1_1_2_4	投资银行部_交易性政策性金融债投资_银行账户_10Y	0.1	0.1	0.1	0.1	0.1	0.1	0.1	0.1	0.1	0.1	0.1	0.1	0.1	0.1	0.1	0.1	0.1	0.1	0.1	0.1	0.1	0.1	0.1	0.1	0.1
238	6f8f5261-a2c9-4be3-90e0-bbbd4399fbf4	1_3_2_1_2_1_1	投资银行部_交易性商业银行债投资_交易账户_1Y	0.1	0.1	0.1	0.1	0.1	0.1	0.1	0.1	0.1	0.1	0.1	0.1	0.1	0.1	0.1	0.1	0.1	0.1	0.1	0.1	0.1	0.1	0.1	0.1	0.1
239	66ae848a-38d6-4fd7-ab6b-ee60dd718ecd	1_3_2_1_2_1_2	投资银行部_交易性商业银行债投资_交易账户_3Y	0.1	0.1	0.1	0.1	0.1	0.1	0.1	0.1	0.1	0.1	0.1	0.1	0.1	0.1	0.1	0.1	0.1	0.1	0.1	0.1	0.1	0.1	0.1	0.1	0.1
240	77f278c5-3b18-4d1f-bf70-e87a0498957c	1_3_2_1_2_1_3	投资银行部_交易性商业银行债投资_交易账户_5Y	0.1	0.1	0.1	0.1	0.1	0.1	0.1	0.1	0.1	0.1	0.1	0.1	0.1	0.1	0.1	0.1	0.1	0.1	0.1	0.1	0.1	0.1	0.1	0.1	0.1
241	4c377e6b-fb1c-4441-a007-28480b04777d	1_3_2_1_2_1_4	投资银行部_交易性商业银行债投资_交易账户_10Y	0.1	0.1	0.1	0.1	0.1	0.1	0.1	0.1	0.1	0.1	0.1	0.1	0.1	0.1	0.1	0.1	0.1	0.1	0.1	0.1	0.1	0.1	0.1	0.1	0.1
242	b8fb8b3f-1375-4a63-85ae-e33c7ff9fb09	1_3_2_1_2_2_1	投资银行部_交易性商业银行债投资_银行账户_1Y	0.1	0.1	0.1	0.1	0.1	0.1	0.1	0.1	0.1	0.1	0.1	0.1	0.1	0.1	0.1	0.1	0.1	0.1	0.1	0.1	0.1	0.1	0.1	0.1	0.1
243	ba5ca093-acbd-4700-bd2f-80be8862c126	1_3_2_1_2_2_2	投资银行部_交易性商业银行债投资_银行账户_3Y	0.1	0.1	0.1	0.1	0.1	0.1	0.1	0.1	0.1	0.1	0.1	0.1	0.1	0.1	0.1	0.1	0.1	0.1	0.1	0.1	0.1	0.1	0.1	0.1	0.1
244	90dcc482-6c7c-4aad-93bb-a0f290d3e2de	1_3_2_1_2_2_3	投资银行部_交易性商业银行债投资_银行账户_5Y	0.1	0.1	0.1	0.1	0.1	0.1	0.1	0.1	0.1	0.1	0.1	0.1	0.1	0.1	0.1	0.1	0.1	0.1	0.1	0.1	0.1	0.1	0.1	0.1	0.1
245	40ca9de6-bc0a-4bb9-935c-483a454f06d8	1_3_2_1_2_2_4	投资银行部_交易性商业银行债投资_银行账户_10Y	0.1	0.1	0.1	0.1	0.1	0.1	0.1	0.1	0.1	0.1	0.1	0.1	0.1	0.1	0.1	0.1	0.1	0.1	0.1	0.1	0.1	0.1	0.1	0.1	0.1
246	3c643cea-0ce8-4aab-b5ac-1b7b82ffb4df	1_3_2_1_3_1_1	投资银行部_交易性金融机构债投资_交易账户_1Y	0.1	0.1	0.1	0.1	0.1	0.1	0.1	0.1	0.1	0.1	0.1	0.1	0.1	0.1	0.1	0.1	0.1	0.1	0.1	0.1	0.1	0.1	0.1	0.1	0.1
247	15153e7c-65eb-4447-a66f-cd07f328ed25	1_3_2_1_3_1_2	投资银行部_交易性金融机构债投资_交易账户_3Y	0.1	0.1	0.1	0.1	0.1	0.1	0.1	0.1	0.1	0.1	0.1	0.1	0.1	0.1	0.1	0.1	0.1	0.1	0.1	0.1	0.1	0.1	0.1	0.1	0.1
248	cb1791e2-0b51-4d20-aa75-a9523c83e6cd	1_3_2_1_3_1_3	投资银行部_交易性金融机构债投资_交易账户_5Y	0.1	0.1	0.1	0.1	0.1	0.1	0.1	0.1	0.1	0.1	0.1	0.1	0.1	0.1	0.1	0.1	0.1	0.1	0.1	0.1	0.1	0.1	0.1	0.1	0.1
249	205f5d4e-0968-40ad-bde9-cd50e1276d84	1_3_2_1_3_1_4	投资银行部_交易性金融机构债投资_交易账户_10Y	0.1	0.1	0.1	0.1	0.1	0.1	0.1	0.1	0.1	0.1	0.1	0.1	0.1	0.1	0.1	0.1	0.1	0.1	0.1	0.1	0.1	0.1	0.1	0.1	0.1
250	629f7478-ada5-4014-ad60-c54c5599c1c4	1_3_2_1_3_2_1	投资银行部_交易性金融机构债投资_银行账户_1Y	0.1	0.1	0.1	0.1	0.1	0.1	0.1	0.1	0.1	0.1	0.1	0.1	0.1	0.1	0.1	0.1	0.1	0.1	0.1	0.1	0.1	0.1	0.1	0.1	0.1
251	6b9a96b1-239d-4c36-994d-99250c4ae757	1_3_2_1_3_2_2	投资银行部_交易性金融机构债投资_银行账户_3Y	0.1	0.1	0.1	0.1	0.1	0.1	0.1	0.1	0.1	0.1	0.1	0.1	0.1	0.1	0.1	0.1	0.1	0.1	0.1	0.1	0.1	0.1	0.1	0.1	0.1
252	b2723b0a-5056-4600-b94f-c98bab451422	1_3_2_1_3_2_3	投资银行部_交易性金融机构债投资_银行账户_5Y	0.1	0.1	0.1	0.1	0.1	0.1	0.1	0.1	0.1	0.1	0.1	0.1	0.1	0.1	0.1	0.1	0.1	0.1	0.1	0.1	0.1	0.1	0.1	0.1	0.1
253	d6eccca4-950a-41b7-8297-12baa0246be4	1_3_2_1_3_2_4	投资银行部_交易性金融机构债投资_银行账户_10Y	0.1	0.1	0.1	0.1	0.1	0.1	0.1	0.1	0.1	0.1	0.1	0.1	0.1	0.1	0.1	0.1	0.1	0.1	0.1	0.1	0.1	0.1	0.1	0.1	0.1
254	374954ab-c40e-44f4-82d6-b862cb2942c7	1_3_2_1_4_1_1	投资银行部_交易性公司债投资_交易账户_1Y	0.1	0.1	0.1	0.1	0.1	0.1	0.1	0.1	0.1	0.1	0.1	0.1	0.1	0.1	0.1	0.1	0.1	0.1	0.1	0.1	0.1	0.1	0.1	0.1	0.1
255	8864854d-14af-480c-b995-e51f8561a830	1_3_2_1_4_1_2	投资银行部_交易性公司债投资_交易账户_3Y	0.1	0.1	0.1	0.1	0.1	0.1	0.1	0.1	0.1	0.1	0.1	0.1	0.1	0.1	0.1	0.1	0.1	0.1	0.1	0.1	0.1	0.1	0.1	0.1	0.1
256	d63a6167-b738-46d5-90f8-24a6be90c2eb	1_3_2_1_4_1_3	投资银行部_交易性公司债投资_交易账户_5Y	0.1	0.1	0.1	0.1	0.1	0.1	0.1	0.1	0.1	0.1	0.1	0.1	0.1	0.1	0.1	0.1	0.1	0.1	0.1	0.1	0.1	0.1	0.1	0.1	0.1
257	78e5e809-5716-4992-91f1-679f350fcba7	1_3_2_1_4_1_4	投资银行部_交易性公司债投资_交易账户_10Y	0.1	0.1	0.1	0.1	0.1	0.1	0.1	0.1	0.1	0.1	0.1	0.1	0.1	0.1	0.1	0.1	0.1	0.1	0.1	0.1	0.1	0.1	0.1	0.1	0.1
258	5678d1e4-978b-4ef4-b748-0aa14e84bad7	1_3_2_1_4_2_1	投资银行部_交易性公司债投资_银行账户_1Y	0.1	0.1	0.1	0.1	0.1	0.1	0.1	0.1	0.1	0.1	0.1	0.1	0.1	0.1	0.1	0.1	0.1	0.1	0.1	0.1	0.1	0.1	0.1	0.1	0.1
259	99a60d05-a070-4b94-9a1b-2c3f6564d642	1_3_2_1_4_2_2	投资银行部_交易性公司债投资_银行账户_3Y	0.1	0.1	0.1	0.1	0.1	0.1	0.1	0.1	0.1	0.1	0.1	0.1	0.1	0.1	0.1	0.1	0.1	0.1	0.1	0.1	0.1	0.1	0.1	0.1	0.1
260	440d0f50-0102-4d3f-9a08-ad0ef377878b	1_3_2_1_4_2_3	投资银行部_交易性公司债投资_银行账户_5Y	0.1	0.1	0.1	0.1	0.1	0.1	0.1	0.1	0.1	0.1	0.1	0.1	0.1	0.1	0.1	0.1	0.1	0.1	0.1	0.1	0.1	0.1	0.1	0.1	0.1
261	3053142e-723c-467f-bfb9-cb5e205443e7	1_3_2_1_4_2_4	投资银行部_交易性公司债投资_银行账户_10Y	0.1	0.1	0.1	0.1	0.1	0.1	0.1	0.1	0.1	0.1	0.1	0.1	0.1	0.1	0.1	0.1	0.1	0.1	0.1	0.1	0.1	0.1	0.1	0.1	0.1
262	95292b6b-4d64-4d56-b920-b75b72abc5e5	1_3_2_1_5_1	投资银行部_交易性信托_1Y	0.1	0.1	0.1	0.1	0.1	0.1	0.1	0.1	0.1	0.1	0.1	0.1	0.1	0.1	0.1	0.1	0.1	0.1	0.1	0.1	0.1	0.1	0.1	0.1	0.1
263	7007cb73-9ff5-4111-a688-98a7d6adfe44	1_3_2_1_5_2	投资银行部_交易性信托_3Y	0.1	0.1	0.1	0.1	0.1	0.1	0.1	0.1	0.1	0.1	0.1	0.1	0.1	0.1	0.1	0.1	0.1	0.1	0.1	0.1	0.1	0.1	0.1	0.1	0.1
264	07bc5730-babb-4ca0-9df6-57cdbf5ef618	1_3_2_1_5_3	投资银行部_交易性信托_5Y	0.1	0.1	0.1	0.1	0.1	0.1	0.1	0.1	0.1	0.1	0.1	0.1	0.1	0.1	0.1	0.1	0.1	0.1	0.1	0.1	0.1	0.1	0.1	0.1	0.1
265	e5609eba-f2b1-40b8-bac3-631234536648	1_3_2_1_6_1	投资银行部_交易性资管计划_1Y	0.1	0.1	0.1	0.1	0.1	0.1	0.1	0.1	0.1	0.1	0.1	0.1	0.1	0.1	0.1	0.1	0.1	0.1	0.1	0.1	0.1	0.1	0.1	0.1	0.1
266	fd725385-2a47-44a3-9854-5e0e0debb36b	1_3_2_1_6_2	投资银行部_交易性资管计划_3Y	0.1	0.1	0.1	0.1	0.1	0.1	0.1	0.1	0.1	0.1	0.1	0.1	0.1	0.1	0.1	0.1	0.1	0.1	0.1	0.1	0.1	0.1	0.1	0.1	0.1
267	9c0d654a-6994-45b8-b317-4f902a29cb74	1_3_2_1_6_3	投资银行部_交易性资管计划_5Y	0.1	0.1	0.1	0.1	0.1	0.1	0.1	0.1	0.1	0.1	0.1	0.1	0.1	0.1	0.1	0.1	0.1	0.1	0.1	0.1	0.1	0.1	0.1	0.1	0.1
268	7df21293-b217-48ac-8681-50524cc21da0	1_3_2_1_7_1	投资银行部_交易性债权融资计划_1Y	0.1	0.1	0.1	0.1	0.1	0.1	0.1	0.1	0.1	0.1	0.1	0.1	0.1	0.1	0.1	0.1	0.1	0.1	0.1	0.1	0.1	0.1	0.1	0.1	0.1
269	bed614f5-e551-436a-8317-6e0577a1e8fd	1_3_2_1_7_2	投资银行部_交易性债权融资计划_3Y	0.1	0.1	0.1	0.1	0.1	0.1	0.1	0.1	0.1	0.1	0.1	0.1	0.1	0.1	0.1	0.1	0.1	0.1	0.1	0.1	0.1	0.1	0.1	0.1	0.1
270	3c0830c6-b9c5-4ed0-bfc1-42a7351a6054	1_3_2_1_7_3	投资银行部_交易性债权融资计划_5Y	0.1	0.1	0.1	0.1	0.1	0.1	0.1	0.1	0.1	0.1	0.1	0.1	0.1	0.1	0.1	0.1	0.1	0.1	0.1	0.1	0.1	0.1	0.1	0.1	0.1
271	03bdffa9-778b-4d7d-ae54-ab4cda4d67ca	1_3_2_1_8_1	投资银行部_交易性私募基金_1Y	0.1	0.1	0.1	0.1	0.1	0.1	0.1	0.1	0.1	0.1	0.1	0.1	0.1	0.1	0.1	0.1	0.1	0.1	0.1	0.1	0.1	0.1	0.1	0.1	0.1
272	34932d7c-17fa-4a8c-b6ce-3ee3b4eca30e	1_3_2_1_8_2	投资银行部_交易性私募基金_3Y	0.1	0.1	0.1	0.1	0.1	0.1	0.1	0.1	0.1	0.1	0.1	0.1	0.1	0.1	0.1	0.1	0.1	0.1	0.1	0.1	0.1	0.1	0.1	0.1	0.1
273	933ea4c2-1015-4a1e-943d-738a479e5dc7	1_3_2_1_8_3	投资银行部_交易性私募基金_5Y	0.1	0.1	0.1	0.1	0.1	0.1	0.1	0.1	0.1	0.1	0.1	0.1	0.1	0.1	0.1	0.1	0.1	0.1	0.1	0.1	0.1	0.1	0.1	0.1	0.1
274	c0a1c1a8-9211-4993-8610-6e813ffa9103	1_3_2_1_9_1	投资银行部_交易性公募基金_3Y	0.1	0.1	0.1	0.1	0.1	0.1	0.1	0.1	0.1	0.1	0.1	0.1	0.1	0.1	0.1	0.1	0.1	0.1	0.1	0.1	0.1	0.1	0.1	0.1	0.1
275	42ee9ed6-51e1-4da4-8a69-b987d5496c32	1_3_2_1_10_1	投资银行部_交易性融资租赁_1Y	0.1	0.1	0.1	0.1	0.1	0.1	0.1	0.1	0.1	0.1	0.1	0.1	0.1	0.1	0.1	0.1	0.1	0.1	0.1	0.1	0.1	0.1	0.1	0.1	0.1
276	f9431495-b15b-479f-a48b-cb05497da26a	1_3_2_1_10_2	投资银行部_交易性融资租赁_3Y	0.1	0.1	0.1	0.1	0.1	0.1	0.1	0.1	0.1	0.1	0.1	0.1	0.1	0.1	0.1	0.1	0.1	0.1	0.1	0.1	0.1	0.1	0.1	0.1	0.1
277	037ebf07-24d8-4b9f-92e8-a8c2fa3d31b4	1_3_2_1_10_3	投资银行部_交易性融资租赁_5Y	0.1	0.1	0.1	0.1	0.1	0.1	0.1	0.1	0.1	0.1	0.1	0.1	0.1	0.1	0.1	0.1	0.1	0.1	0.1	0.1	0.1	0.1	0.1	0.1	0.1
278	f7b6a3c1-1053-4fb0-b72e-bc511a049a6f	1_3_2_1_11_1	投资银行部_交易性金融资产_资产证券化产品_1Y	0.1	0.1	0.1	0.1	0.1	0.1	0.1	0.1	0.1	0.1	0.1	0.1	0.1	0.1	0.1	0.1	0.1	0.1	0.1	0.1	0.1	0.1	0.1	0.1	0.1
279	48227338-56b2-4dcf-b38b-3fa193633353	1_3_2_1_11_2	投资银行部_交易性金融资产_资产证券化产品_3Y	0.1	0.1	0.1	0.1	0.1	0.1	0.1	0.1	0.1	0.1	0.1	0.1	0.1	0.1	0.1	0.1	0.1	0.1	0.1	0.1	0.1	0.1	0.1	0.1	0.1
280	5188d9c8-95f2-4dbc-9422-935430a6b2dc	1_3_2_1_11_3	投资银行部_交易性金融资产_资产证券化产品_5Y	0.1	0.1	0.1	0.1	0.1	0.1	0.1	0.1	0.1	0.1	0.1	0.1	0.1	0.1	0.1	0.1	0.1	0.1	0.1	0.1	0.1	0.1	0.1	0.1	0.1
281	8fc71b9d-19d4-4f52-90d0-2e7bbc4c9dbd	1_3_2_1_12_1	投资银行部_交易性其他资产_1Y	0.1	0.1	0.1	0.1	0.1	0.1	0.1	0.1	0.1	0.1	0.1	0.1	0.1	0.1	0.1	0.1	0.1	0.1	0.1	0.1	0.1	0.1	0.1	0.1	0.1
282	af8ba07d-7495-4f84-851a-72a9ee0ecfec	1_3_2_1_12_2	投资银行部_交易性其他资产_3Y	0.1	0.1	0.1	0.1	0.1	0.1	0.1	0.1	0.1	0.1	0.1	0.1	0.1	0.1	0.1	0.1	0.1	0.1	0.1	0.1	0.1	0.1	0.1	0.1	0.1
283	541fb39e-a279-4e7f-b5cf-1eb9a9e3417b	1_3_2_1_12_3	投资银行部_交易性其他资产_5Y	0.1	0.1	0.1	0.1	0.1	0.1	0.1	0.1	0.1	0.1	0.1	0.1	0.1	0.1	0.1	0.1	0.1	0.1	0.1	0.1	0.1	0.1	0.1	0.1	0.1
284	dfe1d52c-2847-4d9f-92b4-878a9e45e59d	1_3_2_2_1_1	投资银行部_其他债权投资_商业银行债_1Y	0.1	0.1	0.1	0.1	0.1	0.1	0.1	0.1	0.1	0.1	0.1	0.1	0.1	0.1	0.1	0.1	0.1	0.1	0.1	0.1	0.1	0.1	0.1	0.1	0.1
285	e250c08d-7e2a-461f-a9b0-2c85f0f13943	1_3_2_2_1_2	投资银行部_其他债权投资_商业银行债_3Y	0.1	0.1	0.1	0.1	0.1	0.1	0.1	0.1	0.1	0.1	0.1	0.1	0.1	0.1	0.1	0.1	0.1	0.1	0.1	0.1	0.1	0.1	0.1	0.1	0.1
286	1647b4ea-8e23-423d-b6d4-66cd7592340c	1_3_2_2_1_3	投资银行部_其他债权投资_商业银行债_5Y	0.1	0.1	0.1	0.1	0.1	0.1	0.1	0.1	0.1	0.1	0.1	0.1	0.1	0.1	0.1	0.1	0.1	0.1	0.1	0.1	0.1	0.1	0.1	0.1	0.1
287	781ffb99-c83e-40af-8e77-896f39d0411a	1_3_2_2_1_4	投资银行部_其他债权投资_商业银行债_10Y	0.1	0.1	0.1	0.1	0.1	0.1	0.1	0.1	0.1	0.1	0.1	0.1	0.1	0.1	0.1	0.1	0.1	0.1	0.1	0.1	0.1	0.1	0.1	0.1	0.1
288	5810fe0f-b4c6-40c2-ac84-1b118d13f15d	1_3_2_2_2_1	投资银行部_其他债权投资_金融机构债_1Y	0.1	0.1	0.1	0.1	0.1	0.1	0.1	0.1	0.1	0.1	0.1	0.1	0.1	0.1	0.1	0.1	0.1	0.1	0.1	0.1	0.1	0.1	0.1	0.1	0.1
289	c9b0b2ad-def5-44ff-b91e-a7eb3e9f8499	1_3_2_2_2_2	投资银行部_其他债权投资_金融机构债_3Y	0.1	0.1	0.1	0.1	0.1	0.1	0.1	0.1	0.1	0.1	0.1	0.1	0.1	0.1	0.1	0.1	0.1	0.1	0.1	0.1	0.1	0.1	0.1	0.1	0.1
290	344c02b9-446a-411d-92b9-e87fc7f75ee8	1_3_2_2_2_3	投资银行部_其他债权投资_金融机构债_5Y	0.1	0.1	0.1	0.1	0.1	0.1	0.1	0.1	0.1	0.1	0.1	0.1	0.1	0.1	0.1	0.1	0.1	0.1	0.1	0.1	0.1	0.1	0.1	0.1	0.1
291	1d008de4-8ae5-4675-a36e-74c6dd05387a	1_3_2_2_2_4	投资银行部_其他债权投资_金融机构债_10Y	0.1	0.1	0.1	0.1	0.1	0.1	0.1	0.1	0.1	0.1	0.1	0.1	0.1	0.1	0.1	0.1	0.1	0.1	0.1	0.1	0.1	0.1	0.1	0.1	0.1
292	d790438a-bdfe-446c-89c0-bd7da50a2cf3	1_3_2_2_3_1	投资银行部_其他债权投资_公司债_1Y	0.1	0.1	0.1	0.1	0.1	0.1	0.1	0.1	0.1	0.1	0.1	0.1	0.1	0.1	0.1	0.1	0.1	0.1	0.1	0.1	0.1	0.1	0.1	0.1	0.1
293	2c13ffd7-7dbd-4f3f-b77d-564bf76d1c52	1_3_2_2_3_2	投资银行部_其他债权投资_公司债_3Y	0.1	0.1	0.1	0.1	0.1	0.1	0.1	0.1	0.1	0.1	0.1	0.1	0.1	0.1	0.1	0.1	0.1	0.1	0.1	0.1	0.1	0.1	0.1	0.1	0.1
294	662e2e5f-3f10-4171-868a-e256ddea5e8f	1_3_2_2_3_3	投资银行部_其他债权投资_公司债_5Y	0.1	0.1	0.1	0.1	0.1	0.1	0.1	0.1	0.1	0.1	0.1	0.1	0.1	0.1	0.1	0.1	0.1	0.1	0.1	0.1	0.1	0.1	0.1	0.1	0.1
295	336f8325-c82a-45b4-890d-f8f8e14ed587	1_3_2_2_3_4	投资银行部_其他债权投资_公司债_10Y	0.1	0.1	0.1	0.1	0.1	0.1	0.1	0.1	0.1	0.1	0.1	0.1	0.1	0.1	0.1	0.1	0.1	0.1	0.1	0.1	0.1	0.1	0.1	0.1	0.1
296	851e2627-644a-4d7b-aa2f-2174a0db186f	1_3_2_2_4_1	投资银行部_其他债权投资_信托_1Y	0.1	0.1	0.1	0.1	0.1	0.1	0.1	0.1	0.1	0.1	0.1	0.1	0.1	0.1	0.1	0.1	0.1	0.1	0.1	0.1	0.1	0.1	0.1	0.1	0.1
297	ded8cf5a-99fb-47b5-8173-6aa4e592a13a	1_3_2_2_4_2	投资银行部_其他债权投资_信托_3Y	0.1	0.1	0.1	0.1	0.1	0.1	0.1	0.1	0.1	0.1	0.1	0.1	0.1	0.1	0.1	0.1	0.1	0.1	0.1	0.1	0.1	0.1	0.1	0.1	0.1
298	24f4ebdf-34ab-4469-b67b-3ec99fee7f43	1_3_2_2_4_3	投资银行部_其他债权投资_信托_5Y	0.1	0.1	0.1	0.1	0.1	0.1	0.1	0.1	0.1	0.1	0.1	0.1	0.1	0.1	0.1	0.1	0.1	0.1	0.1	0.1	0.1	0.1	0.1	0.1	0.1
299	ea155740-ae95-4a95-98c0-eab39a50f149	1_3_2_2_5_1	投资银行部_其他债权投资_资管计划_1Y	0.1	0.1	0.1	0.1	0.1	0.1	0.1	0.1	0.1	0.1	0.1	0.1	0.1	0.1	0.1	0.1	0.1	0.1	0.1	0.1	0.1	0.1	0.1	0.1	0.1
300	53af8f44-08f2-4016-84b9-302b9e27f1e4	1_3_2_2_5_2	投资银行部_其他债权投资_资管计划_3Y	0.1	0.1	0.1	0.1	0.1	0.1	0.1	0.1	0.1	0.1	0.1	0.1	0.1	0.1	0.1	0.1	0.1	0.1	0.1	0.1	0.1	0.1	0.1	0.1	0.1
301	d25bb3ed-7200-4c50-a75a-5a6e209c6cca	1_3_2_2_5_3	投资银行部_其他债权投资_资管计划_5Y	0.1	0.1	0.1	0.1	0.1	0.1	0.1	0.1	0.1	0.1	0.1	0.1	0.1	0.1	0.1	0.1	0.1	0.1	0.1	0.1	0.1	0.1	0.1	0.1	0.1
302	c414cea8-0112-4bf9-a3b3-7f6b187139e4	1_3_2_2_6_1	投资银行部_其他债权投资_债权融资计划_1Y	0.1	0.1	0.1	0.1	0.1	0.1	0.1	0.1	0.1	0.1	0.1	0.1	0.1	0.1	0.1	0.1	0.1	0.1	0.1	0.1	0.1	0.1	0.1	0.1	0.1
303	1f50ab7f-bc9f-4fa8-ac7d-0edadb20d2cc	1_3_2_2_6_2	投资银行部_其他债权投资_债权融资计划_3Y	0.1	0.1	0.1	0.1	0.1	0.1	0.1	0.1	0.1	0.1	0.1	0.1	0.1	0.1	0.1	0.1	0.1	0.1	0.1	0.1	0.1	0.1	0.1	0.1	0.1
304	bf0c5841-ef85-4b08-abac-98aaa1bb68eb	1_3_2_2_6_3	投资银行部_其他债权投资_债权融资计划_5Y	0.1	0.1	0.1	0.1	0.1	0.1	0.1	0.1	0.1	0.1	0.1	0.1	0.1	0.1	0.1	0.1	0.1	0.1	0.1	0.1	0.1	0.1	0.1	0.1	0.1
305	512d0327-466e-434d-b222-975d9be0e054	1_3_2_2_7_1	投资银行部_其他债权投资_私募基金_1Y	0.1	0.1	0.1	0.1	0.1	0.1	0.1	0.1	0.1	0.1	0.1	0.1	0.1	0.1	0.1	0.1	0.1	0.1	0.1	0.1	0.1	0.1	0.1	0.1	0.1
306	aec9277b-cc34-47d1-9392-f93c9f22b26d	1_3_2_2_7_2	投资银行部_其他债权投资_私募基金_3Y	0.1	0.1	0.1	0.1	0.1	0.1	0.1	0.1	0.1	0.1	0.1	0.1	0.1	0.1	0.1	0.1	0.1	0.1	0.1	0.1	0.1	0.1	0.1	0.1	0.1
307	a72b323c-ef17-4210-8d74-c242c02d673e	1_3_2_2_7_3	投资银行部_其他债权投资_私募基金_5Y	0.1	0.1	0.1	0.1	0.1	0.1	0.1	0.1	0.1	0.1	0.1	0.1	0.1	0.1	0.1	0.1	0.1	0.1	0.1	0.1	0.1	0.1	0.1	0.1	0.1
308	a91e1367-1104-4255-9a09-33d50a882ef7	1_3_2_2_8_1	投资银行部_其他债权投资_公募基金_3Y	0.1	0.1	0.1	0.1	0.1	0.1	0.1	0.1	0.1	0.1	0.1	0.1	0.1	0.1	0.1	0.1	0.1	0.1	0.1	0.1	0.1	0.1	0.1	0.1	0.1
309	030e73fe-e664-4cf5-ae38-9d7eaccfed0b	1_3_2_2_9_1	投资银行部_其他债权投资_融资租赁_1Y	0.1	0.1	0.1	0.1	0.1	0.1	0.1	0.1	0.1	0.1	0.1	0.1	0.1	0.1	0.1	0.1	0.1	0.1	0.1	0.1	0.1	0.1	0.1	0.1	0.1
310	cb571772-de0e-4bb3-8648-256ff0c2a391	1_3_2_2_9_2	投资银行部_其他债权投资_融资租赁_3Y	0.1	0.1	0.1	0.1	0.1	0.1	0.1	0.1	0.1	0.1	0.1	0.1	0.1	0.1	0.1	0.1	0.1	0.1	0.1	0.1	0.1	0.1	0.1	0.1	0.1
311	c719205e-f53b-4cff-8c4c-eac4c1c8f756	1_3_2_2_9_3	投资银行部_其他债权投资_融资租赁_5Y	0.1	0.1	0.1	0.1	0.1	0.1	0.1	0.1	0.1	0.1	0.1	0.1	0.1	0.1	0.1	0.1	0.1	0.1	0.1	0.1	0.1	0.1	0.1	0.1	0.1
312	561abd2b-bc5a-45a2-8327-c57354c26cc6	1_3_2_2_10_1	投资银行部_其他债权投资_其他_1Y	0.1	0.1	0.1	0.1	0.1	0.1	0.1	0.1	0.1	0.1	0.1	0.1	0.1	0.1	0.1	0.1	0.1	0.1	0.1	0.1	0.1	0.1	0.1	0.1	0.1
313	fbf25785-203c-4e35-b8b2-fd344f6a4411	1_3_2_2_10_2	投资银行部_其他债权投资_其他_3Y	0.1	0.1	0.1	0.1	0.1	0.1	0.1	0.1	0.1	0.1	0.1	0.1	0.1	0.1	0.1	0.1	0.1	0.1	0.1	0.1	0.1	0.1	0.1	0.1	0.1
314	a99e03dd-c854-4fa0-8d32-8ddda1b74aaa	1_3_2_2_10_3	投资银行部_其他债权投资_其他_5Y	0.1	0.1	0.1	0.1	0.1	0.1	0.1	0.1	0.1	0.1	0.1	0.1	0.1	0.1	0.1	0.1	0.1	0.1	0.1	0.1	0.1	0.1	0.1	0.1	0.1
315	a1e3dbf4-bdd0-404e-acd6-1c595cd0b332	1_3_2_3_1_1	投资银行部_债权投资_商业银行债_1Y	0.1	0.1	0.1	0.1	0.1	0.1	0.1	0.1	0.1	0.1	0.1	0.1	0.1	0.1	0.1	0.1	0.1	0.1	0.1	0.1	0.1	0.1	0.1	0.1	0.1
316	6247a440-d507-4c86-bb64-2b0dc88fb19a	1_3_2_3_1_2	投资银行部_债权投资_商业银行债_3Y	0.1	0.1	0.1	0.1	0.1	0.1	0.1	0.1	0.1	0.1	0.1	0.1	0.1	0.1	0.1	0.1	0.1	0.1	0.1	0.1	0.1	0.1	0.1	0.1	0.1
317	f3361005-fbe7-452d-a5ff-fe3ea17b1aa7	1_3_2_3_1_3	投资银行部_债权投资_商业银行债_5Y	0.1	0.1	0.1	0.1	0.1	0.1	0.1	0.1	0.1	0.1	0.1	0.1	0.1	0.1	0.1	0.1	0.1	0.1	0.1	0.1	0.1	0.1	0.1	0.1	0.1
318	881800ad-1006-4ef0-82eb-2807bba490f8	1_3_2_3_1_4	投资银行部_债权投资_商业银行债_10Y	0.1	0.1	0.1	0.1	0.1	0.1	0.1	0.1	0.1	0.1	0.1	0.1	0.1	0.1	0.1	0.1	0.1	0.1	0.1	0.1	0.1	0.1	0.1	0.1	0.1
319	5b231cee-7c05-441c-8f63-69ba762c1724	1_3_2_3_2_1	投资银行部_债权投资_金融机构债_1Y	0.1	0.1	0.1	0.1	0.1	0.1	0.1	0.1	0.1	0.1	0.1	0.1	0.1	0.1	0.1	0.1	0.1	0.1	0.1	0.1	0.1	0.1	0.1	0.1	0.1
320	e3a0e3f9-2fa9-4f74-b37d-4d52c7767673	1_3_2_3_2_2	投资银行部_债权投资_金融机构债_3Y	0.1	0.1	0.1	0.1	0.1	0.1	0.1	0.1	0.1	0.1	0.1	0.1	0.1	0.1	0.1	0.1	0.1	0.1	0.1	0.1	0.1	0.1	0.1	0.1	0.1
321	7b2d6d72-73ff-492f-bd27-fdb8d71dd555	1_3_2_3_2_3	投资银行部_债权投资_金融机构债_5Y	0.1	0.1	0.1	0.1	0.1	0.1	0.1	0.1	0.1	0.1	0.1	0.1	0.1	0.1	0.1	0.1	0.1	0.1	0.1	0.1	0.1	0.1	0.1	0.1	0.1
322	ea3d4d10-b525-4b8f-b87d-7ba78a332739	1_3_2_3_2_4	投资银行部_债权投资_金融机构债_10Y	0.1	0.1	0.1	0.1	0.1	0.1	0.1	0.1	0.1	0.1	0.1	0.1	0.1	0.1	0.1	0.1	0.1	0.1	0.1	0.1	0.1	0.1	0.1	0.1	0.1
323	c806aeb4-69c7-4906-8aa5-21afcccc68ae	1_3_2_3_3_1	投资银行部_债权投资_公司债_1Y	0.1	0.1	0.1	0.1	0.1	0.1	0.1	0.1	0.1	0.1	0.1	0.1	0.1	0.1	0.1	0.1	0.1	0.1	0.1	0.1	0.1	0.1	0.1	0.1	0.1
324	50c55142-8d62-4d94-8b67-e8eb9d66654f	1_3_2_3_3_2	投资银行部_债权投资_公司债_3Y	0.1	0.1	0.1	0.1	0.1	0.1	0.1	0.1	0.1	0.1	0.1	0.1	0.1	0.1	0.1	0.1	0.1	0.1	0.1	0.1	0.1	0.1	0.1	0.1	0.1
325	64232d80-73dd-49f5-aa24-4f8a6f9145e2	1_3_2_3_3_3	投资银行部_债权投资_公司债_5Y	0.1	0.1	0.1	0.1	0.1	0.1	0.1	0.1	0.1	0.1	0.1	0.1	0.1	0.1	0.1	0.1	0.1	0.1	0.1	0.1	0.1	0.1	0.1	0.1	0.1
326	4576b02d-2ffe-4d76-8ce5-682a44b89e22	1_3_2_3_3_4	投资银行部_债权投资_公司债_10Y	0.1	0.1	0.1	0.1	0.1	0.1	0.1	0.1	0.1	0.1	0.1	0.1	0.1	0.1	0.1	0.1	0.1	0.1	0.1	0.1	0.1	0.1	0.1	0.1	0.1
327	3016011e-459b-4015-9864-1c4a1f249ec8	1_3_2_3_4_1	投资银行部_债权投资_信托_1Y	0.1	0.1	0.1	0.1	0.1	0.1	0.1	0.1	0.1	0.1	0.1	0.1	0.1	0.1	0.1	0.1	0.1	0.1	0.1	0.1	0.1	0.1	0.1	0.1	0.1
328	0c40d05e-5d22-4ab1-b5b0-40c0edc60bcb	1_3_2_3_4_2	投资银行部_债权投资_信托_3Y	0.1	0.1	0.1	0.1	0.1	0.1	0.1	0.1	0.1	0.1	0.1	0.1	0.1	0.1	0.1	0.1	0.1	0.1	0.1	0.1	0.1	0.1	0.1	0.1	0.1
329	549febd4-7786-46fe-a051-c97842ae2fcc	1_3_2_3_4_3	投资银行部_债权投资_信托_5Y	0.1	0.1	0.1	0.1	0.1	0.1	0.1	0.1	0.1	0.1	0.1	0.1	0.1	0.1	0.1	0.1	0.1	0.1	0.1	0.1	0.1	0.1	0.1	0.1	0.1
330	a3fb61af-a4ac-4baa-a624-ef9837759e91	1_3_2_3_5_1	投资银行部_债权投资_资管计划_1Y	0.1	0.1	0.1	0.1	0.1	0.1	0.1	0.1	0.1	0.1	0.1	0.1	0.1	0.1	0.1	0.1	0.1	0.1	0.1	0.1	0.1	0.1	0.1	0.1	0.1
331	0b592f45-c49a-46db-85d6-7854285eb849	1_3_2_3_5_2	投资银行部_债权投资_资管计划_3Y	0.1	0.1	0.1	0.1	0.1	0.1	0.1	0.1	0.1	0.1	0.1	0.1	0.1	0.1	0.1	0.1	0.1	0.1	0.1	0.1	0.1	0.1	0.1	0.1	0.1
332	807cdaa2-83d2-4de0-86e0-6084e9c97bae	1_3_2_3_5_3	投资银行部_债权投资_资管计划_5Y	0.1	0.1	0.1	0.1	0.1	0.1	0.1	0.1	0.1	0.1	0.1	0.1	0.1	0.1	0.1	0.1	0.1	0.1	0.1	0.1	0.1	0.1	0.1	0.1	0.1
333	747923f3-c130-4e3a-8c7c-1d98c8208def	1_3_2_3_6_1	投资银行部_债权投资_债权融资计划_1Y	0.1	0.1	0.1	0.1	0.1	0.1	0.1	0.1	0.1	0.1	0.1	0.1	0.1	0.1	0.1	0.1	0.1	0.1	0.1	0.1	0.1	0.1	0.1	0.1	0.1
334	99ad0210-9d3e-4c65-a3b6-5bd3705e7fd0	1_3_2_3_6_2	投资银行部_债权投资_债权融资计划_3Y	0.1	0.1	0.1	0.1	0.1	0.1	0.1	0.1	0.1	0.1	0.1	0.1	0.1	0.1	0.1	0.1	0.1	0.1	0.1	0.1	0.1	0.1	0.1	0.1	0.1
335	1f1d8781-c704-4ea5-9ad3-710f4ca59d72	1_3_2_3_6_3	投资银行部_债权投资_债权融资计划_5Y	0.1	0.1	0.1	0.1	0.1	0.1	0.1	0.1	0.1	0.1	0.1	0.1	0.1	0.1	0.1	0.1	0.1	0.1	0.1	0.1	0.1	0.1	0.1	0.1	0.1
336	11b911c6-c81b-4b88-9fa3-bd00a0c069c6	1_3_2_3_7_1	投资银行部_债权投资_私募基金_1Y	0.1	0.1	0.1	0.1	0.1	0.1	0.1	0.1	0.1	0.1	0.1	0.1	0.1	0.1	0.1	0.1	0.1	0.1	0.1	0.1	0.1	0.1	0.1	0.1	0.1
337	bf5b728a-cce9-46d9-a388-03026754b31d	1_3_2_3_7_2	投资银行部_债权投资_私募基金_3Y	0.1	0.1	0.1	0.1	0.1	0.1	0.1	0.1	0.1	0.1	0.1	0.1	0.1	0.1	0.1	0.1	0.1	0.1	0.1	0.1	0.1	0.1	0.1	0.1	0.1
338	431aab84-59b0-44e7-9a41-f0a060439bac	1_3_2_3_7_3	投资银行部_债权投资_私募基金_5Y	0.1	0.1	0.1	0.1	0.1	0.1	0.1	0.1	0.1	0.1	0.1	0.1	0.1	0.1	0.1	0.1	0.1	0.1	0.1	0.1	0.1	0.1	0.1	0.1	0.1
339	af4071b5-0440-4afd-b31a-d35622ea9559	1_3_2_3_8_1	投资银行部_债权投资_公募基金_3Y	0.1	0.1	0.1	0.1	0.1	0.1	0.1	0.1	0.1	0.1	0.1	0.1	0.1	0.1	0.1	0.1	0.1	0.1	0.1	0.1	0.1	0.1	0.1	0.1	0.1
340	e8a09ccf-ed15-42ec-b08a-c548cd5474fd	1_3_2_3_9_1	投资银行部_债权投资_融资租赁_1Y	0.1	0.1	0.1	0.1	0.1	0.1	0.1	0.1	0.1	0.1	0.1	0.1	0.1	0.1	0.1	0.1	0.1	0.1	0.1	0.1	0.1	0.1	0.1	0.1	0.1
341	400ffc98-b839-458a-b6ab-6c7f8e0a0d95	1_3_2_3_9_2	投资银行部_债权投资_融资租赁_3Y	0.1	0.1	0.1	0.1	0.1	0.1	0.1	0.1	0.1	0.1	0.1	0.1	0.1	0.1	0.1	0.1	0.1	0.1	0.1	0.1	0.1	0.1	0.1	0.1	0.1
342	1fac1b2a-2dd6-4605-8c14-cd5e4152bfe9	1_3_2_3_9_3	投资银行部_债权投资_融资租赁_5Y	0.1	0.1	0.1	0.1	0.1	0.1	0.1	0.1	0.1	0.1	0.1	0.1	0.1	0.1	0.1	0.1	0.1	0.1	0.1	0.1	0.1	0.1	0.1	0.1	0.1
343	ae5c9e93-c701-47cc-ac65-8b856022f4bc	1_3_2_3_10_1	投资银行部_债权投资_其他_1Y	0.1	0.1	0.1	0.1	0.1	0.1	0.1	0.1	0.1	0.1	0.1	0.1	0.1	0.1	0.1	0.1	0.1	0.1	0.1	0.1	0.1	0.1	0.1	0.1	0.1
344	36ebb0ab-cf3d-457f-ba59-9e61d4811eec	1_3_2_3_10_2	投资银行部_债权投资_其他_3Y	0.1	0.1	0.1	0.1	0.1	0.1	0.1	0.1	0.1	0.1	0.1	0.1	0.1	0.1	0.1	0.1	0.1	0.1	0.1	0.1	0.1	0.1	0.1	0.1	0.1
345	19bce685-a000-478d-945f-ffb06b88515b	1_3_2_3_10_3	投资银行部_债权投资_其他_5Y	0.1	0.1	0.1	0.1	0.1	0.1	0.1	0.1	0.1	0.1	0.1	0.1	0.1	0.1	0.1	0.1	0.1	0.1	0.1	0.1	0.1	0.1	0.1	0.1	0.1
346	177f9cc3-b3c4-44ec-9cc4-642911e2854b	1_3_2_4_1	投资银行部_其他权益工具投资_5Y	0.1	0.1	0.1	0.1	0.1	0.1	0.1	0.1	0.1	0.1	0.1	0.1	0.1	0.1	0.1	0.1	0.1	0.1	0.1	0.1	0.1	0.1	0.1	0.1	0.1
347	eb5a1172-e716-4583-83e1-5197fbe92c46	1_4_1_1_1	个金条线_个人经营贷款_3M	0.1	0.1	0.1	0.1	0.1	0.1	0.1	0.1	0.1	0.1	0.1	0.1	0.1	0.1	0.1	0.1	0.1	0.1	0.1	0.1	0.1	0.1	0.1	0.1	0.1
348	b6a00c4e-0552-4505-8ce2-d3b9c9823223	1_4_1_1_2	个金条线_个人经营贷款_6M	0.1	0.1	0.1	0.1	0.1	0.1	0.1	0.1	0.1	0.1	0.1	0.1	0.1	0.1	0.1	0.1	0.1	0.1	0.1	0.1	0.1	0.1	0.1	0.1	0.1
349	638b935c-96d3-46eb-b73d-19ebe1393be4	1_4_1_1_3	个金条线_个人经营贷款_1Y	0.1	0.1	0.1	0.1	0.1	0.1	0.1	0.1	0.1	0.1	0.1	0.1	0.1	0.1	0.1	0.1	0.1	0.1	0.1	0.1	0.1	0.1	0.1	0.1	0.1
350	905cb66a-d56e-4724-9fe1-e0bec8bffc18	1_4_1_1_4	个金条线_个人经营贷款_2Y	0.1	0.1	0.1	0.1	0.1	0.1	0.1	0.1	0.1	0.1	0.1	0.1	0.1	0.1	0.1	0.1	0.1	0.1	0.1	0.1	0.1	0.1	0.1	0.1	0.1
351	e61468bd-762d-46d4-a206-7797826883eb	1_4_1_1_5	个金条线_个人经营贷款_3Y	0.1	0.1	0.1	0.1	0.1	0.1	0.1	0.1	0.1	0.1	0.1	0.1	0.1	0.1	0.1	0.1	0.1	0.1	0.1	0.1	0.1	0.1	0.1	0.1	0.1
352	a3631bae-5601-45f4-aa7d-5697d542cfe9	1_4_1_2_1_1	个金条线_便民贷_3M	0.1	0.1	0.1	0.1	0.1	0.1	0.1	0.1	0.1	0.1	0.1	0.1	0.1	0.1	0.1	0.1	0.1	0.1	0.1	0.1	0.1	0.1	0.1	0.1	0.1
353	bd098f03-58aa-4569-a9fe-e7d7ff9dfe92	1_4_1_2_1_2	个金条线_便民贷_6M	0.1	0.1	0.1	0.1	0.1	0.1	0.1	0.1	0.1	0.1	0.1	0.1	0.1	0.1	0.1	0.1	0.1	0.1	0.1	0.1	0.1	0.1	0.1	0.1	0.1
354	13fdf6a0-7b4d-43f9-9f8a-e19d26e55c04	1_4_1_2_1_3	个金条线_便民贷_1Y	0.1	0.1	0.1	0.1	0.1	0.1	0.1	0.1	0.1	0.1	0.1	0.1	0.1	0.1	0.1	0.1	0.1	0.1	0.1	0.1	0.1	0.1	0.1	0.1	0.1
355	9ca0b305-d0c1-423a-9d20-84d1dda3785b	1_4_1_2_1_4	个金条线_便民贷_2Y	0.1	0.1	0.1	0.1	0.1	0.1	0.1	0.1	0.1	0.1	0.1	0.1	0.1	0.1	0.1	0.1	0.1	0.1	0.1	0.1	0.1	0.1	0.1	0.1	0.1
356	43a9fac4-bcdf-4261-9534-ba60e8f19806	1_4_1_2_1_5	个金条线_便民贷_3Y	0.1	0.1	0.1	0.1	0.1	0.1	0.1	0.1	0.1	0.1	0.1	0.1	0.1	0.1	0.1	0.1	0.1	0.1	0.1	0.1	0.1	0.1	0.1	0.1	0.1
357	7c58d288-29de-49dd-b6d6-c0f6e8ffae2c	1_4_1_2_2_1	个金条线_公积金秒贷_3M	0.1	0.1	0.1	0.1	0.1	0.1	0.1	0.1	0.1	0.1	0.1	0.1	0.1	0.1	0.1	0.1	0.1	0.1	0.1	0.1	0.1	0.1	0.1	0.1	0.1
358	523fd627-3ebc-4c36-a566-e620fd700b79	1_4_1_2_2_2	个金条线_公积金秒贷_6M	0.1	0.1	0.1	0.1	0.1	0.1	0.1	0.1	0.1	0.1	0.1	0.1	0.1	0.1	0.1	0.1	0.1	0.1	0.1	0.1	0.1	0.1	0.1	0.1	0.1
359	3c800448-098c-409e-8680-70d5b55718e7	1_4_1_2_2_3	个金条线_公积金秒贷_1Y	0.1	0.1	0.1	0.1	0.1	0.1	0.1	0.1	0.1	0.1	0.1	0.1	0.1	0.1	0.1	0.1	0.1	0.1	0.1	0.1	0.1	0.1	0.1	0.1	0.1
360	ecca194c-18e0-487e-a20d-38f1ee761530	1_4_1_2_2_4	个金条线_公积金秒贷_2Y	0.1	0.1	0.1	0.1	0.1	0.1	0.1	0.1	0.1	0.1	0.1	0.1	0.1	0.1	0.1	0.1	0.1	0.1	0.1	0.1	0.1	0.1	0.1	0.1	0.1
361	c546cc7a-7fb9-43b9-afb0-9a741ce0c326	1_4_1_2_2_5	个金条线_公积金秒贷_3Y	0.1	0.1	0.1	0.1	0.1	0.1	0.1	0.1	0.1	0.1	0.1	0.1	0.1	0.1	0.1	0.1	0.1	0.1	0.1	0.1	0.1	0.1	0.1	0.1	0.1
362	35f7c507-f9d7-4cbf-bdbd-1bba3cbd2550	1_4_1_2_3_1	个金条线_其他个人消费贷款_3M	0.1	0.1	0.1	0.1	0.1	0.1	0.1	0.1	0.1	0.1	0.1	0.1	0.1	0.1	0.1	0.1	0.1	0.1	0.1	0.1	0.1	0.1	0.1	0.1	0.1
363	adca15bf-8861-415e-b7ee-d6aba4358b01	1_4_1_2_3_2	个金条线_其他个人消费贷款_6M	0.1	0.1	0.1	0.1	0.1	0.1	0.1	0.1	0.1	0.1	0.1	0.1	0.1	0.1	0.1	0.1	0.1	0.1	0.1	0.1	0.1	0.1	0.1	0.1	0.1
364	c5a465ae-28d0-49d1-a058-ba3c01459451	1_4_1_2_3_3	个金条线_其他个人消费贷款_1Y	0.1	0.1	0.1	0.1	0.1	0.1	0.1	0.1	0.1	0.1	0.1	0.1	0.1	0.1	0.1	0.1	0.1	0.1	0.1	0.1	0.1	0.1	0.1	0.1	0.1
365	9fc8a98f-5e35-48b5-8817-b60ffa339250	1_4_1_2_3_4	个金条线_其他个人消费贷款_2Y	0.1	0.1	0.1	0.1	0.1	0.1	0.1	0.1	0.1	0.1	0.1	0.1	0.1	0.1	0.1	0.1	0.1	0.1	0.1	0.1	0.1	0.1	0.1	0.1	0.1
366	f3fa7167-13a4-4ba8-96af-9e0706fea8eb	1_4_1_2_3_5	个金条线_其他个人消费贷款_3Y	0.1	0.1	0.1	0.1	0.1	0.1	0.1	0.1	0.1	0.1	0.1	0.1	0.1	0.1	0.1	0.1	0.1	0.1	0.1	0.1	0.1	0.1	0.1	0.1	0.1
367	c648e96b-069e-4088-8002-35cec512c8bb	1_4_1_3_1	个金条线_个人住房贷款_1Y	0.1	0.1	0.1	0.1	0.1	0.1	0.1	0.1	0.1	0.1	0.1	0.1	0.1	0.1	0.1	0.1	0.1	0.1	0.1	0.1	0.1	0.1	0.1	0.1	0.1
368	dc723095-4ea0-453c-8ee8-461d092b592d	1_4_1_3_2	个金条线_个人住房贷款_2Y	0.1	0.1	0.1	0.1	0.1	0.1	0.1	0.1	0.1	0.1	0.1	0.1	0.1	0.1	0.1	0.1	0.1	0.1	0.1	0.1	0.1	0.1	0.1	0.1	0.1
369	b80459b8-39ca-4622-ad16-5335ee238dd8	1_4_1_3_3	个金条线_个人住房贷款_3Y	0.1	0.1	0.1	0.1	0.1	0.1	0.1	0.1	0.1	0.1	0.1	0.1	0.1	0.1	0.1	0.1	0.1	0.1	0.1	0.1	0.1	0.1	0.1	0.1	0.1
370	d16b4dbf-da42-475f-a175-c2a214a277a3	1_4_1_3_4	个金条线_个人住房贷款_5Y	0.1	0.1	0.1	0.1	0.1	0.1	0.1	0.1	0.1	0.1	0.1	0.1	0.1	0.1	0.1	0.1	0.1	0.1	0.1	0.1	0.1	0.1	0.1	0.1	0.1
371	d70e9a46-ae89-4acf-9e1b-a11016ee6ec4	1_4_1_3_5	个金条线_个人住房贷款_10Y	0.1	0.1	0.1	0.1	0.1	0.1	0.1	0.1	0.1	0.1	0.1	0.1	0.1	0.1	0.1	0.1	0.1	0.1	0.1	0.1	0.1	0.1	0.1	0.1	0.1
372	5f269dcb-cb8d-4b2e-abec-fa820fb0f202	1_4_1_4_1	个金条线_个人贷记卡透支_3M	0.1	0.1	0.1	0.1	0.1	0.1	0.1	0.1	0.1	0.1	0.1	0.1	0.1	0.1	0.1	0.1	0.1	0.1	0.1	0.1	0.1	0.1	0.1	0.1	0.1
373	c514c0d1-be8a-4be8-9138-b39f0598a285	1_4_1_4_2	个金条线_个人贷记卡透支_6M	0.1	0.1	0.1	0.1	0.1	0.1	0.1	0.1	0.1	0.1	0.1	0.1	0.1	0.1	0.1	0.1	0.1	0.1	0.1	0.1	0.1	0.1	0.1	0.1	0.1
374	2f31bb4a-1a54-4c52-a341-e5cf3897fa8c	1_4_1_4_3	个金条线_个人贷记卡透支_1Y	0.1	0.1	0.1	0.1	0.1	0.1	0.1	0.1	0.1	0.1	0.1	0.1	0.1	0.1	0.1	0.1	0.1	0.1	0.1	0.1	0.1	0.1	0.1	0.1	0.1
375	5255cd8c-fd54-4b03-ab8a-dd8a24734fea	1_4_1_4_4	个金条线_个人贷记卡透支_2Y	0.1	0.1	0.1	0.1	0.1	0.1	0.1	0.1	0.1	0.1	0.1	0.1	0.1	0.1	0.1	0.1	0.1	0.1	0.1	0.1	0.1	0.1	0.1	0.1	0.1
376	0dd4dd29-7334-4a60-96f3-daa222a631eb	1_4_1_4_5	个金条线_个人贷记卡透支_3Y	0.1	0.1	0.1	0.1	0.1	0.1	0.1	0.1	0.1	0.1	0.1	0.1	0.1	0.1	0.1	0.1	0.1	0.1	0.1	0.1	0.1	0.1	0.1	0.1	0.1
377	a3999559-064a-4e6d-8914-3ec37c3f9de0	1_4_1_5_1	个金条线_其他贷款_3M	0.1	0.1	0.1	0.1	0.1	0.1	0.1	0.1	0.1	0.1	0.1	0.1	0.1	0.1	0.1	0.1	0.1	0.1	0.1	0.1	0.1	0.1	0.1	0.1	0.1
378	b04b2fac-8915-45c0-b613-2e5879f88251	1_4_1_5_2	个金条线_其他贷款_6M	0.1	0.1	0.1	0.1	0.1	0.1	0.1	0.1	0.1	0.1	0.1	0.1	0.1	0.1	0.1	0.1	0.1	0.1	0.1	0.1	0.1	0.1	0.1	0.1	0.1
379	0c8ddad8-bfb9-4233-bb17-8b134bad1167	1_4_1_5_3	个金条线_其他贷款_1Y	0.1	0.1	0.1	0.1	0.1	0.1	0.1	0.1	0.1	0.1	0.1	0.1	0.1	0.1	0.1	0.1	0.1	0.1	0.1	0.1	0.1	0.1	0.1	0.1	0.1
380	249f334c-98b1-471f-ac21-46942c52349b	1_4_1_5_4	个金条线_其他贷款_2Y	0.1	0.1	0.1	0.1	0.1	0.1	0.1	0.1	0.1	0.1	0.1	0.1	0.1	0.1	0.1	0.1	0.1	0.1	0.1	0.1	0.1	0.1	0.1	0.1	0.1
381	563530af-43cb-47a2-a1da-92f1acc5c754	1_4_1_5_5	个金条线_其他贷款_3Y	0.1	0.1	0.1	0.1	0.1	0.1	0.1	0.1	0.1	0.1	0.1	0.1	0.1	0.1	0.1	0.1	0.1	0.1	0.1	0.1	0.1	0.1	0.1	0.1	0.1
382	b2e3a88d-2738-451c-b05b-fd281e56d0cd	1_4_2_1_1	小微条线_单位流动资金贷款_3M	0.1	0.1	0.1	0.1	0.1	0.1	0.1	0.1	0.1	0.1	0.1	0.1	0.1	0.1	0.1	0.1	0.1	0.1	0.1	0.1	0.1	0.1	0.1	0.1	0.1
383	c78ec98e-bb21-4658-b3d8-fd217899b63d	1_4_2_1_2	小微条线_单位流动资金贷款_6M	0.1	0.1	0.1	0.1	0.1	0.1	0.1	0.1	0.1	0.1	0.1	0.1	0.1	0.1	0.1	0.1	0.1	0.1	0.1	0.1	0.1	0.1	0.1	0.1	0.1
384	32ce561c-a609-4352-bbe7-1f04881c3fc0	1_4_2_1_3	小微条线_单位流动资金贷款_1Y	0.1	0.1	0.1	0.1	0.1	0.1	0.1	0.1	0.1	0.1	0.1	0.1	0.1	0.1	0.1	0.1	0.1	0.1	0.1	0.1	0.1	0.1	0.1	0.1	0.1
385	413d2071-3d28-4663-b66f-693e1d150ba3	1_4_2_1_4	小微条线_单位流动资金贷款_2Y	0.1	0.1	0.1	0.1	0.1	0.1	0.1	0.1	0.1	0.1	0.1	0.1	0.1	0.1	0.1	0.1	0.1	0.1	0.1	0.1	0.1	0.1	0.1	0.1	0.1
386	170b3ef7-bb13-4603-95a5-d09ecdf87be9	1_4_2_1_5	小微条线_单位流动资金贷款_3Y	0.1	0.1	0.1	0.1	0.1	0.1	0.1	0.1	0.1	0.1	0.1	0.1	0.1	0.1	0.1	0.1	0.1	0.1	0.1	0.1	0.1	0.1	0.1	0.1	0.1
387	03bfc89b-1292-484f-ab77-b8dd13be9a61	1_4_2_2_1	小微条线_单位其他固定资产贷款_1Y	0.1	0.1	0.1	0.1	0.1	0.1	0.1	0.1	0.1	0.1	0.1	0.1	0.1	0.1	0.1	0.1	0.1	0.1	0.1	0.1	0.1	0.1	0.1	0.1	0.1
388	20a3ec25-3aad-4e44-beea-0744a0112dac	1_4_2_2_2	小微条线_单位其他固定资产贷款_3Y	0.1	0.1	0.1	0.1	0.1	0.1	0.1	0.1	0.1	0.1	0.1	0.1	0.1	0.1	0.1	0.1	0.1	0.1	0.1	0.1	0.1	0.1	0.1	0.1	0.1
389	97f373a8-4550-4d7e-a98f-43a9ec298c5a	1_4_2_2_3	小微条线_单位其他固定资产贷款_5Y	0.1	0.1	0.1	0.1	0.1	0.1	0.1	0.1	0.1	0.1	0.1	0.1	0.1	0.1	0.1	0.1	0.1	0.1	0.1	0.1	0.1	0.1	0.1	0.1	0.1
390	3e6756de-65f5-4c89-bf29-d666c8dfc355	1_4_2_2_4	小微条线_单位其他固定资产贷款_10Y	0.1	0.1	0.1	0.1	0.1	0.1	0.1	0.1	0.1	0.1	0.1	0.1	0.1	0.1	0.1	0.1	0.1	0.1	0.1	0.1	0.1	0.1	0.1	0.1	0.1
391	89e14951-9b93-4192-b5e6-59bba2bbd274	1_4_2_3_1_1	小微条线_个人经营贷款_线上_3M	0.1	0.1	0.1	0.1	0.1	0.1	0.1	0.1	0.1	0.1	0.1	0.1	0.1	0.1	0.1	0.1	0.1	0.1	0.1	0.1	0.1	0.1	0.1	0.1	0.1
392	87e90d79-fdfd-4b7f-a7be-40835b96585f	1_4_2_3_1_2	小微条线_个人经营贷款_线上_6M	0.1	0.1	0.1	0.1	0.1	0.1	0.1	0.1	0.1	0.1	0.1	0.1	0.1	0.1	0.1	0.1	0.1	0.1	0.1	0.1	0.1	0.1	0.1	0.1	0.1
393	51267909-9bf2-4b7a-b773-2a945e12ff40	1_4_2_3_1_3	小微条线_个人经营贷款_线上_1Y	0.1	0.1	0.1	0.1	0.1	0.1	0.1	0.1	0.1	0.1	0.1	0.1	0.1	0.1	0.1	0.1	0.1	0.1	0.1	0.1	0.1	0.1	0.1	0.1	0.1
394	0a0d6da6-1d5b-4a2a-8334-e593776dd420	1_4_2_3_1_4	小微条线_个人经营贷款_线上_2Y	0.1	0.1	0.1	0.1	0.1	0.1	0.1	0.1	0.1	0.1	0.1	0.1	0.1	0.1	0.1	0.1	0.1	0.1	0.1	0.1	0.1	0.1	0.1	0.1	0.1
395	73b96694-efec-4202-93d1-f098be9ca198	1_4_2_3_1_5	小微条线_个人经营贷款_线上_3Y	0.1	0.1	0.1	0.1	0.1	0.1	0.1	0.1	0.1	0.1	0.1	0.1	0.1	0.1	0.1	0.1	0.1	0.1	0.1	0.1	0.1	0.1	0.1	0.1	0.1
396	c249b057-22e2-4856-8ba8-d3a6e6fc3197	1_4_2_3_2_1	小微条线_个人经营贷款_线下_3M	0.1	0.1	0.1	0.1	0.1	0.1	0.1	0.1	0.1	0.1	0.1	0.1	0.1	0.1	0.1	0.1	0.1	0.1	0.1	0.1	0.1	0.1	0.1	0.1	0.1
397	c1fc27ea-de56-4224-9be3-a042c59969dd	1_4_2_3_2_2	小微条线_个人经营贷款_线下_6M	0.1	0.1	0.1	0.1	0.1	0.1	0.1	0.1	0.1	0.1	0.1	0.1	0.1	0.1	0.1	0.1	0.1	0.1	0.1	0.1	0.1	0.1	0.1	0.1	0.1
398	ab655061-cc4d-4e22-bbb9-0d8905ffa3ab	1_4_2_3_2_3	小微条线_个人经营贷款_线下_1Y	0.1	0.1	0.1	0.1	0.1	0.1	0.1	0.1	0.1	0.1	0.1	0.1	0.1	0.1	0.1	0.1	0.1	0.1	0.1	0.1	0.1	0.1	0.1	0.1	0.1
399	8f62d5ab-d33a-496f-a269-e2573ab0e941	1_4_2_3_2_4	小微条线_个人经营贷款_线下_2Y	0.1	0.1	0.1	0.1	0.1	0.1	0.1	0.1	0.1	0.1	0.1	0.1	0.1	0.1	0.1	0.1	0.1	0.1	0.1	0.1	0.1	0.1	0.1	0.1	0.1
400	1de1825a-5eed-4727-bf22-a7ecddbdc83c	1_4_2_3_2_5	小微条线_个人经营贷款_线下_3Y	0.1	0.1	0.1	0.1	0.1	0.1	0.1	0.1	0.1	0.1	0.1	0.1	0.1	0.1	0.1	0.1	0.1	0.1	0.1	0.1	0.1	0.1	0.1	0.1	0.1
401	c7590bae-7976-4361-bb85-cc9a31f0749a	1_4_2_4_1	小微条线_个人消费贷款_3M	0.1	0.1	0.1	0.1	0.1	0.1	0.1	0.1	0.1	0.1	0.1	0.1	0.1	0.1	0.1	0.1	0.1	0.1	0.1	0.1	0.1	0.1	0.1	0.1	0.1
402	8362750b-f286-4290-b760-b2e814299398	1_4_2_4_2	小微条线_个人消费贷款_6M	0.1	0.1	0.1	0.1	0.1	0.1	0.1	0.1	0.1	0.1	0.1	0.1	0.1	0.1	0.1	0.1	0.1	0.1	0.1	0.1	0.1	0.1	0.1	0.1	0.1
403	c455fd6f-e5af-450d-9a70-4656f9f0b71a	1_4_2_4_3	小微条线_个人消费贷款_1Y	0.1	0.1	0.1	0.1	0.1	0.1	0.1	0.1	0.1	0.1	0.1	0.1	0.1	0.1	0.1	0.1	0.1	0.1	0.1	0.1	0.1	0.1	0.1	0.1	0.1
404	300a7a4c-4635-47ab-ab28-d636bc66d2dd	1_4_2_4_4	小微条线_个人消费贷款_2Y	0.1	0.1	0.1	0.1	0.1	0.1	0.1	0.1	0.1	0.1	0.1	0.1	0.1	0.1	0.1	0.1	0.1	0.1	0.1	0.1	0.1	0.1	0.1	0.1	0.1
405	9b6e1f2f-29b3-4b73-a2b7-63c053788ff6	1_4_2_4_5	小微条线_个人消费贷款_3Y	0.1	0.1	0.1	0.1	0.1	0.1	0.1	0.1	0.1	0.1	0.1	0.1	0.1	0.1	0.1	0.1	0.1	0.1	0.1	0.1	0.1	0.1	0.1	0.1	0.1
406	3811c857-e267-4712-9052-101ec52a47de	1_4_3_1_1	对公条线_单位房地产贷款_1Y	0.1	0.1	0.1	0.1	0.1	0.1	0.1	0.1	0.1	0.1	0.1	0.1	0.1	0.1	0.1	0.1	0.1	0.1	0.1	0.1	0.1	0.1	0.1	0.1	0.1
407	41637c13-bd8b-43da-a807-d17ef0c73b9d	1_4_3_1_2	对公条线_单位房地产贷款_3Y	0.1	0.1	0.1	0.1	0.1	0.1	0.1	0.1	0.1	0.1	0.1	0.1	0.1	0.1	0.1	0.1	0.1	0.1	0.1	0.1	0.1	0.1	0.1	0.1	0.1
408	69a71a36-b387-4a96-8031-a60cd807ce05	1_4_3_1_3	对公条线_单位房地产贷款_5Y	0.1	0.1	0.1	0.1	0.1	0.1	0.1	0.1	0.1	0.1	0.1	0.1	0.1	0.1	0.1	0.1	0.1	0.1	0.1	0.1	0.1	0.1	0.1	0.1	0.1
409	ab026c6b-30f8-4487-a58c-444a8e9bdb37	1_4_3_1_4	对公条线_单位房地产贷款_10Y	0.1	0.1	0.1	0.1	0.1	0.1	0.1	0.1	0.1	0.1	0.1	0.1	0.1	0.1	0.1	0.1	0.1	0.1	0.1	0.1	0.1	0.1	0.1	0.1	0.1
410	8d71d8ef-8c81-4356-b3aa-5532cf78cdb2	1_4_3_2_1	对公条线_单位项目融资贷款_3M	0.1	0.1	0.1	0.1	0.1	0.1	0.1	0.1	0.1	0.1	0.1	0.1	0.1	0.1	0.1	0.1	0.1	0.1	0.1	0.1	0.1	0.1	0.1	0.1	0.1
411	f0a4c712-b72c-4b66-a66c-f2933e119ea5	1_4_3_2_2	对公条线_单位项目融资贷款_6M	0.1	0.1	0.1	0.1	0.1	0.1	0.1	0.1	0.1	0.1	0.1	0.1	0.1	0.1	0.1	0.1	0.1	0.1	0.1	0.1	0.1	0.1	0.1	0.1	0.1
412	b37b2180-d2ac-4d96-b0ea-73ec2a441ae2	1_4_3_2_3	对公条线_单位项目融资贷款_1Y	0.1	0.1	0.1	0.1	0.1	0.1	0.1	0.1	0.1	0.1	0.1	0.1	0.1	0.1	0.1	0.1	0.1	0.1	0.1	0.1	0.1	0.1	0.1	0.1	0.1
413	585aff0b-90ab-4a98-8021-b01fe8502f60	1_4_3_2_4	对公条线_单位项目融资贷款_2Y	0.1	0.1	0.1	0.1	0.1	0.1	0.1	0.1	0.1	0.1	0.1	0.1	0.1	0.1	0.1	0.1	0.1	0.1	0.1	0.1	0.1	0.1	0.1	0.1	0.1
414	aafd42a6-93b7-471e-a0f2-8c13e6c5f662	1_4_3_2_5	对公条线_单位项目融资贷款_3Y	0.1	0.1	0.1	0.1	0.1	0.1	0.1	0.1	0.1	0.1	0.1	0.1	0.1	0.1	0.1	0.1	0.1	0.1	0.1	0.1	0.1	0.1	0.1	0.1	0.1
415	dee99d59-7f13-4867-9700-12d0675463c7	1_4_3_3_1	对公条线_单位其他固定资产贷款_1Y	0.1	0.1	0.1	0.1	0.1	0.1	0.1	0.1	0.1	0.1	0.1	0.1	0.1	0.1	0.1	0.1	0.1	0.1	0.1	0.1	0.1	0.1	0.1	0.1	0.1
416	5af25d4a-b8b0-4e67-aacf-3de2922442a6	1_4_3_3_2	对公条线_单位其他固定资产贷款_3Y	0.1	0.1	0.1	0.1	0.1	0.1	0.1	0.1	0.1	0.1	0.1	0.1	0.1	0.1	0.1	0.1	0.1	0.1	0.1	0.1	0.1	0.1	0.1	0.1	0.1
417	5fd50b2d-43e5-4101-ba69-5d01409009e0	1_4_3_3_3	对公条线_单位其他固定资产贷款_5Y	0.1	0.1	0.1	0.1	0.1	0.1	0.1	0.1	0.1	0.1	0.1	0.1	0.1	0.1	0.1	0.1	0.1	0.1	0.1	0.1	0.1	0.1	0.1	0.1	0.1
418	e71de7bd-d4e9-41a1-a555-567fb28a2807	1_4_3_3_4	对公条线_单位其他固定资产贷款_10Y	0.1	0.1	0.1	0.1	0.1	0.1	0.1	0.1	0.1	0.1	0.1	0.1	0.1	0.1	0.1	0.1	0.1	0.1	0.1	0.1	0.1	0.1	0.1	0.1	0.1
419	b807056d-6b8e-44bf-92a8-78c6b3a2289f	1_4_3_4_1	对公条线_单位流动资金贷款_3M	0.1	0.1	0.1	0.1	0.1	0.1	0.1	0.1	0.1	0.1	0.1	0.1	0.1	0.1	0.1	0.1	0.1	0.1	0.1	0.1	0.1	0.1	0.1	0.1	0.1
420	f86a5dd7-64fa-43cf-a250-ddbc835687b9	1_4_3_4_2	对公条线_单位流动资金贷款_6M	0.1	0.1	0.1	0.1	0.1	0.1	0.1	0.1	0.1	0.1	0.1	0.1	0.1	0.1	0.1	0.1	0.1	0.1	0.1	0.1	0.1	0.1	0.1	0.1	0.1
421	1f35df02-d9c5-474f-96e7-f9f2c28b572d	1_4_3_4_3	对公条线_单位流动资金贷款_1Y	0.1	0.1	0.1	0.1	0.1	0.1	0.1	0.1	0.1	0.1	0.1	0.1	0.1	0.1	0.1	0.1	0.1	0.1	0.1	0.1	0.1	0.1	0.1	0.1	0.1
422	9559d3a0-ae7a-4297-970d-40f480abaa89	1_4_3_4_4	对公条线_单位流动资金贷款_2Y	0.1	0.1	0.1	0.1	0.1	0.1	0.1	0.1	0.1	0.1	0.1	0.1	0.1	0.1	0.1	0.1	0.1	0.1	0.1	0.1	0.1	0.1	0.1	0.1	0.1
423	5dedaa3e-6802-4240-898f-d441fb42fd3d	1_4_3_4_5	对公条线_单位流动资金贷款_3Y	0.1	0.1	0.1	0.1	0.1	0.1	0.1	0.1	0.1	0.1	0.1	0.1	0.1	0.1	0.1	0.1	0.1	0.1	0.1	0.1	0.1	0.1	0.1	0.1	0.1
424	a3f1ae59-042d-46e1-ab32-b57c00f4a247	1_4_3_5_1	对公条线_其他贷款_3M	0.1	0.1	0.1	0.1	0.1	0.1	0.1	0.1	0.1	0.1	0.1	0.1	0.1	0.1	0.1	0.1	0.1	0.1	0.1	0.1	0.1	0.1	0.1	0.1	0.1
425	18a00715-210f-4cc4-8c54-7cdfe8f6548b	1_4_3_5_2	对公条线_其他贷款_6M	0.1	0.1	0.1	0.1	0.1	0.1	0.1	0.1	0.1	0.1	0.1	0.1	0.1	0.1	0.1	0.1	0.1	0.1	0.1	0.1	0.1	0.1	0.1	0.1	0.1
426	85835ee8-2f55-46c1-8eee-5701a522b69d	1_4_3_5_3	对公条线_其他贷款_1Y	0.1	0.1	0.1	0.1	0.1	0.1	0.1	0.1	0.1	0.1	0.1	0.1	0.1	0.1	0.1	0.1	0.1	0.1	0.1	0.1	0.1	0.1	0.1	0.1	0.1
427	159f4f63-6903-422e-9b00-7de02e6530a4	1_4_3_5_4	对公条线_其他贷款_2Y	0.1	0.1	0.1	0.1	0.1	0.1	0.1	0.1	0.1	0.1	0.1	0.1	0.1	0.1	0.1	0.1	0.1	0.1	0.1	0.1	0.1	0.1	0.1	0.1	0.1
428	a2080f67-d572-4739-aecb-3bf3569dcf4d	1_4_3_5_5	对公条线_其他贷款_3Y	0.1	0.1	0.1	0.1	0.1	0.1	0.1	0.1	0.1	0.1	0.1	0.1	0.1	0.1	0.1	0.1	0.1	0.1	0.1	0.1	0.1	0.1	0.1	0.1	0.1
429	42ad4fa1-64ce-453e-b336-f0578f659e6d	1_4_4_1_1_1	数金条线_个人经营贷款_线上_3M	0.1	0.1	0.1	0.1	0.1	0.1	0.1	0.1	0.1	0.1	0.1	0.1	0.1	0.1	0.1	0.1	0.1	0.1	0.1	0.1	0.1	0.1	0.1	0.1	0.1
430	b1deb801-b430-4996-ac14-30b45a50b87a	1_4_4_1_1_2	数金条线_个人经营贷款_线上_6M	0.1	0.1	0.1	0.1	0.1	0.1	0.1	0.1	0.1	0.1	0.1	0.1	0.1	0.1	0.1	0.1	0.1	0.1	0.1	0.1	0.1	0.1	0.1	0.1	0.1
431	93eaf344-c26b-4b99-8966-542cd9314f42	1_4_4_1_1_3	数金条线_个人经营贷款_线上_1Y	0.1	0.1	0.1	0.1	0.1	0.1	0.1	0.1	0.1	0.1	0.1	0.1	0.1	0.1	0.1	0.1	0.1	0.1	0.1	0.1	0.1	0.1	0.1	0.1	0.1
432	082d5725-1fd9-4775-b4f6-efd93043ebdf	1_4_4_1_1_4	数金条线_个人经营贷款_线上_2Y	0.1	0.1	0.1	0.1	0.1	0.1	0.1	0.1	0.1	0.1	0.1	0.1	0.1	0.1	0.1	0.1	0.1	0.1	0.1	0.1	0.1	0.1	0.1	0.1	0.1
433	422e40c8-a716-4d95-87bb-6ea035bc364b	1_4_4_1_1_5	数金条线_个人经营贷款_线上_3Y	0.1	0.1	0.1	0.1	0.1	0.1	0.1	0.1	0.1	0.1	0.1	0.1	0.1	0.1	0.1	0.1	0.1	0.1	0.1	0.1	0.1	0.1	0.1	0.1	0.1
434	15b07b1c-7e50-4e4e-a3cb-662ec2316d5f	1_4_4_1_2_1	数金条线_个人经营贷款_线下_3M	0.1	0.1	0.1	0.1	0.1	0.1	0.1	0.1	0.1	0.1	0.1	0.1	0.1	0.1	0.1	0.1	0.1	0.1	0.1	0.1	0.1	0.1	0.1	0.1	0.1
435	2be0b810-0d9c-4c48-955a-445329ce34ab	1_4_4_1_2_2	数金条线_个人经营贷款_线下_6M	0.1	0.1	0.1	0.1	0.1	0.1	0.1	0.1	0.1	0.1	0.1	0.1	0.1	0.1	0.1	0.1	0.1	0.1	0.1	0.1	0.1	0.1	0.1	0.1	0.1
436	9f2d7a73-b63a-4b73-a690-ddeee7d0dce6	1_4_4_1_2_3	数金条线_个人经营贷款_线下_1Y	0.1	0.1	0.1	0.1	0.1	0.1	0.1	0.1	0.1	0.1	0.1	0.1	0.1	0.1	0.1	0.1	0.1	0.1	0.1	0.1	0.1	0.1	0.1	0.1	0.1
437	a3e9925f-ec4c-4a60-8831-24925e4271c9	1_4_4_1_2_4	数金条线_个人经营贷款_线下_2Y	0.1	0.1	0.1	0.1	0.1	0.1	0.1	0.1	0.1	0.1	0.1	0.1	0.1	0.1	0.1	0.1	0.1	0.1	0.1	0.1	0.1	0.1	0.1	0.1	0.1
438	e6f1e92e-450d-4033-af11-573bd9742038	1_4_4_1_2_5	数金条线_个人经营贷款_线下_3Y	0.1	0.1	0.1	0.1	0.1	0.1	0.1	0.1	0.1	0.1	0.1	0.1	0.1	0.1	0.1	0.1	0.1	0.1	0.1	0.1	0.1	0.1	0.1	0.1	0.1
439	d8a75d00-0291-47b1-8b46-285b741ca77e	1_4_4_2_1	数金条线_个人消费贷款_3M	0.1	0.1	0.1	0.1	0.1	0.1	0.1	0.1	0.1	0.1	0.1	0.1	0.1	0.1	0.1	0.1	0.1	0.1	0.1	0.1	0.1	0.1	0.1	0.1	0.1
440	901718dd-1533-4a0d-86a7-ba74af46d28a	1_4_4_2_2	数金条线_个人消费贷款_6M	0.1	0.1	0.1	0.1	0.1	0.1	0.1	0.1	0.1	0.1	0.1	0.1	0.1	0.1	0.1	0.1	0.1	0.1	0.1	0.1	0.1	0.1	0.1	0.1	0.1
441	d2226da6-da72-4587-81c4-f86f7918b9ec	1_4_4_2_3	数金条线_个人消费贷款_1Y	0.1	0.1	0.1	0.1	0.1	0.1	0.1	0.1	0.1	0.1	0.1	0.1	0.1	0.1	0.1	0.1	0.1	0.1	0.1	0.1	0.1	0.1	0.1	0.1	0.1
442	bdf7234f-9060-4ab6-b83b-fb2852dc8e0f	1_4_4_2_4	数金条线_个人消费贷款_2Y	0.1	0.1	0.1	0.1	0.1	0.1	0.1	0.1	0.1	0.1	0.1	0.1	0.1	0.1	0.1	0.1	0.1	0.1	0.1	0.1	0.1	0.1	0.1	0.1	0.1
443	c0bf0c9d-ad2b-44c3-8f3e-1ce17541551c	1_4_4_2_5	数金条线_个人消费贷款_3Y	0.1	0.1	0.1	0.1	0.1	0.1	0.1	0.1	0.1	0.1	0.1	0.1	0.1	0.1	0.1	0.1	0.1	0.1	0.1	0.1	0.1	0.1	0.1	0.1	0.1
444	4b787360-5c17-48a5-a294-4ed5ce663d05	1_4_5_1	贸易融资_3M	0.1	0.1	0.1	0.1	0.1	0.1	0.1	0.1	0.1	0.1	0.1	0.1	0.1	0.1	0.1	0.1	0.1	0.1	0.1	0.1	0.1	0.1	0.1	0.1	0.1
445	d8617c7e-a70d-45b5-a73f-64a073fd8564	1_4_5_2	贸易融资_6M	0.1	0.1	0.1	0.1	0.1	0.1	0.1	0.1	0.1	0.1	0.1	0.1	0.1	0.1	0.1	0.1	0.1	0.1	0.1	0.1	0.1	0.1	0.1	0.1	0.1
446	f20eb4fa-417a-4937-bb66-86b21ddea0ce	1_4_5_3	贸易融资_1Y	0.1	0.1	0.1	0.1	0.1	0.1	0.1	0.1	0.1	0.1	0.1	0.1	0.1	0.1	0.1	0.1	0.1	0.1	0.1	0.1	0.1	0.1	0.1	0.1	0.1
447	a096ced0-486d-449a-86f9-2e26161b65ef	1_4_5_4	贸易融资_2Y	0.1	0.1	0.1	0.1	0.1	0.1	0.1	0.1	0.1	0.1	0.1	0.1	0.1	0.1	0.1	0.1	0.1	0.1	0.1	0.1	0.1	0.1	0.1	0.1	0.1
448	6ee9f710-bcae-49de-9fa8-4c6e1e6570a3	1_4_5_5	贸易融资_3Y	0.1	0.1	0.1	0.1	0.1	0.1	0.1	0.1	0.1	0.1	0.1	0.1	0.1	0.1	0.1	0.1	0.1	0.1	0.1	0.1	0.1	0.1	0.1	0.1	0.1
449	7a8485f5-c437-4748-a572-a804a2abbc91	1_4_6_1	直贴_3M	0.1	0.1	0.1	0.1	0.1	0.1	0.1	0.1	0.1	0.1	0.1	0.1	0.1	0.1	0.1	0.1	0.1	0.1	0.1	0.1	0.1	0.1	0.1	0.1	0.1
450	04ffcab9-5f27-4e3f-b83a-43105f334954	1_4_6_2	转贴_6M	0.1	0.1	0.1	0.1	0.1	0.1	0.1	0.1	0.1	0.1	0.1	0.1	0.1	0.1	0.1	0.1	0.1	0.1	0.1	0.1	0.1	0.1	0.1	0.1	0.1
451	105648d9-2eeb-4a7a-a1dc-70198cf72dd2	1_4_6_3	福费廷_3M	0.1	0.1	0.1	0.1	0.1	0.1	0.1	0.1	0.1	0.1	0.1	0.1	0.1	0.1	0.1	0.1	0.1	0.1	0.1	0.1	0.1	0.1	0.1	0.1	0.1
452	fe25bbca-a6c3-4106-9ab6-8052bdd84bfe	1_4_6_4	应收款买断_3M	0.1	0.1	0.1	0.1	0.1	0.1	0.1	0.1	0.1	0.1	0.1	0.1	0.1	0.1	0.1	0.1	0.1	0.1	0.1	0.1	0.1	0.1	0.1	0.1	0.1
453	558b2741-9b0e-4c41-92e6-d163af59f51e	1_5_1_1	贵金属_黄金_1D	0.1	0.1	0.1	0.1	0.1	0.1	0.1	0.1	0.1	0.1	0.1	0.1	0.1	0.1	0.1	0.1	0.1	0.1	0.1	0.1	0.1	0.1	0.1	0.1	0.1
454	15caae1a-21c9-4ae9-85f8-b3bd28da05fd	1_5_1_2	贵金属_非黄金_30Y	0.1	0.1	0.1	0.1	0.1	0.1	0.1	0.1	0.1	0.1	0.1	0.1	0.1	0.1	0.1	0.1	0.1	0.1	0.1	0.1	0.1	0.1	0.1	0.1	0.1
455	729f65f8-1d3e-4e84-85b2-31f9c5a4c7d6	1_5_2	各类应收款_30Y	0.1	0.1	0.1	0.1	0.1	0.1	0.1	0.1	0.1	0.1	0.1	0.1	0.1	0.1	0.1	0.1	0.1	0.1	0.1	0.1	0.1	0.1	0.1	0.1	0.1
456	34bbbc3e-dfd5-483e-b6ef-3c65d96fd14b	1_5_3	其他资产_30Y	0.1	0.1	0.1	0.1	0.1	0.1	0.1	0.1	0.1	0.1	0.1	0.1	0.1	0.1	0.1	0.1	0.1	0.1	0.1	0.1	0.1	0.1	0.1	0.1	0.1
457	31c00b10-405b-443e-b928-f186ba49bb66	2_1_1	再贴现_1Y	0.1	0.1	0.1	0.1	0.1	0.1	0.1	0.1	0.1	0.1	0.1	0.1	0.1	0.1	0.1	0.1	0.1	0.1	0.1	0.1	0.1	0.1	0.1	0.1	0.1
458	6a5fe547-2091-45b3-96fd-d722f708a11f	2_1_2	再贷款_1Y	0.1	0.1	0.1	0.1	0.1	0.1	0.1	0.1	0.1	0.1	0.1	0.1	0.1	0.1	0.1	0.1	0.1	0.1	0.1	0.1	0.1	0.1	0.1	0.1	0.1
459	0b6e0230-ed4e-490d-98ba-2b5acba20473	2_2_1_1_1	同业存放活期款项_1D	0.1	0.1	0.1	0.1	0.1	0.1	0.1	0.1	0.1	0.1	0.1	0.1	0.1	0.1	0.1	0.1	0.1	0.1	0.1	0.1	0.1	0.1	0.1	0.1	0.1
460	97ee8cd4-9838-4c16-87fd-5305898451df	2_2_1_2_1	同业存放定期款项_1M	0.1	0.1	0.1	0.1	0.1	0.1	0.1	0.1	0.1	0.1	0.1	0.1	0.1	0.1	0.1	0.1	0.1	0.1	0.1	0.1	0.1	0.1	0.1	0.1	0.1
461	95072cf2-821d-46da-b7e3-96c8821806b8	2_2_1_2_2	同业存放定期款项_3M	0.1	0.1	0.1	0.1	0.1	0.1	0.1	0.1	0.1	0.1	0.1	0.1	0.1	0.1	0.1	0.1	0.1	0.1	0.1	0.1	0.1	0.1	0.1	0.1	0.1
462	dbadeafa-0534-43a8-bf01-c7698bc18fc0	2_2_1_2_3	同业存放定期款项_6M	0.1	0.1	0.1	0.1	0.1	0.1	0.1	0.1	0.1	0.1	0.1	0.1	0.1	0.1	0.1	0.1	0.1	0.1	0.1	0.1	0.1	0.1	0.1	0.1	0.1
463	8010e831-cd42-4b15-9934-d3db09d8c202	2_2_1_2_4	同业存放定期款项_1Y	0.1	0.1	0.1	0.1	0.1	0.1	0.1	0.1	0.1	0.1	0.1	0.1	0.1	0.1	0.1	0.1	0.1	0.1	0.1	0.1	0.1	0.1	0.1	0.1	0.1
464	97ecc80d-bf66-45c9-a3b2-e1ddbb6b933f	2_2_2_1	同业拆入_1D	0.1	0.1	0.1	0.1	0.1	0.1	0.1	0.1	0.1	0.1	0.1	0.1	0.1	0.1	0.1	0.1	0.1	0.1	0.1	0.1	0.1	0.1	0.1	0.1	0.1
465	36e2399e-782d-4e8f-98de-2f30bd97683c	2_2_3_1	同业借款借入_1D	0.1	0.1	0.1	0.1	0.1	0.1	0.1	0.1	0.1	0.1	0.1	0.1	0.1	0.1	0.1	0.1	0.1	0.1	0.1	0.1	0.1	0.1	0.1	0.1	0.1
466	012e69fa-0c1f-4cef-a2e8-68c63c5caa0c	2_2_4_1_1	卖出回购债券_买断式_1D	0.1	0.1	0.1	0.1	0.1	0.1	0.1	0.1	0.1	0.1	0.1	0.1	0.1	0.1	0.1	0.1	0.1	0.1	0.1	0.1	0.1	0.1	0.1	0.1	0.1
467	2ee9c055-03e6-4755-bffc-8f9ef0919c29	2_2_4_1_2	卖出回购债券_买断式_7D	0.1	0.1	0.1	0.1	0.1	0.1	0.1	0.1	0.1	0.1	0.1	0.1	0.1	0.1	0.1	0.1	0.1	0.1	0.1	0.1	0.1	0.1	0.1	0.1	0.1
468	bc3b69da-8733-4cfd-9aab-df3ff6ac55ae	2_2_4_1_3	卖出回购债券_质押式_1D	0.1	0.1	0.1	0.1	0.1	0.1	0.1	0.1	0.1	0.1	0.1	0.1	0.1	0.1	0.1	0.1	0.1	0.1	0.1	0.1	0.1	0.1	0.1	0.1	0.1
469	0a3cd128-d260-4196-ae60-e9a318da1786	2_2_4_1_4	卖出回购债券_质押式_7D	0.1	0.1	0.1	0.1	0.1	0.1	0.1	0.1	0.1	0.1	0.1	0.1	0.1	0.1	0.1	0.1	0.1	0.1	0.1	0.1	0.1	0.1	0.1	0.1	0.1
470	47ecffdc-6a4f-41db-8982-a216f4e17ca4	2_2_4_2_1	卖出回购票据_买断式_1D	0.1	0.1	0.1	0.1	0.1	0.1	0.1	0.1	0.1	0.1	0.1	0.1	0.1	0.1	0.1	0.1	0.1	0.1	0.1	0.1	0.1	0.1	0.1	0.1	0.1
471	f4bc1ff0-b43e-4f47-bf8d-6188870b6889	2_2_4_2_2	卖出回购票据_买断式_7D	0.1	0.1	0.1	0.1	0.1	0.1	0.1	0.1	0.1	0.1	0.1	0.1	0.1	0.1	0.1	0.1	0.1	0.1	0.1	0.1	0.1	0.1	0.1	0.1	0.1
472	c284eea8-56a9-4f54-bcae-99010bf19526	2_2_4_2_3	卖出回购票据_质押式_1D	0.1	0.1	0.1	0.1	0.1	0.1	0.1	0.1	0.1	0.1	0.1	0.1	0.1	0.1	0.1	0.1	0.1	0.1	0.1	0.1	0.1	0.1	0.1	0.1	0.1
473	b6aa8674-acae-421b-b9b3-ec9825847f04	2_2_4_2_4	卖出回购票据_质押式_7D	0.1	0.1	0.1	0.1	0.1	0.1	0.1	0.1	0.1	0.1	0.1	0.1	0.1	0.1	0.1	0.1	0.1	0.1	0.1	0.1	0.1	0.1	0.1	0.1	0.1
474	ff4ceadf-0235-4927-aebe-b0b1914171e9	2_3_1	发行同业存单_1M	0.1	0.1	0.1	0.1	0.1	0.1	0.1	0.1	0.1	0.1	0.1	0.1	0.1	0.1	0.1	0.1	0.1	0.1	0.1	0.1	0.1	0.1	0.1	0.1	0.1
475	204a26ea-ccd0-433b-b0ed-250df0db6b22	2_3_2	发行同业存单_3M	0.1	0.1	0.1	0.1	0.1	0.1	0.1	0.1	0.1	0.1	0.1	0.1	0.1	0.1	0.1	0.1	0.1	0.1	0.1	0.1	0.1	0.1	0.1	0.1	0.1
476	69dcbd3c-0303-4764-a110-615e1b8d5bb3	2_3_3	发行同业存单_6M	0.1	0.1	0.1	0.1	0.1	0.1	0.1	0.1	0.1	0.1	0.1	0.1	0.1	0.1	0.1	0.1	0.1	0.1	0.1	0.1	0.1	0.1	0.1	0.1	0.1
477	826c367b-1f96-4c5f-8ec9-57d5a0322ee5	2_3_4	发行同业存单_9M	0.1	0.1	0.1	0.1	0.1	0.1	0.1	0.1	0.1	0.1	0.1	0.1	0.1	0.1	0.1	0.1	0.1	0.1	0.1	0.1	0.1	0.1	0.1	0.1	0.1
478	9bf6530d-fdc8-4860-b656-7865aec1472e	2_3_5	发行同业存单_1Y	0.1	0.1	0.1	0.1	0.1	0.1	0.1	0.1	0.1	0.1	0.1	0.1	0.1	0.1	0.1	0.1	0.1	0.1	0.1	0.1	0.1	0.1	0.1	0.1	0.1
479	ff78e9e7-e8db-49dc-8a0f-9d5552e76e5f	2_4_1	发行债券_3Y	0.1	0.1	0.1	0.1	0.1	0.1	0.1	0.1	0.1	0.1	0.1	0.1	0.1	0.1	0.1	0.1	0.1	0.1	0.1	0.1	0.1	0.1	0.1	0.1	0.1
480	0810cbb3-1919-494b-a6ea-7e2cff1ca5a9	2_4_2	发行债券_5Y	0.1	0.1	0.1	0.1	0.1	0.1	0.1	0.1	0.1	0.1	0.1	0.1	0.1	0.1	0.1	0.1	0.1	0.1	0.1	0.1	0.1	0.1	0.1	0.1	0.1
481	cac5555b-05bb-4d78-bab9-a2ebab8b9974	2_4_3	发行债券_10Y	0.1	0.1	0.1	0.1	0.1	0.1	0.1	0.1	0.1	0.1	0.1	0.1	0.1	0.1	0.1	0.1	0.1	0.1	0.1	0.1	0.1	0.1	0.1	0.1	0.1
482	131f0480-ab3e-484c-bc33-b6d58e556b4a	2_5_1_1_1	单位普通活期存款_1D	0.1	0.1	0.1	0.1	0.1	0.1	0.1	0.1	0.1	0.1	0.1	0.1	0.1	0.1	0.1	0.1	0.1	0.1	0.1	0.1	0.1	0.1	0.1	0.1	0.1
483	c9580af1-d0aa-45b3-ab37-bf38a4dd57e7	2_5_1_1_2	单位协议活期存款_1D	0.1	0.1	0.1	0.1	0.1	0.1	0.1	0.1	0.1	0.1	0.1	0.1	0.1	0.1	0.1	0.1	0.1	0.1	0.1	0.1	0.1	0.1	0.1	0.1	0.1
484	aed2611d-2a90-4ef6-b692-54ba29900188	2_5_1_2_1	单位协议存款_1Y	0.1	0.1	0.1	0.1	0.1	0.1	0.1	0.1	0.1	0.1	0.1	0.1	0.1	0.1	0.1	0.1	0.1	0.1	0.1	0.1	0.1	0.1	0.1	0.1	0.1
485	3788f775-286b-4a7c-a86b-1a130c997939	2_5_1_2_2	单位协议存款_3Y	0.1	0.1	0.1	0.1	0.1	0.1	0.1	0.1	0.1	0.1	0.1	0.1	0.1	0.1	0.1	0.1	0.1	0.1	0.1	0.1	0.1	0.1	0.1	0.1	0.1
486	dedc81d7-dee5-4a47-8626-449227428e0e	2_5_1_2_3	单位协议存款_5Y	0.1	0.1	0.1	0.1	0.1	0.1	0.1	0.1	0.1	0.1	0.1	0.1	0.1	0.1	0.1	0.1	0.1	0.1	0.1	0.1	0.1	0.1	0.1	0.1	0.1
487	3544cb16-9bd1-43ea-bf1d-572f89bdc787	2_5_1_3_1	单位定期_3M	0.1	0.1	0.1	0.1	0.1	0.1	0.1	0.1	0.1	0.1	0.1	0.1	0.1	0.1	0.1	0.1	0.1	0.1	0.1	0.1	0.1	0.1	0.1	0.1	0.1
488	4fc6b997-5f0a-40ac-9c2e-b15931079aa3	2_5_1_3_2	单位定期_6M	0.1	0.1	0.1	0.1	0.1	0.1	0.1	0.1	0.1	0.1	0.1	0.1	0.1	0.1	0.1	0.1	0.1	0.1	0.1	0.1	0.1	0.1	0.1	0.1	0.1
489	e2610f15-4122-49d4-81de-8a39a9a75490	2_5_1_3_3	单位定期_1Y	0.1	0.1	0.1	0.1	0.1	0.1	0.1	0.1	0.1	0.1	0.1	0.1	0.1	0.1	0.1	0.1	0.1	0.1	0.1	0.1	0.1	0.1	0.1	0.1	0.1
490	a5b2c3f6-ebf6-4732-845d-1649862632eb	2_5_1_3_4	单位定期_2Y	0.1	0.1	0.1	0.1	0.1	0.1	0.1	0.1	0.1	0.1	0.1	0.1	0.1	0.1	0.1	0.1	0.1	0.1	0.1	0.1	0.1	0.1	0.1	0.1	0.1
491	635714bd-f857-4354-8f2d-6cd0437b7b4d	2_5_1_3_5	单位定期_3Y	0.1	0.1	0.1	0.1	0.1	0.1	0.1	0.1	0.1	0.1	0.1	0.1	0.1	0.1	0.1	0.1	0.1	0.1	0.1	0.1	0.1	0.1	0.1	0.1	0.1
492	0d982870-e79d-429d-893d-5a7146fd3ac2	2_5_1_3_6	单位定期_5Y	0.1	0.1	0.1	0.1	0.1	0.1	0.1	0.1	0.1	0.1	0.1	0.1	0.1	0.1	0.1	0.1	0.1	0.1	0.1	0.1	0.1	0.1	0.1	0.1	0.1
493	776d8983-06ec-4a67-82b9-e6fa3c943e95	2_5_1_4_1	单位通知存款_1D	0.1	0.1	0.1	0.1	0.1	0.1	0.1	0.1	0.1	0.1	0.1	0.1	0.1	0.1	0.1	0.1	0.1	0.1	0.1	0.1	0.1	0.1	0.1	0.1	0.1
494	cd7dc994-aa95-4f41-a136-385e0a8b7644	2_5_1_4_2	单位通知存款_7D	0.1	0.1	0.1	0.1	0.1	0.1	0.1	0.1	0.1	0.1	0.1	0.1	0.1	0.1	0.1	0.1	0.1	0.1	0.1	0.1	0.1	0.1	0.1	0.1	0.1
495	2a1230bb-732f-4236-a260-1b93f5b96cfd	2_5_1_5_1	单位保本理财_1Y	0.1	0.1	0.1	0.1	0.1	0.1	0.1	0.1	0.1	0.1	0.1	0.1	0.1	0.1	0.1	0.1	0.1	0.1	0.1	0.1	0.1	0.1	0.1	0.1	0.1
496	5e47241b-b786-44fa-9c0f-48cd6f8dd0ec	2_5_1_6_1	单位大额存单存款_1Y	0.1	0.1	0.1	0.1	0.1	0.1	0.1	0.1	0.1	0.1	0.1	0.1	0.1	0.1	0.1	0.1	0.1	0.1	0.1	0.1	0.1	0.1	0.1	0.1	0.1
497	73bd206a-31ec-4e2a-a9bb-7fc84908397c	2_5_1_6_2	单位大额存单存款_2Y	0.1	0.1	0.1	0.1	0.1	0.1	0.1	0.1	0.1	0.1	0.1	0.1	0.1	0.1	0.1	0.1	0.1	0.1	0.1	0.1	0.1	0.1	0.1	0.1	0.1
498	617a0ca9-bb63-4257-a465-2646470546d3	2_5_1_6_3	单位大额存单存款_3Y	0.1	0.1	0.1	0.1	0.1	0.1	0.1	0.1	0.1	0.1	0.1	0.1	0.1	0.1	0.1	0.1	0.1	0.1	0.1	0.1	0.1	0.1	0.1	0.1	0.1
499	b6bd5e0e-c632-4fed-a094-a9d97db51029	2_5_1_7_1	单位活期保证金存款_1D	0.1	0.1	0.1	0.1	0.1	0.1	0.1	0.1	0.1	0.1	0.1	0.1	0.1	0.1	0.1	0.1	0.1	0.1	0.1	0.1	0.1	0.1	0.1	0.1	0.1
500	b40d6d52-b574-429c-b80c-759177c6f2f6	2_5_1_7_2_1	单位定期保证金存款_3M	0.1	0.1	0.1	0.1	0.1	0.1	0.1	0.1	0.1	0.1	0.1	0.1	0.1	0.1	0.1	0.1	0.1	0.1	0.1	0.1	0.1	0.1	0.1	0.1	0.1
501	85264d58-3f5e-4c50-b0c7-ffc54eaa804e	2_5_1_7_2_2	单位定期保证金存款_6M	0.1	0.1	0.1	0.1	0.1	0.1	0.1	0.1	0.1	0.1	0.1	0.1	0.1	0.1	0.1	0.1	0.1	0.1	0.1	0.1	0.1	0.1	0.1	0.1	0.1
502	ce871ed0-0796-4778-93ca-ce05ea941732	2_5_1_7_2_3	单位定期保证金存款_1Y	0.1	0.1	0.1	0.1	0.1	0.1	0.1	0.1	0.1	0.1	0.1	0.1	0.1	0.1	0.1	0.1	0.1	0.1	0.1	0.1	0.1	0.1	0.1	0.1	0.1
503	41762036-1b38-4894-95be-700fa617d111	2_5_1_7_2_4	单位定期保证金存款_2Y	0.1	0.1	0.1	0.1	0.1	0.1	0.1	0.1	0.1	0.1	0.1	0.1	0.1	0.1	0.1	0.1	0.1	0.1	0.1	0.1	0.1	0.1	0.1	0.1	0.1
504	6259dbe4-e34f-4a56-9a31-f56336a0b515	2_5_1_7_2_5	单位定期保证金存款_3Y	0.1	0.1	0.1	0.1	0.1	0.1	0.1	0.1	0.1	0.1	0.1	0.1	0.1	0.1	0.1	0.1	0.1	0.1	0.1	0.1	0.1	0.1	0.1	0.1	0.1
505	bfec84d7-fd18-4aff-b599-bbdf9879f324	2_5_2_1_1	个人普通活期存款_1D	0.1	0.1	0.1	0.1	0.1	0.1	0.1	0.1	0.1	0.1	0.1	0.1	0.1	0.1	0.1	0.1	0.1	0.1	0.1	0.1	0.1	0.1	0.1	0.1	0.1
506	1864dc11-f448-44b5-9c16-cb944e2124cf	2_5_2_1_2	个人协议活期存款_1D	0.1	0.1	0.1	0.1	0.1	0.1	0.1	0.1	0.1	0.1	0.1	0.1	0.1	0.1	0.1	0.1	0.1	0.1	0.1	0.1	0.1	0.1	0.1	0.1	0.1
507	41b50370-9f06-4381-b837-5d95b71a7bf2	2_5_2_2_1_1_1	高兴存_3Y	0.1	0.1	0.1	0.1	0.1	0.1	0.1	0.1	0.1	0.1	0.1	0.1	0.1	0.1	0.1	0.1	0.1	0.1	0.1	0.1	0.1	0.1	0.1	0.1	0.1
508	3d93afe1-aa7d-4cbe-9046-0a3b76214d24	2_5_2_2_1_1_2	高兴存_5Y	0.1	0.1	0.1	0.1	0.1	0.1	0.1	0.1	0.1	0.1	0.1	0.1	0.1	0.1	0.1	0.1	0.1	0.1	0.1	0.1	0.1	0.1	0.1	0.1	0.1
509	b9015986-57c6-4bb6-894a-0879d65b180c	2_5_2_2_1_2	高兴存（节庆专属）_3Y	0.1	0.1	0.1	0.1	0.1	0.1	0.1	0.1	0.1	0.1	0.1	0.1	0.1	0.1	0.1	0.1	0.1	0.1	0.1	0.1	0.1	0.1	0.1	0.1	0.1
510	48ba9770-1326-4081-860e-185caccaf992	2_5_2_2_1_3_1	高兴存（村镇银行专属）_3Y	0.1	0.1	0.1	0.1	0.1	0.1	0.1	0.1	0.1	0.1	0.1	0.1	0.1	0.1	0.1	0.1	0.1	0.1	0.1	0.1	0.1	0.1	0.1	0.1	0.1
511	625787b9-3a19-4dab-86a1-9f41614a0c45	2_5_2_2_1_3_2	高兴存（村镇银行专属）_5Y	0.1	0.1	0.1	0.1	0.1	0.1	0.1	0.1	0.1	0.1	0.1	0.1	0.1	0.1	0.1	0.1	0.1	0.1	0.1	0.1	0.1	0.1	0.1	0.1	0.1
512	2f5b529f-a478-48b0-a0ba-6d295dc193ce	2_5_2_2_2_1_1	富桂存_月得利_3Y	0.1	0.1	0.1	0.1	0.1	0.1	0.1	0.1	0.1	0.1	0.1	0.1	0.1	0.1	0.1	0.1	0.1	0.1	0.1	0.1	0.1	0.1	0.1	0.1	0.1
513	33db7274-8146-48e2-8eed-f44023df08ab	2_5_2_2_2_1_2	富桂存_月得利_5Y	0.1	0.1	0.1	0.1	0.1	0.1	0.1	0.1	0.1	0.1	0.1	0.1	0.1	0.1	0.1	0.1	0.1	0.1	0.1	0.1	0.1	0.1	0.1	0.1	0.1
514	61b1316e-af05-4e29-8095-a8d385149bbc	2_5_2_2_2_2_1	富桂存_月得利（二期）_3Y	0.1	0.1	0.1	0.1	0.1	0.1	0.1	0.1	0.1	0.1	0.1	0.1	0.1	0.1	0.1	0.1	0.1	0.1	0.1	0.1	0.1	0.1	0.1	0.1	0.1
515	6917e825-6b32-45ef-a3da-a5e0045d55a3	2_5_2_2_2_2_2	富桂存_月得利（二期）_5Y	0.1	0.1	0.1	0.1	0.1	0.1	0.1	0.1	0.1	0.1	0.1	0.1	0.1	0.1	0.1	0.1	0.1	0.1	0.1	0.1	0.1	0.1	0.1	0.1	0.1
516	ba8d39c8-0029-4146-93c5-8ecfc655a4cc	2_5_2_2_2_3	富桂存_月得利(尊享版)_5Y	0.1	0.1	0.1	0.1	0.1	0.1	0.1	0.1	0.1	0.1	0.1	0.1	0.1	0.1	0.1	0.1	0.1	0.1	0.1	0.1	0.1	0.1	0.1	0.1	0.1
517	61faf78d-411a-4d72-a851-7e2c88cd2f6c	2_5_2_2_2_4	富桂存_月得利（E版三年）_3Y	0.1	0.1	0.1	0.1	0.1	0.1	0.1	0.1	0.1	0.1	0.1	0.1	0.1	0.1	0.1	0.1	0.1	0.1	0.1	0.1	0.1	0.1	0.1	0.1	0.1
518	69ea1633-6fff-438b-878a-adbc0f33ad94	2_5_2_2_2_5_1	富桂存_月得利（县域专属）_3Y	0.1	0.1	0.1	0.1	0.1	0.1	0.1	0.1	0.1	0.1	0.1	0.1	0.1	0.1	0.1	0.1	0.1	0.1	0.1	0.1	0.1	0.1	0.1	0.1	0.1
519	c2a3d4d3-a72c-4132-8acb-ec92fef427ce	2_5_2_2_2_5_2	富桂存_月得利（县域专属）_5Y	0.1	0.1	0.1	0.1	0.1	0.1	0.1	0.1	0.1	0.1	0.1	0.1	0.1	0.1	0.1	0.1	0.1	0.1	0.1	0.1	0.1	0.1	0.1	0.1	0.1
520	9a7a1426-9ad3-4ce9-b006-1556c79b8ea5	2_5_2_2_2_6	富桂存_月得利（E版五年）_5Y	0.1	0.1	0.1	0.1	0.1	0.1	0.1	0.1	0.1	0.1	0.1	0.1	0.1	0.1	0.1	0.1	0.1	0.1	0.1	0.1	0.1	0.1	0.1	0.1	0.1
521	5cca5907-ff93-4d06-b336-b95f0fcb4294	2_5_2_2_2_7	行庆专属存款_5Y	0.1	0.1	0.1	0.1	0.1	0.1	0.1	0.1	0.1	0.1	0.1	0.1	0.1	0.1	0.1	0.1	0.1	0.1	0.1	0.1	0.1	0.1	0.1	0.1	0.1
522	33cfbe03-7a79-4585-8041-c19dbd46a5eb	2_5_2_2_2_8_1	区庆专属存款_3Y	0.1	0.1	0.1	0.1	0.1	0.1	0.1	0.1	0.1	0.1	0.1	0.1	0.1	0.1	0.1	0.1	0.1	0.1	0.1	0.1	0.1	0.1	0.1	0.1	0.1
523	04698c08-4d30-48e1-adad-8ac33cb216dc	2_5_2_2_2_8_2	区庆专属存款_5Y	0.1	0.1	0.1	0.1	0.1	0.1	0.1	0.1	0.1	0.1	0.1	0.1	0.1	0.1	0.1	0.1	0.1	0.1	0.1	0.1	0.1	0.1	0.1	0.1	0.1
524	3dfda13f-a0f6-4857-a1b0-453e2d6d65a0	2_5_2_2_3_1	其他个人定期存款_3M	0.1	0.1	0.1	0.1	0.1	0.1	0.1	0.1	0.1	0.1	0.1	0.1	0.1	0.1	0.1	0.1	0.1	0.1	0.1	0.1	0.1	0.1	0.1	0.1	0.1
525	615cfc97-9edc-4a3c-8b01-20a036c59fdf	2_5_2_2_3_2	其他个人定期存款_6M	0.1	0.1	0.1	0.1	0.1	0.1	0.1	0.1	0.1	0.1	0.1	0.1	0.1	0.1	0.1	0.1	0.1	0.1	0.1	0.1	0.1	0.1	0.1	0.1	0.1
526	5b544b9a-2475-47fd-860b-01be27426435	2_5_2_2_3_3	其他个人定期存款_1Y	0.1	0.1	0.1	0.1	0.1	0.1	0.1	0.1	0.1	0.1	0.1	0.1	0.1	0.1	0.1	0.1	0.1	0.1	0.1	0.1	0.1	0.1	0.1	0.1	0.1
527	dea9b187-6a09-43cd-91e5-7749e00de7e2	2_5_2_2_3_4	其他个人定期存款_2Y	0.1	0.1	0.1	0.1	0.1	0.1	0.1	0.1	0.1	0.1	0.1	0.1	0.1	0.1	0.1	0.1	0.1	0.1	0.1	0.1	0.1	0.1	0.1	0.1	0.1
528	e4f9cdd6-1222-4480-9a54-2f6df65ecbd6	2_5_2_2_3_5	其他个人定期存款_3Y	0.1	0.1	0.1	0.1	0.1	0.1	0.1	0.1	0.1	0.1	0.1	0.1	0.1	0.1	0.1	0.1	0.1	0.1	0.1	0.1	0.1	0.1	0.1	0.1	0.1
529	53df7f76-1ff0-40b2-8412-2931b1a70755	2_5_2_2_3_6	其他个人定期存款_5Y	0.1	0.1	0.1	0.1	0.1	0.1	0.1	0.1	0.1	0.1	0.1	0.1	0.1	0.1	0.1	0.1	0.1	0.1	0.1	0.1	0.1	0.1	0.1	0.1	0.1
530	7bdc3888-7158-4301-b6a2-ecc0996ee4d9	2_5_2_3_1	个人通知存款_1D	0.1	0.1	0.1	0.1	0.1	0.1	0.1	0.1	0.1	0.1	0.1	0.1	0.1	0.1	0.1	0.1	0.1	0.1	0.1	0.1	0.1	0.1	0.1	0.1	0.1
531	0b962916-c81b-44e1-94d1-97d6c9c6760d	2_5_2_3_2	个人通知存款_7D	0.1	0.1	0.1	0.1	0.1	0.1	0.1	0.1	0.1	0.1	0.1	0.1	0.1	0.1	0.1	0.1	0.1	0.1	0.1	0.1	0.1	0.1	0.1	0.1	0.1
532	8c360fa4-76f9-46e2-a525-fa7aa2d4077e	2_5_2_4_1	个人保本理财_1Y	0.1	0.1	0.1	0.1	0.1	0.1	0.1	0.1	0.1	0.1	0.1	0.1	0.1	0.1	0.1	0.1	0.1	0.1	0.1	0.1	0.1	0.1	0.1	0.1	0.1
533	34bc366f-8395-4ed7-9dd0-d4d5ae40393b	2_5_2_5_1	个人大额存单存款_3M	0.1	0.1	0.1	0.1	0.1	0.1	0.1	0.1	0.1	0.1	0.1	0.1	0.1	0.1	0.1	0.1	0.1	0.1	0.1	0.1	0.1	0.1	0.1	0.1	0.1
534	86f6c683-3710-40ae-b237-05a898807b2c	2_5_2_5_2	个人大额存单存款_6M	0.1	0.1	0.1	0.1	0.1	0.1	0.1	0.1	0.1	0.1	0.1	0.1	0.1	0.1	0.1	0.1	0.1	0.1	0.1	0.1	0.1	0.1	0.1	0.1	0.1
535	1b74741f-8b3e-4fea-a990-9c9c1580a53d	2_5_2_5_3	个人大额存单存款_1Y	0.1	0.1	0.1	0.1	0.1	0.1	0.1	0.1	0.1	0.1	0.1	0.1	0.1	0.1	0.1	0.1	0.1	0.1	0.1	0.1	0.1	0.1	0.1	0.1	0.1
536	ddedf262-8f42-4dd4-a06d-3b32dfd74874	2_5_2_5_4	个人大额存单存款_3Y	0.1	0.1	0.1	0.1	0.1	0.1	0.1	0.1	0.1	0.1	0.1	0.1	0.1	0.1	0.1	0.1	0.1	0.1	0.1	0.1	0.1	0.1	0.1	0.1	0.1
537	708f3de4-4c0a-4e89-98f1-2cee6a75426f	2_5_2_5_5	个人大额存单存款_5Y	0.1	0.1	0.1	0.1	0.1	0.1	0.1	0.1	0.1	0.1	0.1	0.1	0.1	0.1	0.1	0.1	0.1	0.1	0.1	0.1	0.1	0.1	0.1	0.1	0.1
538	27e4fa0f-d274-4515-97fd-e841cf15280b	2_5_2_6_1	个人协议存款_1Y	0.1	0.1	0.1	0.1	0.1	0.1	0.1	0.1	0.1	0.1	0.1	0.1	0.1	0.1	0.1	0.1	0.1	0.1	0.1	0.1	0.1	0.1	0.1	0.1	0.1
539	4b9d0a82-f309-4476-81b7-bc91d5050c86	2_5_2_6_2	个人协议存款_5Y	0.1	0.1	0.1	0.1	0.1	0.1	0.1	0.1	0.1	0.1	0.1	0.1	0.1	0.1	0.1	0.1	0.1	0.1	0.1	0.1	0.1	0.1	0.1	0.1	0.1
540	2a7274c4-1e25-4d51-ae74-1857ee7399cd	2_5_2_7_1	个人定活两便_1D	0.1	0.1	0.1	0.1	0.1	0.1	0.1	0.1	0.1	0.1	0.1	0.1	0.1	0.1	0.1	0.1	0.1	0.1	0.1	0.1	0.1	0.1	0.1	0.1	0.1
541	765bb41a-80ab-4678-901e-f30ec31f2c57	2_5_3_1	国库定期存款_1Y	0.1	0.1	0.1	0.1	0.1	0.1	0.1	0.1	0.1	0.1	0.1	0.1	0.1	0.1	0.1	0.1	0.1	0.1	0.1	0.1	0.1	0.1	0.1	0.1	0.1
542	fdbe7d99-7d93-477b-ab83-e6de391c8f5c	2_5_4_1	财政性存款_1Y	0.1	0.1	0.1	0.1	0.1	0.1	0.1	0.1	0.1	0.1	0.1	0.1	0.1	0.1	0.1	0.1	0.1	0.1	0.1	0.1	0.1	0.1	0.1	0.1	0.1
543	9f143c24-a149-4bf7-a605-2e9a1d3ba656	2_5_5_1	应解汇款机临时存款_1D	0.1	0.1	0.1	0.1	0.1	0.1	0.1	0.1	0.1	0.1	0.1	0.1	0.1	0.1	0.1	0.1	0.1	0.1	0.1	0.1	0.1	0.1	0.1	0.1	0.1
544	8c23592c-dd0a-4f69-8590-cbebb20ef23c	2_5_5_2	开出银行汇票_1D	0.1	0.1	0.1	0.1	0.1	0.1	0.1	0.1	0.1	0.1	0.1	0.1	0.1	0.1	0.1	0.1	0.1	0.1	0.1	0.1	0.1	0.1	0.1	0.1	0.1
545	75480f26-8f9d-4153-96a1-d4f16d130baa	2_5_5_3	开出银行本票_1D	0.1	0.1	0.1	0.1	0.1	0.1	0.1	0.1	0.1	0.1	0.1	0.1	0.1	0.1	0.1	0.1	0.1	0.1	0.1	0.1	0.1	0.1	0.1	0.1	0.1
546	d039544a-30bd-445c-9be8-fecccf925524	2_5_5_4	转股协议存款_1D	0.1	0.1	0.1	0.1	0.1	0.1	0.1	0.1	0.1	0.1	0.1	0.1	0.1	0.1	0.1	0.1	0.1	0.1	0.1	0.1	0.1	0.1	0.1	0.1	0.1
547	83608b5c-bd6d-4d7a-bb49-a53ca68c3981	2_6_1	代理类负债_1Y	0.1	0.1	0.1	0.1	0.1	0.1	0.1	0.1	0.1	0.1	0.1	0.1	0.1	0.1	0.1	0.1	0.1	0.1	0.1	0.1	0.1	0.1	0.1	0.1	0.1
548	5077bd55-c31d-4907-8383-7be488fad1d5	2_6_2	转贴现负债_3M	0.1	0.1	0.1	0.1	0.1	0.1	0.1	0.1	0.1	0.1	0.1	0.1	0.1	0.1	0.1	0.1	0.1	0.1	0.1	0.1	0.1	0.1	0.1	0.1	0.1
549	c5fede95-68f5-43de-bcaf-0b0ed80d2864	2_6_3	其他负债_30Y	0.1	0.1	0.1	0.1	0.1	0.1	0.1	0.1	0.1	0.1	0.1	0.1	0.1	0.1	0.1	0.1	0.1	0.1	0.1	0.1	0.1	0.1	0.1	0.1	0.1
550	0efe6622-f088-422a-8461-4d865d8a9dca	3_1_1	所有者权益_10Y	0.1	0.1	0.1	0.1	0.1	0.1	0.1	0.1	0.1	0.1	0.1	0.1	0.1	0.1	0.1	0.1	0.1	0.1	0.1	0.1	0.1	0.1	0.1	0.1	0.1
557	23c2559d-9931-11f1-b670-ac91a15cbbbe			0.0	0.0	0.0	0.0	0.0	0.0	0.0	0.0	0.0	0.0	0.0	0.0	0.0	0.0	0.0	0.0	0.0	0.0	0.0	0.0	0.0	0.0	0.0	0.0	0.0
558	23c29a44-9931-11f1-b670-ac91a15cbbbe			0.0	0.0	0.0	0.0	0.0	0.0	0.0	0.0	0.0	0.0	0.0	0.0	0.0	0.0	0.0	0.0	0.0	0.0	0.0	0.0	0.0	0.0	0.0	0.0	0.0
559	23c2d123-9931-11f1-b670-ac91a15cbbbe			0.0	0.0	0.0	0.0	0.0	0.0	0.0	0.0	0.0	0.0	0.0	0.0	0.0	0.0	0.0	0.0	0.0	0.0	0.0	0.0	0.0	0.0	0.0	0.0	0.0
560	23c30bf6-9931-11f1-b670-ac91a15cbbbe			0.0	0.0	0.0	0.0	0.0	0.0	0.0	0.0	0.0	0.0	0.0	0.0	0.0	0.0	0.0	0.0	0.0	0.0	0.0	0.0	0.0	0.0	0.0	0.0	0.0
561	23c33d09-9931-11f1-b670-ac91a15cbbbe			0.0	0.0	0.0	0.0	0.0	0.0	0.0	0.0	0.0	0.0	0.0	0.0	0.0	0.0	0.0	0.0	0.0	0.0	0.0	0.0	0.0	0.0	0.0	0.0	0.0
562	23c36d9e-9931-11f1-b670-ac91a15cbbbe			0.0	0.0	0.0	0.0	0.0	0.0	0.0	0.0	0.0	0.0	0.0	0.0	0.0	0.0	0.0	0.0	0.0	0.0	0.0	0.0	0.0	0.0	0.0	0.0	0.0
563	23c39645-9931-11f1-b670-ac91a15cbbbe			0.0	0.0	0.0	0.0	0.0	0.0	0.0	0.0	0.0	0.0	0.0	0.0	0.0	0.0	0.0	0.0	0.0	0.0	0.0	0.0	0.0	0.0	0.0	0.0	0.0
564	23c3c83c-9931-11f1-b670-ac91a15cbbbe			0.0	0.0	0.0	0.0	0.0	0.0	0.0	0.0	0.0	0.0	0.0	0.0	0.0	0.0	0.0	0.0	0.0	0.0	0.0	0.0	0.0	0.0	0.0	0.0	0.0
565	23c3f045-9931-11f1-b670-ac91a15cbbbe			0.0	0.0	0.0	0.0	0.0	0.0	0.0	0.0	0.0	0.0	0.0	0.0	0.0	0.0	0.0	0.0	0.0	0.0	0.0	0.0	0.0	0.0	0.0	0.0	0.0
566	23c41891-9931-11f1-b670-ac91a15cbbbe			0.0	0.0	0.0	0.0	0.0	0.0	0.0	0.0	0.0	0.0	0.0	0.0	0.0	0.0	0.0	0.0	0.0	0.0	0.0	0.0	0.0	0.0	0.0	0.0	0.0
567	23c44acc-9931-11f1-b670-ac91a15cbbbe			0.0	0.0	0.0	0.0	0.0	0.0	0.0	0.0	0.0	0.0	0.0	0.0	0.0	0.0	0.0	0.0	0.0	0.0	0.0	0.0	0.0	0.0	0.0	0.0	0.0
568	23c484b1-9931-11f1-b670-ac91a15cbbbe			0.0	0.0	0.0	0.0	0.0	0.0	0.0	0.0	0.0	0.0	0.0	0.0	0.0	0.0	0.0	0.0	0.0	0.0	0.0	0.0	0.0	0.0	0.0	0.0	0.0
569	23c4bf79-9931-11f1-b670-ac91a15cbbbe			0.0	0.0	0.0	0.0	0.0	0.0	0.0	0.0	0.0	0.0	0.0	0.0	0.0	0.0	0.0	0.0	0.0	0.0	0.0	0.0	0.0	0.0	0.0	0.0	0.0
570	23c4f03c-9931-11f1-b670-ac91a15cbbbe			0.0	0.0	0.0	0.0	0.0	0.0	0.0	0.0	0.0	0.0	0.0	0.0	0.0	0.0	0.0	0.0	0.0	0.0	0.0	0.0	0.0	0.0	0.0	0.0	0.0
571	23c53075-9931-11f1-b670-ac91a15cbbbe			0.0	0.0	0.0	0.0	0.0	0.0	0.0	0.0	0.0	0.0	0.0	0.0	0.0	0.0	0.0	0.0	0.0	0.0	0.0	0.0	0.0	0.0	0.0	0.0	0.0
572	23c5632a-9931-11f1-b670-ac91a15cbbbe			0.0	0.0	0.0	0.0	0.0	0.0	0.0	0.0	0.0	0.0	0.0	0.0	0.0	0.0	0.0	0.0	0.0	0.0	0.0	0.0	0.0	0.0	0.0	0.0	0.0
573	23c5855a-9931-11f1-b670-ac91a15cbbbe			0.0	0.0	0.0	0.0	0.0	0.0	0.0	0.0	0.0	0.0	0.0	0.0	0.0	0.0	0.0	0.0	0.0	0.0	0.0	0.0	0.0	0.0	0.0	0.0	0.0
574	23c5a892-9931-11f1-b670-ac91a15cbbbe			0.0	0.0	0.0	0.0	0.0	0.0	0.0	0.0	0.0	0.0	0.0	0.0	0.0	0.0	0.0	0.0	0.0	0.0	0.0	0.0	0.0	0.0	0.0	0.0	0.0
575	23c5f05b-9931-11f1-b670-ac91a15cbbbe			0.0	0.0	0.0	0.0	0.0	0.0	0.0	0.0	0.0	0.0	0.0	0.0	0.0	0.0	0.0	0.0	0.0	0.0	0.0	0.0	0.0	0.0	0.0	0.0	0.0
576	23c61cfa-9931-11f1-b670-ac91a15cbbbe			0.0	0.0	0.0	0.0	0.0	0.0	0.0	0.0	0.0	0.0	0.0	0.0	0.0	0.0	0.0	0.0	0.0	0.0	0.0	0.0	0.0	0.0	0.0	0.0	0.0
577	23c642ad-9931-11f1-b670-ac91a15cbbbe			0.0	0.0	0.0	0.0	0.0	0.0	0.0	0.0	0.0	0.0	0.0	0.0	0.0	0.0	0.0	0.0	0.0	0.0	0.0	0.0	0.0	0.0	0.0	0.0	0.0
578	23c66a0e-9931-11f1-b670-ac91a15cbbbe			0.0	0.0	0.0	0.0	0.0	0.0	0.0	0.0	0.0	0.0	0.0	0.0	0.0	0.0	0.0	0.0	0.0	0.0	0.0	0.0	0.0	0.0	0.0	0.0	0.0
579	23c69782-9931-11f1-b670-ac91a15cbbbe			0.0	0.0	0.0	0.0	0.0	0.0	0.0	0.0	0.0	0.0	0.0	0.0	0.0	0.0	0.0	0.0	0.0	0.0	0.0	0.0	0.0	0.0	0.0	0.0	0.0
580	23c6bf3c-9931-11f1-b670-ac91a15cbbbe			0.0	0.0	0.0	0.0	0.0	0.0	0.0	0.0	0.0	0.0	0.0	0.0	0.0	0.0	0.0	0.0	0.0	0.0	0.0	0.0	0.0	0.0	0.0	0.0	0.0
581	23c6e43c-9931-11f1-b670-ac91a15cbbbe			0.0	0.0	0.0	0.0	0.0	0.0	0.0	0.0	0.0	0.0	0.0	0.0	0.0	0.0	0.0	0.0	0.0	0.0	0.0	0.0	0.0	0.0	0.0	0.0	0.0
582	23c70916-9931-11f1-b670-ac91a15cbbbe			0.0	0.0	0.0	0.0	0.0	0.0	0.0	0.0	0.0	0.0	0.0	0.0	0.0	0.0	0.0	0.0	0.0	0.0	0.0	0.0	0.0	0.0	0.0	0.0	0.0
583	23c73fd2-9931-11f1-b670-ac91a15cbbbe			0.0	0.0	0.0	0.0	0.0	0.0	0.0	0.0	0.0	0.0	0.0	0.0	0.0	0.0	0.0	0.0	0.0	0.0	0.0	0.0	0.0	0.0	0.0	0.0	0.0
584	23c76e0c-9931-11f1-b670-ac91a15cbbbe			0.0	0.0	0.0	0.0	0.0	0.0	0.0	0.0	0.0	0.0	0.0	0.0	0.0	0.0	0.0	0.0	0.0	0.0	0.0	0.0	0.0	0.0	0.0	0.0	0.0
585	23c792a4-9931-11f1-b670-ac91a15cbbbe			0.0	0.0	0.0	0.0	0.0	0.0	0.0	0.0	0.0	0.0	0.0	0.0	0.0	0.0	0.0	0.0	0.0	0.0	0.0	0.0	0.0	0.0	0.0	0.0	0.0
586	23c7bef0-9931-11f1-b670-ac91a15cbbbe			0.0	0.0	0.0	0.0	0.0	0.0	0.0	0.0	0.0	0.0	0.0	0.0	0.0	0.0	0.0	0.0	0.0	0.0	0.0	0.0	0.0	0.0	0.0	0.0	0.0
587	23c7da8a-9931-11f1-b670-ac91a15cbbbe			0.0	0.0	0.0	0.0	0.0	0.0	0.0	0.0	0.0	0.0	0.0	0.0	0.0	0.0	0.0	0.0	0.0	0.0	0.0	0.0	0.0	0.0	0.0	0.0	0.0
588	23c7f1d3-9931-11f1-b670-ac91a15cbbbe			0.0	0.0	0.0	0.0	0.0	0.0	0.0	0.0	0.0	0.0	0.0	0.0	0.0	0.0	0.0	0.0	0.0	0.0	0.0	0.0	0.0	0.0	0.0	0.0	0.0
589	23c80565-9931-11f1-b670-ac91a15cbbbe			0.0	0.0	0.0	0.0	0.0	0.0	0.0	0.0	0.0	0.0	0.0	0.0	0.0	0.0	0.0	0.0	0.0	0.0	0.0	0.0	0.0	0.0	0.0	0.0	0.0
590	23c81812-9931-11f1-b670-ac91a15cbbbe			0.0	0.0	0.0	0.0	0.0	0.0	0.0	0.0	0.0	0.0	0.0	0.0	0.0	0.0	0.0	0.0	0.0	0.0	0.0	0.0	0.0	0.0	0.0	0.0	0.0
591	23c82b6e-9931-11f1-b670-ac91a15cbbbe			0.0	0.0	0.0	0.0	0.0	0.0	0.0	0.0	0.0	0.0	0.0	0.0	0.0	0.0	0.0	0.0	0.0	0.0	0.0	0.0	0.0	0.0	0.0	0.0	0.0
592	23c83d31-9931-11f1-b670-ac91a15cbbbe			0.0	0.0	0.0	0.0	0.0	0.0	0.0	0.0	0.0	0.0	0.0	0.0	0.0	0.0	0.0	0.0	0.0	0.0	0.0	0.0	0.0	0.0	0.0	0.0	0.0
593	23c84b6b-9931-11f1-b670-ac91a15cbbbe			0.0	0.0	0.0	0.0	0.0	0.0	0.0	0.0	0.0	0.0	0.0	0.0	0.0	0.0	0.0	0.0	0.0	0.0	0.0	0.0	0.0	0.0	0.0	0.0	0.0
594	23c8545f-9931-11f1-b670-ac91a15cbbbe			0.0	0.0	0.0	0.0	0.0	0.0	0.0	0.0	0.0	0.0	0.0	0.0	0.0	0.0	0.0	0.0	0.0	0.0	0.0	0.0	0.0	0.0	0.0	0.0	0.0
595	23c85d62-9931-11f1-b670-ac91a15cbbbe			0.0	0.0	0.0	0.0	0.0	0.0	0.0	0.0	0.0	0.0	0.0	0.0	0.0	0.0	0.0	0.0	0.0	0.0	0.0	0.0	0.0	0.0	0.0	0.0	0.0
596	23c86618-9931-11f1-b670-ac91a15cbbbe			0.0	0.0	0.0	0.0	0.0	0.0	0.0	0.0	0.0	0.0	0.0	0.0	0.0	0.0	0.0	0.0	0.0	0.0	0.0	0.0	0.0	0.0	0.0	0.0	0.0
597	23c86f43-9931-11f1-b670-ac91a15cbbbe			0.0	0.0	0.0	0.0	0.0	0.0	0.0	0.0	0.0	0.0	0.0	0.0	0.0	0.0	0.0	0.0	0.0	0.0	0.0	0.0	0.0	0.0	0.0	0.0	0.0
598	23c89b1e-9931-11f1-b670-ac91a15cbbbe			0.0	0.0	0.0	0.0	0.0	0.0	0.0	0.0	0.0	0.0	0.0	0.0	0.0	0.0	0.0	0.0	0.0	0.0	0.0	0.0	0.0	0.0	0.0	0.0	0.0
599	23c8a585-9931-11f1-b670-ac91a15cbbbe			0.0	0.0	0.0	0.0	0.0	0.0	0.0	0.0	0.0	0.0	0.0	0.0	0.0	0.0	0.0	0.0	0.0	0.0	0.0	0.0	0.0	0.0	0.0	0.0	0.0
600	23c8aed1-9931-11f1-b670-ac91a15cbbbe			0.0	0.0	0.0	0.0	0.0	0.0	0.0	0.0	0.0	0.0	0.0	0.0	0.0	0.0	0.0	0.0	0.0	0.0	0.0	0.0	0.0	0.0	0.0	0.0	0.0
601	23c8b84f-9931-11f1-b670-ac91a15cbbbe			0.0	0.0	0.0	0.0	0.0	0.0	0.0	0.0	0.0	0.0	0.0	0.0	0.0	0.0	0.0	0.0	0.0	0.0	0.0	0.0	0.0	0.0	0.0	0.0	0.0
602	23c8bfaf-9931-11f1-b670-ac91a15cbbbe			0.0	0.0	0.0	0.0	0.0	0.0	0.0	0.0	0.0	0.0	0.0	0.0	0.0	0.0	0.0	0.0	0.0	0.0	0.0	0.0	0.0	0.0	0.0	0.0	0.0
603	23c8c5f3-9931-11f1-b670-ac91a15cbbbe			0.0	0.0	0.0	0.0	0.0	0.0	0.0	0.0	0.0	0.0	0.0	0.0	0.0	0.0	0.0	0.0	0.0	0.0	0.0	0.0	0.0	0.0	0.0	0.0	0.0
604	23c8cc26-9931-11f1-b670-ac91a15cbbbe			0.0	0.0	0.0	0.0	0.0	0.0	0.0	0.0	0.0	0.0	0.0	0.0	0.0	0.0	0.0	0.0	0.0	0.0	0.0	0.0	0.0	0.0	0.0	0.0	0.0
605	23c8d2c6-9931-11f1-b670-ac91a15cbbbe			0.0	0.0	0.0	0.0	0.0	0.0	0.0	0.0	0.0	0.0	0.0	0.0	0.0	0.0	0.0	0.0	0.0	0.0	0.0	0.0	0.0	0.0	0.0	0.0	0.0
606	23c8d884-9931-11f1-b670-ac91a15cbbbe			0.0	0.0	0.0	0.0	0.0	0.0	0.0	0.0	0.0	0.0	0.0	0.0	0.0	0.0	0.0	0.0	0.0	0.0	0.0	0.0	0.0	0.0	0.0	0.0	0.0
607	23c8de3e-9931-11f1-b670-ac91a15cbbbe			0.0	0.0	0.0	0.0	0.0	0.0	0.0	0.0	0.0	0.0	0.0	0.0	0.0	0.0	0.0	0.0	0.0	0.0	0.0	0.0	0.0	0.0	0.0	0.0	0.0
608	23c8e3da-9931-11f1-b670-ac91a15cbbbe			0.0	0.0	0.0	0.0	0.0	0.0	0.0	0.0	0.0	0.0	0.0	0.0	0.0	0.0	0.0	0.0	0.0	0.0	0.0	0.0	0.0	0.0	0.0	0.0	0.0
609	23c8e973-9931-11f1-b670-ac91a15cbbbe			0.0	0.0	0.0	0.0	0.0	0.0	0.0	0.0	0.0	0.0	0.0	0.0	0.0	0.0	0.0	0.0	0.0	0.0	0.0	0.0	0.0	0.0	0.0	0.0	0.0
610	23c8eefb-9931-11f1-b670-ac91a15cbbbe			0.0	0.0	0.0	0.0	0.0	0.0	0.0	0.0	0.0	0.0	0.0	0.0	0.0	0.0	0.0	0.0	0.0	0.0	0.0	0.0	0.0	0.0	0.0	0.0	0.0
611	23c8f48b-9931-11f1-b670-ac91a15cbbbe			0.0	0.0	0.0	0.0	0.0	0.0	0.0	0.0	0.0	0.0	0.0	0.0	0.0	0.0	0.0	0.0	0.0	0.0	0.0	0.0	0.0	0.0	0.0	0.0	0.0
612	23c8fa1c-9931-11f1-b670-ac91a15cbbbe			0.0	0.0	0.0	0.0	0.0	0.0	0.0	0.0	0.0	0.0	0.0	0.0	0.0	0.0	0.0	0.0	0.0	0.0	0.0	0.0	0.0	0.0	0.0	0.0	0.0
613	23c8ffbc-9931-11f1-b670-ac91a15cbbbe			0.0	0.0	0.0	0.0	0.0	0.0	0.0	0.0	0.0	0.0	0.0	0.0	0.0	0.0	0.0	0.0	0.0	0.0	0.0	0.0	0.0	0.0	0.0	0.0	0.0
614	23c90547-9931-11f1-b670-ac91a15cbbbe			0.0	0.0	0.0	0.0	0.0	0.0	0.0	0.0	0.0	0.0	0.0	0.0	0.0	0.0	0.0	0.0	0.0	0.0	0.0	0.0	0.0	0.0	0.0	0.0	0.0
615	23c90ab4-9931-11f1-b670-ac91a15cbbbe			0.0	0.0	0.0	0.0	0.0	0.0	0.0	0.0	0.0	0.0	0.0	0.0	0.0	0.0	0.0	0.0	0.0	0.0	0.0	0.0	0.0	0.0	0.0	0.0	0.0
616	23c91028-9931-11f1-b670-ac91a15cbbbe			0.0	0.0	0.0	0.0	0.0	0.0	0.0	0.0	0.0	0.0	0.0	0.0	0.0	0.0	0.0	0.0	0.0	0.0	0.0	0.0	0.0	0.0	0.0	0.0	0.0
617	23c915a0-9931-11f1-b670-ac91a15cbbbe			0.0	0.0	0.0	0.0	0.0	0.0	0.0	0.0	0.0	0.0	0.0	0.0	0.0	0.0	0.0	0.0	0.0	0.0	0.0	0.0	0.0	0.0	0.0	0.0	0.0
618	23c91b15-9931-11f1-b670-ac91a15cbbbe			0.0	0.0	0.0	0.0	0.0	0.0	0.0	0.0	0.0	0.0	0.0	0.0	0.0	0.0	0.0	0.0	0.0	0.0	0.0	0.0	0.0	0.0	0.0	0.0	0.0
619	23c92081-9931-11f1-b670-ac91a15cbbbe			0.0	0.0	0.0	0.0	0.0	0.0	0.0	0.0	0.0	0.0	0.0	0.0	0.0	0.0	0.0	0.0	0.0	0.0	0.0	0.0	0.0	0.0	0.0	0.0	0.0
620	23c925ea-9931-11f1-b670-ac91a15cbbbe			0.0	0.0	0.0	0.0	0.0	0.0	0.0	0.0	0.0	0.0	0.0	0.0	0.0	0.0	0.0	0.0	0.0	0.0	0.0	0.0	0.0	0.0	0.0	0.0	0.0
621	23c92b5c-9931-11f1-b670-ac91a15cbbbe			0.0	0.0	0.0	0.0	0.0	0.0	0.0	0.0	0.0	0.0	0.0	0.0	0.0	0.0	0.0	0.0	0.0	0.0	0.0	0.0	0.0	0.0	0.0	0.0	0.0
622	23c93102-9931-11f1-b670-ac91a15cbbbe			0.0	0.0	0.0	0.0	0.0	0.0	0.0	0.0	0.0	0.0	0.0	0.0	0.0	0.0	0.0	0.0	0.0	0.0	0.0	0.0	0.0	0.0	0.0	0.0	0.0
623	23c9366e-9931-11f1-b670-ac91a15cbbbe			0.0	0.0	0.0	0.0	0.0	0.0	0.0	0.0	0.0	0.0	0.0	0.0	0.0	0.0	0.0	0.0	0.0	0.0	0.0	0.0	0.0	0.0	0.0	0.0	0.0
624	23c93bd1-9931-11f1-b670-ac91a15cbbbe			0.0	0.0	0.0	0.0	0.0	0.0	0.0	0.0	0.0	0.0	0.0	0.0	0.0	0.0	0.0	0.0	0.0	0.0	0.0	0.0	0.0	0.0	0.0	0.0	0.0
625	23c9413b-9931-11f1-b670-ac91a15cbbbe			0.0	0.0	0.0	0.0	0.0	0.0	0.0	0.0	0.0	0.0	0.0	0.0	0.0	0.0	0.0	0.0	0.0	0.0	0.0	0.0	0.0	0.0	0.0	0.0	0.0
626	23c946a8-9931-11f1-b670-ac91a15cbbbe			0.0	0.0	0.0	0.0	0.0	0.0	0.0	0.0	0.0	0.0	0.0	0.0	0.0	0.0	0.0	0.0	0.0	0.0	0.0	0.0	0.0	0.0	0.0	0.0	0.0
627	23c94c09-9931-11f1-b670-ac91a15cbbbe			0.0	0.0	0.0	0.0	0.0	0.0	0.0	0.0	0.0	0.0	0.0	0.0	0.0	0.0	0.0	0.0	0.0	0.0	0.0	0.0	0.0	0.0	0.0	0.0	0.0
628	23c95187-9931-11f1-b670-ac91a15cbbbe			0.0	0.0	0.0	0.0	0.0	0.0	0.0	0.0	0.0	0.0	0.0	0.0	0.0	0.0	0.0	0.0	0.0	0.0	0.0	0.0	0.0	0.0	0.0	0.0	0.0
629	23c956f4-9931-11f1-b670-ac91a15cbbbe			0.0	0.0	0.0	0.0	0.0	0.0	0.0	0.0	0.0	0.0	0.0	0.0	0.0	0.0	0.0	0.0	0.0	0.0	0.0	0.0	0.0	0.0	0.0	0.0	0.0
630	23c95ceb-9931-11f1-b670-ac91a15cbbbe			0.0	0.0	0.0	0.0	0.0	0.0	0.0	0.0	0.0	0.0	0.0	0.0	0.0	0.0	0.0	0.0	0.0	0.0	0.0	0.0	0.0	0.0	0.0	0.0	0.0
631	23c962f8-9931-11f1-b670-ac91a15cbbbe			0.0	0.0	0.0	0.0	0.0	0.0	0.0	0.0	0.0	0.0	0.0	0.0	0.0	0.0	0.0	0.0	0.0	0.0	0.0	0.0	0.0	0.0	0.0	0.0	0.0
632	23c96878-9931-11f1-b670-ac91a15cbbbe			0.0	0.0	0.0	0.0	0.0	0.0	0.0	0.0	0.0	0.0	0.0	0.0	0.0	0.0	0.0	0.0	0.0	0.0	0.0	0.0	0.0	0.0	0.0	0.0	0.0
633	23c96f66-9931-11f1-b670-ac91a15cbbbe			0.0	0.0	0.0	0.0	0.0	0.0	0.0	0.0	0.0	0.0	0.0	0.0	0.0	0.0	0.0	0.0	0.0	0.0	0.0	0.0	0.0	0.0	0.0	0.0	0.0
634	23c9750c-9931-11f1-b670-ac91a15cbbbe			0.0	0.0	0.0	0.0	0.0	0.0	0.0	0.0	0.0	0.0	0.0	0.0	0.0	0.0	0.0	0.0	0.0	0.0	0.0	0.0	0.0	0.0	0.0	0.0	0.0
635	23c97a93-9931-11f1-b670-ac91a15cbbbe			0.0	0.0	0.0	0.0	0.0	0.0	0.0	0.0	0.0	0.0	0.0	0.0	0.0	0.0	0.0	0.0	0.0	0.0	0.0	0.0	0.0	0.0	0.0	0.0	0.0
636	23c98008-9931-11f1-b670-ac91a15cbbbe			0.0	0.0	0.0	0.0	0.0	0.0	0.0	0.0	0.0	0.0	0.0	0.0	0.0	0.0	0.0	0.0	0.0	0.0	0.0	0.0	0.0	0.0	0.0	0.0	0.0
637	23c98586-9931-11f1-b670-ac91a15cbbbe			0.0	0.0	0.0	0.0	0.0	0.0	0.0	0.0	0.0	0.0	0.0	0.0	0.0	0.0	0.0	0.0	0.0	0.0	0.0	0.0	0.0	0.0	0.0	0.0	0.0
638	23c98b22-9931-11f1-b670-ac91a15cbbbe			0.0	0.0	0.0	0.0	0.0	0.0	0.0	0.0	0.0	0.0	0.0	0.0	0.0	0.0	0.0	0.0	0.0	0.0	0.0	0.0	0.0	0.0	0.0	0.0	0.0
639	23c990c3-9931-11f1-b670-ac91a15cbbbe			0.0	0.0	0.0	0.0	0.0	0.0	0.0	0.0	0.0	0.0	0.0	0.0	0.0	0.0	0.0	0.0	0.0	0.0	0.0	0.0	0.0	0.0	0.0	0.0	0.0
640	23c9962c-9931-11f1-b670-ac91a15cbbbe			0.0	0.0	0.0	0.0	0.0	0.0	0.0	0.0	0.0	0.0	0.0	0.0	0.0	0.0	0.0	0.0	0.0	0.0	0.0	0.0	0.0	0.0	0.0	0.0	0.0
641	23c99b90-9931-11f1-b670-ac91a15cbbbe			0.0	0.0	0.0	0.0	0.0	0.0	0.0	0.0	0.0	0.0	0.0	0.0	0.0	0.0	0.0	0.0	0.0	0.0	0.0	0.0	0.0	0.0	0.0	0.0	0.0
642	23c9afff-9931-11f1-b670-ac91a15cbbbe			0.0	0.0	0.0	0.0	0.0	0.0	0.0	0.0	0.0	0.0	0.0	0.0	0.0	0.0	0.0	0.0	0.0	0.0	0.0	0.0	0.0	0.0	0.0	0.0	0.0
643	23c9c443-9931-11f1-b670-ac91a15cbbbe			0.0	0.0	0.0	0.0	0.0	0.0	0.0	0.0	0.0	0.0	0.0	0.0	0.0	0.0	0.0	0.0	0.0	0.0	0.0	0.0	0.0	0.0	0.0	0.0	0.0
644	23c9e6af-9931-11f1-b670-ac91a15cbbbe			0.0	0.0	0.0	0.0	0.0	0.0	0.0	0.0	0.0	0.0	0.0	0.0	0.0	0.0	0.0	0.0	0.0	0.0	0.0	0.0	0.0	0.0	0.0	0.0	0.0
645	23ca0b0f-9931-11f1-b670-ac91a15cbbbe			0.0	0.0	0.0	0.0	0.0	0.0	0.0	0.0	0.0	0.0	0.0	0.0	0.0	0.0	0.0	0.0	0.0	0.0	0.0	0.0	0.0	0.0	0.0	0.0	0.0
