id	coa_cd	coa_name	remark	created_at	updated_at	num1	num1_c	num1_t	den1	den1_c	den1_t	num2	num2_c	num2_t	den2	den2_c	den2_t	num3	num3_c	num3_t	den3	den3_c	den3_t	num4	num4_c	num4_t	den4	den4_c	den4_t	num5	num5_c	num5_t	den5	den5_c	den5_t	num6	num6_c	num6_t	den6	den6_c	den6_t	num7	num7_c	num7_t	den7	den7_c	den7_t	num8	num8_c	num8_t	den8	den8_c	den8_t	num9	num9_c	num9_t	den9	den9_c	den9_t	num10	num10_c	num10_t	den10	den10_c	den10_t	num11	num11_c	num11_t	den11	den11_c	den11_t	num12	num12_c	num12_t	den12	den12_c	den12_t	num13	num13_c	num13_t	den13	den13_c	den13_t	num14	num14_c	num14_t	den14	den14_c	den14_t	num15	num15_c	num15_t	den15	den15_c	den15_t	num16	num16_c	num16_t	den16	den16_c	den16_t	num17	num17_c	num17_t	den17	den17_c	den17_t	num18	num18_c	num18_t	den18	den18_c	den18_t	num19	num19_c	num19_t	den19	den19_c	den19_t	num20	num20_c	num20_t	den20	den20_c	den20_t	num21	num21_c	num21_t	den21	den21_c	den21_t	num22	num22_c	num22_t	den22	den22_c	den22_t	num23	num23_c	num23_t	den23	den23_c	den23_t
1	1_1_1	现金_1D		2026-08-14 15:44:09	2026-08-14 15:44:09	NUM100	0.0	NII	\N	\N	\N	\N	\N	\N	\N	\N	\N	\N	\N	\N	\N	\N	\N	\N	\N	\N	\N	\N	\N	\N	\N	\N	\N	\N	\N	\N	\N	\N	\N	\N	\N	\N	\N	\N	\N	\N	\N	\N	\N	\N	\N	\N	\N	\N	\N	\N	\N	\N	\N	NUM005	1.0	RWA	\N	\N	\N	NUM004	1.0	B	DEN001	1.0	B	NUM004	1.0	B	\N	\N	\N	NUM001	1.0	CF1	\N	\N	\N	\N	\N	\N	DEN010	1.0	CF1-6	\N	\N	\N	\N	\N	\N	\N	\N	\N	\N	\N	\N	\N	\N	\N	\N	\N	\N	\N	\N	\N	\N	\N	\N	NUM099	1.0	B	\N	\N	\N	NUM004	1.0	CF3	DEN001	1.0	B	\N	\N	\N	\N	\N	\N	\N	\N	\N	\N	\N	\N	\N	\N	\N	\N	\N	\N
2	1_1_2	存放央行法定准备金_30Y		2026-08-14 15:44:09	2026-08-14 15:44:09	NUM100	1.0	NII	\N	\N	\N	\N	\N	\N	\N	\N	\N	\N	\N	\N	\N	\N	\N	\N	\N	\N	\N	\N	\N	\N	\N	\N	\N	\N	\N	NUM100	1.0	NII	DEN060	1.0	AB	NUM100	1.0	NII	DEN060	1.0	AB	\N	\N	\N	\N	\N	\N	\N	\N	\N	\N	\N	\N	NUM005	1.0	RWA	\N	\N	\N	\N	\N	\N	\N	\N	\N	\N	\N	\N	\N	\N	\N	\N	\N	\N	\N	\N	\N	\N	\N	\N	\N	\N	\N	\N	\N	\N	\N	\N	\N	\N	\N	\N	DEN032	1.0	CF12+	\N	\N	\N	\N	\N	\N	\N	\N	\N	\N	\N	\N	NUM099	1.0	B	\N	\N	\N	\N	\N	\N	\N	\N	\N	\N	\N	\N	\N	\N	\N	\N	\N	\N	\N	\N	\N	\N	\N	\N	\N	\N	\N
3	1_1_3	存放央行超额准备金_1D		2026-08-14 15:44:09	2026-08-14 15:44:09	NUM100	1.0	NII	\N	\N	\N	\N	\N	\N	\N	\N	\N	\N	\N	\N	\N	\N	\N	\N	\N	\N	\N	\N	\N	\N	\N	\N	\N	\N	\N	NUM100	1.0	NII	DEN060	1.0	AB	NUM100	1.0	NII	DEN060	1.0	AB	\N	\N	\N	\N	\N	\N	\N	\N	\N	\N	\N	\N	NUM005	1.0	RWA	\N	\N	\N	NUM009	1.0	B	DEN002	1.0	B	NUM013	1.0	B	\N	\N	\N	NUM002	1.0	CF1	\N	\N	\N	\N	\N	\N	DEN032	1.0	CF1-6	\N	\N	\N	\N	\N	\N	\N	\N	\N	\N	\N	\N	\N	\N	\N	\N	\N	\N	\N	\N	\N	\N	\N	\N	NUM099	1.0	B	\N	\N	\N	NUM009	1.0	CF3	DEN002	1.0	B	\N	\N	\N	\N	\N	\N	\N	\N	\N	\N	\N	\N	\N	\N	\N	\N	\N	\N
4	1_1_4	存放央行其他款项_30Y		2026-08-14 15:44:09	2026-08-14 15:44:09	NUM100	1.0	NII	\N	\N	\N	\N	\N	\N	\N	\N	\N	\N	\N	\N	\N	\N	\N	\N	\N	\N	\N	\N	\N	\N	\N	\N	\N	\N	\N	\N	\N	\N	\N	\N	\N	NUM100	1.0	NII	DEN060	1.0	AB	\N	\N	\N	\N	\N	\N	\N	\N	\N	\N	\N	\N	NUM005	1.0	RWA	\N	\N	\N	\N	\N	\N	\N	\N	\N	NUM024	1.0	CF1	DEN031	-1.0	CF1	\N	\N	\N	\N	\N	\N	\N	\N	\N	DEN032	0.0	CF1-6	\N	\N	\N	\N	\N	\N	\N	\N	\N	\N	\N	\N	\N	\N	\N	\N	\N	\N	\N	\N	\N	\N	\N	\N	NUM099	1.0	B	\N	\N	\N	\N	1.0	CF3	\N	\N	\N	\N	\N	\N	\N	\N	\N	\N	\N	\N	\N	\N	\N	\N	\N	\N	\N	\N	\N
5	1_2_1_1_1	存放同业活期款项_金融市场部_1D		2026-08-14 15:44:09	2026-08-14 15:44:09	NUM100	1.0	NII	\N	\N	\N	\N	\N	\N	\N	\N	\N	\N	\N	\N	\N	\N	\N	\N	\N	\N	\N	\N	\N	\N	\N	\N	\N	\N	\N	NUM100	1.0	NII	DEN060	1.0	AB	NUM100	1.0	NII	DEN060	1.0	AB	\N	\N	\N	\N	\N	\N	\N	\N	\N	\N	\N	\N	NUM008	1.0	RWA	\N	\N	\N	NUM012	1.0	B	DEN003	1.0	B	\N	\N	\N	\N	\N	\N	\N	\N	\N	DEN025	-1.0	CF1	\N	\N	\N	DEN047	1.0	CF1-6	\N	\N	\N	DEN047	1.0	CF7-12	\N	\N	\N	DEN046	1.0	CF12+	\N	\N	\N	\N	\N	\N	\N	\N	\N	\N	\N	\N	NUM092	1.0	B	\N	\N	\N	NUM012	1.0	CF3	DEN003	1.0	B	\N	\N	\N	\N	\N	\N	\N	\N	\N	\N	\N	\N	\N	\N	\N	\N	\N	\N
6	1_2_1_1_2	存放同业定期款项_金融市场部_1M		2026-08-14 15:44:09	2026-08-14 15:44:09	NUM100	1.0	NII	\N	\N	\N	\N	\N	\N	\N	\N	\N	\N	\N	\N	\N	\N	\N	\N	\N	\N	\N	\N	\N	\N	\N	\N	\N	\N	\N	NUM100	1.0	NII	DEN060	1.0	AB	NUM100	1.0	NII	DEN060	1.0	AB	\N	\N	\N	\N	\N	\N	\N	\N	\N	\N	\N	\N	NUM008	1.0	RWA	\N	\N	\N	NUM012	1.0	CF3	DEN003	1.0	CF3	\N	\N	\N	\N	\N	\N	\N	\N	\N	DEN025	-1.0	CF1	\N	\N	\N	DEN049	1.0	CF1-6	\N	\N	\N	DEN049	1.0	CF7-12	\N	\N	\N	DEN048	1.0	CF12+	\N	\N	\N	\N	\N	\N	\N	\N	\N	\N	\N	\N	NUM092	1.0	B	\N	\N	\N	NUM012	1.0	CF3	DEN003	1.0	B	\N	\N	\N	\N	\N	\N	\N	\N	\N	\N	\N	\N	\N	\N	\N	\N	\N	\N
7	1_2_1_1_3	存放同业定期款项_金融市场部_3M		2026-08-14 15:44:09	2026-08-14 15:44:09	NUM100	1.0	NII	\N	\N	\N	\N	\N	\N	\N	\N	\N	\N	\N	\N	\N	\N	\N	\N	\N	\N	\N	\N	\N	\N	\N	\N	\N	\N	\N	NUM100	1.0	NII	DEN060	1.0	AB	NUM100	1.0	NII	DEN060	1.0	AB	\N	\N	\N	\N	\N	\N	\N	\N	\N	\N	\N	\N	NUM008	1.0	RWA	\N	\N	\N	NUM012	1.0	CF3	DEN003	1.0	CF3	\N	\N	\N	\N	\N	\N	\N	\N	\N	DEN025	-1.0	CF1	\N	\N	\N	DEN049	1.0	CF1-6	\N	\N	\N	DEN049	1.0	CF7-12	\N	\N	\N	DEN048	1.0	CF12+	\N	\N	\N	\N	\N	\N	\N	\N	\N	\N	\N	\N	NUM092	1.0	B	\N	\N	\N	NUM012	1.0	CF3	DEN003	1.0	B	\N	\N	\N	\N	\N	\N	\N	\N	\N	\N	\N	\N	\N	\N	\N	\N	\N	\N
8	1_2_1_1_4	存放同业定期款项_金融市场部_6M		2026-08-14 15:44:09	2026-08-14 15:44:09	NUM100	1.0	NII	\N	\N	\N	\N	\N	\N	\N	\N	\N	\N	\N	\N	\N	\N	\N	\N	\N	\N	\N	\N	\N	\N	\N	\N	\N	\N	\N	NUM100	1.0	NII	DEN060	1.0	AB	NUM100	1.0	NII	DEN060	1.0	AB	\N	\N	\N	\N	\N	\N	\N	\N	\N	\N	\N	\N	NUM008	1.0	RWA	\N	\N	\N	NUM012	1.0	CF3	DEN003	1.0	CF3	\N	\N	\N	\N	\N	\N	\N	\N	\N	DEN025	-1.0	CF1	\N	\N	\N	DEN049	1.0	CF1-6	\N	\N	\N	DEN049	1.0	CF7-12	\N	\N	\N	DEN048	1.0	CF12+	\N	\N	\N	\N	\N	\N	\N	\N	\N	\N	\N	\N	NUM092	1.0	B	\N	\N	\N	NUM012	1.0	CF3	DEN003	1.0	B	\N	\N	\N	\N	\N	\N	\N	\N	\N	\N	\N	\N	\N	\N	\N	\N	\N	\N
9	1_2_1_1_5	存放同业定期款项_金融市场部_1Y		2026-08-14 15:44:09	2026-08-14 15:44:09	NUM100	1.0	NII	\N	\N	\N	\N	\N	\N	\N	\N	\N	\N	\N	\N	\N	\N	\N	\N	\N	\N	\N	\N	\N	\N	\N	\N	\N	\N	\N	NUM100	1.0	NII	DEN060	1.0	AB	NUM100	1.0	NII	DEN060	1.0	AB	\N	\N	\N	\N	\N	\N	\N	\N	\N	\N	\N	\N	NUM008	1.0	RWA	\N	\N	\N	NUM012	1.0	CF3	DEN003	1.0	CF3	\N	\N	\N	\N	\N	\N	\N	\N	\N	DEN025	-1.0	CF1	\N	\N	\N	DEN049	1.0	CF1-6	\N	\N	\N	DEN049	1.0	CF7-12	\N	\N	\N	DEN048	1.0	CF12+	\N	\N	\N	\N	\N	\N	\N	\N	\N	\N	\N	\N	NUM092	1.0	B	\N	\N	\N	NUM012	1.0	CF3	DEN003	1.0	B	\N	\N	\N	\N	\N	\N	\N	\N	\N	\N	\N	\N	\N	\N	\N	\N	\N	\N
10	1_2_1_2_1	存放同业活期款项_公司金融部_1D		2026-08-14 15:44:09	2026-08-14 15:44:09	NUM100	1.0	NII	\N	\N	\N	\N	\N	\N	\N	\N	\N	\N	\N	\N	\N	\N	\N	\N	\N	\N	\N	\N	\N	\N	\N	\N	\N	\N	\N	NUM100	1.0	NII	DEN060	1.0	AB	NUM100	1.0	NII	DEN060	1.0	AB	\N	\N	\N	\N	\N	\N	\N	\N	\N	\N	\N	\N	NUM008	1.0	RWA	\N	\N	\N	NUM012	1.0	B	DEN003	1.0	B	\N	\N	\N	\N	\N	\N	\N	\N	\N	DEN025	-1.0	CF1	\N	\N	\N	DEN047	1.0	CF1-6	\N	\N	\N	DEN047	1.0	CF7-12	\N	\N	\N	DEN046	1.0	CF12+	\N	\N	\N	\N	\N	\N	\N	\N	\N	\N	\N	\N	NUM092	1.0	B	\N	\N	\N	NUM012	1.0	CF3	DEN003	1.0	B	\N	\N	\N	\N	\N	\N	\N	\N	\N	\N	\N	\N	\N	\N	\N	\N	\N	\N
11	1_2_1_2_2	存放同业定期款项_公司金融部_1M		2026-08-14 15:44:09	2026-08-14 15:44:09	NUM100	1.0	NII	\N	\N	\N	\N	\N	\N	\N	\N	\N	\N	\N	\N	\N	\N	\N	\N	\N	\N	\N	\N	\N	\N	\N	\N	\N	\N	\N	NUM100	1.0	NII	DEN060	1.0	AB	NUM100	1.0	NII	DEN060	1.0	AB	\N	\N	\N	\N	\N	\N	\N	\N	\N	\N	\N	\N	NUM008	1.0	RWA	\N	\N	\N	NUM012	1.0	CF3	DEN003	1.0	CF3	\N	\N	\N	\N	\N	\N	\N	\N	\N	DEN025	-1.0	CF1	\N	\N	\N	DEN049	1.0	CF1-6	\N	\N	\N	DEN049	1.0	CF7-12	\N	\N	\N	DEN048	1.0	CF12+	\N	\N	\N	\N	\N	\N	\N	\N	\N	\N	\N	\N	NUM092	1.0	B	\N	\N	\N	NUM012	1.0	CF3	DEN003	1.0	B	\N	\N	\N	\N	\N	\N	\N	\N	\N	\N	\N	\N	\N	\N	\N	\N	\N	\N
12	1_2_1_2_3	存放同业定期款项_公司金融部_3M		2026-08-14 15:44:09	2026-08-14 15:44:09	NUM100	1.0	NII	\N	\N	\N	\N	\N	\N	\N	\N	\N	\N	\N	\N	\N	\N	\N	\N	\N	\N	\N	\N	\N	\N	\N	\N	\N	\N	\N	NUM100	1.0	NII	DEN060	1.0	AB	NUM100	1.0	NII	DEN060	1.0	AB	\N	\N	\N	\N	\N	\N	\N	\N	\N	\N	\N	\N	NUM008	1.0	RWA	\N	\N	\N	NUM012	1.0	CF3	DEN003	1.0	CF3	\N	\N	\N	\N	\N	\N	\N	\N	\N	DEN025	-1.0	CF1	\N	\N	\N	DEN049	1.0	CF1-6	\N	\N	\N	DEN049	1.0	CF7-12	\N	\N	\N	DEN048	1.0	CF12+	\N	\N	\N	\N	\N	\N	\N	\N	\N	\N	\N	\N	NUM092	1.0	B	\N	\N	\N	NUM012	1.0	CF3	DEN003	1.0	B	\N	\N	\N	\N	\N	\N	\N	\N	\N	\N	\N	\N	\N	\N	\N	\N	\N	\N
13	1_2_1_2_4	存放同业定期款项_公司金融部_6M		2026-08-14 15:44:09	2026-08-14 15:44:09	NUM100	1.0	NII	\N	\N	\N	\N	\N	\N	\N	\N	\N	\N	\N	\N	\N	\N	\N	\N	\N	\N	\N	\N	\N	\N	\N	\N	\N	\N	\N	NUM100	1.0	NII	DEN060	1.0	AB	NUM100	1.0	NII	DEN060	1.0	AB	\N	\N	\N	\N	\N	\N	\N	\N	\N	\N	\N	\N	NUM008	1.0	RWA	\N	\N	\N	NUM012	1.0	CF3	DEN003	1.0	CF3	\N	\N	\N	\N	\N	\N	\N	\N	\N	DEN025	-1.0	CF1	\N	\N	\N	DEN049	1.0	CF1-6	\N	\N	\N	DEN049	1.0	CF7-12	\N	\N	\N	DEN048	1.0	CF12+	\N	\N	\N	\N	\N	\N	\N	\N	\N	\N	\N	\N	NUM092	1.0	B	\N	\N	\N	NUM012	1.0	CF3	DEN003	1.0	B	\N	\N	\N	\N	\N	\N	\N	\N	\N	\N	\N	\N	\N	\N	\N	\N	\N	\N
14	1_2_1_2_5	存放同业定期款项_公司金融部_1Y		2026-08-14 15:44:09	2026-08-14 15:44:09	NUM100	1.0	NII	\N	\N	\N	\N	\N	\N	\N	\N	\N	\N	\N	\N	\N	\N	\N	\N	\N	\N	\N	\N	\N	\N	\N	\N	\N	\N	\N	NUM100	1.0	NII	DEN060	1.0	AB	NUM100	1.0	NII	DEN060	1.0	AB	\N	\N	\N	\N	\N	\N	\N	\N	\N	\N	\N	\N	NUM008	1.0	RWA	\N	\N	\N	NUM012	1.0	CF3	DEN003	1.0	CF3	\N	\N	\N	\N	\N	\N	\N	\N	\N	DEN025	-1.0	CF1	\N	\N	\N	DEN049	1.0	CF1-6	\N	\N	\N	DEN049	1.0	CF7-12	\N	\N	\N	DEN048	1.0	CF12+	\N	\N	\N	\N	\N	\N	\N	\N	\N	\N	\N	\N	NUM092	1.0	B	\N	\N	\N	NUM012	1.0	CF3	DEN003	1.0	B	\N	\N	\N	\N	\N	\N	\N	\N	\N	\N	\N	\N	\N	\N	\N	\N	\N	\N
15	1_2_2_1	拆放同业款项_1D		2026-08-14 15:44:09	2026-08-14 15:44:09	NUM100	1.0	NII	\N	\N	\N	\N	\N	\N	\N	\N	\N	\N	\N	\N	\N	\N	\N	\N	\N	\N	\N	\N	\N	\N	\N	\N	\N	\N	\N	NUM100	1.0	NII	DEN060	1.0	AB	NUM100	1.0	NII	DEN060	1.0	AB	\N	\N	\N	\N	\N	\N	\N	\N	\N	\N	\N	\N	NUM008	1.0	RWA	\N	\N	\N	NUM015	1.0	B	DEN004	1.0	B	\N	\N	\N	\N	\N	\N	\N	\N	\N	DEN025	-1.0	CF1	\N	\N	\N	DEN049	1.0	CF1-6	\N	\N	\N	DEN049	1.0	CF7-12	\N	\N	\N	DEN048	1.0	CF12+	\N	\N	\N	\N	\N	\N	\N	\N	\N	\N	\N	\N	NUM095	1.0	B	\N	\N	\N	NUM015	1.0	CF3	DEN004	1.0	B	\N	\N	\N	\N	\N	\N	\N	\N	\N	\N	\N	\N	\N	\N	\N	\N	\N	\N
16	1_2_2_2	拆放同业款项_1M		2026-08-14 15:44:09	2026-08-14 15:44:09	NUM100	1.0	NII	\N	\N	\N	\N	\N	\N	\N	\N	\N	\N	\N	\N	\N	\N	\N	\N	\N	\N	\N	\N	\N	\N	\N	\N	\N	\N	\N	NUM100	1.0	NII	DEN060	1.0	AB	NUM100	1.0	NII	DEN060	1.0	AB	\N	\N	\N	\N	\N	\N	\N	\N	\N	\N	\N	\N	NUM008	1.0	RWA	\N	\N	\N	NUM015	1.0	CF3	DEN004	1.0	CF3	\N	\N	\N	\N	\N	\N	\N	\N	\N	DEN025	-1.0	CF1	\N	\N	\N	DEN049	1.0	CF1-6	\N	\N	\N	DEN049	1.0	CF7-12	\N	\N	\N	DEN049	1.0	CF12+	\N	\N	\N	\N	\N	\N	\N	\N	\N	\N	\N	\N	NUM095	1.0	B	\N	\N	\N	NUM015	1.0	CF3	DEN004	1.0	B	\N	\N	\N	\N	\N	\N	\N	\N	\N	\N	\N	\N	\N	\N	\N	\N	\N	\N
17	1_2_2_3	拆放同业款项_3M		2026-08-14 15:44:09	2026-08-14 15:44:09	NUM100	1.0	NII	\N	\N	\N	\N	\N	\N	\N	\N	\N	\N	\N	\N	\N	\N	\N	\N	\N	\N	\N	\N	\N	\N	\N	\N	\N	\N	\N	NUM100	1.0	NII	DEN060	1.0	AB	NUM100	1.0	NII	DEN060	1.0	AB	\N	\N	\N	\N	\N	\N	\N	\N	\N	\N	\N	\N	NUM008	1.0	RWA	\N	\N	\N	NUM015	1.0	CF3	DEN004	1.0	CF3	\N	\N	\N	\N	\N	\N	\N	\N	\N	DEN025	-1.0	CF1	\N	\N	\N	DEN049	1.0	CF1-6	\N	\N	\N	DEN049	1.0	CF7-12	\N	\N	\N	DEN049	1.0	CF12+	\N	\N	\N	\N	\N	\N	\N	\N	\N	\N	\N	\N	NUM095	1.0	B	\N	\N	\N	NUM015	1.0	CF3	DEN004	1.0	B	\N	\N	\N	\N	\N	\N	\N	\N	\N	\N	\N	\N	\N	\N	\N	\N	\N	\N
18	1_2_2_4	拆放同业款项_6M		2026-08-14 15:44:09	2026-08-14 15:44:09	NUM100	1.0	NII	\N	\N	\N	\N	\N	\N	\N	\N	\N	\N	\N	\N	\N	\N	\N	\N	\N	\N	\N	\N	\N	\N	\N	\N	\N	\N	\N	NUM100	1.0	NII	DEN060	1.0	AB	NUM100	1.0	NII	DEN060	1.0	AB	\N	\N	\N	\N	\N	\N	\N	\N	\N	\N	\N	\N	NUM008	1.0	RWA	\N	\N	\N	NUM015	1.0	CF3	DEN004	1.0	CF3	\N	\N	\N	\N	\N	\N	\N	\N	\N	DEN025	-1.0	CF1	\N	\N	\N	DEN049	1.0	CF1-6	\N	\N	\N	DEN049	1.0	CF7-12	\N	\N	\N	DEN049	1.0	CF12+	\N	\N	\N	\N	\N	\N	\N	\N	\N	\N	\N	\N	NUM095	1.0	B	\N	\N	\N	NUM015	1.0	CF3	DEN004	1.0	B	\N	\N	\N	\N	\N	\N	\N	\N	\N	\N	\N	\N	\N	\N	\N	\N	\N	\N
19	1_2_2_5	拆放同业款项_1Y		2026-08-14 15:44:09	2026-08-14 15:44:09	NUM100	1.0	NII	\N	\N	\N	\N	\N	\N	\N	\N	\N	\N	\N	\N	\N	\N	\N	\N	\N	\N	\N	\N	\N	\N	\N	\N	\N	\N	\N	NUM100	1.0	NII	DEN060	1.0	AB	NUM100	1.0	NII	DEN060	1.0	AB	\N	\N	\N	\N	\N	\N	\N	\N	\N	\N	\N	\N	NUM008	1.0	RWA	\N	\N	\N	NUM015	1.0	CF3	DEN004	1.0	CF3	\N	\N	\N	\N	\N	\N	\N	\N	\N	DEN025	-1.0	CF1	\N	\N	\N	DEN049	1.0	CF1-6	\N	\N	\N	DEN049	1.0	CF7-12	\N	\N	\N	DEN049	1.0	CF12+	\N	\N	\N	\N	\N	\N	\N	\N	\N	\N	\N	\N	NUM095	1.0	B	\N	\N	\N	NUM015	1.0	CF3	DEN004	1.0	B	\N	\N	\N	\N	\N	\N	\N	\N	\N	\N	\N	\N	\N	\N	\N	\N	\N	\N
20	1_2_3_1_1	买入返售债券_买断式_1D		2026-08-14 15:44:09	2026-08-14 15:44:09	NUM100	1.0	NII	\N	\N	\N	\N	\N	\N	\N	\N	\N	\N	\N	\N	\N	\N	\N	\N	\N	\N	\N	\N	\N	\N	\N	\N	\N	\N	\N	NUM100	1.0	NII	DEN060	1.0	AB	NUM100	1.0	NII	DEN060	1.0	AB	\N	\N	\N	\N	\N	\N	NUM054	1.0	B	\N	\N	\N	NUM008	1.0	RWA	\N	\N	\N	NUM017	1.0	CF3	DEN005	1.0	CF3	\N	\N	\N	\N	\N	\N	\N	\N	\N	DEN024	-1.0	CF1	\N	\N	\N	DEN050	1.0	CF1-6	\N	\N	\N	DEN050	1.0	CF7-12	\N	\N	\N	DEN050	1.0	CF12+	\N	\N	\N	\N	\N	\N	\N	\N	\N	\N	\N	\N	NUM055	1.0	B	\N	\N	\N	NUM017	1.0	CF3	DEN005	1.0	B	\N	\N	\N	\N	\N	\N	\N	\N	\N	\N	\N	\N	\N	\N	\N	\N	\N	\N
21	1_2_3_1_2	买入返售债券_买断式_7D		2026-08-14 15:44:09	2026-08-14 15:44:09	NUM100	1.0	NII	\N	\N	\N	\N	\N	\N	\N	\N	\N	\N	\N	\N	\N	\N	\N	\N	\N	\N	\N	\N	\N	\N	\N	\N	\N	\N	\N	NUM100	1.0	NII	DEN060	1.0	AB	NUM100	1.0	NII	DEN060	1.0	AB	\N	\N	\N	\N	\N	\N	NUM054	1.0	B	\N	\N	\N	NUM008	1.0	RWA	\N	\N	\N	NUM017	1.0	CF3	DEN005	1.0	CF3	\N	\N	\N	\N	\N	\N	\N	\N	\N	DEN024	-1.0	CF1	\N	\N	\N	DEN050	1.0	CF1-6	\N	\N	\N	DEN050	1.0	CF7-12	\N	\N	\N	DEN050	1.0	CF12+	\N	\N	\N	\N	\N	\N	\N	\N	\N	\N	\N	\N	NUM055	1.0	B	\N	\N	\N	NUM017	1.0	CF3	DEN005	1.0	B	\N	\N	\N	\N	\N	\N	\N	\N	\N	\N	\N	\N	\N	\N	\N	\N	\N	\N
22	1_2_3_1_3	买入返售债券_质押式_1D		2026-08-14 15:44:09	2026-08-14 15:44:09	NUM100	1.0	NII	\N	\N	\N	\N	\N	\N	\N	\N	\N	\N	\N	\N	\N	\N	\N	\N	\N	\N	\N	\N	\N	\N	\N	\N	\N	\N	\N	NUM100	1.0	NII	DEN060	1.0	AB	NUM100	1.0	NII	DEN060	1.0	AB	\N	\N	\N	\N	\N	\N	NUM054	1.0	B	\N	\N	\N	NUM008	1.0	RWA	\N	\N	\N	NUM017	1.0	CF3	DEN005	1.0	CF3	\N	\N	\N	\N	\N	\N	\N	\N	\N	DEN024	-1.0	CF1	\N	\N	\N	DEN050	1.0	CF1-6	\N	\N	\N	DEN050	1.0	CF7-12	\N	\N	\N	DEN050	1.0	CF12+	\N	\N	\N	\N	\N	\N	\N	\N	\N	\N	\N	\N	NUM055	1.0	B	\N	\N	\N	NUM017	1.0	CF3	DEN005	1.0	B	\N	\N	\N	\N	\N	\N	\N	\N	\N	\N	\N	\N	\N	\N	\N	\N	\N	\N
23	1_2_3_1_4	买入返售债券_质押式_7D		2026-08-14 15:44:09	2026-08-14 15:44:09	NUM100	1.0	NII	\N	\N	\N	\N	\N	\N	\N	\N	\N	\N	\N	\N	\N	\N	\N	\N	\N	\N	\N	\N	\N	\N	\N	\N	\N	\N	\N	NUM100	1.0	NII	DEN060	1.0	AB	NUM100	1.0	NII	DEN060	1.0	AB	\N	\N	\N	\N	\N	\N	NUM054	1.0	B	\N	\N	\N	NUM008	1.0	RWA	\N	\N	\N	NUM017	1.0	CF3	DEN005	1.0	CF3	\N	\N	\N	\N	\N	\N	\N	\N	\N	DEN024	-1.0	CF1	\N	\N	\N	DEN050	1.0	CF1-6	\N	\N	\N	DEN050	1.0	CF7-12	\N	\N	\N	DEN050	1.0	CF12+	\N	\N	\N	\N	\N	\N	\N	\N	\N	\N	\N	\N	NUM055	1.0	B	\N	\N	\N	NUM017	1.0	CF3	DEN005	1.0	B	\N	\N	\N	\N	\N	\N	\N	\N	\N	\N	\N	\N	\N	\N	\N	\N	\N	\N
24	1_2_3_2_1	买入返售票据_买断式_1D		2026-08-14 15:44:09	2026-08-14 15:44:09	NUM100	1.0	NII	\N	\N	\N	\N	\N	\N	\N	\N	\N	\N	\N	\N	\N	\N	\N	\N	\N	\N	\N	\N	\N	\N	\N	\N	\N	\N	\N	NUM100	1.0	NII	DEN060	1.0	AB	NUM100	1.0	NII	DEN060	1.0	AB	\N	\N	\N	\N	\N	\N	NUM054	1.0	B	\N	\N	\N	NUM008	1.0	RWA	\N	\N	\N	NUM017	1.0	CF3	DEN005	1.0	CF3	\N	\N	\N	\N	\N	\N	\N	\N	\N	DEN024	-1.0	CF1	\N	\N	\N	DEN050	1.0	CF1-6	\N	\N	\N	DEN050	1.0	CF7-12	\N	\N	\N	DEN050	1.0	CF12+	\N	\N	\N	\N	\N	\N	\N	\N	\N	\N	\N	\N	NUM055	1.0	B	\N	\N	\N	NUM017	1.0	CF3	DEN005	1.0	B	\N	\N	\N	\N	\N	\N	\N	\N	\N	\N	\N	\N	\N	\N	\N	\N	\N	\N
25	1_2_3_2_2	买入返售票据_买断式_7D		2026-08-14 15:44:09	2026-08-14 15:44:09	NUM100	1.0	NII	\N	\N	\N	\N	\N	\N	\N	\N	\N	\N	\N	\N	\N	\N	\N	\N	\N	\N	\N	\N	\N	\N	\N	\N	\N	\N	\N	NUM100	1.0	NII	DEN060	1.0	AB	NUM100	1.0	NII	DEN060	1.0	AB	\N	\N	\N	\N	\N	\N	NUM054	1.0	B	\N	\N	\N	NUM008	1.0	RWA	\N	\N	\N	NUM017	1.0	CF3	DEN005	1.0	CF3	\N	\N	\N	\N	\N	\N	\N	\N	\N	DEN024	-1.0	CF1	\N	\N	\N	DEN050	1.0	CF1-6	\N	\N	\N	DEN050	1.0	CF7-12	\N	\N	\N	DEN050	1.0	CF12+	\N	\N	\N	\N	\N	\N	\N	\N	\N	\N	\N	\N	NUM055	1.0	B	\N	\N	\N	NUM017	1.0	CF3	DEN005	1.0	B	\N	\N	\N	\N	\N	\N	\N	\N	\N	\N	\N	\N	\N	\N	\N	\N	\N	\N
26	1_2_3_2_3	买入返售票据_质押式_1D		2026-08-14 15:44:09	2026-08-14 15:44:09	NUM100	1.0	NII	\N	\N	\N	\N	\N	\N	\N	\N	\N	\N	\N	\N	\N	\N	\N	\N	\N	\N	\N	\N	\N	\N	\N	\N	\N	\N	\N	NUM100	1.0	NII	DEN060	1.0	AB	NUM100	1.0	NII	DEN060	1.0	AB	\N	\N	\N	\N	\N	\N	NUM054	1.0	B	\N	\N	\N	NUM008	1.0	RWA	\N	\N	\N	NUM017	1.0	CF3	DEN005	1.0	CF3	\N	\N	\N	\N	\N	\N	\N	\N	\N	DEN024	-1.0	CF1	\N	\N	\N	DEN050	1.0	CF1-6	\N	\N	\N	DEN050	1.0	CF7-12	\N	\N	\N	DEN050	1.0	CF12+	\N	\N	\N	\N	\N	\N	\N	\N	\N	\N	\N	\N	NUM055	1.0	B	\N	\N	\N	NUM017	1.0	CF3	DEN005	1.0	B	\N	\N	\N	\N	\N	\N	\N	\N	\N	\N	\N	\N	\N	\N	\N	\N	\N	\N
27	1_2_3_2_4	买入返售票据_质押式_7D		2026-08-14 15:44:09	2026-08-14 15:44:09	NUM100	1.0	NII	\N	\N	\N	\N	\N	\N	\N	\N	\N	\N	\N	\N	\N	\N	\N	\N	\N	\N	\N	\N	\N	\N	\N	\N	\N	\N	\N	NUM100	1.0	NII	DEN060	1.0	AB	NUM100	1.0	NII	DEN060	1.0	AB	\N	\N	\N	\N	\N	\N	NUM054	1.0	B	\N	\N	\N	NUM008	1.0	RWA	\N	\N	\N	NUM017	1.0	CF3	DEN005	1.0	CF3	\N	\N	\N	\N	\N	\N	\N	\N	\N	DEN024	-1.0	CF1	\N	\N	\N	DEN050	1.0	CF1-6	\N	\N	\N	DEN050	1.0	CF7-12	\N	\N	\N	DEN050	1.0	CF12+	\N	\N	\N	\N	\N	\N	\N	\N	\N	\N	\N	\N	NUM055	1.0	B	\N	\N	\N	NUM017	1.0	CF3	DEN005	1.0	B	\N	\N	\N	\N	\N	\N	\N	\N	\N	\N	\N	\N	\N	\N	\N	\N	\N	\N
28	1_3_1_1_1_1_1	金融市场部_交易性国债投资_司库_1Y		2026-08-14 15:44:09	2026-08-14 15:44:09	NUM100	1.0	NII	\N	\N	\N	\N	\N	\N	\N	\N	\N	\N	\N	\N	\N	\N	\N	\N	\N	\N	\N	\N	\N	NUM086	1.0	NII	DEN056	1.0	AB	NUM100	1.0	NII	DEN060	1.0	AB	NUM100	1.0	NII	DEN060	1.0	AB	\N	\N	\N	\N	\N	\N	NUM059	1.0	B	\N	\N	\N	NUM027	1.0	RWA	\N	\N	\N	NUM022	1.0	CF3	DEN007	1.0	CF3	NUM021	1.0	CF1	\N	\N	\N	NUM003	1.0	B	\N	\N	\N	\N	\N	\N	DEN051	1.0	CF1-6	\N	\N	\N	DEN051	1.0	CF7-12	\N	\N	\N	DEN051	1.0	CF12+	\N	\N	\N	\N	\N	\N	\N	\N	\N	\N	\N	\N	NUM056	1.0	B	\N	\N	\N	NUM022	1.0	CF3	DEN007	1.0	B	\N	\N	\N	\N	\N	\N	\N	\N	\N	\N	\N	\N	\N	\N	\N	\N	\N	\N
29	1_3_1_1_1_1_2	金融市场部_交易性国债投资_司库_3Y		2026-08-14 15:44:09	2026-08-14 15:44:09	NUM100	1.0	NII	\N	\N	\N	\N	\N	\N	\N	\N	\N	\N	\N	\N	\N	\N	\N	\N	\N	\N	\N	\N	\N	NUM086	1.0	NII	DEN056	1.0	AB	NUM100	1.0	NII	DEN060	1.0	AB	NUM100	1.0	NII	DEN060	1.0	AB	\N	\N	\N	\N	\N	\N	NUM059	1.0	B	\N	\N	\N	NUM027	1.0	RWA	\N	\N	\N	NUM022	1.0	CF3	DEN007	1.0	CF3	NUM021	1.0	CF1	\N	\N	\N	NUM003	1.0	B	\N	\N	\N	\N	\N	\N	DEN051	1.0	CF1-6	\N	\N	\N	DEN051	1.0	CF7-12	\N	\N	\N	DEN051	1.0	CF12+	\N	\N	\N	\N	\N	\N	\N	\N	\N	\N	\N	\N	NUM056	1.0	B	\N	\N	\N	NUM022	1.0	CF3	DEN007	1.0	B	\N	\N	\N	\N	\N	\N	\N	\N	\N	\N	\N	\N	\N	\N	\N	\N	\N	\N
30	1_3_1_1_1_1_3	金融市场部_交易性国债投资_司库_5Y		2026-08-14 15:44:09	2026-08-14 15:44:09	NUM100	1.0	NII	\N	\N	\N	\N	\N	\N	\N	\N	\N	\N	\N	\N	\N	\N	\N	\N	\N	\N	\N	\N	\N	NUM086	1.0	NII	DEN056	1.0	AB	NUM100	1.0	NII	DEN060	1.0	AB	NUM100	1.0	NII	DEN060	1.0	AB	\N	\N	\N	\N	\N	\N	NUM059	1.0	B	\N	\N	\N	NUM027	1.0	RWA	\N	\N	\N	NUM022	1.0	CF3	DEN007	1.0	CF3	NUM021	1.0	CF1	\N	\N	\N	NUM003	1.0	B	\N	\N	\N	\N	\N	\N	DEN051	1.0	CF1-6	\N	\N	\N	DEN051	1.0	CF7-12	\N	\N	\N	DEN051	1.0	CF12+	\N	\N	\N	\N	\N	\N	\N	\N	\N	\N	\N	\N	NUM056	1.0	B	\N	\N	\N	NUM022	1.0	CF3	DEN007	1.0	B	\N	\N	\N	\N	\N	\N	\N	\N	\N	\N	\N	\N	\N	\N	\N	\N	\N	\N
31	1_3_1_1_1_1_4	金融市场部_交易性国债投资_司库_10Y		2026-08-14 15:44:09	2026-08-14 15:44:09	NUM100	1.0	NII	\N	\N	\N	\N	\N	\N	\N	\N	\N	\N	\N	\N	\N	\N	\N	\N	\N	\N	\N	\N	\N	NUM086	1.0	NII	DEN056	1.0	AB	NUM100	1.0	NII	DEN060	1.0	AB	NUM100	1.0	NII	DEN060	1.0	AB	\N	\N	\N	\N	\N	\N	NUM059	1.0	B	\N	\N	\N	NUM027	1.0	RWA	\N	\N	\N	NUM022	1.0	CF3	DEN007	1.0	CF3	NUM021	1.0	CF1	\N	\N	\N	NUM003	1.0	B	\N	\N	\N	\N	\N	\N	DEN051	1.0	CF1-6	\N	\N	\N	DEN051	1.0	CF7-12	\N	\N	\N	DEN051	1.0	CF12+	\N	\N	\N	\N	\N	\N	\N	\N	\N	\N	\N	\N	NUM056	1.0	B	\N	\N	\N	NUM022	1.0	CF3	DEN007	1.0	B	\N	\N	\N	\N	\N	\N	\N	\N	\N	\N	\N	\N	\N	\N	\N	\N	\N	\N
32	1_3_1_1_1_2_1_1	金融市场部_交易性国债投资_非司库_交易账户_1Y		2026-08-14 15:44:09	2026-08-14 15:44:09	NUM100	1.0	NII	\N	\N	\N	\N	\N	\N	\N	\N	\N	\N	\N	\N	\N	\N	\N	\N	\N	\N	\N	\N	\N	NUM086	1.0	NII	DEN056	1.0	AB	NUM100	1.0	NII	DEN060	1.0	AB	NUM100	1.0	NII	DEN060	1.0	AB	\N	\N	\N	\N	\N	\N	NUM059	1.0	B	\N	\N	\N	NUM027	1.0	RWA	\N	\N	\N	NUM022	1.0	B	DEN007	1.0	B	\N	\N	\N	\N	\N	\N	NUM003	1.0	B	\N	\N	\N	\N	\N	\N	DEN051	1.0	CF1-6	\N	\N	\N	DEN051	1.0	CF7-12	\N	\N	\N	DEN051	1.0	CF12+	\N	\N	\N	\N	\N	\N	\N	\N	\N	\N	\N	\N	NUM056	1.0	B	\N	\N	\N	NUM022	1.0	CF3	DEN007	1.0	B	\N	\N	\N	\N	\N	\N	\N	\N	\N	\N	\N	\N	\N	\N	\N	\N	\N	\N
33	1_3_1_1_1_2_1_2	金融市场部_交易性国债投资_非司库_交易账户_3Y		2026-08-14 15:44:09	2026-08-14 15:44:09	NUM100	1.0	NII	\N	\N	\N	\N	\N	\N	\N	\N	\N	\N	\N	\N	\N	\N	\N	\N	\N	\N	\N	\N	\N	NUM086	1.0	NII	DEN056	1.0	AB	NUM100	1.0	NII	DEN060	1.0	AB	NUM100	1.0	NII	DEN060	1.0	AB	\N	\N	\N	\N	\N	\N	NUM059	1.0	B	\N	\N	\N	NUM027	1.0	RWA	\N	\N	\N	NUM022	1.0	B	DEN007	1.0	B	\N	\N	\N	\N	\N	\N	NUM003	1.0	B	\N	\N	\N	\N	\N	\N	DEN051	1.0	CF1-6	\N	\N	\N	DEN051	1.0	CF7-12	\N	\N	\N	DEN051	1.0	CF12+	\N	\N	\N	\N	\N	\N	\N	\N	\N	\N	\N	\N	NUM056	1.0	B	\N	\N	\N	NUM022	1.0	CF3	DEN007	1.0	B	\N	\N	\N	\N	\N	\N	\N	\N	\N	\N	\N	\N	\N	\N	\N	\N	\N	\N
34	1_3_1_1_1_2_1_3	金融市场部_交易性国债投资_非司库_交易账户_5Y		2026-08-14 15:44:09	2026-08-14 15:44:09	NUM100	1.0	NII	\N	\N	\N	\N	\N	\N	\N	\N	\N	\N	\N	\N	\N	\N	\N	\N	\N	\N	\N	\N	\N	NUM086	1.0	NII	DEN056	1.0	AB	NUM100	1.0	NII	DEN060	1.0	AB	NUM100	1.0	NII	DEN060	1.0	AB	\N	\N	\N	\N	\N	\N	NUM059	1.0	B	\N	\N	\N	NUM027	1.0	RWA	\N	\N	\N	NUM022	1.0	B	DEN007	1.0	B	\N	\N	\N	\N	\N	\N	NUM003	1.0	B	\N	\N	\N	\N	\N	\N	DEN051	1.0	CF1-6	\N	\N	\N	DEN051	1.0	CF7-12	\N	\N	\N	DEN051	1.0	CF12+	\N	\N	\N	\N	\N	\N	\N	\N	\N	\N	\N	\N	NUM056	1.0	B	\N	\N	\N	NUM022	1.0	CF3	DEN007	1.0	B	\N	\N	\N	\N	\N	\N	\N	\N	\N	\N	\N	\N	\N	\N	\N	\N	\N	\N
35	1_3_1_1_1_2_1_4	金融市场部_交易性国债投资_非司库_交易账户_10Y		2026-08-14 15:44:09	2026-08-14 15:44:09	NUM100	1.0	NII	\N	\N	\N	\N	\N	\N	\N	\N	\N	\N	\N	\N	\N	\N	\N	\N	\N	\N	\N	\N	\N	NUM086	1.0	NII	DEN056	1.0	AB	NUM100	1.0	NII	DEN060	1.0	AB	NUM100	1.0	NII	DEN060	1.0	AB	\N	\N	\N	\N	\N	\N	NUM059	1.0	B	\N	\N	\N	NUM027	1.0	RWA	\N	\N	\N	NUM022	1.0	B	DEN007	1.0	B	\N	\N	\N	\N	\N	\N	NUM003	1.0	B	\N	\N	\N	\N	\N	\N	DEN051	1.0	CF1-6	\N	\N	\N	DEN051	1.0	CF7-12	\N	\N	\N	DEN051	1.0	CF12+	\N	\N	\N	\N	\N	\N	\N	\N	\N	\N	\N	\N	NUM056	1.0	B	\N	\N	\N	NUM022	1.0	CF3	DEN007	1.0	B	\N	\N	\N	\N	\N	\N	\N	\N	\N	\N	\N	\N	\N	\N	\N	\N	\N	\N
36	1_3_1_1_1_2_2_1	金融市场部_交易性国债投资_非司库_银行账户_1Y		2026-08-14 15:44:09	2026-08-14 15:44:09	NUM100	1.0	NII	\N	\N	\N	\N	\N	\N	\N	\N	\N	\N	\N	\N	\N	\N	\N	\N	\N	\N	\N	\N	\N	NUM086	1.0	NII	DEN056	1.0	AB	NUM100	1.0	NII	DEN060	1.0	AB	NUM100	1.0	NII	DEN060	1.0	AB	\N	\N	\N	\N	\N	\N	NUM059	1.0	B	\N	\N	\N	NUM027	1.0	RWA	\N	\N	\N	NUM022	1.0	CF3	DEN007	1.0	CF3	NUM021	1.0	CF1	\N	\N	\N	NUM003	1.0	B	\N	\N	\N	\N	\N	\N	DEN051	1.0	CF1-6	\N	\N	\N	DEN051	1.0	CF7-12	\N	\N	\N	DEN051	1.0	CF12+	\N	\N	\N	\N	\N	\N	\N	\N	\N	\N	\N	\N	NUM056	1.0	B	\N	\N	\N	NUM022	1.0	CF3	DEN007	1.0	B	\N	\N	\N	\N	\N	\N	\N	\N	\N	\N	\N	\N	\N	\N	\N	\N	\N	\N
37	1_3_1_1_1_2_2_2	金融市场部_交易性国债投资_非司库_银行账户_3Y		2026-08-14 15:44:09	2026-08-14 15:44:09	NUM100	1.0	NII	\N	\N	\N	\N	\N	\N	\N	\N	\N	\N	\N	\N	\N	\N	\N	\N	\N	\N	\N	\N	\N	NUM086	1.0	NII	DEN056	1.0	AB	NUM100	1.0	NII	DEN060	1.0	AB	NUM100	1.0	NII	DEN060	1.0	AB	\N	\N	\N	\N	\N	\N	NUM059	1.0	B	\N	\N	\N	NUM027	1.0	RWA	\N	\N	\N	NUM022	1.0	CF3	DEN007	1.0	CF3	NUM021	1.0	CF1	\N	\N	\N	NUM003	1.0	B	\N	\N	\N	\N	\N	\N	DEN051	1.0	CF1-6	\N	\N	\N	DEN051	1.0	CF7-12	\N	\N	\N	DEN051	1.0	CF12+	\N	\N	\N	\N	\N	\N	\N	\N	\N	\N	\N	\N	NUM056	1.0	B	\N	\N	\N	NUM022	1.0	CF3	DEN007	1.0	B	\N	\N	\N	\N	\N	\N	\N	\N	\N	\N	\N	\N	\N	\N	\N	\N	\N	\N
38	1_3_1_1_1_2_2_3	金融市场部_交易性国债投资_非司库_银行账户_5Y		2026-08-14 15:44:09	2026-08-14 15:44:09	NUM100	1.0	NII	\N	\N	\N	\N	\N	\N	\N	\N	\N	\N	\N	\N	\N	\N	\N	\N	\N	\N	\N	\N	\N	NUM086	1.0	NII	DEN056	1.0	AB	NUM100	1.0	NII	DEN060	1.0	AB	NUM100	1.0	NII	DEN060	1.0	AB	\N	\N	\N	\N	\N	\N	NUM059	1.0	B	\N	\N	\N	NUM027	1.0	RWA	\N	\N	\N	NUM022	1.0	CF3	DEN007	1.0	CF3	NUM021	1.0	CF1	\N	\N	\N	NUM003	1.0	B	\N	\N	\N	\N	\N	\N	DEN051	1.0	CF1-6	\N	\N	\N	DEN051	1.0	CF7-12	\N	\N	\N	DEN051	1.0	CF12+	\N	\N	\N	\N	\N	\N	\N	\N	\N	\N	\N	\N	NUM056	1.0	B	\N	\N	\N	NUM022	1.0	CF3	DEN007	1.0	B	\N	\N	\N	\N	\N	\N	\N	\N	\N	\N	\N	\N	\N	\N	\N	\N	\N	\N
39	1_3_1_1_1_2_2_4	金融市场部_交易性国债投资_非司库_银行账户_10Y		2026-08-14 15:44:09	2026-08-14 15:44:09	NUM100	1.0	NII	\N	\N	\N	\N	\N	\N	\N	\N	\N	\N	\N	\N	\N	\N	\N	\N	\N	\N	\N	\N	\N	NUM086	1.0	NII	DEN056	1.0	AB	NUM100	1.0	NII	DEN060	1.0	AB	NUM100	1.0	NII	DEN060	1.0	AB	\N	\N	\N	\N	\N	\N	NUM059	1.0	B	\N	\N	\N	NUM027	1.0	RWA	\N	\N	\N	NUM022	1.0	CF3	DEN007	1.0	CF3	NUM021	1.0	CF1	\N	\N	\N	NUM003	1.0	B	\N	\N	\N	\N	\N	\N	DEN051	1.0	CF1-6	\N	\N	\N	DEN051	1.0	CF7-12	\N	\N	\N	DEN051	1.0	CF12+	\N	\N	\N	\N	\N	\N	\N	\N	\N	\N	\N	\N	NUM056	1.0	B	\N	\N	\N	NUM022	1.0	CF3	DEN007	1.0	B	\N	\N	\N	\N	\N	\N	\N	\N	\N	\N	\N	\N	\N	\N	\N	\N	\N	\N
40	1_3_1_1_2_1_1	金融市场部_交易性央票投资_司库_1Y		2026-08-14 15:44:09	2026-08-14 15:44:09	NUM100	1.0	NII	\N	\N	\N	\N	\N	\N	\N	\N	\N	\N	\N	\N	\N	\N	\N	\N	\N	\N	\N	\N	\N	NUM086	1.0	NII	DEN056	1.0	AB	NUM100	1.0	NII	DEN060	1.0	AB	NUM100	1.0	NII	DEN060	1.0	AB	\N	\N	\N	\N	\N	\N	NUM059	1.0	B	\N	\N	\N	NUM027	1.0	RWA	\N	\N	\N	NUM022	1.0	CF3	DEN007	1.0	CF3	NUM021	1.0	CF1	\N	\N	\N	NUM003	1.0	B	\N	\N	\N	\N	\N	\N	DEN051	1.0	CF1-6	\N	\N	\N	DEN051	1.0	CF7-12	\N	\N	\N	DEN051	1.0	CF12+	\N	\N	\N	\N	\N	\N	\N	\N	\N	\N	\N	\N	NUM056	1.0	B	\N	\N	\N	NUM022	1.0	CF3	DEN007	1.0	B	\N	\N	\N	\N	\N	\N	\N	\N	\N	\N	\N	\N	\N	\N	\N	\N	\N	\N
41	1_3_1_1_2_1_2	金融市场部_交易性央票投资_司库_3Y		2026-08-14 15:44:09	2026-08-14 15:44:09	NUM100	1.0	NII	\N	\N	\N	\N	\N	\N	\N	\N	\N	\N	\N	\N	\N	\N	\N	\N	\N	\N	\N	\N	\N	NUM086	1.0	NII	DEN056	1.0	AB	NUM100	1.0	NII	DEN060	1.0	AB	NUM100	1.0	NII	DEN060	1.0	AB	\N	\N	\N	\N	\N	\N	NUM059	1.0	B	\N	\N	\N	NUM027	1.0	RWA	\N	\N	\N	NUM022	1.0	CF3	DEN007	1.0	CF3	NUM021	1.0	CF1	\N	\N	\N	NUM003	1.0	B	\N	\N	\N	\N	\N	\N	DEN051	1.0	CF1-6	\N	\N	\N	DEN051	1.0	CF7-12	\N	\N	\N	DEN051	1.0	CF12+	\N	\N	\N	\N	\N	\N	\N	\N	\N	\N	\N	\N	NUM056	1.0	B	\N	\N	\N	NUM022	1.0	CF3	DEN007	1.0	B	\N	\N	\N	\N	\N	\N	\N	\N	\N	\N	\N	\N	\N	\N	\N	\N	\N	\N
42	1_3_1_1_2_1_3	金融市场部_交易性央票投资_司库_5Y		2026-08-14 15:44:09	2026-08-14 15:44:09	NUM100	1.0	NII	\N	\N	\N	\N	\N	\N	\N	\N	\N	\N	\N	\N	\N	\N	\N	\N	\N	\N	\N	\N	\N	NUM086	1.0	NII	DEN056	1.0	AB	NUM100	1.0	NII	DEN060	1.0	AB	NUM100	1.0	NII	DEN060	1.0	AB	\N	\N	\N	\N	\N	\N	NUM059	1.0	B	\N	\N	\N	NUM027	1.0	RWA	\N	\N	\N	NUM022	1.0	CF3	DEN007	1.0	CF3	NUM021	1.0	CF1	\N	\N	\N	NUM003	1.0	B	\N	\N	\N	\N	\N	\N	DEN051	1.0	CF1-6	\N	\N	\N	DEN051	1.0	CF7-12	\N	\N	\N	DEN051	1.0	CF12+	\N	\N	\N	\N	\N	\N	\N	\N	\N	\N	\N	\N	NUM056	1.0	B	\N	\N	\N	NUM022	1.0	CF3	DEN007	1.0	B	\N	\N	\N	\N	\N	\N	\N	\N	\N	\N	\N	\N	\N	\N	\N	\N	\N	\N
43	1_3_1_1_2_1_4	金融市场部_交易性央票投资_司库_10Y		2026-08-14 15:44:09	2026-08-14 15:44:09	NUM100	1.0	NII	\N	\N	\N	\N	\N	\N	\N	\N	\N	\N	\N	\N	\N	\N	\N	\N	\N	\N	\N	\N	\N	NUM086	1.0	NII	DEN056	1.0	AB	NUM100	1.0	NII	DEN060	1.0	AB	NUM100	1.0	NII	DEN060	1.0	AB	\N	\N	\N	\N	\N	\N	NUM059	1.0	B	\N	\N	\N	NUM027	1.0	RWA	\N	\N	\N	NUM022	1.0	CF3	DEN007	1.0	CF3	NUM021	1.0	CF1	\N	\N	\N	NUM003	1.0	B	\N	\N	\N	\N	\N	\N	DEN051	1.0	CF1-6	\N	\N	\N	DEN051	1.0	CF7-12	\N	\N	\N	DEN051	1.0	CF12+	\N	\N	\N	\N	\N	\N	\N	\N	\N	\N	\N	\N	NUM056	1.0	B	\N	\N	\N	NUM022	1.0	CF3	DEN007	1.0	B	\N	\N	\N	\N	\N	\N	\N	\N	\N	\N	\N	\N	\N	\N	\N	\N	\N	\N
44	1_3_1_1_2_2_1_1	金融市场部_交易性央票投资_非司库_交易账户_1Y		2026-08-14 15:44:09	2026-08-14 15:44:09	NUM100	1.0	NII	\N	\N	\N	\N	\N	\N	\N	\N	\N	\N	\N	\N	\N	\N	\N	\N	\N	\N	\N	\N	\N	NUM086	1.0	NII	DEN056	1.0	AB	NUM100	1.0	NII	DEN060	1.0	AB	NUM100	1.0	NII	DEN060	1.0	AB	\N	\N	\N	\N	\N	\N	NUM059	1.0	B	\N	\N	\N	NUM027	1.0	RWA	\N	\N	\N	NUM022	1.0	B	DEN007	1.0	B	\N	\N	\N	\N	\N	\N	NUM003	1.0	B	\N	\N	\N	\N	\N	\N	DEN051	1.0	CF1-6	\N	\N	\N	DEN051	1.0	CF7-12	\N	\N	\N	DEN051	1.0	CF12+	\N	\N	\N	\N	\N	\N	\N	\N	\N	\N	\N	\N	NUM056	1.0	B	\N	\N	\N	NUM022	1.0	CF3	DEN007	1.0	B	\N	\N	\N	\N	\N	\N	\N	\N	\N	\N	\N	\N	\N	\N	\N	\N	\N	\N
45	1_3_1_1_2_2_1_2	金融市场部_交易性央票投资_非司库_交易账户_3Y		2026-08-14 15:44:09	2026-08-14 15:44:09	NUM100	1.0	NII	\N	\N	\N	\N	\N	\N	\N	\N	\N	\N	\N	\N	\N	\N	\N	\N	\N	\N	\N	\N	\N	NUM086	1.0	NII	DEN056	1.0	AB	NUM100	1.0	NII	DEN060	1.0	AB	NUM100	1.0	NII	DEN060	1.0	AB	\N	\N	\N	\N	\N	\N	NUM059	1.0	B	\N	\N	\N	NUM027	1.0	RWA	\N	\N	\N	NUM022	1.0	B	DEN007	1.0	B	\N	\N	\N	\N	\N	\N	NUM003	1.0	B	\N	\N	\N	\N	\N	\N	DEN051	1.0	CF1-6	\N	\N	\N	DEN051	1.0	CF7-12	\N	\N	\N	DEN051	1.0	CF12+	\N	\N	\N	\N	\N	\N	\N	\N	\N	\N	\N	\N	NUM056	1.0	B	\N	\N	\N	NUM022	1.0	CF3	DEN007	1.0	B	\N	\N	\N	\N	\N	\N	\N	\N	\N	\N	\N	\N	\N	\N	\N	\N	\N	\N
46	1_3_1_1_2_2_1_3	金融市场部_交易性央票投资_非司库_交易账户_5Y		2026-08-14 15:44:09	2026-08-14 15:44:09	NUM100	1.0	NII	\N	\N	\N	\N	\N	\N	\N	\N	\N	\N	\N	\N	\N	\N	\N	\N	\N	\N	\N	\N	\N	NUM086	1.0	NII	DEN056	1.0	AB	NUM100	1.0	NII	DEN060	1.0	AB	NUM100	1.0	NII	DEN060	1.0	AB	\N	\N	\N	\N	\N	\N	NUM059	1.0	B	\N	\N	\N	NUM027	1.0	RWA	\N	\N	\N	NUM022	1.0	B	DEN007	1.0	B	\N	\N	\N	\N	\N	\N	NUM003	1.0	B	\N	\N	\N	\N	\N	\N	DEN051	1.0	CF1-6	\N	\N	\N	DEN051	1.0	CF7-12	\N	\N	\N	DEN051	1.0	CF12+	\N	\N	\N	\N	\N	\N	\N	\N	\N	\N	\N	\N	NUM056	1.0	B	\N	\N	\N	NUM022	1.0	CF3	DEN007	1.0	B	\N	\N	\N	\N	\N	\N	\N	\N	\N	\N	\N	\N	\N	\N	\N	\N	\N	\N
47	1_3_1_1_2_2_1_4	金融市场部_交易性央票投资_非司库_交易账户_10Y		2026-08-14 15:44:09	2026-08-14 15:44:09	NUM100	1.0	NII	\N	\N	\N	\N	\N	\N	\N	\N	\N	\N	\N	\N	\N	\N	\N	\N	\N	\N	\N	\N	\N	NUM086	1.0	NII	DEN056	1.0	AB	NUM100	1.0	NII	DEN060	1.0	AB	NUM100	1.0	NII	DEN060	1.0	AB	\N	\N	\N	\N	\N	\N	NUM059	1.0	B	\N	\N	\N	NUM027	1.0	RWA	\N	\N	\N	NUM022	1.0	B	DEN007	1.0	B	\N	\N	\N	\N	\N	\N	NUM003	1.0	B	\N	\N	\N	\N	\N	\N	DEN051	1.0	CF1-6	\N	\N	\N	DEN051	1.0	CF7-12	\N	\N	\N	DEN051	1.0	CF12+	\N	\N	\N	\N	\N	\N	\N	\N	\N	\N	\N	\N	NUM056	1.0	B	\N	\N	\N	NUM022	1.0	CF3	DEN007	1.0	B	\N	\N	\N	\N	\N	\N	\N	\N	\N	\N	\N	\N	\N	\N	\N	\N	\N	\N
48	1_3_1_1_2_2_2_1	金融市场部_交易性央票投资_非司库_银行账户_1Y		2026-08-14 15:44:09	2026-08-14 15:44:09	NUM100	1.0	NII	\N	\N	\N	\N	\N	\N	\N	\N	\N	\N	\N	\N	\N	\N	\N	\N	\N	\N	\N	\N	\N	NUM086	1.0	NII	DEN056	1.0	AB	NUM100	1.0	NII	DEN060	1.0	AB	NUM100	1.0	NII	DEN060	1.0	AB	\N	\N	\N	\N	\N	\N	NUM059	1.0	B	\N	\N	\N	NUM027	1.0	RWA	\N	\N	\N	NUM022	1.0	CF3	DEN007	1.0	CF3	NUM021	1.0	CF1	\N	\N	\N	NUM003	1.0	B	\N	\N	\N	\N	\N	\N	DEN051	1.0	CF1-6	\N	\N	\N	DEN051	1.0	CF7-12	\N	\N	\N	DEN051	1.0	CF12+	\N	\N	\N	\N	\N	\N	\N	\N	\N	\N	\N	\N	NUM056	1.0	B	\N	\N	\N	NUM022	1.0	CF3	DEN007	1.0	B	\N	\N	\N	\N	\N	\N	\N	\N	\N	\N	\N	\N	\N	\N	\N	\N	\N	\N
49	1_3_1_1_2_2_2_2	金融市场部_交易性央票投资_非司库_银行账户_3Y		2026-08-14 15:44:09	2026-08-14 15:44:09	NUM100	1.0	NII	\N	\N	\N	\N	\N	\N	\N	\N	\N	\N	\N	\N	\N	\N	\N	\N	\N	\N	\N	\N	\N	NUM086	1.0	NII	DEN056	1.0	AB	NUM100	1.0	NII	DEN060	1.0	AB	NUM100	1.0	NII	DEN060	1.0	AB	\N	\N	\N	\N	\N	\N	NUM059	1.0	B	\N	\N	\N	NUM027	1.0	RWA	\N	\N	\N	NUM022	1.0	CF3	DEN007	1.0	CF3	NUM021	1.0	CF1	\N	\N	\N	NUM003	1.0	B	\N	\N	\N	\N	\N	\N	DEN051	1.0	CF1-6	\N	\N	\N	DEN051	1.0	CF7-12	\N	\N	\N	DEN051	1.0	CF12+	\N	\N	\N	\N	\N	\N	\N	\N	\N	\N	\N	\N	NUM056	1.0	B	\N	\N	\N	NUM022	1.0	CF3	DEN007	1.0	B	\N	\N	\N	\N	\N	\N	\N	\N	\N	\N	\N	\N	\N	\N	\N	\N	\N	\N
50	1_3_1_1_2_2_2_3	金融市场部_交易性央票投资_非司库_银行账户_5Y		2026-08-14 15:44:09	2026-08-14 15:44:09	NUM100	1.0	NII	\N	\N	\N	\N	\N	\N	\N	\N	\N	\N	\N	\N	\N	\N	\N	\N	\N	\N	\N	\N	\N	NUM086	1.0	NII	DEN056	1.0	AB	NUM100	1.0	NII	DEN060	1.0	AB	NUM100	1.0	NII	DEN060	1.0	AB	\N	\N	\N	\N	\N	\N	NUM059	1.0	B	\N	\N	\N	NUM027	1.0	RWA	\N	\N	\N	NUM022	1.0	CF3	DEN007	1.0	CF3	NUM021	1.0	CF1	\N	\N	\N	NUM003	1.0	B	\N	\N	\N	\N	\N	\N	DEN051	1.0	CF1-6	\N	\N	\N	DEN051	1.0	CF7-12	\N	\N	\N	DEN051	1.0	CF12+	\N	\N	\N	\N	\N	\N	\N	\N	\N	\N	\N	\N	NUM056	1.0	B	\N	\N	\N	NUM022	1.0	CF3	DEN007	1.0	B	\N	\N	\N	\N	\N	\N	\N	\N	\N	\N	\N	\N	\N	\N	\N	\N	\N	\N
51	1_3_1_1_2_2_2_4	金融市场部_交易性央票投资_非司库_银行账户_10Y		2026-08-14 15:44:09	2026-08-14 15:44:09	NUM100	1.0	NII	\N	\N	\N	\N	\N	\N	\N	\N	\N	\N	\N	\N	\N	\N	\N	\N	\N	\N	\N	\N	\N	NUM086	1.0	NII	DEN056	1.0	AB	NUM100	1.0	NII	DEN060	1.0	AB	NUM100	1.0	NII	DEN060	1.0	AB	\N	\N	\N	\N	\N	\N	NUM059	1.0	B	\N	\N	\N	NUM027	1.0	RWA	\N	\N	\N	NUM022	1.0	CF3	DEN007	1.0	CF3	NUM021	1.0	CF1	\N	\N	\N	NUM003	1.0	B	\N	\N	\N	\N	\N	\N	DEN051	1.0	CF1-6	\N	\N	\N	DEN051	1.0	CF7-12	\N	\N	\N	DEN051	1.0	CF12+	\N	\N	\N	\N	\N	\N	\N	\N	\N	\N	\N	\N	NUM056	1.0	B	\N	\N	\N	NUM022	1.0	CF3	DEN007	1.0	B	\N	\N	\N	\N	\N	\N	\N	\N	\N	\N	\N	\N	\N	\N	\N	\N	\N	\N
52	1_3_1_1_3_1_1	金融市场部_交易性地方政府债投资_司库_1Y		2026-08-14 15:44:09	2026-08-14 15:44:09	NUM100	1.0	NII	\N	\N	\N	\N	\N	\N	\N	\N	\N	\N	\N	\N	\N	\N	\N	\N	\N	\N	\N	\N	\N	NUM086	1.0	NII	DEN056	1.0	AB	NUM100	1.0	NII	DEN060	1.0	AB	NUM100	1.0	NII	DEN060	1.0	AB	\N	\N	\N	\N	\N	\N	NUM059	1.0	B	\N	\N	\N	NUM027	1.0	RWA	\N	\N	\N	NUM022	1.0	CF3	DEN007	1.0	CF3	NUM021	1.0	CF1	\N	\N	\N	NUM007	0.85	B	\N	\N	\N	\N	\N	\N	DEN051	1.0	CF1-6	\N	\N	\N	DEN051	1.0	CF7-12	\N	\N	\N	DEN051	1.0	CF12+	\N	\N	\N	\N	\N	\N	\N	\N	\N	\N	\N	\N	NUM056	1.0	B	\N	\N	\N	NUM022	1.0	CF3	DEN007	1.0	B	\N	\N	\N	\N	\N	\N	\N	\N	\N	\N	\N	\N	\N	\N	\N	\N	\N	\N
53	1_3_1_1_3_1_2	金融市场部_交易性地方政府债投资_司库_3Y		2026-08-14 15:44:09	2026-08-14 15:44:09	NUM100	1.0	NII	\N	\N	\N	\N	\N	\N	\N	\N	\N	\N	\N	\N	\N	\N	\N	\N	\N	\N	\N	\N	\N	NUM086	1.0	NII	DEN056	1.0	AB	NUM100	1.0	NII	DEN060	1.0	AB	NUM100	1.0	NII	DEN060	1.0	AB	\N	\N	\N	\N	\N	\N	NUM059	1.0	B	\N	\N	\N	NUM027	1.0	RWA	\N	\N	\N	NUM022	1.0	CF3	DEN007	1.0	CF3	NUM021	1.0	CF1	\N	\N	\N	NUM007	0.85	B	\N	\N	\N	\N	\N	\N	DEN051	1.0	CF1-6	\N	\N	\N	DEN051	1.0	CF7-12	\N	\N	\N	DEN051	1.0	CF12+	\N	\N	\N	\N	\N	\N	\N	\N	\N	\N	\N	\N	NUM056	1.0	B	\N	\N	\N	NUM022	1.0	CF3	DEN007	1.0	B	\N	\N	\N	\N	\N	\N	\N	\N	\N	\N	\N	\N	\N	\N	\N	\N	\N	\N
54	1_3_1_1_3_1_3	金融市场部_交易性地方政府债投资_司库_5Y		2026-08-14 15:44:09	2026-08-14 15:44:09	NUM100	1.0	NII	\N	\N	\N	\N	\N	\N	\N	\N	\N	\N	\N	\N	\N	\N	\N	\N	\N	\N	\N	\N	\N	NUM086	1.0	NII	DEN056	1.0	AB	NUM100	1.0	NII	DEN060	1.0	AB	NUM100	1.0	NII	DEN060	1.0	AB	\N	\N	\N	\N	\N	\N	NUM059	1.0	B	\N	\N	\N	NUM027	1.0	RWA	\N	\N	\N	NUM022	1.0	CF3	DEN007	1.0	CF3	NUM021	1.0	CF1	\N	\N	\N	NUM007	0.85	B	\N	\N	\N	\N	\N	\N	DEN051	1.0	CF1-6	\N	\N	\N	DEN051	1.0	CF7-12	\N	\N	\N	DEN051	1.0	CF12+	\N	\N	\N	\N	\N	\N	\N	\N	\N	\N	\N	\N	NUM056	1.0	B	\N	\N	\N	NUM022	1.0	CF3	DEN007	1.0	B	\N	\N	\N	\N	\N	\N	\N	\N	\N	\N	\N	\N	\N	\N	\N	\N	\N	\N
55	1_3_1_1_3_1_4	金融市场部_交易性地方政府债投资_司库_10Y		2026-08-14 15:44:09	2026-08-14 15:44:09	NUM100	1.0	NII	\N	\N	\N	\N	\N	\N	\N	\N	\N	\N	\N	\N	\N	\N	\N	\N	\N	\N	\N	\N	\N	NUM086	1.0	NII	DEN056	1.0	AB	NUM100	1.0	NII	DEN060	1.0	AB	NUM100	1.0	NII	DEN060	1.0	AB	\N	\N	\N	\N	\N	\N	NUM059	1.0	B	\N	\N	\N	NUM027	1.0	RWA	\N	\N	\N	NUM022	1.0	CF3	DEN007	1.0	CF3	NUM021	1.0	CF1	\N	\N	\N	NUM007	0.85	B	\N	\N	\N	\N	\N	\N	DEN051	1.0	CF1-6	\N	\N	\N	DEN051	1.0	CF7-12	\N	\N	\N	DEN051	1.0	CF12+	\N	\N	\N	\N	\N	\N	\N	\N	\N	\N	\N	\N	NUM056	1.0	B	\N	\N	\N	NUM022	1.0	CF3	DEN007	1.0	B	\N	\N	\N	\N	\N	\N	\N	\N	\N	\N	\N	\N	\N	\N	\N	\N	\N	\N
56	1_3_1_1_3_2_1_1	金融市场部_交易性地方政府债投资_非司库_交易账户_1Y		2026-08-14 15:44:09	2026-08-14 15:44:09	NUM100	1.0	NII	\N	\N	\N	\N	\N	\N	\N	\N	\N	\N	\N	\N	\N	\N	\N	\N	\N	\N	\N	\N	\N	NUM086	1.0	NII	DEN056	1.0	AB	NUM100	1.0	NII	DEN060	1.0	AB	NUM100	1.0	NII	DEN060	1.0	AB	\N	\N	\N	\N	\N	\N	NUM059	1.0	B	\N	\N	\N	NUM027	1.0	RWA	\N	\N	\N	NUM022	1.0	B	DEN007	1.0	B	\N	\N	\N	\N	\N	\N	NUM007	0.85	B	\N	\N	\N	\N	\N	\N	DEN051	1.0	CF1-6	\N	\N	\N	DEN051	1.0	CF7-12	\N	\N	\N	DEN051	1.0	CF12+	\N	\N	\N	\N	\N	\N	\N	\N	\N	\N	\N	\N	NUM056	1.0	B	\N	\N	\N	NUM022	1.0	CF3	DEN007	1.0	B	\N	\N	\N	\N	\N	\N	\N	\N	\N	\N	\N	\N	\N	\N	\N	\N	\N	\N
57	1_3_1_1_3_2_1_2	金融市场部_交易性地方政府债投资_非司库_交易账户_3Y		2026-08-14 15:44:09	2026-08-14 15:44:09	NUM100	1.0	NII	\N	\N	\N	\N	\N	\N	\N	\N	\N	\N	\N	\N	\N	\N	\N	\N	\N	\N	\N	\N	\N	NUM086	1.0	NII	DEN056	1.0	AB	NUM100	1.0	NII	DEN060	1.0	AB	NUM100	1.0	NII	DEN060	1.0	AB	\N	\N	\N	\N	\N	\N	NUM059	1.0	B	\N	\N	\N	NUM027	1.0	RWA	\N	\N	\N	NUM022	1.0	B	DEN007	1.0	B	\N	\N	\N	\N	\N	\N	NUM007	0.85	B	\N	\N	\N	\N	\N	\N	DEN051	1.0	CF1-6	\N	\N	\N	DEN051	1.0	CF7-12	\N	\N	\N	DEN051	1.0	CF12+	\N	\N	\N	\N	\N	\N	\N	\N	\N	\N	\N	\N	NUM056	1.0	B	\N	\N	\N	NUM022	1.0	CF3	DEN007	1.0	B	\N	\N	\N	\N	\N	\N	\N	\N	\N	\N	\N	\N	\N	\N	\N	\N	\N	\N
58	1_3_1_1_3_2_1_3	金融市场部_交易性地方政府债投资_非司库_交易账户_5Y		2026-08-14 15:44:09	2026-08-14 15:44:09	NUM100	1.0	NII	\N	\N	\N	\N	\N	\N	\N	\N	\N	\N	\N	\N	\N	\N	\N	\N	\N	\N	\N	\N	\N	NUM086	1.0	NII	DEN056	1.0	AB	NUM100	1.0	NII	DEN060	1.0	AB	NUM100	1.0	NII	DEN060	1.0	AB	\N	\N	\N	\N	\N	\N	NUM059	1.0	B	\N	\N	\N	NUM027	1.0	RWA	\N	\N	\N	NUM022	1.0	B	DEN007	1.0	B	\N	\N	\N	\N	\N	\N	NUM007	0.85	B	\N	\N	\N	\N	\N	\N	DEN051	1.0	CF1-6	\N	\N	\N	DEN051	1.0	CF7-12	\N	\N	\N	DEN051	1.0	CF12+	\N	\N	\N	\N	\N	\N	\N	\N	\N	\N	\N	\N	NUM056	1.0	B	\N	\N	\N	NUM022	1.0	CF3	DEN007	1.0	B	\N	\N	\N	\N	\N	\N	\N	\N	\N	\N	\N	\N	\N	\N	\N	\N	\N	\N
59	1_3_1_1_3_2_1_4	金融市场部_交易性地方政府债投资_非司库_交易账户_10Y		2026-08-14 15:44:09	2026-08-14 15:44:09	NUM100	1.0	NII	\N	\N	\N	\N	\N	\N	\N	\N	\N	\N	\N	\N	\N	\N	\N	\N	\N	\N	\N	\N	\N	NUM086	1.0	NII	DEN056	1.0	AB	NUM100	1.0	NII	DEN060	1.0	AB	NUM100	1.0	NII	DEN060	1.0	AB	\N	\N	\N	\N	\N	\N	NUM059	1.0	B	\N	\N	\N	NUM027	1.0	RWA	\N	\N	\N	NUM022	1.0	B	DEN007	1.0	B	\N	\N	\N	\N	\N	\N	NUM007	0.85	B	\N	\N	\N	\N	\N	\N	DEN051	1.0	CF1-6	\N	\N	\N	DEN051	1.0	CF7-12	\N	\N	\N	DEN051	1.0	CF12+	\N	\N	\N	\N	\N	\N	\N	\N	\N	\N	\N	\N	NUM056	1.0	B	\N	\N	\N	NUM022	1.0	CF3	DEN007	1.0	B	\N	\N	\N	\N	\N	\N	\N	\N	\N	\N	\N	\N	\N	\N	\N	\N	\N	\N
60	1_3_1_1_3_2_2_1	金融市场部_交易性地方政府债投资_非司库_银行账户_1Y		2026-08-14 15:44:09	2026-08-14 15:44:09	NUM100	1.0	NII	\N	\N	\N	\N	\N	\N	\N	\N	\N	\N	\N	\N	\N	\N	\N	\N	\N	\N	\N	\N	\N	NUM086	1.0	NII	DEN056	1.0	AB	NUM100	1.0	NII	DEN060	1.0	AB	NUM100	1.0	NII	DEN060	1.0	AB	\N	\N	\N	\N	\N	\N	NUM059	1.0	B	\N	\N	\N	NUM011	1.0	RWA	\N	\N	\N	NUM022	1.0	CF3	DEN007	1.0	CF3	NUM021	1.0	CF1	\N	\N	\N	NUM007	0.85	B	\N	\N	\N	\N	\N	\N	DEN051	1.0	CF1-6	\N	\N	\N	DEN051	1.0	CF7-12	\N	\N	\N	DEN051	1.0	CF12+	\N	\N	\N	\N	\N	\N	\N	\N	\N	\N	\N	\N	NUM056	1.0	B	\N	\N	\N	NUM022	1.0	CF3	DEN007	1.0	B	\N	\N	\N	\N	\N	\N	\N	\N	\N	\N	\N	\N	\N	\N	\N	\N	\N	\N
61	1_3_1_1_3_2_2_2	金融市场部_交易性地方政府债投资_非司库_银行账户_3Y		2026-08-14 15:44:09	2026-08-14 15:44:09	NUM100	1.0	NII	\N	\N	\N	\N	\N	\N	\N	\N	\N	\N	\N	\N	\N	\N	\N	\N	\N	\N	\N	\N	\N	NUM086	1.0	NII	DEN056	1.0	AB	NUM100	1.0	NII	DEN060	1.0	AB	NUM100	1.0	NII	DEN060	1.0	AB	\N	\N	\N	\N	\N	\N	NUM059	1.0	B	\N	\N	\N	NUM011	1.0	RWA	\N	\N	\N	NUM022	1.0	CF3	DEN007	1.0	CF3	NUM021	1.0	CF1	\N	\N	\N	NUM007	0.85	B	\N	\N	\N	\N	\N	\N	DEN051	1.0	CF1-6	\N	\N	\N	DEN051	1.0	CF7-12	\N	\N	\N	DEN051	1.0	CF12+	\N	\N	\N	\N	\N	\N	\N	\N	\N	\N	\N	\N	NUM056	1.0	B	\N	\N	\N	NUM022	1.0	CF3	DEN007	1.0	B	\N	\N	\N	\N	\N	\N	\N	\N	\N	\N	\N	\N	\N	\N	\N	\N	\N	\N
62	1_3_1_1_3_2_2_3	金融市场部_交易性地方政府债投资_非司库_银行账户_5Y		2026-08-14 15:44:09	2026-08-14 15:44:09	NUM100	1.0	NII	\N	\N	\N	\N	\N	\N	\N	\N	\N	\N	\N	\N	\N	\N	\N	\N	\N	\N	\N	\N	\N	NUM086	1.0	NII	DEN056	1.0	AB	NUM100	1.0	NII	DEN060	1.0	AB	NUM100	1.0	NII	DEN060	1.0	AB	\N	\N	\N	\N	\N	\N	NUM059	1.0	B	\N	\N	\N	NUM011	1.0	RWA	\N	\N	\N	NUM022	1.0	CF3	DEN007	1.0	CF3	NUM021	1.0	CF1	\N	\N	\N	NUM007	0.85	B	\N	\N	\N	\N	\N	\N	DEN051	1.0	CF1-6	\N	\N	\N	DEN051	1.0	CF7-12	\N	\N	\N	DEN051	1.0	CF12+	\N	\N	\N	\N	\N	\N	\N	\N	\N	\N	\N	\N	NUM056	1.0	B	\N	\N	\N	NUM022	1.0	CF3	DEN007	1.0	B	\N	\N	\N	\N	\N	\N	\N	\N	\N	\N	\N	\N	\N	\N	\N	\N	\N	\N
63	1_3_1_1_3_2_2_4	金融市场部_交易性地方政府债投资_非司库_银行账户_10Y		2026-08-14 15:44:09	2026-08-14 15:44:09	NUM100	1.0	NII	\N	\N	\N	\N	\N	\N	\N	\N	\N	\N	\N	\N	\N	\N	\N	\N	\N	\N	\N	\N	\N	NUM086	1.0	NII	DEN056	1.0	AB	NUM100	1.0	NII	DEN060	1.0	AB	NUM100	1.0	NII	DEN060	1.0	AB	\N	\N	\N	\N	\N	\N	NUM059	1.0	B	\N	\N	\N	NUM011	1.0	RWA	\N	\N	\N	NUM022	1.0	CF3	DEN007	1.0	CF3	NUM021	1.0	CF1	\N	\N	\N	NUM007	0.85	B	\N	\N	\N	\N	\N	\N	DEN051	1.0	CF1-6	\N	\N	\N	DEN051	1.0	CF7-12	\N	\N	\N	DEN051	1.0	CF12+	\N	\N	\N	\N	\N	\N	\N	\N	\N	\N	\N	\N	NUM056	1.0	B	\N	\N	\N	NUM022	1.0	CF3	DEN007	1.0	B	\N	\N	\N	\N	\N	\N	\N	\N	\N	\N	\N	\N	\N	\N	\N	\N	\N	\N
64	1_3_1_1_4_1_1	金融市场部_交易性政策性金融债投资_ 司库_1Y		2026-08-14 15:44:09	2026-08-14 15:44:09	NUM100	1.0	NII	\N	\N	\N	\N	\N	\N	\N	\N	\N	\N	\N	\N	\N	\N	\N	\N	\N	\N	\N	\N	\N	NUM086	1.0	NII	DEN056	1.0	AB	NUM100	1.0	NII	DEN060	1.0	AB	NUM100	1.0	NII	DEN060	1.0	AB	\N	\N	\N	\N	\N	\N	NUM059	1.0	B	\N	\N	\N	NUM027	1.0	RWA	\N	\N	\N	NUM022	1.0	CF3	DEN007	1.0	CF3	NUM021	1.0	CF1	\N	\N	\N	NUM003	1.0	B	\N	\N	\N	\N	\N	\N	DEN051	1.0	CF1-6	\N	\N	\N	DEN051	1.0	CF7-12	\N	\N	\N	DEN051	1.0	CF12+	\N	\N	\N	\N	\N	\N	\N	\N	\N	\N	\N	\N	NUM056	1.0	B	\N	\N	\N	NUM022	1.0	CF3	DEN007	1.0	B	\N	\N	\N	\N	\N	\N	\N	\N	\N	\N	\N	\N	\N	\N	\N	\N	\N	\N
65	1_3_1_1_4_1_2	金融市场部_交易性政策性金融债投资_ 司库_3Y		2026-08-14 15:44:09	2026-08-14 15:44:09	NUM100	1.0	NII	\N	\N	\N	\N	\N	\N	\N	\N	\N	\N	\N	\N	\N	\N	\N	\N	\N	\N	\N	\N	\N	NUM086	1.0	NII	DEN056	1.0	AB	NUM100	1.0	NII	DEN060	1.0	AB	NUM100	1.0	NII	DEN060	1.0	AB	\N	\N	\N	\N	\N	\N	NUM059	1.0	B	\N	\N	\N	NUM027	1.0	RWA	\N	\N	\N	NUM022	1.0	CF3	DEN007	1.0	CF3	NUM021	1.0	CF1	\N	\N	\N	NUM003	1.0	B	\N	\N	\N	\N	\N	\N	DEN051	1.0	CF1-6	\N	\N	\N	DEN051	1.0	CF7-12	\N	\N	\N	DEN051	1.0	CF12+	\N	\N	\N	\N	\N	\N	\N	\N	\N	\N	\N	\N	NUM056	1.0	B	\N	\N	\N	NUM022	1.0	CF3	DEN007	1.0	B	\N	\N	\N	\N	\N	\N	\N	\N	\N	\N	\N	\N	\N	\N	\N	\N	\N	\N
66	1_3_1_1_4_1_3	金融市场部_交易性政策性金融债投资_ 司库_5Y		2026-08-14 15:44:09	2026-08-14 15:44:09	NUM100	1.0	NII	\N	\N	\N	\N	\N	\N	\N	\N	\N	\N	\N	\N	\N	\N	\N	\N	\N	\N	\N	\N	\N	NUM086	1.0	NII	DEN056	1.0	AB	NUM100	1.0	NII	DEN060	1.0	AB	NUM100	1.0	NII	DEN060	1.0	AB	\N	\N	\N	\N	\N	\N	NUM059	1.0	B	\N	\N	\N	NUM027	1.0	RWA	\N	\N	\N	NUM022	1.0	CF3	DEN007	1.0	CF3	NUM021	1.0	CF1	\N	\N	\N	NUM003	1.0	B	\N	\N	\N	\N	\N	\N	DEN051	1.0	CF1-6	\N	\N	\N	DEN051	1.0	CF7-12	\N	\N	\N	DEN051	1.0	CF12+	\N	\N	\N	\N	\N	\N	\N	\N	\N	\N	\N	\N	NUM056	1.0	B	\N	\N	\N	NUM022	1.0	CF3	DEN007	1.0	B	\N	\N	\N	\N	\N	\N	\N	\N	\N	\N	\N	\N	\N	\N	\N	\N	\N	\N
67	1_3_1_1_4_1_4	金融市场部_交易性政策性金融债投资_ 司库_10Y		2026-08-14 15:44:09	2026-08-14 15:44:09	NUM100	1.0	NII	\N	\N	\N	\N	\N	\N	\N	\N	\N	\N	\N	\N	\N	\N	\N	\N	\N	\N	\N	\N	\N	NUM086	1.0	NII	DEN056	1.0	AB	NUM100	1.0	NII	DEN060	1.0	AB	NUM100	1.0	NII	DEN060	1.0	AB	\N	\N	\N	\N	\N	\N	NUM059	1.0	B	\N	\N	\N	NUM027	1.0	RWA	\N	\N	\N	NUM022	1.0	CF3	DEN007	1.0	CF3	NUM021	1.0	CF1	\N	\N	\N	NUM003	1.0	B	\N	\N	\N	\N	\N	\N	DEN051	1.0	CF1-6	\N	\N	\N	DEN051	1.0	CF7-12	\N	\N	\N	DEN051	1.0	CF12+	\N	\N	\N	\N	\N	\N	\N	\N	\N	\N	\N	\N	NUM056	1.0	B	\N	\N	\N	NUM022	1.0	CF3	DEN007	1.0	B	\N	\N	\N	\N	\N	\N	\N	\N	\N	\N	\N	\N	\N	\N	\N	\N	\N	\N
68	1_3_1_1_4_2_1_1	金融市场部_交易性政策性金融债投资_非司库_交易账户_1Y		2026-08-14 15:44:09	2026-08-14 15:44:09	NUM100	1.0	NII	\N	\N	\N	\N	\N	\N	\N	\N	\N	\N	\N	\N	\N	\N	\N	\N	\N	\N	\N	\N	\N	NUM086	1.0	NII	DEN056	1.0	AB	NUM100	1.0	NII	DEN060	1.0	AB	NUM100	1.0	NII	DEN060	1.0	AB	\N	\N	\N	\N	\N	\N	NUM059	1.0	B	\N	\N	\N	NUM027	1.0	RWA	\N	\N	\N	NUM022	1.0	B	DEN007	1.0	B	\N	\N	\N	\N	\N	\N	NUM003	1.0	B	\N	\N	\N	\N	\N	\N	DEN051	1.0	CF1-6	\N	\N	\N	DEN051	1.0	CF7-12	\N	\N	\N	DEN051	1.0	CF12+	\N	\N	\N	\N	\N	\N	\N	\N	\N	\N	\N	\N	NUM056	1.0	B	\N	\N	\N	NUM022	1.0	CF3	DEN007	1.0	B	\N	\N	\N	\N	\N	\N	\N	\N	\N	\N	\N	\N	\N	\N	\N	\N	\N	\N
69	1_3_1_1_4_2_1_2	金融市场部_交易性政策性金融债投资_非司库_交易账户_3Y		2026-08-14 15:44:09	2026-08-14 15:44:09	NUM100	1.0	NII	\N	\N	\N	\N	\N	\N	\N	\N	\N	\N	\N	\N	\N	\N	\N	\N	\N	\N	\N	\N	\N	NUM086	1.0	NII	DEN056	1.0	AB	NUM100	1.0	NII	DEN060	1.0	AB	NUM100	1.0	NII	DEN060	1.0	AB	\N	\N	\N	\N	\N	\N	NUM059	1.0	B	\N	\N	\N	NUM027	1.0	RWA	\N	\N	\N	NUM022	1.0	B	DEN007	1.0	B	\N	\N	\N	\N	\N	\N	NUM003	1.0	B	\N	\N	\N	\N	\N	\N	DEN051	1.0	CF1-6	\N	\N	\N	DEN051	1.0	CF7-12	\N	\N	\N	DEN051	1.0	CF12+	\N	\N	\N	\N	\N	\N	\N	\N	\N	\N	\N	\N	NUM056	1.0	B	\N	\N	\N	NUM022	1.0	CF3	DEN007	1.0	B	\N	\N	\N	\N	\N	\N	\N	\N	\N	\N	\N	\N	\N	\N	\N	\N	\N	\N
70	1_3_1_1_4_2_1_3	金融市场部_交易性政策性金融债投资_非司库_交易账户_5Y		2026-08-14 15:44:09	2026-08-14 15:44:09	NUM100	1.0	NII	\N	\N	\N	\N	\N	\N	\N	\N	\N	\N	\N	\N	\N	\N	\N	\N	\N	\N	\N	\N	\N	NUM086	1.0	NII	DEN056	1.0	AB	NUM100	1.0	NII	DEN060	1.0	AB	NUM100	1.0	NII	DEN060	1.0	AB	\N	\N	\N	\N	\N	\N	NUM059	1.0	B	\N	\N	\N	NUM027	1.0	RWA	\N	\N	\N	NUM022	1.0	B	DEN007	1.0	B	\N	\N	\N	\N	\N	\N	NUM003	1.0	B	\N	\N	\N	\N	\N	\N	DEN051	1.0	CF1-6	\N	\N	\N	DEN051	1.0	CF7-12	\N	\N	\N	DEN051	1.0	CF12+	\N	\N	\N	\N	\N	\N	\N	\N	\N	\N	\N	\N	NUM056	1.0	B	\N	\N	\N	NUM022	1.0	CF3	DEN007	1.0	B	\N	\N	\N	\N	\N	\N	\N	\N	\N	\N	\N	\N	\N	\N	\N	\N	\N	\N
71	1_3_1_1_4_2_1_4	金融市场部_交易性政策性金融债投资_非司库_交易账户_10Y		2026-08-14 15:44:09	2026-08-14 15:44:09	NUM100	1.0	NII	\N	\N	\N	\N	\N	\N	\N	\N	\N	\N	\N	\N	\N	\N	\N	\N	\N	\N	\N	\N	\N	NUM086	1.0	NII	DEN056	1.0	AB	NUM100	1.0	NII	DEN060	1.0	AB	NUM100	1.0	NII	DEN060	1.0	AB	\N	\N	\N	\N	\N	\N	NUM059	1.0	B	\N	\N	\N	NUM027	1.0	RWA	\N	\N	\N	NUM022	1.0	B	DEN007	1.0	B	\N	\N	\N	\N	\N	\N	NUM003	1.0	B	\N	\N	\N	\N	\N	\N	DEN051	1.0	CF1-6	\N	\N	\N	DEN051	1.0	CF7-12	\N	\N	\N	DEN051	1.0	CF12+	\N	\N	\N	\N	\N	\N	\N	\N	\N	\N	\N	\N	NUM056	1.0	B	\N	\N	\N	NUM022	1.0	CF3	DEN007	1.0	B	\N	\N	\N	\N	\N	\N	\N	\N	\N	\N	\N	\N	\N	\N	\N	\N	\N	\N
72	1_3_1_1_4_2_2_1	金融市场部_交易性政策性金融债投资_非司库_银行账户_1Y		2026-08-14 15:44:09	2026-08-14 15:44:09	NUM100	1.0	NII	\N	\N	\N	\N	\N	\N	\N	\N	\N	\N	\N	\N	\N	\N	\N	\N	\N	\N	\N	\N	\N	NUM086	1.0	NII	DEN056	1.0	AB	NUM100	1.0	NII	DEN060	1.0	AB	NUM100	1.0	NII	DEN060	1.0	AB	\N	\N	\N	\N	\N	\N	NUM059	1.0	B	\N	\N	\N	NUM011	1.0	RWA	\N	\N	\N	NUM022	1.0	CF3	DEN007	1.0	CF3	NUM021	1.0	CF1	\N	\N	\N	NUM003	1.0	B	\N	\N	\N	\N	\N	\N	DEN051	1.0	CF1-6	\N	\N	\N	DEN051	1.0	CF7-12	\N	\N	\N	DEN051	1.0	CF12+	\N	\N	\N	\N	\N	\N	\N	\N	\N	\N	\N	\N	NUM056	1.0	B	\N	\N	\N	NUM022	1.0	CF3	DEN007	1.0	B	\N	\N	\N	\N	\N	\N	\N	\N	\N	\N	\N	\N	\N	\N	\N	\N	\N	\N
73	1_3_1_1_4_2_2_2	金融市场部_交易性政策性金融债投资_非司库_银行账户_3Y		2026-08-14 15:44:09	2026-08-14 15:44:09	NUM100	1.0	NII	\N	\N	\N	\N	\N	\N	\N	\N	\N	\N	\N	\N	\N	\N	\N	\N	\N	\N	\N	\N	\N	NUM086	1.0	NII	DEN056	1.0	AB	NUM100	1.0	NII	DEN060	1.0	AB	NUM100	1.0	NII	DEN060	1.0	AB	\N	\N	\N	\N	\N	\N	NUM059	1.0	B	\N	\N	\N	NUM011	1.0	RWA	\N	\N	\N	NUM022	1.0	CF3	DEN007	1.0	CF3	NUM021	1.0	CF1	\N	\N	\N	NUM003	1.0	B	\N	\N	\N	\N	\N	\N	DEN051	1.0	CF1-6	\N	\N	\N	DEN051	1.0	CF7-12	\N	\N	\N	DEN051	1.0	CF12+	\N	\N	\N	\N	\N	\N	\N	\N	\N	\N	\N	\N	NUM056	1.0	B	\N	\N	\N	NUM022	1.0	CF3	DEN007	1.0	B	\N	\N	\N	\N	\N	\N	\N	\N	\N	\N	\N	\N	\N	\N	\N	\N	\N	\N
74	1_3_1_1_4_2_2_3	金融市场部_交易性政策性金融债投资_非司库_银行账户_5Y		2026-08-14 15:44:09	2026-08-14 15:44:09	NUM100	1.0	NII	\N	\N	\N	\N	\N	\N	\N	\N	\N	\N	\N	\N	\N	\N	\N	\N	\N	\N	\N	\N	\N	NUM086	1.0	NII	DEN056	1.0	AB	NUM100	1.0	NII	DEN060	1.0	AB	NUM100	1.0	NII	DEN060	1.0	AB	\N	\N	\N	\N	\N	\N	NUM059	1.0	B	\N	\N	\N	NUM011	1.0	RWA	\N	\N	\N	NUM022	1.0	CF3	DEN007	1.0	CF3	NUM021	1.0	CF1	\N	\N	\N	NUM003	1.0	B	\N	\N	\N	\N	\N	\N	DEN051	1.0	CF1-6	\N	\N	\N	DEN051	1.0	CF7-12	\N	\N	\N	DEN051	1.0	CF12+	\N	\N	\N	\N	\N	\N	\N	\N	\N	\N	\N	\N	NUM056	1.0	B	\N	\N	\N	NUM022	1.0	CF3	DEN007	1.0	B	\N	\N	\N	\N	\N	\N	\N	\N	\N	\N	\N	\N	\N	\N	\N	\N	\N	\N
75	1_3_1_1_4_2_2_4	金融市场部_交易性政策性金融债投资_非司库_银行账户_10Y		2026-08-14 15:44:09	2026-08-14 15:44:09	NUM100	1.0	NII	\N	\N	\N	\N	\N	\N	\N	\N	\N	\N	\N	\N	\N	\N	\N	\N	\N	\N	\N	\N	\N	NUM086	1.0	NII	DEN056	1.0	AB	NUM100	1.0	NII	DEN060	1.0	AB	NUM100	1.0	NII	DEN060	1.0	AB	\N	\N	\N	\N	\N	\N	NUM059	1.0	B	\N	\N	\N	NUM011	1.0	RWA	\N	\N	\N	NUM022	1.0	CF3	DEN007	1.0	CF3	NUM021	1.0	CF1	\N	\N	\N	NUM003	1.0	B	\N	\N	\N	\N	\N	\N	DEN051	1.0	CF1-6	\N	\N	\N	DEN051	1.0	CF7-12	\N	\N	\N	DEN051	1.0	CF12+	\N	\N	\N	\N	\N	\N	\N	\N	\N	\N	\N	\N	NUM056	1.0	B	\N	\N	\N	NUM022	1.0	CF3	DEN007	1.0	B	\N	\N	\N	\N	\N	\N	\N	\N	\N	\N	\N	\N	\N	\N	\N	\N	\N	\N
76	1_3_1_1_5_1_1	金融市场部_交易性商业银行债投资_司库_1Y		2026-08-14 15:44:09	2026-08-14 15:44:09	NUM100	1.0	NII	\N	\N	\N	\N	\N	\N	\N	\N	\N	\N	\N	\N	\N	\N	\N	\N	\N	\N	\N	\N	\N	NUM086	1.0	NII	DEN056	1.0	AB	NUM100	1.0	NII	DEN060	1.0	AB	NUM100	1.0	NII	DEN060	1.0	AB	\N	\N	\N	\N	\N	\N	NUM059	1.0	B	\N	\N	\N	NUM027	1.0	RWA	\N	\N	\N	NUM022	1.0	CF3	DEN007	1.0	CF3	NUM021	1.0	CF1	\N	\N	\N	NUM007	0.85	B	\N	\N	\N	\N	\N	\N	DEN051	1.0	CF1-6	\N	\N	\N	DEN051	1.0	CF7-12	\N	\N	\N	DEN051	1.0	CF12+	\N	\N	\N	\N	\N	\N	\N	\N	\N	\N	\N	\N	NUM056	1.0	B	\N	\N	\N	NUM022	1.0	CF3	DEN007	1.0	B	\N	\N	\N	\N	\N	\N	\N	\N	\N	\N	\N	\N	\N	\N	\N	\N	\N	\N
77	1_3_1_1_5_1_2	金融市场部_交易性商业银行债投资_司库_3Y		2026-08-14 15:44:09	2026-08-14 15:44:09	NUM100	1.0	NII	\N	\N	\N	\N	\N	\N	\N	\N	\N	\N	\N	\N	\N	\N	\N	\N	\N	\N	\N	\N	\N	NUM086	1.0	NII	DEN056	1.0	AB	NUM100	1.0	NII	DEN060	1.0	AB	NUM100	1.0	NII	DEN060	1.0	AB	\N	\N	\N	\N	\N	\N	NUM059	1.0	B	\N	\N	\N	NUM027	1.0	RWA	\N	\N	\N	NUM022	1.0	CF3	DEN007	1.0	CF3	NUM021	1.0	CF1	\N	\N	\N	NUM007	0.85	B	\N	\N	\N	\N	\N	\N	DEN051	1.0	CF1-6	\N	\N	\N	DEN051	1.0	CF7-12	\N	\N	\N	DEN051	1.0	CF12+	\N	\N	\N	\N	\N	\N	\N	\N	\N	\N	\N	\N	NUM056	1.0	B	\N	\N	\N	NUM022	1.0	CF3	DEN007	1.0	B	\N	\N	\N	\N	\N	\N	\N	\N	\N	\N	\N	\N	\N	\N	\N	\N	\N	\N
78	1_3_1_1_5_1_3	金融市场部_交易性商业银行债投资_司库_5Y		2026-08-14 15:44:09	2026-08-14 15:44:09	NUM100	1.0	NII	\N	\N	\N	\N	\N	\N	\N	\N	\N	\N	\N	\N	\N	\N	\N	\N	\N	\N	\N	\N	\N	NUM086	1.0	NII	DEN056	1.0	AB	NUM100	1.0	NII	DEN060	1.0	AB	NUM100	1.0	NII	DEN060	1.0	AB	\N	\N	\N	\N	\N	\N	NUM059	1.0	B	\N	\N	\N	NUM027	1.0	RWA	\N	\N	\N	NUM022	1.0	CF3	DEN007	1.0	CF3	NUM021	1.0	CF1	\N	\N	\N	NUM007	0.85	B	\N	\N	\N	\N	\N	\N	DEN051	1.0	CF1-6	\N	\N	\N	DEN051	1.0	CF7-12	\N	\N	\N	DEN051	1.0	CF12+	\N	\N	\N	\N	\N	\N	\N	\N	\N	\N	\N	\N	NUM056	1.0	B	\N	\N	\N	NUM022	1.0	CF3	DEN007	1.0	B	\N	\N	\N	\N	\N	\N	\N	\N	\N	\N	\N	\N	\N	\N	\N	\N	\N	\N
79	1_3_1_1_5_1_4	金融市场部_交易性商业银行债投资_司库_10Y		2026-08-14 15:44:09	2026-08-14 15:44:09	NUM100	1.0	NII	\N	\N	\N	\N	\N	\N	\N	\N	\N	\N	\N	\N	\N	\N	\N	\N	\N	\N	\N	\N	\N	NUM086	1.0	NII	DEN056	1.0	AB	NUM100	1.0	NII	DEN060	1.0	AB	NUM100	1.0	NII	DEN060	1.0	AB	\N	\N	\N	\N	\N	\N	NUM059	1.0	B	\N	\N	\N	NUM027	1.0	RWA	\N	\N	\N	NUM022	1.0	CF3	DEN007	1.0	CF3	NUM021	1.0	CF1	\N	\N	\N	NUM007	0.85	B	\N	\N	\N	\N	\N	\N	DEN051	1.0	CF1-6	\N	\N	\N	DEN051	1.0	CF7-12	\N	\N	\N	DEN051	1.0	CF12+	\N	\N	\N	\N	\N	\N	\N	\N	\N	\N	\N	\N	NUM056	1.0	B	\N	\N	\N	NUM022	1.0	CF3	DEN007	1.0	B	\N	\N	\N	\N	\N	\N	\N	\N	\N	\N	\N	\N	\N	\N	\N	\N	\N	\N
80	1_3_1_1_5_2_1_1	金融市场部_交易性商业银行债投资_非司库_交易账户_1Y		2026-08-14 15:44:09	2026-08-14 15:44:09	NUM100	1.0	NII	\N	\N	\N	\N	\N	\N	\N	\N	\N	\N	\N	\N	\N	\N	\N	\N	\N	\N	\N	\N	\N	NUM086	1.0	NII	DEN056	1.0	AB	NUM100	1.0	NII	DEN060	1.0	AB	NUM100	1.0	NII	DEN060	1.0	AB	\N	\N	\N	\N	\N	\N	NUM059	1.0	B	\N	\N	\N	NUM027	1.0	RWA	\N	\N	\N	NUM022	1.0	B	DEN007	1.0	B	\N	\N	\N	\N	\N	\N	NUM007	0.85	B	\N	\N	\N	\N	\N	\N	DEN051	1.0	CF1-6	\N	\N	\N	DEN051	1.0	CF7-12	\N	\N	\N	DEN051	1.0	CF12+	\N	\N	\N	\N	\N	\N	\N	\N	\N	\N	\N	\N	NUM056	1.0	B	\N	\N	\N	NUM022	1.0	CF3	DEN007	1.0	B	\N	\N	\N	\N	\N	\N	\N	\N	\N	\N	\N	\N	\N	\N	\N	\N	\N	\N
81	1_3_1_1_5_2_1_2	金融市场部_交易性商业银行债投资_非司库_交易账户_3Y		2026-08-14 15:44:09	2026-08-14 15:44:09	NUM100	1.0	NII	\N	\N	\N	\N	\N	\N	\N	\N	\N	\N	\N	\N	\N	\N	\N	\N	\N	\N	\N	\N	\N	NUM086	1.0	NII	DEN056	1.0	AB	NUM100	1.0	NII	DEN060	1.0	AB	NUM100	1.0	NII	DEN060	1.0	AB	\N	\N	\N	\N	\N	\N	NUM059	1.0	B	\N	\N	\N	NUM027	1.0	RWA	\N	\N	\N	NUM022	1.0	B	DEN007	1.0	B	\N	\N	\N	\N	\N	\N	NUM007	0.85	B	\N	\N	\N	\N	\N	\N	DEN051	1.0	CF1-6	\N	\N	\N	DEN051	1.0	CF7-12	\N	\N	\N	DEN051	1.0	CF12+	\N	\N	\N	\N	\N	\N	\N	\N	\N	\N	\N	\N	NUM056	1.0	B	\N	\N	\N	NUM022	1.0	CF3	DEN007	1.0	B	\N	\N	\N	\N	\N	\N	\N	\N	\N	\N	\N	\N	\N	\N	\N	\N	\N	\N
82	1_3_1_1_5_2_1_3	金融市场部_交易性商业银行债投资_非司库_交易账户_5Y		2026-08-14 15:44:09	2026-08-14 15:44:09	NUM100	1.0	NII	\N	\N	\N	\N	\N	\N	\N	\N	\N	\N	\N	\N	\N	\N	\N	\N	\N	\N	\N	\N	\N	NUM086	1.0	NII	DEN056	1.0	AB	NUM100	1.0	NII	DEN060	1.0	AB	NUM100	1.0	NII	DEN060	1.0	AB	\N	\N	\N	\N	\N	\N	NUM059	1.0	B	\N	\N	\N	NUM027	1.0	RWA	\N	\N	\N	NUM022	1.0	B	DEN007	1.0	B	\N	\N	\N	\N	\N	\N	NUM007	0.85	B	\N	\N	\N	\N	\N	\N	DEN051	1.0	CF1-6	\N	\N	\N	DEN051	1.0	CF7-12	\N	\N	\N	DEN051	1.0	CF12+	\N	\N	\N	\N	\N	\N	\N	\N	\N	\N	\N	\N	NUM056	1.0	B	\N	\N	\N	NUM022	1.0	CF3	DEN007	1.0	B	\N	\N	\N	\N	\N	\N	\N	\N	\N	\N	\N	\N	\N	\N	\N	\N	\N	\N
83	1_3_1_1_5_2_1_4	金融市场部_交易性商业银行债投资_非司库_交易账户_10Y		2026-08-14 15:44:09	2026-08-14 15:44:09	NUM100	1.0	NII	\N	\N	\N	\N	\N	\N	\N	\N	\N	\N	\N	\N	\N	\N	\N	\N	\N	\N	\N	\N	\N	NUM086	1.0	NII	DEN056	1.0	AB	NUM100	1.0	NII	DEN060	1.0	AB	NUM100	1.0	NII	DEN060	1.0	AB	\N	\N	\N	\N	\N	\N	NUM059	1.0	B	\N	\N	\N	NUM027	1.0	RWA	\N	\N	\N	NUM022	1.0	B	DEN007	1.0	B	\N	\N	\N	\N	\N	\N	NUM007	0.85	B	\N	\N	\N	\N	\N	\N	DEN051	1.0	CF1-6	\N	\N	\N	DEN051	1.0	CF7-12	\N	\N	\N	DEN051	1.0	CF12+	\N	\N	\N	\N	\N	\N	\N	\N	\N	\N	\N	\N	NUM056	1.0	B	\N	\N	\N	NUM022	1.0	CF3	DEN007	1.0	B	\N	\N	\N	\N	\N	\N	\N	\N	\N	\N	\N	\N	\N	\N	\N	\N	\N	\N
84	1_3_1_1_5_2_2_1	金融市场部_交易性商业银行债投资_非司库_银行账户_1Y		2026-08-14 15:44:09	2026-08-14 15:44:09	NUM100	1.0	NII	\N	\N	\N	\N	\N	\N	\N	\N	\N	\N	\N	\N	\N	\N	\N	\N	\N	\N	\N	\N	\N	NUM086	1.0	NII	DEN056	1.0	AB	NUM100	1.0	NII	DEN060	1.0	AB	NUM100	1.0	NII	DEN060	1.0	AB	\N	\N	\N	\N	\N	\N	NUM059	1.0	B	\N	\N	\N	NUM011	1.0	RWA	\N	\N	\N	NUM022	1.0	CF3	DEN007	1.0	CF3	NUM021	1.0	CF1	\N	\N	\N	NUM007	0.85	B	\N	\N	\N	\N	\N	\N	DEN051	1.0	CF1-6	\N	\N	\N	DEN051	1.0	CF7-12	\N	\N	\N	DEN051	1.0	CF12+	\N	\N	\N	\N	\N	\N	\N	\N	\N	\N	\N	\N	NUM056	1.0	B	\N	\N	\N	NUM022	1.0	CF3	DEN007	1.0	B	\N	\N	\N	\N	\N	\N	\N	\N	\N	\N	\N	\N	\N	\N	\N	\N	\N	\N
85	1_3_1_1_5_2_2_2	金融市场部_交易性商业银行债投资_非司库_银行账户_3Y		2026-08-14 15:44:09	2026-08-14 15:44:09	NUM100	1.0	NII	\N	\N	\N	\N	\N	\N	\N	\N	\N	\N	\N	\N	\N	\N	\N	\N	\N	\N	\N	\N	\N	NUM086	1.0	NII	DEN056	1.0	AB	NUM100	1.0	NII	DEN060	1.0	AB	NUM100	1.0	NII	DEN060	1.0	AB	\N	\N	\N	\N	\N	\N	NUM059	1.0	B	\N	\N	\N	NUM011	1.0	RWA	\N	\N	\N	NUM022	1.0	CF3	DEN007	1.0	CF3	NUM021	1.0	CF1	\N	\N	\N	NUM007	0.85	B	\N	\N	\N	\N	\N	\N	DEN051	1.0	CF1-6	\N	\N	\N	DEN051	1.0	CF7-12	\N	\N	\N	DEN051	1.0	CF12+	\N	\N	\N	\N	\N	\N	\N	\N	\N	\N	\N	\N	NUM056	1.0	B	\N	\N	\N	NUM022	1.0	CF3	DEN007	1.0	B	\N	\N	\N	\N	\N	\N	\N	\N	\N	\N	\N	\N	\N	\N	\N	\N	\N	\N
86	1_3_1_1_5_2_2_3	金融市场部_交易性商业银行债投资_非司库_银行账户_5Y		2026-08-14 15:44:09	2026-08-14 15:44:09	NUM100	1.0	NII	\N	\N	\N	\N	\N	\N	\N	\N	\N	\N	\N	\N	\N	\N	\N	\N	\N	\N	\N	\N	\N	NUM086	1.0	NII	DEN056	1.0	AB	NUM100	1.0	NII	DEN060	1.0	AB	NUM100	1.0	NII	DEN060	1.0	AB	\N	\N	\N	\N	\N	\N	NUM059	1.0	B	\N	\N	\N	NUM011	1.0	RWA	\N	\N	\N	NUM022	1.0	CF3	DEN007	1.0	CF3	NUM021	1.0	CF1	\N	\N	\N	NUM007	0.85	B	\N	\N	\N	\N	\N	\N	DEN051	1.0	CF1-6	\N	\N	\N	DEN051	1.0	CF7-12	\N	\N	\N	DEN051	1.0	CF12+	\N	\N	\N	\N	\N	\N	\N	\N	\N	\N	\N	\N	NUM056	1.0	B	\N	\N	\N	NUM022	1.0	CF3	DEN007	1.0	B	\N	\N	\N	\N	\N	\N	\N	\N	\N	\N	\N	\N	\N	\N	\N	\N	\N	\N
87	1_3_1_1_5_2_2_4	金融市场部_交易性商业银行债投资_非司库_银行账户_10Y		2026-08-14 15:44:09	2026-08-14 15:44:09	NUM100	1.0	NII	\N	\N	\N	\N	\N	\N	\N	\N	\N	\N	\N	\N	\N	\N	\N	\N	\N	\N	\N	\N	\N	NUM086	1.0	NII	DEN056	1.0	AB	NUM100	1.0	NII	DEN060	1.0	AB	NUM100	1.0	NII	DEN060	1.0	AB	\N	\N	\N	\N	\N	\N	NUM059	1.0	B	\N	\N	\N	NUM011	1.0	RWA	\N	\N	\N	NUM022	1.0	CF3	DEN007	1.0	CF3	NUM021	1.0	CF1	\N	\N	\N	NUM007	0.85	B	\N	\N	\N	\N	\N	\N	DEN051	1.0	CF1-6	\N	\N	\N	DEN051	1.0	CF7-12	\N	\N	\N	DEN051	1.0	CF12+	\N	\N	\N	\N	\N	\N	\N	\N	\N	\N	\N	\N	NUM056	1.0	B	\N	\N	\N	NUM022	1.0	CF3	DEN007	1.0	B	\N	\N	\N	\N	\N	\N	\N	\N	\N	\N	\N	\N	\N	\N	\N	\N	\N	\N
88	1_3_1_1_6_1_1_1	金融市场部_交易性金融机构债投资_非司库_交易账户_1Y		2026-08-14 15:44:09	2026-08-14 15:44:09	NUM100	1.0	NII	\N	\N	\N	\N	\N	\N	\N	\N	\N	\N	\N	\N	\N	\N	\N	\N	\N	\N	\N	\N	\N	NUM086	1.0	NII	DEN056	1.0	AB	NUM100	1.0	NII	DEN060	1.0	AB	NUM100	1.0	NII	DEN060	1.0	AB	\N	\N	\N	\N	\N	\N	NUM059	1.0	B	\N	\N	\N	NUM027	1.0	RWA	\N	\N	\N	NUM022	1.0	B	DEN007	1.0	B	\N	\N	\N	\N	\N	\N	NUM007	0.85	B	\N	\N	\N	\N	\N	\N	DEN051	1.0	CF1-6	\N	\N	\N	DEN051	1.0	CF7-12	\N	\N	\N	DEN051	1.0	CF12+	\N	\N	\N	\N	\N	\N	\N	\N	\N	\N	\N	\N	NUM056	1.0	B	\N	\N	\N	NUM022	1.0	CF3	DEN007	1.0	B	\N	\N	\N	\N	\N	\N	\N	\N	\N	\N	\N	\N	\N	\N	\N	\N	\N	\N
89	1_3_1_1_6_1_1_2	金融市场部_交易性金融机构债投资_非司库_交易账户_3Y		2026-08-14 15:44:09	2026-08-14 15:44:09	NUM100	1.0	NII	\N	\N	\N	\N	\N	\N	\N	\N	\N	\N	\N	\N	\N	\N	\N	\N	\N	\N	\N	\N	\N	NUM086	1.0	NII	DEN056	1.0	AB	NUM100	1.0	NII	DEN060	1.0	AB	NUM100	1.0	NII	DEN060	1.0	AB	\N	\N	\N	\N	\N	\N	NUM059	1.0	B	\N	\N	\N	NUM027	1.0	RWA	\N	\N	\N	NUM022	1.0	B	DEN007	1.0	B	\N	\N	\N	\N	\N	\N	NUM007	0.85	B	\N	\N	\N	\N	\N	\N	DEN051	1.0	CF1-6	\N	\N	\N	DEN051	1.0	CF7-12	\N	\N	\N	DEN051	1.0	CF12+	\N	\N	\N	\N	\N	\N	\N	\N	\N	\N	\N	\N	NUM056	1.0	B	\N	\N	\N	NUM022	1.0	CF3	DEN007	1.0	B	\N	\N	\N	\N	\N	\N	\N	\N	\N	\N	\N	\N	\N	\N	\N	\N	\N	\N
90	1_3_1_1_6_1_1_3	金融市场部_交易性金融机构债投资_非司库_交易账户_5Y		2026-08-14 15:44:09	2026-08-14 15:44:09	NUM100	1.0	NII	\N	\N	\N	\N	\N	\N	\N	\N	\N	\N	\N	\N	\N	\N	\N	\N	\N	\N	\N	\N	\N	NUM086	1.0	NII	DEN056	1.0	AB	NUM100	1.0	NII	DEN060	1.0	AB	NUM100	1.0	NII	DEN060	1.0	AB	\N	\N	\N	\N	\N	\N	NUM059	1.0	B	\N	\N	\N	NUM027	1.0	RWA	\N	\N	\N	NUM022	1.0	B	DEN007	1.0	B	\N	\N	\N	\N	\N	\N	NUM007	0.85	B	\N	\N	\N	\N	\N	\N	DEN051	1.0	CF1-6	\N	\N	\N	DEN051	1.0	CF7-12	\N	\N	\N	DEN051	1.0	CF12+	\N	\N	\N	\N	\N	\N	\N	\N	\N	\N	\N	\N	NUM056	1.0	B	\N	\N	\N	NUM022	1.0	CF3	DEN007	1.0	B	\N	\N	\N	\N	\N	\N	\N	\N	\N	\N	\N	\N	\N	\N	\N	\N	\N	\N
91	1_3_1_1_6_1_1_4	金融市场部_交易性金融机构债投资_非司库_交易账户_10Y		2026-08-14 15:44:09	2026-08-14 15:44:09	NUM100	1.0	NII	\N	\N	\N	\N	\N	\N	\N	\N	\N	\N	\N	\N	\N	\N	\N	\N	\N	\N	\N	\N	\N	NUM086	1.0	NII	DEN056	1.0	AB	NUM100	1.0	NII	DEN060	1.0	AB	NUM100	1.0	NII	DEN060	1.0	AB	\N	\N	\N	\N	\N	\N	NUM059	1.0	B	\N	\N	\N	NUM027	1.0	RWA	\N	\N	\N	NUM022	1.0	B	DEN007	1.0	B	\N	\N	\N	\N	\N	\N	NUM007	0.85	B	\N	\N	\N	\N	\N	\N	DEN051	1.0	CF1-6	\N	\N	\N	DEN051	1.0	CF7-12	\N	\N	\N	DEN051	1.0	CF12+	\N	\N	\N	\N	\N	\N	\N	\N	\N	\N	\N	\N	NUM056	1.0	B	\N	\N	\N	NUM022	1.0	CF3	DEN007	1.0	B	\N	\N	\N	\N	\N	\N	\N	\N	\N	\N	\N	\N	\N	\N	\N	\N	\N	\N
92	1_3_1_1_6_1_2_1	金融市场部_交易性金融机构债投资_非司库_银行账户_1Y		2026-08-14 15:44:09	2026-08-14 15:44:09	NUM100	1.0	NII	\N	\N	\N	\N	\N	\N	\N	\N	\N	\N	\N	\N	\N	\N	\N	\N	\N	\N	\N	\N	\N	NUM086	1.0	NII	DEN056	1.0	AB	NUM100	1.0	NII	DEN060	1.0	AB	NUM100	1.0	NII	DEN060	1.0	AB	\N	\N	\N	\N	\N	\N	NUM059	1.0	B	\N	\N	\N	NUM011	1.0	RWA	\N	\N	\N	NUM022	1.0	CF3	DEN007	1.0	CF3	NUM021	1.0	CF1	\N	\N	\N	NUM007	0.85	B	\N	\N	\N	\N	\N	\N	DEN051	1.0	CF1-6	\N	\N	\N	DEN051	1.0	CF7-12	\N	\N	\N	DEN051	1.0	CF12+	\N	\N	\N	\N	\N	\N	\N	\N	\N	\N	\N	\N	NUM056	1.0	B	\N	\N	\N	NUM022	1.0	CF3	DEN007	1.0	B	\N	\N	\N	\N	\N	\N	\N	\N	\N	\N	\N	\N	\N	\N	\N	\N	\N	\N
93	1_3_1_1_6_1_2_2	金融市场部_交易性金融机构债投资_非司库_银行账户_3Y		2026-08-14 15:44:09	2026-08-14 15:44:09	NUM100	1.0	NII	\N	\N	\N	\N	\N	\N	\N	\N	\N	\N	\N	\N	\N	\N	\N	\N	\N	\N	\N	\N	\N	NUM086	1.0	NII	DEN056	1.0	AB	NUM100	1.0	NII	DEN060	1.0	AB	NUM100	1.0	NII	DEN060	1.0	AB	\N	\N	\N	\N	\N	\N	NUM059	1.0	B	\N	\N	\N	NUM011	1.0	RWA	\N	\N	\N	NUM022	1.0	CF3	DEN007	1.0	CF3	NUM021	1.0	CF1	\N	\N	\N	NUM007	0.85	B	\N	\N	\N	\N	\N	\N	DEN051	1.0	CF1-6	\N	\N	\N	DEN051	1.0	CF7-12	\N	\N	\N	DEN051	1.0	CF12+	\N	\N	\N	\N	\N	\N	\N	\N	\N	\N	\N	\N	NUM056	1.0	B	\N	\N	\N	NUM022	1.0	CF3	DEN007	1.0	B	\N	\N	\N	\N	\N	\N	\N	\N	\N	\N	\N	\N	\N	\N	\N	\N	\N	\N
94	1_3_1_1_6_1_2_3	金融市场部_交易性金融机构债投资_非司库_银行账户_5Y		2026-08-14 15:44:09	2026-08-14 15:44:09	NUM100	1.0	NII	\N	\N	\N	\N	\N	\N	\N	\N	\N	\N	\N	\N	\N	\N	\N	\N	\N	\N	\N	\N	\N	NUM086	1.0	NII	DEN056	1.0	AB	NUM100	1.0	NII	DEN060	1.0	AB	NUM100	1.0	NII	DEN060	1.0	AB	\N	\N	\N	\N	\N	\N	NUM059	1.0	B	\N	\N	\N	NUM011	1.0	RWA	\N	\N	\N	NUM022	1.0	CF3	DEN007	1.0	CF3	NUM021	1.0	CF1	\N	\N	\N	NUM007	0.85	B	\N	\N	\N	\N	\N	\N	DEN051	1.0	CF1-6	\N	\N	\N	DEN051	1.0	CF7-12	\N	\N	\N	DEN051	1.0	CF12+	\N	\N	\N	\N	\N	\N	\N	\N	\N	\N	\N	\N	NUM056	1.0	B	\N	\N	\N	NUM022	1.0	CF3	DEN007	1.0	B	\N	\N	\N	\N	\N	\N	\N	\N	\N	\N	\N	\N	\N	\N	\N	\N	\N	\N
95	1_3_1_1_6_1_2_4	金融市场部_交易性金融机构债投资_非司库_银行账户_10Y		2026-08-14 15:44:09	2026-08-14 15:44:09	NUM100	1.0	NII	\N	\N	\N	\N	\N	\N	\N	\N	\N	\N	\N	\N	\N	\N	\N	\N	\N	\N	\N	\N	\N	NUM086	1.0	NII	DEN056	1.0	AB	NUM100	1.0	NII	DEN060	1.0	AB	NUM100	1.0	NII	DEN060	1.0	AB	\N	\N	\N	\N	\N	\N	NUM059	1.0	B	\N	\N	\N	NUM011	1.0	RWA	\N	\N	\N	NUM022	1.0	CF3	DEN007	1.0	CF3	NUM021	1.0	CF1	\N	\N	\N	NUM007	0.85	B	\N	\N	\N	\N	\N	\N	DEN051	1.0	CF1-6	\N	\N	\N	DEN051	1.0	CF7-12	\N	\N	\N	DEN051	1.0	CF12+	\N	\N	\N	\N	\N	\N	\N	\N	\N	\N	\N	\N	NUM056	1.0	B	\N	\N	\N	NUM022	1.0	CF3	DEN007	1.0	B	\N	\N	\N	\N	\N	\N	\N	\N	\N	\N	\N	\N	\N	\N	\N	\N	\N	\N
96	1_3_1_1_7_1_1_1	金融市场部_交易性公司债投资_非司库_交易账户_1Y		2026-08-14 15:44:09	2026-08-14 15:44:09	NUM100	1.0	NII	\N	\N	\N	\N	\N	\N	\N	\N	\N	\N	\N	\N	\N	\N	\N	\N	\N	\N	\N	\N	\N	NUM086	1.0	NII	DEN056	1.0	AB	NUM100	1.0	NII	DEN060	1.0	AB	NUM100	1.0	NII	DEN060	1.0	AB	\N	\N	\N	\N	\N	\N	NUM059	1.0	B	\N	\N	\N	NUM027	1.0	RWA	\N	\N	\N	NUM022	1.0	B	DEN007	1.0	B	\N	\N	\N	\N	\N	\N	NUM006	0.85	B	\N	\N	\N	\N	\N	\N	DEN051	1.0	CF1-6	\N	\N	\N	DEN051	1.0	CF7-12	\N	\N	\N	DEN051	1.0	CF12+	\N	\N	\N	\N	\N	\N	\N	\N	\N	\N	\N	\N	NUM056	1.0	B	\N	\N	\N	NUM022	1.0	CF3	DEN007	1.0	B	\N	\N	\N	\N	\N	\N	\N	\N	\N	\N	\N	\N	\N	\N	\N	\N	\N	\N
97	1_3_1_1_7_1_1_2	金融市场部_交易性公司债投资_非司库_交易账户_3Y		2026-08-14 15:44:09	2026-08-14 15:44:09	NUM100	1.0	NII	\N	\N	\N	\N	\N	\N	\N	\N	\N	\N	\N	\N	\N	\N	\N	\N	\N	\N	\N	\N	\N	NUM086	1.0	NII	DEN056	1.0	AB	NUM100	1.0	NII	DEN060	1.0	AB	NUM100	1.0	NII	DEN060	1.0	AB	\N	\N	\N	\N	\N	\N	NUM059	1.0	B	\N	\N	\N	NUM027	1.0	RWA	\N	\N	\N	NUM022	1.0	B	DEN007	1.0	B	\N	\N	\N	\N	\N	\N	NUM006	0.85	B	\N	\N	\N	\N	\N	\N	DEN051	1.0	CF1-6	\N	\N	\N	DEN051	1.0	CF7-12	\N	\N	\N	DEN051	1.0	CF12+	\N	\N	\N	\N	\N	\N	\N	\N	\N	\N	\N	\N	NUM056	1.0	B	\N	\N	\N	NUM022	1.0	CF3	DEN007	1.0	B	\N	\N	\N	\N	\N	\N	\N	\N	\N	\N	\N	\N	\N	\N	\N	\N	\N	\N
98	1_3_1_1_7_1_1_3	金融市场部_交易性公司债投资_非司库_交易账户_5Y		2026-08-14 15:44:09	2026-08-14 15:44:09	NUM100	1.0	NII	\N	\N	\N	\N	\N	\N	\N	\N	\N	\N	\N	\N	\N	\N	\N	\N	\N	\N	\N	\N	\N	NUM086	1.0	NII	DEN056	1.0	AB	NUM100	1.0	NII	DEN060	1.0	AB	NUM100	1.0	NII	DEN060	1.0	AB	\N	\N	\N	\N	\N	\N	NUM059	1.0	B	\N	\N	\N	NUM027	1.0	RWA	\N	\N	\N	NUM022	1.0	B	DEN007	1.0	B	\N	\N	\N	\N	\N	\N	NUM006	0.85	B	\N	\N	\N	\N	\N	\N	DEN051	1.0	CF1-6	\N	\N	\N	DEN051	1.0	CF7-12	\N	\N	\N	DEN051	1.0	CF12+	\N	\N	\N	\N	\N	\N	\N	\N	\N	\N	\N	\N	NUM056	1.0	B	\N	\N	\N	NUM022	1.0	CF3	DEN007	1.0	B	\N	\N	\N	\N	\N	\N	\N	\N	\N	\N	\N	\N	\N	\N	\N	\N	\N	\N
99	1_3_1_1_7_1_1_4	金融市场部_交易性公司债投资_非司库_交易账户_10Y		2026-08-14 15:44:09	2026-08-14 15:44:09	NUM100	1.0	NII	\N	\N	\N	\N	\N	\N	\N	\N	\N	\N	\N	\N	\N	\N	\N	\N	\N	\N	\N	\N	\N	NUM086	1.0	NII	DEN056	1.0	AB	NUM100	1.0	NII	DEN060	1.0	AB	NUM100	1.0	NII	DEN060	1.0	AB	\N	\N	\N	\N	\N	\N	NUM059	1.0	B	\N	\N	\N	NUM027	1.0	RWA	\N	\N	\N	NUM022	1.0	B	DEN007	1.0	B	\N	\N	\N	\N	\N	\N	NUM006	0.85	B	\N	\N	\N	\N	\N	\N	DEN051	1.0	CF1-6	\N	\N	\N	DEN051	1.0	CF7-12	\N	\N	\N	DEN051	1.0	CF12+	\N	\N	\N	\N	\N	\N	\N	\N	\N	\N	\N	\N	NUM056	1.0	B	\N	\N	\N	NUM022	1.0	CF3	DEN007	1.0	B	\N	\N	\N	\N	\N	\N	\N	\N	\N	\N	\N	\N	\N	\N	\N	\N	\N	\N
100	1_3_1_1_7_1_2_1	金融市场部_交易性公司债投资_非司库_银行账户_1Y		2026-08-14 15:44:09	2026-08-14 15:44:09	NUM100	1.0	NII	\N	\N	\N	\N	\N	\N	\N	\N	\N	\N	\N	\N	\N	\N	\N	\N	\N	\N	\N	\N	\N	NUM086	1.0	NII	DEN056	1.0	AB	NUM100	1.0	NII	DEN060	1.0	AB	NUM100	1.0	NII	DEN060	1.0	AB	\N	\N	\N	\N	\N	\N	NUM059	1.0	B	\N	\N	\N	NUM011	1.0	RWA	\N	\N	\N	NUM022	1.0	CF3	DEN007	1.0	CF3	NUM021	1.0	CF1	\N	\N	\N	NUM006	0.85	B	\N	\N	\N	\N	\N	\N	DEN051	1.0	CF1-6	\N	\N	\N	DEN051	1.0	CF7-12	\N	\N	\N	DEN051	1.0	CF12+	\N	\N	\N	\N	\N	\N	\N	\N	\N	\N	\N	\N	NUM056	1.0	B	\N	\N	\N	NUM022	1.0	CF3	DEN007	1.0	B	\N	\N	\N	\N	\N	\N	\N	\N	\N	\N	\N	\N	\N	\N	\N	\N	\N	\N
101	1_3_1_1_7_1_2_2	金融市场部_交易性公司债投资_非司库_银行账户_3Y		2026-08-14 15:44:09	2026-08-14 15:44:09	NUM100	1.0	NII	\N	\N	\N	\N	\N	\N	\N	\N	\N	\N	\N	\N	\N	\N	\N	\N	\N	\N	\N	\N	\N	NUM086	1.0	NII	DEN056	1.0	AB	NUM100	1.0	NII	DEN060	1.0	AB	NUM100	1.0	NII	DEN060	1.0	AB	\N	\N	\N	\N	\N	\N	NUM059	1.0	B	\N	\N	\N	NUM011	1.0	RWA	\N	\N	\N	NUM022	1.0	CF3	DEN007	1.0	CF3	NUM021	1.0	CF1	\N	\N	\N	NUM006	0.85	B	\N	\N	\N	\N	\N	\N	DEN051	1.0	CF1-6	\N	\N	\N	DEN051	1.0	CF7-12	\N	\N	\N	DEN051	1.0	CF12+	\N	\N	\N	\N	\N	\N	\N	\N	\N	\N	\N	\N	NUM056	1.0	B	\N	\N	\N	NUM022	1.0	CF3	DEN007	1.0	B	\N	\N	\N	\N	\N	\N	\N	\N	\N	\N	\N	\N	\N	\N	\N	\N	\N	\N
102	1_3_1_1_7_1_2_3	金融市场部_交易性公司债投资_非司库_银行账户_5Y		2026-08-14 15:44:09	2026-08-14 15:44:09	NUM100	1.0	NII	\N	\N	\N	\N	\N	\N	\N	\N	\N	\N	\N	\N	\N	\N	\N	\N	\N	\N	\N	\N	\N	NUM086	1.0	NII	DEN056	1.0	AB	NUM100	1.0	NII	DEN060	1.0	AB	NUM100	1.0	NII	DEN060	1.0	AB	\N	\N	\N	\N	\N	\N	NUM059	1.0	B	\N	\N	\N	NUM011	1.0	RWA	\N	\N	\N	NUM022	1.0	CF3	DEN007	1.0	CF3	NUM021	1.0	CF1	\N	\N	\N	NUM006	0.85	B	\N	\N	\N	\N	\N	\N	DEN051	1.0	CF1-6	\N	\N	\N	DEN051	1.0	CF7-12	\N	\N	\N	DEN051	1.0	CF12+	\N	\N	\N	\N	\N	\N	\N	\N	\N	\N	\N	\N	NUM056	1.0	B	\N	\N	\N	NUM022	1.0	CF3	DEN007	1.0	B	\N	\N	\N	\N	\N	\N	\N	\N	\N	\N	\N	\N	\N	\N	\N	\N	\N	\N
103	1_3_1_1_7_1_2_4	金融市场部_交易性公司债投资_非司库_银行账户_10Y		2026-08-14 15:44:09	2026-08-14 15:44:09	NUM100	1.0	NII	\N	\N	\N	\N	\N	\N	\N	\N	\N	\N	\N	\N	\N	\N	\N	\N	\N	\N	\N	\N	\N	NUM086	1.0	NII	DEN056	1.0	AB	NUM100	1.0	NII	DEN060	1.0	AB	NUM100	1.0	NII	DEN060	1.0	AB	\N	\N	\N	\N	\N	\N	NUM059	1.0	B	\N	\N	\N	NUM011	1.0	RWA	\N	\N	\N	NUM022	1.0	CF3	DEN007	1.0	CF3	NUM021	1.0	CF1	\N	\N	\N	NUM006	0.85	B	\N	\N	\N	\N	\N	\N	DEN051	1.0	CF1-6	\N	\N	\N	DEN051	1.0	CF7-12	\N	\N	\N	DEN051	1.0	CF12+	\N	\N	\N	\N	\N	\N	\N	\N	\N	\N	\N	\N	NUM056	1.0	B	\N	\N	\N	NUM022	1.0	CF3	DEN007	1.0	B	\N	\N	\N	\N	\N	\N	\N	\N	\N	\N	\N	\N	\N	\N	\N	\N	\N	\N
104	1_3_1_1_8_1_1_1	金融市场部_交易性同业存单投资_非司库_交易账户_1M		2026-08-14 15:44:09	2026-08-14 15:44:09	NUM100	1.0	NII	\N	\N	\N	\N	\N	\N	\N	\N	\N	\N	\N	\N	\N	\N	\N	\N	\N	\N	\N	\N	\N	NUM086	1.0	NII	DEN056	1.0	AB	NUM100	1.0	NII	DEN060	1.0	AB	NUM100	1.0	NII	DEN060	1.0	AB	\N	\N	\N	\N	\N	\N	\N	\N	\N	\N	\N	\N	NUM027	1.0	RWA	\N	\N	\N	NUM023	1.0	CF3	DEN008	1.0	CF3	\N	\N	\N	\N	\N	\N	NUM007	0.85	B	DEN026	-1.0	CF1	\N	\N	\N	DEN011	1.0	CF1-6	\N	\N	\N	DEN011	1.0	CF7-12	\N	\N	\N	DEN011	1.0	CF12+	\N	\N	\N	\N	\N	\N	\N	\N	\N	\N	\N	\N	NUM056	1.0	B	\N	\N	\N	NUM023	1.0	CF3	DEN008	1.0	B	\N	\N	\N	\N	\N	\N	\N	\N	\N	\N	\N	\N	\N	\N	\N	\N	\N	\N
105	1_3_1_1_8_1_1_2	金融市场部_交易性同业存单投资_非司库_交易账户_3M		2026-08-14 15:44:09	2026-08-14 15:44:09	NUM100	1.0	NII	\N	\N	\N	\N	\N	\N	\N	\N	\N	\N	\N	\N	\N	\N	\N	\N	\N	\N	\N	\N	\N	NUM086	1.0	NII	DEN056	1.0	AB	NUM100	1.0	NII	DEN060	1.0	AB	NUM100	1.0	NII	DEN060	1.0	AB	\N	\N	\N	\N	\N	\N	\N	\N	\N	\N	\N	\N	NUM027	1.0	RWA	\N	\N	\N	NUM023	1.0	CF3	DEN008	1.0	CF3	\N	\N	\N	\N	\N	\N	NUM007	0.85	B	DEN026	-1.0	CF1	\N	\N	\N	DEN011	1.0	CF1-6	\N	\N	\N	DEN011	1.0	CF7-12	\N	\N	\N	DEN011	1.0	CF12+	\N	\N	\N	\N	\N	\N	\N	\N	\N	\N	\N	\N	NUM056	1.0	B	\N	\N	\N	NUM023	1.0	CF3	DEN008	1.0	B	\N	\N	\N	\N	\N	\N	\N	\N	\N	\N	\N	\N	\N	\N	\N	\N	\N	\N
106	1_3_1_1_8_1_1_3	金融市场部_交易性同业存单投资_非司库_交易账户_6M		2026-08-14 15:44:09	2026-08-14 15:44:09	NUM100	1.0	NII	\N	\N	\N	\N	\N	\N	\N	\N	\N	\N	\N	\N	\N	\N	\N	\N	\N	\N	\N	\N	\N	NUM086	1.0	NII	DEN056	1.0	AB	NUM100	1.0	NII	DEN060	1.0	AB	NUM100	1.0	NII	DEN060	1.0	AB	\N	\N	\N	\N	\N	\N	\N	\N	\N	\N	\N	\N	NUM027	1.0	RWA	\N	\N	\N	NUM023	1.0	CF3	DEN008	1.0	CF3	\N	\N	\N	\N	\N	\N	NUM007	0.85	B	DEN026	-1.0	CF1	\N	\N	\N	DEN011	1.0	CF1-6	\N	\N	\N	DEN011	1.0	CF7-12	\N	\N	\N	DEN011	1.0	CF12+	\N	\N	\N	\N	\N	\N	\N	\N	\N	\N	\N	\N	NUM056	1.0	B	\N	\N	\N	NUM023	1.0	CF3	DEN008	1.0	B	\N	\N	\N	\N	\N	\N	\N	\N	\N	\N	\N	\N	\N	\N	\N	\N	\N	\N
107	1_3_1_1_8_1_1_4	金融市场部_交易性同业存单投资_非司库_交易账户_1Y		2026-08-14 15:44:09	2026-08-14 15:44:09	NUM100	1.0	NII	\N	\N	\N	\N	\N	\N	\N	\N	\N	\N	\N	\N	\N	\N	\N	\N	\N	\N	\N	\N	\N	NUM086	1.0	NII	DEN056	1.0	AB	NUM100	1.0	NII	DEN060	1.0	AB	NUM100	1.0	NII	DEN060	1.0	AB	\N	\N	\N	\N	\N	\N	\N	\N	\N	\N	\N	\N	NUM027	1.0	RWA	\N	\N	\N	NUM023	1.0	CF3	DEN008	1.0	CF3	\N	\N	\N	\N	\N	\N	NUM007	0.85	B	DEN026	-1.0	CF1	\N	\N	\N	DEN011	1.0	CF1-6	\N	\N	\N	DEN011	1.0	CF7-12	\N	\N	\N	DEN011	1.0	CF12+	\N	\N	\N	\N	\N	\N	\N	\N	\N	\N	\N	\N	NUM056	1.0	B	\N	\N	\N	NUM023	1.0	CF3	DEN008	1.0	B	\N	\N	\N	\N	\N	\N	\N	\N	\N	\N	\N	\N	\N	\N	\N	\N	\N	\N
108	1_3_1_1_8_1_2_1	金融市场部_交易性同业存单投资_非司库_银行账户_1M		2026-08-14 15:44:09	2026-08-14 15:44:09	NUM100	1.0	NII	\N	\N	\N	\N	\N	\N	\N	\N	\N	\N	\N	\N	\N	\N	\N	\N	\N	\N	\N	\N	\N	NUM086	1.0	NII	DEN056	1.0	AB	NUM100	1.0	NII	DEN060	1.0	AB	NUM100	1.0	NII	DEN060	1.0	AB	\N	\N	\N	\N	\N	\N	\N	\N	\N	\N	\N	\N	NUM011	1.0	RWA	\N	\N	\N	NUM023	1.0	CF3	DEN008	1.0	CF3	\N	\N	\N	\N	\N	\N	NUM007	0.85	B	DEN026	-1.0	CF1	\N	\N	\N	DEN011	1.0	CF1-6	\N	\N	\N	DEN011	1.0	CF7-12	\N	\N	\N	DEN011	1.0	CF12+	\N	\N	\N	\N	\N	\N	\N	\N	\N	\N	\N	\N	NUM056	1.0	B	\N	\N	\N	NUM023	1.0	CF3	DEN008	1.0	B	\N	\N	\N	\N	\N	\N	\N	\N	\N	\N	\N	\N	\N	\N	\N	\N	\N	\N
109	1_3_1_1_8_1_2_2	金融市场部_交易性同业存单投资_非司库_银行账户_3M		2026-08-14 15:44:09	2026-08-14 15:44:09	NUM100	1.0	NII	\N	\N	\N	\N	\N	\N	\N	\N	\N	\N	\N	\N	\N	\N	\N	\N	\N	\N	\N	\N	\N	NUM086	1.0	NII	DEN056	1.0	AB	NUM100	1.0	NII	DEN060	1.0	AB	NUM100	1.0	NII	DEN060	1.0	AB	\N	\N	\N	\N	\N	\N	\N	\N	\N	\N	\N	\N	NUM011	1.0	RWA	\N	\N	\N	NUM023	1.0	CF3	DEN008	1.0	CF3	\N	\N	\N	\N	\N	\N	NUM007	0.85	B	DEN026	-1.0	CF1	\N	\N	\N	DEN011	1.0	CF1-6	\N	\N	\N	DEN011	1.0	CF7-12	\N	\N	\N	DEN011	1.0	CF12+	\N	\N	\N	\N	\N	\N	\N	\N	\N	\N	\N	\N	NUM056	1.0	B	\N	\N	\N	NUM023	1.0	CF3	DEN008	1.0	B	\N	\N	\N	\N	\N	\N	\N	\N	\N	\N	\N	\N	\N	\N	\N	\N	\N	\N
110	1_3_1_1_8_1_2_3	金融市场部_交易性同业存单投资_非司库_银行账户_6M		2026-08-14 15:44:09	2026-08-14 15:44:09	NUM100	1.0	NII	\N	\N	\N	\N	\N	\N	\N	\N	\N	\N	\N	\N	\N	\N	\N	\N	\N	\N	\N	\N	\N	NUM086	1.0	NII	DEN056	1.0	AB	NUM100	1.0	NII	DEN060	1.0	AB	NUM100	1.0	NII	DEN060	1.0	AB	\N	\N	\N	\N	\N	\N	\N	\N	\N	\N	\N	\N	NUM011	1.0	RWA	\N	\N	\N	NUM023	1.0	CF3	DEN008	1.0	CF3	\N	\N	\N	\N	\N	\N	NUM007	0.85	B	DEN026	-1.0	CF1	\N	\N	\N	DEN011	1.0	CF1-6	\N	\N	\N	DEN011	1.0	CF7-12	\N	\N	\N	DEN011	1.0	CF12+	\N	\N	\N	\N	\N	\N	\N	\N	\N	\N	\N	\N	NUM056	1.0	B	\N	\N	\N	NUM023	1.0	CF3	DEN008	1.0	B	\N	\N	\N	\N	\N	\N	\N	\N	\N	\N	\N	\N	\N	\N	\N	\N	\N	\N
111	1_3_1_1_8_1_2_4	金融市场部_交易性同业存单投资_非司库_银行账户_1Y		2026-08-14 15:44:09	2026-08-14 15:44:09	NUM100	1.0	NII	\N	\N	\N	\N	\N	\N	\N	\N	\N	\N	\N	\N	\N	\N	\N	\N	\N	\N	\N	\N	\N	NUM086	1.0	NII	DEN056	1.0	AB	NUM100	1.0	NII	DEN060	1.0	AB	NUM100	1.0	NII	DEN060	1.0	AB	\N	\N	\N	\N	\N	\N	\N	\N	\N	\N	\N	\N	NUM011	1.0	RWA	\N	\N	\N	NUM023	1.0	CF3	DEN008	1.0	CF3	\N	\N	\N	\N	\N	\N	NUM007	0.85	B	DEN026	-1.0	CF1	\N	\N	\N	DEN011	1.0	CF1-6	\N	\N	\N	DEN011	1.0	CF7-12	\N	\N	\N	DEN011	1.0	CF12+	\N	\N	\N	\N	\N	\N	\N	\N	\N	\N	\N	\N	NUM056	1.0	B	\N	\N	\N	NUM023	1.0	CF3	DEN008	1.0	B	\N	\N	\N	\N	\N	\N	\N	\N	\N	\N	\N	\N	\N	\N	\N	\N	\N	\N
112	1_3_1_1_9_1_1_1	金融市场部_交易性金融资产_其他_非司库_交易账户_1Y		2026-08-14 15:44:09	2026-08-14 15:44:09	NUM100	1.0	NII	\N	\N	\N	\N	\N	\N	\N	\N	\N	\N	\N	\N	\N	\N	\N	\N	\N	\N	\N	\N	\N	NUM086	1.0	NII	DEN056	1.0	AB	NUM100	1.0	NII	DEN060	1.0	AB	NUM100	1.0	NII	DEN060	1.0	AB	\N	\N	\N	\N	\N	\N	NUM065	1.0	B	\N	\N	\N	NUM027	1.0	RWA	\N	\N	\N	NUM022	1.0	B	DEN007	1.0	B	\N	\N	\N	\N	\N	\N	\N	\N	\N	\N	\N	\N	\N	\N	\N	DEN053	1.0	CF1-6	\N	\N	\N	DEN053	1.0	CF7-12	\N	\N	\N	DEN052	1.0	CF12+	\N	\N	\N	\N	\N	\N	\N	\N	\N	\N	\N	\N	NUM057	1.0	B	\N	\N	\N	NUM022	1.0	CF3	DEN007	1.0	B	\N	\N	\N	\N	\N	\N	\N	\N	\N	\N	\N	\N	\N	\N	\N	\N	\N	\N
113	1_3_1_1_9_1_1_2	金融市场部_交易性金融资产_其他_非司库_交易账户_3Y		2026-08-14 15:44:09	2026-08-14 15:44:09	NUM100	1.0	NII	\N	\N	\N	\N	\N	\N	\N	\N	\N	\N	\N	\N	\N	\N	\N	\N	\N	\N	\N	\N	\N	NUM086	1.0	NII	DEN056	1.0	AB	NUM100	1.0	NII	DEN060	1.0	AB	NUM100	1.0	NII	DEN060	1.0	AB	\N	\N	\N	\N	\N	\N	NUM065	1.0	B	\N	\N	\N	NUM027	1.0	RWA	\N	\N	\N	NUM022	1.0	B	DEN007	1.0	B	\N	\N	\N	\N	\N	\N	\N	\N	\N	\N	\N	\N	\N	\N	\N	DEN053	1.0	CF1-6	\N	\N	\N	DEN053	1.0	CF7-12	\N	\N	\N	DEN052	1.0	CF12+	\N	\N	\N	\N	\N	\N	\N	\N	\N	\N	\N	\N	NUM057	1.0	B	\N	\N	\N	NUM022	1.0	CF3	DEN007	1.0	B	\N	\N	\N	\N	\N	\N	\N	\N	\N	\N	\N	\N	\N	\N	\N	\N	\N	\N
114	1_3_1_1_9_1_1_3	金融市场部_交易性金融资产_其他_非司库_交易账户_5Y		2026-08-14 15:44:09	2026-08-14 15:44:09	NUM100	1.0	NII	\N	\N	\N	\N	\N	\N	\N	\N	\N	\N	\N	\N	\N	\N	\N	\N	\N	\N	\N	\N	\N	NUM086	1.0	NII	DEN056	1.0	AB	NUM100	1.0	NII	DEN060	1.0	AB	NUM100	1.0	NII	DEN060	1.0	AB	\N	\N	\N	\N	\N	\N	NUM065	1.0	B	\N	\N	\N	NUM027	1.0	RWA	\N	\N	\N	NUM022	1.0	B	DEN007	1.0	B	\N	\N	\N	\N	\N	\N	\N	\N	\N	\N	\N	\N	\N	\N	\N	DEN053	1.0	CF1-6	\N	\N	\N	DEN053	1.0	CF7-12	\N	\N	\N	DEN052	1.0	CF12+	\N	\N	\N	\N	\N	\N	\N	\N	\N	\N	\N	\N	NUM057	1.0	B	\N	\N	\N	NUM022	1.0	CF3	DEN007	1.0	B	\N	\N	\N	\N	\N	\N	\N	\N	\N	\N	\N	\N	\N	\N	\N	\N	\N	\N
115	1_3_1_1_9_1_2_1	金融市场部_交易性金融资产_其他_非司库_银行账户_1Y		2026-08-14 15:44:09	2026-08-14 15:44:09	NUM100	1.0	NII	\N	\N	\N	\N	\N	\N	\N	\N	\N	\N	\N	\N	\N	\N	\N	\N	\N	\N	\N	\N	\N	NUM086	1.0	NII	DEN056	1.0	AB	NUM100	1.0	NII	DEN060	1.0	AB	NUM100	1.0	NII	DEN060	1.0	AB	\N	\N	\N	\N	\N	\N	NUM065	1.0	B	\N	\N	\N	NUM011	1.0	RWA	\N	\N	\N	NUM022	1.0	CF3	DEN007	1.0	CF3	NUM024	1.0	CF1	\N	\N	\N	\N	\N	\N	\N	\N	\N	\N	\N	\N	DEN053	1.0	CF1-6	\N	\N	\N	DEN053	1.0	CF7-12	\N	\N	\N	DEN052	1.0	CF12+	\N	\N	\N	\N	\N	\N	\N	\N	\N	\N	\N	\N	NUM057	1.0	B	\N	\N	\N	NUM022	1.0	CF3	DEN007	1.0	B	\N	\N	\N	\N	\N	\N	\N	\N	\N	\N	\N	\N	\N	\N	\N	\N	\N	\N
116	1_3_1_1_9_1_2_2	金融市场部_交易性金融资产_其他_非司库_银行账户_3Y		2026-08-14 15:44:09	2026-08-14 15:44:09	NUM100	1.0	NII	\N	\N	\N	\N	\N	\N	\N	\N	\N	\N	\N	\N	\N	\N	\N	\N	\N	\N	\N	\N	\N	NUM086	1.0	NII	DEN056	1.0	AB	NUM100	1.0	NII	DEN060	1.0	AB	NUM100	1.0	NII	DEN060	1.0	AB	\N	\N	\N	\N	\N	\N	NUM065	1.0	B	\N	\N	\N	NUM011	1.0	RWA	\N	\N	\N	NUM022	1.0	CF3	DEN007	1.0	CF3	NUM024	1.0	CF1	\N	\N	\N	\N	\N	\N	\N	\N	\N	\N	\N	\N	DEN053	1.0	CF1-6	\N	\N	\N	DEN053	1.0	CF7-12	\N	\N	\N	DEN052	1.0	CF12+	\N	\N	\N	\N	\N	\N	\N	\N	\N	\N	\N	\N	NUM057	1.0	B	\N	\N	\N	NUM022	1.0	CF3	DEN007	1.0	B	\N	\N	\N	\N	\N	\N	\N	\N	\N	\N	\N	\N	\N	\N	\N	\N	\N	\N
117	1_3_1_1_9_1_2_3	金融市场部_交易性金融资产_其他_非司库_银行账户_5Y		2026-08-14 15:44:09	2026-08-14 15:44:09	NUM100	1.0	NII	\N	\N	\N	\N	\N	\N	\N	\N	\N	\N	\N	\N	\N	\N	\N	\N	\N	\N	\N	\N	\N	NUM086	1.0	NII	DEN056	1.0	AB	NUM100	1.0	NII	DEN060	1.0	AB	NUM100	1.0	NII	DEN060	1.0	AB	\N	\N	\N	\N	\N	\N	NUM065	1.0	B	\N	\N	\N	NUM011	1.0	RWA	\N	\N	\N	NUM022	1.0	CF3	DEN007	1.0	CF3	NUM024	1.0	CF1	\N	\N	\N	\N	\N	\N	\N	\N	\N	\N	\N	\N	DEN053	1.0	CF1-6	\N	\N	\N	DEN053	1.0	CF7-12	\N	\N	\N	DEN052	1.0	CF12+	\N	\N	\N	\N	\N	\N	\N	\N	\N	\N	\N	\N	NUM057	1.0	B	\N	\N	\N	NUM022	1.0	CF3	DEN007	1.0	B	\N	\N	\N	\N	\N	\N	\N	\N	\N	\N	\N	\N	\N	\N	\N	\N	\N	\N
118	1_3_1_2_1_1_1	金融市场部_其他债权投资_国债_司库_1Y		2026-08-14 15:44:09	2026-08-14 15:44:09	NUM100	1.0	NII	\N	\N	\N	\N	\N	\N	\N	\N	\N	\N	\N	\N	\N	\N	\N	\N	\N	\N	\N	\N	\N	NUM086	1.0	NII	DEN056	1.0	AB	NUM100	1.0	NII	DEN060	1.0	AB	NUM100	1.0	NII	DEN060	1.0	AB	\N	\N	\N	\N	\N	\N	NUM059	1.0	B	\N	\N	\N	NUM011	1.0	RWA	\N	\N	\N	NUM022	1.0	CF3	DEN007	1.0	CF3	NUM021	1.0	CF1	\N	\N	\N	NUM003	1.0	B	\N	\N	\N	\N	\N	\N	DEN051	1.0	CF1-6	\N	\N	\N	DEN051	1.0	CF7-12	\N	\N	\N	DEN051	1.0	CF12+	\N	\N	\N	\N	\N	\N	\N	\N	\N	\N	\N	\N	NUM062	1.0	B	\N	\N	\N	NUM022	1.0	CF3	DEN007	1.0	B	\N	\N	\N	\N	\N	\N	\N	\N	\N	\N	\N	\N	\N	\N	\N	\N	\N	\N
119	1_3_1_2_1_1_2	金融市场部_其他债权投资_国债_司库_3Y		2026-08-14 15:44:09	2026-08-14 15:44:09	NUM100	1.0	NII	\N	\N	\N	\N	\N	\N	\N	\N	\N	\N	\N	\N	\N	\N	\N	\N	\N	\N	\N	\N	\N	NUM086	1.0	NII	DEN056	1.0	AB	NUM100	1.0	NII	DEN060	1.0	AB	NUM100	1.0	NII	DEN060	1.0	AB	\N	\N	\N	\N	\N	\N	NUM059	1.0	B	\N	\N	\N	NUM011	1.0	RWA	\N	\N	\N	NUM022	1.0	CF3	DEN007	1.0	CF3	NUM021	1.0	CF1	\N	\N	\N	NUM003	1.0	B	\N	\N	\N	\N	\N	\N	DEN051	1.0	CF1-6	\N	\N	\N	DEN051	1.0	CF7-12	\N	\N	\N	DEN051	1.0	CF12+	\N	\N	\N	\N	\N	\N	\N	\N	\N	\N	\N	\N	NUM062	1.0	B	\N	\N	\N	NUM022	1.0	CF3	DEN007	1.0	B	\N	\N	\N	\N	\N	\N	\N	\N	\N	\N	\N	\N	\N	\N	\N	\N	\N	\N
120	1_3_1_2_1_1_3	金融市场部_其他债权投资_国债_司库_5Y		2026-08-14 15:44:09	2026-08-14 15:44:09	NUM100	1.0	NII	\N	\N	\N	\N	\N	\N	\N	\N	\N	\N	\N	\N	\N	\N	\N	\N	\N	\N	\N	\N	\N	NUM086	1.0	NII	DEN056	1.0	AB	NUM100	1.0	NII	DEN060	1.0	AB	NUM100	1.0	NII	DEN060	1.0	AB	\N	\N	\N	\N	\N	\N	NUM059	1.0	B	\N	\N	\N	NUM011	1.0	RWA	\N	\N	\N	NUM022	1.0	CF3	DEN007	1.0	CF3	NUM021	1.0	CF1	\N	\N	\N	NUM003	1.0	B	\N	\N	\N	\N	\N	\N	DEN051	1.0	CF1-6	\N	\N	\N	DEN051	1.0	CF7-12	\N	\N	\N	DEN051	1.0	CF12+	\N	\N	\N	\N	\N	\N	\N	\N	\N	\N	\N	\N	NUM062	1.0	B	\N	\N	\N	NUM022	1.0	CF3	DEN007	1.0	B	\N	\N	\N	\N	\N	\N	\N	\N	\N	\N	\N	\N	\N	\N	\N	\N	\N	\N
121	1_3_1_2_1_1_4	金融市场部_其他债权投资_国债_司库_10Y		2026-08-14 15:44:09	2026-08-14 15:44:09	NUM100	1.0	NII	\N	\N	\N	\N	\N	\N	\N	\N	\N	\N	\N	\N	\N	\N	\N	\N	\N	\N	\N	\N	\N	NUM086	1.0	NII	DEN056	1.0	AB	NUM100	1.0	NII	DEN060	1.0	AB	NUM100	1.0	NII	DEN060	1.0	AB	\N	\N	\N	\N	\N	\N	NUM059	1.0	B	\N	\N	\N	NUM011	1.0	RWA	\N	\N	\N	NUM022	1.0	CF3	DEN007	1.0	CF3	NUM021	1.0	CF1	\N	\N	\N	NUM003	1.0	B	\N	\N	\N	\N	\N	\N	DEN051	1.0	CF1-6	\N	\N	\N	DEN051	1.0	CF7-12	\N	\N	\N	DEN051	1.0	CF12+	\N	\N	\N	\N	\N	\N	\N	\N	\N	\N	\N	\N	NUM062	1.0	B	\N	\N	\N	NUM022	1.0	CF3	DEN007	1.0	B	\N	\N	\N	\N	\N	\N	\N	\N	\N	\N	\N	\N	\N	\N	\N	\N	\N	\N
122	1_3_1_2_1_2_1	金融市场部_其他债权投资_国债_非司库_1Y		2026-08-14 15:44:09	2026-08-14 15:44:09	NUM100	1.0	NII	\N	\N	\N	\N	\N	\N	\N	\N	\N	\N	\N	\N	\N	\N	\N	\N	\N	\N	\N	\N	\N	NUM086	1.0	NII	DEN056	1.0	AB	NUM100	1.0	NII	DEN060	1.0	AB	NUM100	1.0	NII	DEN060	1.0	AB	\N	\N	\N	\N	\N	\N	NUM059	1.0	B	\N	\N	\N	NUM011	1.0	RWA	\N	\N	\N	NUM022	1.0	CF3	DEN007	1.0	CF3	NUM021	1.0	CF1	\N	\N	\N	NUM003	1.0	B	\N	\N	\N	\N	\N	\N	DEN051	1.0	CF1-6	\N	\N	\N	DEN051	1.0	CF7-12	\N	\N	\N	DEN051	1.0	CF12+	\N	\N	\N	\N	\N	\N	\N	\N	\N	\N	\N	\N	NUM062	1.0	B	\N	\N	\N	NUM022	1.0	CF3	DEN007	1.0	B	\N	\N	\N	\N	\N	\N	\N	\N	\N	\N	\N	\N	\N	\N	\N	\N	\N	\N
123	1_3_1_2_1_2_2	金融市场部_其他债权投资_国债_非司库_3Y		2026-08-14 15:44:09	2026-08-14 15:44:09	NUM100	1.0	NII	\N	\N	\N	\N	\N	\N	\N	\N	\N	\N	\N	\N	\N	\N	\N	\N	\N	\N	\N	\N	\N	NUM086	1.0	NII	DEN056	1.0	AB	NUM100	1.0	NII	DEN060	1.0	AB	NUM100	1.0	NII	DEN060	1.0	AB	\N	\N	\N	\N	\N	\N	NUM059	1.0	B	\N	\N	\N	NUM011	1.0	RWA	\N	\N	\N	NUM022	1.0	CF3	DEN007	1.0	CF3	NUM021	1.0	CF1	\N	\N	\N	NUM003	1.0	B	\N	\N	\N	\N	\N	\N	DEN051	1.0	CF1-6	\N	\N	\N	DEN051	1.0	CF7-12	\N	\N	\N	DEN051	1.0	CF12+	\N	\N	\N	\N	\N	\N	\N	\N	\N	\N	\N	\N	NUM062	1.0	B	\N	\N	\N	NUM022	1.0	CF3	DEN007	1.0	B	\N	\N	\N	\N	\N	\N	\N	\N	\N	\N	\N	\N	\N	\N	\N	\N	\N	\N
124	1_3_1_2_1_2_3	金融市场部_其他债权投资_国债_非司库_5Y		2026-08-14 15:44:09	2026-08-14 15:44:09	NUM100	1.0	NII	\N	\N	\N	\N	\N	\N	\N	\N	\N	\N	\N	\N	\N	\N	\N	\N	\N	\N	\N	\N	\N	NUM086	1.0	NII	DEN056	1.0	AB	NUM100	1.0	NII	DEN060	1.0	AB	NUM100	1.0	NII	DEN060	1.0	AB	\N	\N	\N	\N	\N	\N	NUM059	1.0	B	\N	\N	\N	NUM011	1.0	RWA	\N	\N	\N	NUM022	1.0	CF3	DEN007	1.0	CF3	NUM021	1.0	CF1	\N	\N	\N	NUM003	1.0	B	\N	\N	\N	\N	\N	\N	DEN051	1.0	CF1-6	\N	\N	\N	DEN051	1.0	CF7-12	\N	\N	\N	DEN051	1.0	CF12+	\N	\N	\N	\N	\N	\N	\N	\N	\N	\N	\N	\N	NUM062	1.0	B	\N	\N	\N	NUM022	1.0	CF3	DEN007	1.0	B	\N	\N	\N	\N	\N	\N	\N	\N	\N	\N	\N	\N	\N	\N	\N	\N	\N	\N
125	1_3_1_2_1_2_4	金融市场部_其他债权投资_国债_非司库_10Y		2026-08-14 15:44:09	2026-08-14 15:44:09	NUM100	1.0	NII	\N	\N	\N	\N	\N	\N	\N	\N	\N	\N	\N	\N	\N	\N	\N	\N	\N	\N	\N	\N	\N	NUM086	1.0	NII	DEN056	1.0	AB	NUM100	1.0	NII	DEN060	1.0	AB	NUM100	1.0	NII	DEN060	1.0	AB	\N	\N	\N	\N	\N	\N	NUM059	1.0	B	\N	\N	\N	NUM011	1.0	RWA	\N	\N	\N	NUM022	1.0	CF3	DEN007	1.0	CF3	NUM021	1.0	CF1	\N	\N	\N	NUM003	1.0	B	\N	\N	\N	\N	\N	\N	DEN051	1.0	CF1-6	\N	\N	\N	DEN051	1.0	CF7-12	\N	\N	\N	DEN051	1.0	CF12+	\N	\N	\N	\N	\N	\N	\N	\N	\N	\N	\N	\N	NUM062	1.0	B	\N	\N	\N	NUM022	1.0	CF3	DEN007	1.0	B	\N	\N	\N	\N	\N	\N	\N	\N	\N	\N	\N	\N	\N	\N	\N	\N	\N	\N
126	1_3_1_2_2_1_1	金融市场部_其他债权投资_央票_司库_1Y		2026-08-14 15:44:09	2026-08-14 15:44:09	NUM100	1.0	NII	\N	\N	\N	\N	\N	\N	\N	\N	\N	\N	\N	\N	\N	\N	\N	\N	\N	\N	\N	\N	\N	NUM086	1.0	NII	DEN056	1.0	AB	NUM100	1.0	NII	DEN060	1.0	AB	NUM100	1.0	NII	DEN060	1.0	AB	\N	\N	\N	\N	\N	\N	NUM059	1.0	B	\N	\N	\N	NUM011	1.0	RWA	\N	\N	\N	NUM022	1.0	CF3	DEN007	1.0	CF3	NUM021	1.0	CF1	\N	\N	\N	NUM003	1.0	B	\N	\N	\N	\N	\N	\N	DEN051	1.0	CF1-6	\N	\N	\N	DEN051	1.0	CF7-12	\N	\N	\N	DEN051	1.0	CF12+	\N	\N	\N	\N	\N	\N	\N	\N	\N	\N	\N	\N	NUM062	1.0	B	\N	\N	\N	NUM022	1.0	CF3	DEN007	1.0	B	\N	\N	\N	\N	\N	\N	\N	\N	\N	\N	\N	\N	\N	\N	\N	\N	\N	\N
127	1_3_1_2_2_1_2	金融市场部_其他债权投资_央票_司库_3Y		2026-08-14 15:44:09	2026-08-14 15:44:09	NUM100	1.0	NII	\N	\N	\N	\N	\N	\N	\N	\N	\N	\N	\N	\N	\N	\N	\N	\N	\N	\N	\N	\N	\N	NUM086	1.0	NII	DEN056	1.0	AB	NUM100	1.0	NII	DEN060	1.0	AB	NUM100	1.0	NII	DEN060	1.0	AB	\N	\N	\N	\N	\N	\N	NUM059	1.0	B	\N	\N	\N	NUM011	1.0	RWA	\N	\N	\N	NUM022	1.0	CF3	DEN007	1.0	CF3	NUM021	1.0	CF1	\N	\N	\N	NUM003	1.0	B	\N	\N	\N	\N	\N	\N	DEN051	1.0	CF1-6	\N	\N	\N	DEN051	1.0	CF7-12	\N	\N	\N	DEN051	1.0	CF12+	\N	\N	\N	\N	\N	\N	\N	\N	\N	\N	\N	\N	NUM062	1.0	B	\N	\N	\N	NUM022	1.0	CF3	DEN007	1.0	B	\N	\N	\N	\N	\N	\N	\N	\N	\N	\N	\N	\N	\N	\N	\N	\N	\N	\N
128	1_3_1_2_2_1_3	金融市场部_其他债权投资_央票_司库_5Y		2026-08-14 15:44:09	2026-08-14 15:44:09	NUM100	1.0	NII	\N	\N	\N	\N	\N	\N	\N	\N	\N	\N	\N	\N	\N	\N	\N	\N	\N	\N	\N	\N	\N	NUM086	1.0	NII	DEN056	1.0	AB	NUM100	1.0	NII	DEN060	1.0	AB	NUM100	1.0	NII	DEN060	1.0	AB	\N	\N	\N	\N	\N	\N	NUM059	1.0	B	\N	\N	\N	NUM011	1.0	RWA	\N	\N	\N	NUM022	1.0	CF3	DEN007	1.0	CF3	NUM021	1.0	CF1	\N	\N	\N	NUM003	1.0	B	\N	\N	\N	\N	\N	\N	DEN051	1.0	CF1-6	\N	\N	\N	DEN051	1.0	CF7-12	\N	\N	\N	DEN051	1.0	CF12+	\N	\N	\N	\N	\N	\N	\N	\N	\N	\N	\N	\N	NUM062	1.0	B	\N	\N	\N	NUM022	1.0	CF3	DEN007	1.0	B	\N	\N	\N	\N	\N	\N	\N	\N	\N	\N	\N	\N	\N	\N	\N	\N	\N	\N
129	1_3_1_2_2_1_4	金融市场部_其他债权投资_央票_司库_10Y		2026-08-14 15:44:09	2026-08-14 15:44:09	NUM100	1.0	NII	\N	\N	\N	\N	\N	\N	\N	\N	\N	\N	\N	\N	\N	\N	\N	\N	\N	\N	\N	\N	\N	NUM086	1.0	NII	DEN056	1.0	AB	NUM100	1.0	NII	DEN060	1.0	AB	NUM100	1.0	NII	DEN060	1.0	AB	\N	\N	\N	\N	\N	\N	NUM059	1.0	B	\N	\N	\N	NUM011	1.0	RWA	\N	\N	\N	NUM022	1.0	CF3	DEN007	1.0	CF3	NUM021	1.0	CF1	\N	\N	\N	NUM003	1.0	B	\N	\N	\N	\N	\N	\N	DEN051	1.0	CF1-6	\N	\N	\N	DEN051	1.0	CF7-12	\N	\N	\N	DEN051	1.0	CF12+	\N	\N	\N	\N	\N	\N	\N	\N	\N	\N	\N	\N	NUM062	1.0	B	\N	\N	\N	NUM022	1.0	CF3	DEN007	1.0	B	\N	\N	\N	\N	\N	\N	\N	\N	\N	\N	\N	\N	\N	\N	\N	\N	\N	\N
130	1_3_1_2_2_2_1	金融市场部_其他债权投资_央票_非司库_1Y		2026-08-14 15:44:09	2026-08-14 15:44:09	NUM100	1.0	NII	\N	\N	\N	\N	\N	\N	\N	\N	\N	\N	\N	\N	\N	\N	\N	\N	\N	\N	\N	\N	\N	NUM086	1.0	NII	DEN056	1.0	AB	NUM100	1.0	NII	DEN060	1.0	AB	NUM100	1.0	NII	DEN060	1.0	AB	\N	\N	\N	\N	\N	\N	NUM059	1.0	B	\N	\N	\N	NUM011	1.0	RWA	\N	\N	\N	NUM022	1.0	CF3	DEN007	1.0	CF3	NUM021	1.0	CF1	\N	\N	\N	NUM003	1.0	B	\N	\N	\N	\N	\N	\N	DEN051	1.0	CF1-6	\N	\N	\N	DEN051	1.0	CF7-12	\N	\N	\N	DEN051	1.0	CF12+	\N	\N	\N	\N	\N	\N	\N	\N	\N	\N	\N	\N	NUM062	1.0	B	\N	\N	\N	NUM022	1.0	CF3	DEN007	1.0	B	\N	\N	\N	\N	\N	\N	\N	\N	\N	\N	\N	\N	\N	\N	\N	\N	\N	\N
131	1_3_1_2_2_2_2	金融市场部_其他债权投资_央票_非司库_3Y		2026-08-14 15:44:09	2026-08-14 15:44:09	NUM100	1.0	NII	\N	\N	\N	\N	\N	\N	\N	\N	\N	\N	\N	\N	\N	\N	\N	\N	\N	\N	\N	\N	\N	NUM086	1.0	NII	DEN056	1.0	AB	NUM100	1.0	NII	DEN060	1.0	AB	NUM100	1.0	NII	DEN060	1.0	AB	\N	\N	\N	\N	\N	\N	NUM059	1.0	B	\N	\N	\N	NUM011	1.0	RWA	\N	\N	\N	NUM022	1.0	CF3	DEN007	1.0	CF3	NUM021	1.0	CF1	\N	\N	\N	NUM003	1.0	B	\N	\N	\N	\N	\N	\N	DEN051	1.0	CF1-6	\N	\N	\N	DEN051	1.0	CF7-12	\N	\N	\N	DEN051	1.0	CF12+	\N	\N	\N	\N	\N	\N	\N	\N	\N	\N	\N	\N	NUM062	1.0	B	\N	\N	\N	NUM022	1.0	CF3	DEN007	1.0	B	\N	\N	\N	\N	\N	\N	\N	\N	\N	\N	\N	\N	\N	\N	\N	\N	\N	\N
132	1_3_1_2_2_2_3	金融市场部_其他债权投资_央票_非司库_5Y		2026-08-14 15:44:09	2026-08-14 15:44:09	NUM100	1.0	NII	\N	\N	\N	\N	\N	\N	\N	\N	\N	\N	\N	\N	\N	\N	\N	\N	\N	\N	\N	\N	\N	NUM086	1.0	NII	DEN056	1.0	AB	NUM100	1.0	NII	DEN060	1.0	AB	NUM100	1.0	NII	DEN060	1.0	AB	\N	\N	\N	\N	\N	\N	NUM059	1.0	B	\N	\N	\N	NUM011	1.0	RWA	\N	\N	\N	NUM022	1.0	CF3	DEN007	1.0	CF3	NUM021	1.0	CF1	\N	\N	\N	NUM003	1.0	B	\N	\N	\N	\N	\N	\N	DEN051	1.0	CF1-6	\N	\N	\N	DEN051	1.0	CF7-12	\N	\N	\N	DEN051	1.0	CF12+	\N	\N	\N	\N	\N	\N	\N	\N	\N	\N	\N	\N	NUM062	1.0	B	\N	\N	\N	NUM022	1.0	CF3	DEN007	1.0	B	\N	\N	\N	\N	\N	\N	\N	\N	\N	\N	\N	\N	\N	\N	\N	\N	\N	\N
133	1_3_1_2_2_2_4	金融市场部_其他债权投资_央票_非司库_10Y		2026-08-14 15:44:09	2026-08-14 15:44:09	NUM100	1.0	NII	\N	\N	\N	\N	\N	\N	\N	\N	\N	\N	\N	\N	\N	\N	\N	\N	\N	\N	\N	\N	\N	NUM086	1.0	NII	DEN056	1.0	AB	NUM100	1.0	NII	DEN060	1.0	AB	NUM100	1.0	NII	DEN060	1.0	AB	\N	\N	\N	\N	\N	\N	NUM059	1.0	B	\N	\N	\N	NUM011	1.0	RWA	\N	\N	\N	NUM022	1.0	CF3	DEN007	1.0	CF3	NUM021	1.0	CF1	\N	\N	\N	NUM003	1.0	B	\N	\N	\N	\N	\N	\N	DEN051	1.0	CF1-6	\N	\N	\N	DEN051	1.0	CF7-12	\N	\N	\N	DEN051	1.0	CF12+	\N	\N	\N	\N	\N	\N	\N	\N	\N	\N	\N	\N	NUM062	1.0	B	\N	\N	\N	NUM022	1.0	CF3	DEN007	1.0	B	\N	\N	\N	\N	\N	\N	\N	\N	\N	\N	\N	\N	\N	\N	\N	\N	\N	\N
134	1_3_1_2_3_1_1	金融市场部_其他债权投资_地方政府债_司库_1Y		2026-08-14 15:44:09	2026-08-14 15:44:09	NUM100	1.0	NII	\N	\N	\N	\N	\N	\N	\N	\N	\N	\N	\N	\N	\N	\N	\N	\N	\N	\N	\N	\N	\N	NUM086	1.0	NII	DEN056	1.0	AB	NUM100	1.0	NII	DEN060	1.0	AB	NUM100	1.0	NII	DEN060	1.0	AB	\N	\N	\N	\N	\N	\N	NUM059	1.0	B	\N	\N	\N	NUM011	1.0	RWA	\N	\N	\N	NUM022	1.0	CF3	DEN007	1.0	CF3	NUM021	1.0	CF1	\N	\N	\N	NUM007	0.85	B	\N	\N	\N	\N	\N	\N	DEN051	1.0	CF1-6	\N	\N	\N	DEN051	1.0	CF7-12	\N	\N	\N	DEN051	1.0	CF12+	\N	\N	\N	\N	\N	\N	\N	\N	\N	\N	\N	\N	NUM062	1.0	B	\N	\N	\N	NUM022	1.0	CF3	DEN007	1.0	B	\N	\N	\N	\N	\N	\N	\N	\N	\N	\N	\N	\N	\N	\N	\N	\N	\N	\N
135	1_3_1_2_3_1_2	金融市场部_其他债权投资_地方政府债_司库_3Y		2026-08-14 15:44:09	2026-08-14 15:44:09	NUM100	1.0	NII	\N	\N	\N	\N	\N	\N	\N	\N	\N	\N	\N	\N	\N	\N	\N	\N	\N	\N	\N	\N	\N	NUM086	1.0	NII	DEN056	1.0	AB	NUM100	1.0	NII	DEN060	1.0	AB	NUM100	1.0	NII	DEN060	1.0	AB	\N	\N	\N	\N	\N	\N	NUM059	1.0	B	\N	\N	\N	NUM011	1.0	RWA	\N	\N	\N	NUM022	1.0	CF3	DEN007	1.0	CF3	NUM021	1.0	CF1	\N	\N	\N	NUM007	0.85	B	\N	\N	\N	\N	\N	\N	DEN051	1.0	CF1-6	\N	\N	\N	DEN051	1.0	CF7-12	\N	\N	\N	DEN051	1.0	CF12+	\N	\N	\N	\N	\N	\N	\N	\N	\N	\N	\N	\N	NUM062	1.0	B	\N	\N	\N	NUM022	1.0	CF3	DEN007	1.0	B	\N	\N	\N	\N	\N	\N	\N	\N	\N	\N	\N	\N	\N	\N	\N	\N	\N	\N
136	1_3_1_2_3_1_3	金融市场部_其他债权投资_地方政府债_司库_5Y		2026-08-14 15:44:09	2026-08-14 15:44:09	NUM100	1.0	NII	\N	\N	\N	\N	\N	\N	\N	\N	\N	\N	\N	\N	\N	\N	\N	\N	\N	\N	\N	\N	\N	NUM086	1.0	NII	DEN056	1.0	AB	NUM100	1.0	NII	DEN060	1.0	AB	NUM100	1.0	NII	DEN060	1.0	AB	\N	\N	\N	\N	\N	\N	NUM059	1.0	B	\N	\N	\N	NUM011	1.0	RWA	\N	\N	\N	NUM022	1.0	CF3	DEN007	1.0	CF3	NUM021	1.0	CF1	\N	\N	\N	NUM007	0.85	B	\N	\N	\N	\N	\N	\N	DEN051	1.0	CF1-6	\N	\N	\N	DEN051	1.0	CF7-12	\N	\N	\N	DEN051	1.0	CF12+	\N	\N	\N	\N	\N	\N	\N	\N	\N	\N	\N	\N	NUM062	1.0	B	\N	\N	\N	NUM022	1.0	CF3	DEN007	1.0	B	\N	\N	\N	\N	\N	\N	\N	\N	\N	\N	\N	\N	\N	\N	\N	\N	\N	\N
137	1_3_1_2_3_1_4	金融市场部_其他债权投资_地方政府债_司库_10Y		2026-08-14 15:44:09	2026-08-14 15:44:09	NUM100	1.0	NII	\N	\N	\N	\N	\N	\N	\N	\N	\N	\N	\N	\N	\N	\N	\N	\N	\N	\N	\N	\N	\N	NUM086	1.0	NII	DEN056	1.0	AB	NUM100	1.0	NII	DEN060	1.0	AB	NUM100	1.0	NII	DEN060	1.0	AB	\N	\N	\N	\N	\N	\N	NUM059	1.0	B	\N	\N	\N	NUM011	1.0	RWA	\N	\N	\N	NUM022	1.0	CF3	DEN007	1.0	CF3	NUM021	1.0	CF1	\N	\N	\N	NUM007	0.85	B	\N	\N	\N	\N	\N	\N	DEN051	1.0	CF1-6	\N	\N	\N	DEN051	1.0	CF7-12	\N	\N	\N	DEN051	1.0	CF12+	\N	\N	\N	\N	\N	\N	\N	\N	\N	\N	\N	\N	NUM062	1.0	B	\N	\N	\N	NUM022	1.0	CF3	DEN007	1.0	B	\N	\N	\N	\N	\N	\N	\N	\N	\N	\N	\N	\N	\N	\N	\N	\N	\N	\N
138	1_3_1_2_3_2_1	金融市场部_其他债权投资_地方政府债_非司库_1Y		2026-08-14 15:44:09	2026-08-14 15:44:09	NUM100	1.0	NII	\N	\N	\N	\N	\N	\N	\N	\N	\N	\N	\N	\N	\N	\N	\N	\N	\N	\N	\N	\N	\N	NUM086	1.0	NII	DEN056	1.0	AB	NUM100	1.0	NII	DEN060	1.0	AB	NUM100	1.0	NII	DEN060	1.0	AB	\N	\N	\N	\N	\N	\N	NUM059	1.0	B	\N	\N	\N	NUM011	1.0	RWA	\N	\N	\N	NUM022	1.0	CF3	DEN007	1.0	CF3	NUM021	1.0	CF1	\N	\N	\N	NUM007	0.85	B	\N	\N	\N	\N	\N	\N	DEN051	1.0	CF1-6	\N	\N	\N	DEN051	1.0	CF7-12	\N	\N	\N	DEN051	1.0	CF12+	\N	\N	\N	\N	\N	\N	\N	\N	\N	\N	\N	\N	NUM062	1.0	B	\N	\N	\N	NUM022	1.0	CF3	DEN007	1.0	B	\N	\N	\N	\N	\N	\N	\N	\N	\N	\N	\N	\N	\N	\N	\N	\N	\N	\N
139	1_3_1_2_3_2_2	金融市场部_其他债权投资_地方政府债_非司库_3Y		2026-08-14 15:44:09	2026-08-14 15:44:09	NUM100	1.0	NII	\N	\N	\N	\N	\N	\N	\N	\N	\N	\N	\N	\N	\N	\N	\N	\N	\N	\N	\N	\N	\N	NUM086	1.0	NII	DEN056	1.0	AB	NUM100	1.0	NII	DEN060	1.0	AB	NUM100	1.0	NII	DEN060	1.0	AB	\N	\N	\N	\N	\N	\N	NUM059	1.0	B	\N	\N	\N	NUM011	1.0	RWA	\N	\N	\N	NUM022	1.0	CF3	DEN007	1.0	CF3	NUM021	1.0	CF1	\N	\N	\N	NUM007	0.85	B	\N	\N	\N	\N	\N	\N	DEN051	1.0	CF1-6	\N	\N	\N	DEN051	1.0	CF7-12	\N	\N	\N	DEN051	1.0	CF12+	\N	\N	\N	\N	\N	\N	\N	\N	\N	\N	\N	\N	NUM062	1.0	B	\N	\N	\N	NUM022	1.0	CF3	DEN007	1.0	B	\N	\N	\N	\N	\N	\N	\N	\N	\N	\N	\N	\N	\N	\N	\N	\N	\N	\N
140	1_3_1_2_3_2_3	金融市场部_其他债权投资_地方政府债_非司库_5Y		2026-08-14 15:44:09	2026-08-14 15:44:09	NUM100	1.0	NII	\N	\N	\N	\N	\N	\N	\N	\N	\N	\N	\N	\N	\N	\N	\N	\N	\N	\N	\N	\N	\N	NUM086	1.0	NII	DEN056	1.0	AB	NUM100	1.0	NII	DEN060	1.0	AB	NUM100	1.0	NII	DEN060	1.0	AB	\N	\N	\N	\N	\N	\N	NUM059	1.0	B	\N	\N	\N	NUM011	1.0	RWA	\N	\N	\N	NUM022	1.0	CF3	DEN007	1.0	CF3	NUM021	1.0	CF1	\N	\N	\N	NUM007	0.85	B	\N	\N	\N	\N	\N	\N	DEN051	1.0	CF1-6	\N	\N	\N	DEN051	1.0	CF7-12	\N	\N	\N	DEN051	1.0	CF12+	\N	\N	\N	\N	\N	\N	\N	\N	\N	\N	\N	\N	NUM062	1.0	B	\N	\N	\N	NUM022	1.0	CF3	DEN007	1.0	B	\N	\N	\N	\N	\N	\N	\N	\N	\N	\N	\N	\N	\N	\N	\N	\N	\N	\N
141	1_3_1_2_3_2_4	金融市场部_其他债权投资_地方政府债_非司库_10Y		2026-08-14 15:44:09	2026-08-14 15:44:09	NUM100	1.0	NII	\N	\N	\N	\N	\N	\N	\N	\N	\N	\N	\N	\N	\N	\N	\N	\N	\N	\N	\N	\N	\N	NUM086	1.0	NII	DEN056	1.0	AB	NUM100	1.0	NII	DEN060	1.0	AB	NUM100	1.0	NII	DEN060	1.0	AB	\N	\N	\N	\N	\N	\N	NUM059	1.0	B	\N	\N	\N	NUM011	1.0	RWA	\N	\N	\N	NUM022	1.0	CF3	DEN007	1.0	CF3	NUM021	1.0	CF1	\N	\N	\N	NUM007	0.85	B	\N	\N	\N	\N	\N	\N	DEN051	1.0	CF1-6	\N	\N	\N	DEN051	1.0	CF7-12	\N	\N	\N	DEN051	1.0	CF12+	\N	\N	\N	\N	\N	\N	\N	\N	\N	\N	\N	\N	NUM062	1.0	B	\N	\N	\N	NUM022	1.0	CF3	DEN007	1.0	B	\N	\N	\N	\N	\N	\N	\N	\N	\N	\N	\N	\N	\N	\N	\N	\N	\N	\N
142	1_3_1_2_4_1_1	金融市场部_其他债权投资_政策性金融债_司库_1Y		2026-08-14 15:44:09	2026-08-14 15:44:09	NUM100	1.0	NII	\N	\N	\N	\N	\N	\N	\N	\N	\N	\N	\N	\N	\N	\N	\N	\N	\N	\N	\N	\N	\N	NUM086	1.0	NII	DEN056	1.0	AB	NUM100	1.0	NII	DEN060	1.0	AB	NUM100	1.0	NII	DEN060	1.0	AB	\N	\N	\N	\N	\N	\N	NUM059	1.0	B	\N	\N	\N	NUM011	1.0	RWA	\N	\N	\N	NUM022	1.0	CF3	DEN007	1.0	CF3	NUM021	1.0	CF1	\N	\N	\N	NUM003	1.0	B	\N	\N	\N	\N	\N	\N	DEN051	1.0	CF1-6	\N	\N	\N	DEN051	1.0	CF7-12	\N	\N	\N	DEN051	1.0	CF12+	\N	\N	\N	\N	\N	\N	\N	\N	\N	\N	\N	\N	NUM062	1.0	B	\N	\N	\N	NUM022	1.0	CF3	DEN007	1.0	B	\N	\N	\N	\N	\N	\N	\N	\N	\N	\N	\N	\N	\N	\N	\N	\N	\N	\N
143	1_3_1_2_4_1_2	金融市场部_其他债权投资_政策性金融债_司库_3Y		2026-08-14 15:44:09	2026-08-14 15:44:09	NUM100	1.0	NII	\N	\N	\N	\N	\N	\N	\N	\N	\N	\N	\N	\N	\N	\N	\N	\N	\N	\N	\N	\N	\N	NUM086	1.0	NII	DEN056	1.0	AB	NUM100	1.0	NII	DEN060	1.0	AB	NUM100	1.0	NII	DEN060	1.0	AB	\N	\N	\N	\N	\N	\N	NUM059	1.0	B	\N	\N	\N	NUM011	1.0	RWA	\N	\N	\N	NUM022	1.0	CF3	DEN007	1.0	CF3	NUM021	1.0	CF1	\N	\N	\N	NUM003	1.0	B	\N	\N	\N	\N	\N	\N	DEN051	1.0	CF1-6	\N	\N	\N	DEN051	1.0	CF7-12	\N	\N	\N	DEN051	1.0	CF12+	\N	\N	\N	\N	\N	\N	\N	\N	\N	\N	\N	\N	NUM062	1.0	B	\N	\N	\N	NUM022	1.0	CF3	DEN007	1.0	B	\N	\N	\N	\N	\N	\N	\N	\N	\N	\N	\N	\N	\N	\N	\N	\N	\N	\N
144	1_3_1_2_4_1_3	金融市场部_其他债权投资_政策性金融债_司库_5Y		2026-08-14 15:44:09	2026-08-14 15:44:09	NUM100	1.0	NII	\N	\N	\N	\N	\N	\N	\N	\N	\N	\N	\N	\N	\N	\N	\N	\N	\N	\N	\N	\N	\N	NUM086	1.0	NII	DEN056	1.0	AB	NUM100	1.0	NII	DEN060	1.0	AB	NUM100	1.0	NII	DEN060	1.0	AB	\N	\N	\N	\N	\N	\N	NUM059	1.0	B	\N	\N	\N	NUM011	1.0	RWA	\N	\N	\N	NUM022	1.0	CF3	DEN007	1.0	CF3	NUM021	1.0	CF1	\N	\N	\N	NUM003	1.0	B	\N	\N	\N	\N	\N	\N	DEN051	1.0	CF1-6	\N	\N	\N	DEN051	1.0	CF7-12	\N	\N	\N	DEN051	1.0	CF12+	\N	\N	\N	\N	\N	\N	\N	\N	\N	\N	\N	\N	NUM062	1.0	B	\N	\N	\N	NUM022	1.0	CF3	DEN007	1.0	B	\N	\N	\N	\N	\N	\N	\N	\N	\N	\N	\N	\N	\N	\N	\N	\N	\N	\N
145	1_3_1_2_4_1_4	金融市场部_其他债权投资_政策性金融债_司库_10Y		2026-08-14 15:44:09	2026-08-14 15:44:09	NUM100	1.0	NII	\N	\N	\N	\N	\N	\N	\N	\N	\N	\N	\N	\N	\N	\N	\N	\N	\N	\N	\N	\N	\N	NUM086	1.0	NII	DEN056	1.0	AB	NUM100	1.0	NII	DEN060	1.0	AB	NUM100	1.0	NII	DEN060	1.0	AB	\N	\N	\N	\N	\N	\N	NUM059	1.0	B	\N	\N	\N	NUM011	1.0	RWA	\N	\N	\N	NUM022	1.0	CF3	DEN007	1.0	CF3	NUM021	1.0	CF1	\N	\N	\N	NUM003	1.0	B	\N	\N	\N	\N	\N	\N	DEN051	1.0	CF1-6	\N	\N	\N	DEN051	1.0	CF7-12	\N	\N	\N	DEN051	1.0	CF12+	\N	\N	\N	\N	\N	\N	\N	\N	\N	\N	\N	\N	NUM062	1.0	B	\N	\N	\N	NUM022	1.0	CF3	DEN007	1.0	B	\N	\N	\N	\N	\N	\N	\N	\N	\N	\N	\N	\N	\N	\N	\N	\N	\N	\N
146	1_3_1_2_4_2_1	金融市场部_其他债权投资_政策性金融债_非司库_1Y		2026-08-14 15:44:09	2026-08-14 15:44:09	NUM100	1.0	NII	\N	\N	\N	\N	\N	\N	\N	\N	\N	\N	\N	\N	\N	\N	\N	\N	\N	\N	\N	\N	\N	NUM086	1.0	NII	DEN056	1.0	AB	NUM100	1.0	NII	DEN060	1.0	AB	NUM100	1.0	NII	DEN060	1.0	AB	\N	\N	\N	\N	\N	\N	NUM059	1.0	B	\N	\N	\N	NUM011	1.0	RWA	\N	\N	\N	NUM022	1.0	CF3	DEN007	1.0	CF3	NUM021	1.0	CF1	\N	\N	\N	NUM003	1.0	B	\N	\N	\N	\N	\N	\N	DEN051	1.0	CF1-6	\N	\N	\N	DEN051	1.0	CF7-12	\N	\N	\N	DEN051	1.0	CF12+	\N	\N	\N	\N	\N	\N	\N	\N	\N	\N	\N	\N	NUM062	1.0	B	\N	\N	\N	NUM022	1.0	CF3	DEN007	1.0	B	\N	\N	\N	\N	\N	\N	\N	\N	\N	\N	\N	\N	\N	\N	\N	\N	\N	\N
147	1_3_1_2_4_2_2	金融市场部_其他债权投资_政策性金融债_非司库_3Y		2026-08-14 15:44:09	2026-08-14 15:44:09	NUM100	1.0	NII	\N	\N	\N	\N	\N	\N	\N	\N	\N	\N	\N	\N	\N	\N	\N	\N	\N	\N	\N	\N	\N	NUM086	1.0	NII	DEN056	1.0	AB	NUM100	1.0	NII	DEN060	1.0	AB	NUM100	1.0	NII	DEN060	1.0	AB	\N	\N	\N	\N	\N	\N	NUM059	1.0	B	\N	\N	\N	NUM011	1.0	RWA	\N	\N	\N	NUM022	1.0	CF3	DEN007	1.0	CF3	NUM021	1.0	CF1	\N	\N	\N	NUM003	1.0	B	\N	\N	\N	\N	\N	\N	DEN051	1.0	CF1-6	\N	\N	\N	DEN051	1.0	CF7-12	\N	\N	\N	DEN051	1.0	CF12+	\N	\N	\N	\N	\N	\N	\N	\N	\N	\N	\N	\N	NUM062	1.0	B	\N	\N	\N	NUM022	1.0	CF3	DEN007	1.0	B	\N	\N	\N	\N	\N	\N	\N	\N	\N	\N	\N	\N	\N	\N	\N	\N	\N	\N
148	1_3_1_2_4_2_3	金融市场部_其他债权投资_政策性金融债_非司库_5Y		2026-08-14 15:44:09	2026-08-14 15:44:09	NUM100	1.0	NII	\N	\N	\N	\N	\N	\N	\N	\N	\N	\N	\N	\N	\N	\N	\N	\N	\N	\N	\N	\N	\N	NUM086	1.0	NII	DEN056	1.0	AB	NUM100	1.0	NII	DEN060	1.0	AB	NUM100	1.0	NII	DEN060	1.0	AB	\N	\N	\N	\N	\N	\N	NUM059	1.0	B	\N	\N	\N	NUM011	1.0	RWA	\N	\N	\N	NUM022	1.0	CF3	DEN007	1.0	CF3	NUM021	1.0	CF1	\N	\N	\N	NUM003	1.0	B	\N	\N	\N	\N	\N	\N	DEN051	1.0	CF1-6	\N	\N	\N	DEN051	1.0	CF7-12	\N	\N	\N	DEN051	1.0	CF12+	\N	\N	\N	\N	\N	\N	\N	\N	\N	\N	\N	\N	NUM062	1.0	B	\N	\N	\N	NUM022	1.0	CF3	DEN007	1.0	B	\N	\N	\N	\N	\N	\N	\N	\N	\N	\N	\N	\N	\N	\N	\N	\N	\N	\N
149	1_3_1_2_4_2_4	金融市场部_其他债权投资_政策性金融债_非司库_10Y		2026-08-14 15:44:09	2026-08-14 15:44:09	NUM100	1.0	NII	\N	\N	\N	\N	\N	\N	\N	\N	\N	\N	\N	\N	\N	\N	\N	\N	\N	\N	\N	\N	\N	NUM086	1.0	NII	DEN056	1.0	AB	NUM100	1.0	NII	DEN060	1.0	AB	NUM100	1.0	NII	DEN060	1.0	AB	\N	\N	\N	\N	\N	\N	NUM059	1.0	B	\N	\N	\N	NUM011	1.0	RWA	\N	\N	\N	NUM022	1.0	CF3	DEN007	1.0	CF3	NUM021	1.0	CF1	\N	\N	\N	NUM003	1.0	B	\N	\N	\N	\N	\N	\N	DEN051	1.0	CF1-6	\N	\N	\N	DEN051	1.0	CF7-12	\N	\N	\N	DEN051	1.0	CF12+	\N	\N	\N	\N	\N	\N	\N	\N	\N	\N	\N	\N	NUM062	1.0	B	\N	\N	\N	NUM022	1.0	CF3	DEN007	1.0	B	\N	\N	\N	\N	\N	\N	\N	\N	\N	\N	\N	\N	\N	\N	\N	\N	\N	\N
150	1_3_1_2_5_1_1	金融市场部_其他债权投资_商业银行债_司库_1Y		2026-08-14 15:44:09	2026-08-14 15:44:09	NUM100	1.0	NII	\N	\N	\N	\N	\N	\N	\N	\N	\N	\N	\N	\N	\N	\N	\N	\N	\N	\N	\N	\N	\N	NUM086	1.0	NII	DEN056	1.0	AB	NUM100	1.0	NII	DEN060	1.0	AB	NUM100	1.0	NII	DEN060	1.0	AB	\N	\N	\N	\N	\N	\N	NUM059	1.0	B	\N	\N	\N	NUM011	1.0	RWA	\N	\N	\N	NUM022	1.0	CF3	DEN007	1.0	CF3	NUM021	1.0	CF1	\N	\N	\N	NUM007	0.85	B	\N	\N	\N	\N	\N	\N	DEN051	1.0	CF1-6	\N	\N	\N	DEN051	1.0	CF7-12	\N	\N	\N	DEN051	1.0	CF12+	\N	\N	\N	\N	\N	\N	\N	\N	\N	\N	\N	\N	NUM062	1.0	B	\N	\N	\N	NUM022	1.0	CF3	DEN007	1.0	B	\N	\N	\N	\N	\N	\N	\N	\N	\N	\N	\N	\N	\N	\N	\N	\N	\N	\N
151	1_3_1_2_5_1_2	金融市场部_其他债权投资_商业银行债_司库_3Y		2026-08-14 15:44:09	2026-08-14 15:44:09	NUM100	1.0	NII	\N	\N	\N	\N	\N	\N	\N	\N	\N	\N	\N	\N	\N	\N	\N	\N	\N	\N	\N	\N	\N	NUM086	1.0	NII	DEN056	1.0	AB	NUM100	1.0	NII	DEN060	1.0	AB	NUM100	1.0	NII	DEN060	1.0	AB	\N	\N	\N	\N	\N	\N	NUM059	1.0	B	\N	\N	\N	NUM011	1.0	RWA	\N	\N	\N	NUM022	1.0	CF3	DEN007	1.0	CF3	NUM021	1.0	CF1	\N	\N	\N	NUM007	0.85	B	\N	\N	\N	\N	\N	\N	DEN051	1.0	CF1-6	\N	\N	\N	DEN051	1.0	CF7-12	\N	\N	\N	DEN051	1.0	CF12+	\N	\N	\N	\N	\N	\N	\N	\N	\N	\N	\N	\N	NUM062	1.0	B	\N	\N	\N	NUM022	1.0	CF3	DEN007	1.0	B	\N	\N	\N	\N	\N	\N	\N	\N	\N	\N	\N	\N	\N	\N	\N	\N	\N	\N
152	1_3_1_2_5_1_3	金融市场部_其他债权投资_商业银行债_司库_5Y		2026-08-14 15:44:09	2026-08-14 15:44:09	NUM100	1.0	NII	\N	\N	\N	\N	\N	\N	\N	\N	\N	\N	\N	\N	\N	\N	\N	\N	\N	\N	\N	\N	\N	NUM086	1.0	NII	DEN056	1.0	AB	NUM100	1.0	NII	DEN060	1.0	AB	NUM100	1.0	NII	DEN060	1.0	AB	\N	\N	\N	\N	\N	\N	NUM059	1.0	B	\N	\N	\N	NUM011	1.0	RWA	\N	\N	\N	NUM022	1.0	CF3	DEN007	1.0	CF3	NUM021	1.0	CF1	\N	\N	\N	NUM007	0.85	B	\N	\N	\N	\N	\N	\N	DEN051	1.0	CF1-6	\N	\N	\N	DEN051	1.0	CF7-12	\N	\N	\N	DEN051	1.0	CF12+	\N	\N	\N	\N	\N	\N	\N	\N	\N	\N	\N	\N	NUM062	1.0	B	\N	\N	\N	NUM022	1.0	CF3	DEN007	1.0	B	\N	\N	\N	\N	\N	\N	\N	\N	\N	\N	\N	\N	\N	\N	\N	\N	\N	\N
153	1_3_1_2_5_1_4	金融市场部_其他债权投资_商业银行债_司库_10Y		2026-08-14 15:44:09	2026-08-14 15:44:09	NUM100	1.0	NII	\N	\N	\N	\N	\N	\N	\N	\N	\N	\N	\N	\N	\N	\N	\N	\N	\N	\N	\N	\N	\N	NUM086	1.0	NII	DEN056	1.0	AB	NUM100	1.0	NII	DEN060	1.0	AB	NUM100	1.0	NII	DEN060	1.0	AB	\N	\N	\N	\N	\N	\N	NUM059	1.0	B	\N	\N	\N	NUM011	1.0	RWA	\N	\N	\N	NUM022	1.0	CF3	DEN007	1.0	CF3	NUM021	1.0	CF1	\N	\N	\N	NUM007	0.85	B	\N	\N	\N	\N	\N	\N	DEN051	1.0	CF1-6	\N	\N	\N	DEN051	1.0	CF7-12	\N	\N	\N	DEN051	1.0	CF12+	\N	\N	\N	\N	\N	\N	\N	\N	\N	\N	\N	\N	NUM062	1.0	B	\N	\N	\N	NUM022	1.0	CF3	DEN007	1.0	B	\N	\N	\N	\N	\N	\N	\N	\N	\N	\N	\N	\N	\N	\N	\N	\N	\N	\N
154	1_3_1_2_5_2_1	金融市场部_其他债权投资_商业银行债_非司库_1Y		2026-08-14 15:44:09	2026-08-14 15:44:09	NUM100	1.0	NII	\N	\N	\N	\N	\N	\N	\N	\N	\N	\N	\N	\N	\N	\N	\N	\N	\N	\N	\N	\N	\N	NUM086	1.0	NII	DEN056	1.0	AB	NUM100	1.0	NII	DEN060	1.0	AB	NUM100	1.0	NII	DEN060	1.0	AB	\N	\N	\N	\N	\N	\N	NUM059	1.0	B	\N	\N	\N	NUM011	1.0	RWA	\N	\N	\N	NUM022	1.0	CF3	DEN007	1.0	CF3	NUM021	1.0	CF1	\N	\N	\N	NUM007	0.85	B	\N	\N	\N	\N	\N	\N	DEN051	1.0	CF1-6	\N	\N	\N	DEN051	1.0	CF7-12	\N	\N	\N	DEN051	1.0	CF12+	\N	\N	\N	\N	\N	\N	\N	\N	\N	\N	\N	\N	NUM062	1.0	B	\N	\N	\N	NUM022	1.0	CF3	DEN007	1.0	B	\N	\N	\N	\N	\N	\N	\N	\N	\N	\N	\N	\N	\N	\N	\N	\N	\N	\N
155	1_3_1_2_5_2_2	金融市场部_其他债权投资_商业银行债_非司库_3Y		2026-08-14 15:44:09	2026-08-14 15:44:09	NUM100	1.0	NII	\N	\N	\N	\N	\N	\N	\N	\N	\N	\N	\N	\N	\N	\N	\N	\N	\N	\N	\N	\N	\N	NUM086	1.0	NII	DEN056	1.0	AB	NUM100	1.0	NII	DEN060	1.0	AB	NUM100	1.0	NII	DEN060	1.0	AB	\N	\N	\N	\N	\N	\N	NUM059	1.0	B	\N	\N	\N	NUM011	1.0	RWA	\N	\N	\N	NUM022	1.0	CF3	DEN007	1.0	CF3	NUM021	1.0	CF1	\N	\N	\N	NUM007	0.85	B	\N	\N	\N	\N	\N	\N	DEN051	1.0	CF1-6	\N	\N	\N	DEN051	1.0	CF7-12	\N	\N	\N	DEN051	1.0	CF12+	\N	\N	\N	\N	\N	\N	\N	\N	\N	\N	\N	\N	NUM062	1.0	B	\N	\N	\N	NUM022	1.0	CF3	DEN007	1.0	B	\N	\N	\N	\N	\N	\N	\N	\N	\N	\N	\N	\N	\N	\N	\N	\N	\N	\N
156	1_3_1_2_5_2_3	金融市场部_其他债权投资_商业银行债_非司库_5Y		2026-08-14 15:44:09	2026-08-14 15:44:09	NUM100	1.0	NII	\N	\N	\N	\N	\N	\N	\N	\N	\N	\N	\N	\N	\N	\N	\N	\N	\N	\N	\N	\N	\N	NUM086	1.0	NII	DEN056	1.0	AB	NUM100	1.0	NII	DEN060	1.0	AB	NUM100	1.0	NII	DEN060	1.0	AB	\N	\N	\N	\N	\N	\N	NUM059	1.0	B	\N	\N	\N	NUM011	1.0	RWA	\N	\N	\N	NUM022	1.0	CF3	DEN007	1.0	CF3	NUM021	1.0	CF1	\N	\N	\N	NUM007	0.85	B	\N	\N	\N	\N	\N	\N	DEN051	1.0	CF1-6	\N	\N	\N	DEN051	1.0	CF7-12	\N	\N	\N	DEN051	1.0	CF12+	\N	\N	\N	\N	\N	\N	\N	\N	\N	\N	\N	\N	NUM062	1.0	B	\N	\N	\N	NUM022	1.0	CF3	DEN007	1.0	B	\N	\N	\N	\N	\N	\N	\N	\N	\N	\N	\N	\N	\N	\N	\N	\N	\N	\N
157	1_3_1_2_5_2_4	金融市场部_其他债权投资_商业银行债_非司库_10Y		2026-08-14 15:44:09	2026-08-14 15:44:09	NUM100	1.0	NII	\N	\N	\N	\N	\N	\N	\N	\N	\N	\N	\N	\N	\N	\N	\N	\N	\N	\N	\N	\N	\N	NUM086	1.0	NII	DEN056	1.0	AB	NUM100	1.0	NII	DEN060	1.0	AB	NUM100	1.0	NII	DEN060	1.0	AB	\N	\N	\N	\N	\N	\N	NUM059	1.0	B	\N	\N	\N	NUM011	1.0	RWA	\N	\N	\N	NUM022	1.0	CF3	DEN007	1.0	CF3	NUM021	1.0	CF1	\N	\N	\N	NUM007	0.85	B	\N	\N	\N	\N	\N	\N	DEN051	1.0	CF1-6	\N	\N	\N	DEN051	1.0	CF7-12	\N	\N	\N	DEN051	1.0	CF12+	\N	\N	\N	\N	\N	\N	\N	\N	\N	\N	\N	\N	NUM062	1.0	B	\N	\N	\N	NUM022	1.0	CF3	DEN007	1.0	B	\N	\N	\N	\N	\N	\N	\N	\N	\N	\N	\N	\N	\N	\N	\N	\N	\N	\N
158	1_3_1_2_6_1_1	金融市场部_其他债权投资_金融机构债_非司库_1Y		2026-08-14 15:44:09	2026-08-14 15:44:09	NUM100	1.0	NII	\N	\N	\N	\N	\N	\N	\N	\N	\N	\N	\N	\N	\N	\N	\N	\N	\N	\N	\N	\N	\N	NUM086	1.0	NII	DEN056	1.0	AB	NUM100	1.0	NII	DEN060	1.0	AB	NUM100	1.0	NII	DEN060	1.0	AB	\N	\N	\N	\N	\N	\N	NUM059	1.0	B	\N	\N	\N	NUM011	1.0	RWA	\N	\N	\N	NUM022	1.0	CF3	DEN007	1.0	CF3	NUM021	1.0	CF1	\N	\N	\N	NUM007	0.85	B	\N	\N	\N	\N	\N	\N	DEN051	1.0	CF1-6	\N	\N	\N	DEN051	1.0	CF7-12	\N	\N	\N	DEN051	1.0	CF12+	\N	\N	\N	\N	\N	\N	\N	\N	\N	\N	\N	\N	NUM062	1.0	B	\N	\N	\N	NUM022	1.0	CF3	DEN007	1.0	B	\N	\N	\N	\N	\N	\N	\N	\N	\N	\N	\N	\N	\N	\N	\N	\N	\N	\N
159	1_3_1_2_6_1_2	金融市场部_其他债权投资_金融机构债_非司库_3Y		2026-08-14 15:44:09	2026-08-14 15:44:09	NUM100	1.0	NII	\N	\N	\N	\N	\N	\N	\N	\N	\N	\N	\N	\N	\N	\N	\N	\N	\N	\N	\N	\N	\N	NUM086	1.0	NII	DEN056	1.0	AB	NUM100	1.0	NII	DEN060	1.0	AB	NUM100	1.0	NII	DEN060	1.0	AB	\N	\N	\N	\N	\N	\N	NUM059	1.0	B	\N	\N	\N	NUM011	1.0	RWA	\N	\N	\N	NUM022	1.0	CF3	DEN007	1.0	CF3	NUM021	1.0	CF1	\N	\N	\N	NUM007	0.85	B	\N	\N	\N	\N	\N	\N	DEN051	1.0	CF1-6	\N	\N	\N	DEN051	1.0	CF7-12	\N	\N	\N	DEN051	1.0	CF12+	\N	\N	\N	\N	\N	\N	\N	\N	\N	\N	\N	\N	NUM062	1.0	B	\N	\N	\N	NUM022	1.0	CF3	DEN007	1.0	B	\N	\N	\N	\N	\N	\N	\N	\N	\N	\N	\N	\N	\N	\N	\N	\N	\N	\N
160	1_3_1_2_6_1_3	金融市场部_其他债权投资_金融机构债_非司库_5Y		2026-08-14 15:44:09	2026-08-14 15:44:09	NUM100	1.0	NII	\N	\N	\N	\N	\N	\N	\N	\N	\N	\N	\N	\N	\N	\N	\N	\N	\N	\N	\N	\N	\N	NUM086	1.0	NII	DEN056	1.0	AB	NUM100	1.0	NII	DEN060	1.0	AB	NUM100	1.0	NII	DEN060	1.0	AB	\N	\N	\N	\N	\N	\N	NUM059	1.0	B	\N	\N	\N	NUM011	1.0	RWA	\N	\N	\N	NUM022	1.0	CF3	DEN007	1.0	CF3	NUM021	1.0	CF1	\N	\N	\N	NUM007	0.85	B	\N	\N	\N	\N	\N	\N	DEN051	1.0	CF1-6	\N	\N	\N	DEN051	1.0	CF7-12	\N	\N	\N	DEN051	1.0	CF12+	\N	\N	\N	\N	\N	\N	\N	\N	\N	\N	\N	\N	NUM062	1.0	B	\N	\N	\N	NUM022	1.0	CF3	DEN007	1.0	B	\N	\N	\N	\N	\N	\N	\N	\N	\N	\N	\N	\N	\N	\N	\N	\N	\N	\N
161	1_3_1_2_6_1_4	金融市场部_其他债权投资_金融机构债_非司库_10Y		2026-08-14 15:44:09	2026-08-14 15:44:09	NUM100	1.0	NII	\N	\N	\N	\N	\N	\N	\N	\N	\N	\N	\N	\N	\N	\N	\N	\N	\N	\N	\N	\N	\N	NUM086	1.0	NII	DEN056	1.0	AB	NUM100	1.0	NII	DEN060	1.0	AB	NUM100	1.0	NII	DEN060	1.0	AB	\N	\N	\N	\N	\N	\N	NUM059	1.0	B	\N	\N	\N	NUM011	1.0	RWA	\N	\N	\N	NUM022	1.0	CF3	DEN007	1.0	CF3	NUM021	1.0	CF1	\N	\N	\N	NUM007	0.85	B	\N	\N	\N	\N	\N	\N	DEN051	1.0	CF1-6	\N	\N	\N	DEN051	1.0	CF7-12	\N	\N	\N	DEN051	1.0	CF12+	\N	\N	\N	\N	\N	\N	\N	\N	\N	\N	\N	\N	NUM062	1.0	B	\N	\N	\N	NUM022	1.0	CF3	DEN007	1.0	B	\N	\N	\N	\N	\N	\N	\N	\N	\N	\N	\N	\N	\N	\N	\N	\N	\N	\N
162	1_3_1_2_7_1_1	金融市场部_其他债权投资_公司债_非司库_1Y		2026-08-14 15:44:09	2026-08-14 15:44:09	NUM100	1.0	NII	\N	\N	\N	\N	\N	\N	\N	\N	\N	\N	\N	\N	\N	\N	\N	\N	\N	\N	\N	\N	\N	NUM086	1.0	NII	DEN056	1.0	AB	NUM100	1.0	NII	DEN060	1.0	AB	NUM100	1.0	NII	DEN060	1.0	AB	\N	\N	\N	\N	\N	\N	NUM059	1.0	B	\N	\N	\N	NUM011	1.0	RWA	\N	\N	\N	NUM022	1.0	CF3	DEN007	1.0	CF3	NUM021	1.0	CF1	\N	\N	\N	NUM006	0.85	B	\N	\N	\N	\N	\N	\N	DEN051	1.0	CF1-6	\N	\N	\N	DEN051	1.0	CF7-12	\N	\N	\N	DEN051	1.0	CF12+	\N	\N	\N	\N	\N	\N	\N	\N	\N	\N	\N	\N	NUM062	1.0	B	\N	\N	\N	NUM022	1.0	CF3	DEN007	1.0	B	\N	\N	\N	\N	\N	\N	\N	\N	\N	\N	\N	\N	\N	\N	\N	\N	\N	\N
163	1_3_1_2_7_1_2	金融市场部_其他债权投资_公司债_非司库_3Y		2026-08-14 15:44:09	2026-08-14 15:44:09	NUM100	1.0	NII	\N	\N	\N	\N	\N	\N	\N	\N	\N	\N	\N	\N	\N	\N	\N	\N	\N	\N	\N	\N	\N	NUM086	1.0	NII	DEN056	1.0	AB	NUM100	1.0	NII	DEN060	1.0	AB	NUM100	1.0	NII	DEN060	1.0	AB	\N	\N	\N	\N	\N	\N	NUM059	1.0	B	\N	\N	\N	NUM011	1.0	RWA	\N	\N	\N	NUM022	1.0	CF3	DEN007	1.0	CF3	NUM021	1.0	CF1	\N	\N	\N	NUM006	0.85	B	\N	\N	\N	\N	\N	\N	DEN051	1.0	CF1-6	\N	\N	\N	DEN051	1.0	CF7-12	\N	\N	\N	DEN051	1.0	CF12+	\N	\N	\N	\N	\N	\N	\N	\N	\N	\N	\N	\N	NUM062	1.0	B	\N	\N	\N	NUM022	1.0	CF3	DEN007	1.0	B	\N	\N	\N	\N	\N	\N	\N	\N	\N	\N	\N	\N	\N	\N	\N	\N	\N	\N
164	1_3_1_2_7_1_3	金融市场部_其他债权投资_公司债_非司库_5Y		2026-08-14 15:44:09	2026-08-14 15:44:09	NUM100	1.0	NII	\N	\N	\N	\N	\N	\N	\N	\N	\N	\N	\N	\N	\N	\N	\N	\N	\N	\N	\N	\N	\N	NUM086	1.0	NII	DEN056	1.0	AB	NUM100	1.0	NII	DEN060	1.0	AB	NUM100	1.0	NII	DEN060	1.0	AB	\N	\N	\N	\N	\N	\N	NUM059	1.0	B	\N	\N	\N	NUM011	1.0	RWA	\N	\N	\N	NUM022	1.0	CF3	DEN007	1.0	CF3	NUM021	1.0	CF1	\N	\N	\N	NUM006	0.85	B	\N	\N	\N	\N	\N	\N	DEN051	1.0	CF1-6	\N	\N	\N	DEN051	1.0	CF7-12	\N	\N	\N	DEN051	1.0	CF12+	\N	\N	\N	\N	\N	\N	\N	\N	\N	\N	\N	\N	NUM062	1.0	B	\N	\N	\N	NUM022	1.0	CF3	DEN007	1.0	B	\N	\N	\N	\N	\N	\N	\N	\N	\N	\N	\N	\N	\N	\N	\N	\N	\N	\N
165	1_3_1_2_7_1_4	金融市场部_其他债权投资_公司债_非司库_10Y		2026-08-14 15:44:09	2026-08-14 15:44:09	NUM100	1.0	NII	\N	\N	\N	\N	\N	\N	\N	\N	\N	\N	\N	\N	\N	\N	\N	\N	\N	\N	\N	\N	\N	NUM086	1.0	NII	DEN056	1.0	AB	NUM100	1.0	NII	DEN060	1.0	AB	NUM100	1.0	NII	DEN060	1.0	AB	\N	\N	\N	\N	\N	\N	NUM059	1.0	B	\N	\N	\N	NUM011	1.0	RWA	\N	\N	\N	NUM022	1.0	CF3	DEN007	1.0	CF3	NUM021	1.0	CF1	\N	\N	\N	NUM006	0.85	B	\N	\N	\N	\N	\N	\N	DEN051	1.0	CF1-6	\N	\N	\N	DEN051	1.0	CF7-12	\N	\N	\N	DEN051	1.0	CF12+	\N	\N	\N	\N	\N	\N	\N	\N	\N	\N	\N	\N	NUM062	1.0	B	\N	\N	\N	NUM022	1.0	CF3	DEN007	1.0	B	\N	\N	\N	\N	\N	\N	\N	\N	\N	\N	\N	\N	\N	\N	\N	\N	\N	\N
166	1_3_1_2_8_1_1	金融市场部_其他债权投资_同业存单债_非司库_1M		2026-08-14 15:44:09	2026-08-14 15:44:09	NUM100	1.0	NII	\N	\N	\N	\N	\N	\N	\N	\N	\N	\N	\N	\N	\N	\N	\N	\N	\N	\N	\N	\N	\N	NUM086	1.0	NII	DEN056	1.0	AB	NUM100	1.0	NII	DEN060	1.0	AB	NUM100	1.0	NII	DEN060	1.0	AB	\N	\N	\N	\N	\N	\N	\N	\N	\N	\N	\N	\N	NUM011	1.0	RWA	\N	\N	\N	NUM023	1.0	CF3	DEN008	1.0	CF3	\N	\N	\N	\N	\N	\N	NUM007	0.85	B	DEN026	-1.0	CF1	\N	\N	\N	DEN011	1.0	CF1-6	\N	\N	\N	DEN011	1.0	CF7-12	\N	\N	\N	DEN011	1.0	CF12+	\N	\N	\N	\N	\N	\N	\N	\N	\N	\N	\N	\N	NUM062	1.0	B	\N	\N	\N	NUM023	1.0	CF3	DEN008	1.0	B	\N	\N	\N	\N	\N	\N	\N	\N	\N	\N	\N	\N	\N	\N	\N	\N	\N	\N
167	1_3_1_2_8_1_2	金融市场部_其他债权投资_同业存单债_非司库_3M		2026-08-14 15:44:09	2026-08-14 15:44:09	NUM100	1.0	NII	\N	\N	\N	\N	\N	\N	\N	\N	\N	\N	\N	\N	\N	\N	\N	\N	\N	\N	\N	\N	\N	NUM086	1.0	NII	DEN056	1.0	AB	NUM100	1.0	NII	DEN060	1.0	AB	NUM100	1.0	NII	DEN060	1.0	AB	\N	\N	\N	\N	\N	\N	\N	\N	\N	\N	\N	\N	NUM011	1.0	RWA	\N	\N	\N	NUM023	1.0	CF3	DEN008	1.0	CF3	\N	\N	\N	\N	\N	\N	NUM007	0.85	B	DEN026	-1.0	CF1	\N	\N	\N	DEN011	1.0	CF1-6	\N	\N	\N	DEN011	1.0	CF7-12	\N	\N	\N	DEN011	1.0	CF12+	\N	\N	\N	\N	\N	\N	\N	\N	\N	\N	\N	\N	NUM062	1.0	B	\N	\N	\N	NUM023	1.0	CF3	DEN008	1.0	B	\N	\N	\N	\N	\N	\N	\N	\N	\N	\N	\N	\N	\N	\N	\N	\N	\N	\N
168	1_3_1_2_8_1_3	金融市场部_其他债权投资_同业存单债_非司库_6M		2026-08-14 15:44:09	2026-08-14 15:44:09	NUM100	1.0	NII	\N	\N	\N	\N	\N	\N	\N	\N	\N	\N	\N	\N	\N	\N	\N	\N	\N	\N	\N	\N	\N	NUM086	1.0	NII	DEN056	1.0	AB	NUM100	1.0	NII	DEN060	1.0	AB	NUM100	1.0	NII	DEN060	1.0	AB	\N	\N	\N	\N	\N	\N	\N	\N	\N	\N	\N	\N	NUM011	1.0	RWA	\N	\N	\N	NUM023	1.0	CF3	DEN008	1.0	CF3	\N	\N	\N	\N	\N	\N	NUM007	0.85	B	DEN026	-1.0	CF1	\N	\N	\N	DEN011	1.0	CF1-6	\N	\N	\N	DEN011	1.0	CF7-12	\N	\N	\N	DEN011	1.0	CF12+	\N	\N	\N	\N	\N	\N	\N	\N	\N	\N	\N	\N	NUM062	1.0	B	\N	\N	\N	NUM023	1.0	CF3	DEN008	1.0	B	\N	\N	\N	\N	\N	\N	\N	\N	\N	\N	\N	\N	\N	\N	\N	\N	\N	\N
169	1_3_1_2_8_1_4	金融市场部_其他债权投资_同业存单债_非司库_1Y		2026-08-14 15:44:09	2026-08-14 15:44:09	NUM100	1.0	NII	\N	\N	\N	\N	\N	\N	\N	\N	\N	\N	\N	\N	\N	\N	\N	\N	\N	\N	\N	\N	\N	NUM086	1.0	NII	DEN056	1.0	AB	NUM100	1.0	NII	DEN060	1.0	AB	NUM100	1.0	NII	DEN060	1.0	AB	\N	\N	\N	\N	\N	\N	\N	\N	\N	\N	\N	\N	NUM011	1.0	RWA	\N	\N	\N	NUM023	1.0	CF3	DEN008	1.0	CF3	\N	\N	\N	\N	\N	\N	NUM007	0.85	B	DEN026	-1.0	CF1	\N	\N	\N	DEN011	1.0	CF1-6	\N	\N	\N	DEN011	1.0	CF7-12	\N	\N	\N	DEN011	1.0	CF12+	\N	\N	\N	\N	\N	\N	\N	\N	\N	\N	\N	\N	NUM062	1.0	B	\N	\N	\N	NUM023	1.0	CF3	DEN008	1.0	B	\N	\N	\N	\N	\N	\N	\N	\N	\N	\N	\N	\N	\N	\N	\N	\N	\N	\N
170	1_3_1_2_9_1_1	金融市场部_其他债权投资_其他_非司库_1Y		2026-08-14 15:44:09	2026-08-14 15:44:09	NUM100	1.0	NII	\N	\N	\N	\N	\N	\N	\N	\N	\N	\N	\N	\N	\N	\N	\N	\N	\N	\N	\N	\N	\N	NUM086	1.0	NII	DEN056	1.0	AB	NUM100	1.0	NII	DEN060	1.0	AB	NUM100	1.0	NII	DEN060	1.0	AB	\N	\N	\N	\N	\N	\N	NUM065	1.0	B	\N	\N	\N	NUM011	1.0	RWA	\N	\N	\N	NUM022	1.0	CF3	DEN007	1.0	CF3	NUM024	1.0	CF1	\N	\N	\N	\N	\N	\N	\N	\N	\N	\N	\N	\N	DEN053	1.0	CF1-6	\N	\N	\N	DEN053	1.0	CF7-12	\N	\N	\N	DEN052	1.0	CF12+	\N	\N	\N	\N	\N	\N	\N	\N	\N	\N	\N	\N	NUM063	1.0	B	\N	\N	\N	NUM022	1.0	CF3	DEN007	1.0	B	\N	\N	\N	\N	\N	\N	\N	\N	\N	\N	\N	\N	\N	\N	\N	\N	\N	\N
171	1_3_1_2_9_1_2	金融市场部_其他债权投资_其他_非司库_3Y		2026-08-14 15:44:09	2026-08-14 15:44:09	NUM100	1.0	NII	\N	\N	\N	\N	\N	\N	\N	\N	\N	\N	\N	\N	\N	\N	\N	\N	\N	\N	\N	\N	\N	NUM086	1.0	NII	DEN056	1.0	AB	NUM100	1.0	NII	DEN060	1.0	AB	NUM100	1.0	NII	DEN060	1.0	AB	\N	\N	\N	\N	\N	\N	NUM065	1.0	B	\N	\N	\N	NUM011	1.0	RWA	\N	\N	\N	NUM022	1.0	CF3	DEN007	1.0	CF3	NUM024	1.0	CF1	\N	\N	\N	\N	\N	\N	\N	\N	\N	\N	\N	\N	DEN053	1.0	CF1-6	\N	\N	\N	DEN053	1.0	CF7-12	\N	\N	\N	DEN052	1.0	CF12+	\N	\N	\N	\N	\N	\N	\N	\N	\N	\N	\N	\N	NUM063	1.0	B	\N	\N	\N	NUM022	1.0	CF3	DEN007	1.0	B	\N	\N	\N	\N	\N	\N	\N	\N	\N	\N	\N	\N	\N	\N	\N	\N	\N	\N
172	1_3_1_2_9_1_3	金融市场部_其他债权投资_其他_非司库_5Y		2026-08-14 15:44:09	2026-08-14 15:44:09	NUM100	1.0	NII	\N	\N	\N	\N	\N	\N	\N	\N	\N	\N	\N	\N	\N	\N	\N	\N	\N	\N	\N	\N	\N	NUM086	1.0	NII	DEN056	1.0	AB	NUM100	1.0	NII	DEN060	1.0	AB	NUM100	1.0	NII	DEN060	1.0	AB	\N	\N	\N	\N	\N	\N	NUM065	1.0	B	\N	\N	\N	NUM011	1.0	RWA	\N	\N	\N	NUM022	1.0	CF3	DEN007	1.0	CF3	NUM024	1.0	CF1	\N	\N	\N	\N	\N	\N	\N	\N	\N	\N	\N	\N	DEN053	1.0	CF1-6	\N	\N	\N	DEN053	1.0	CF7-12	\N	\N	\N	DEN052	1.0	CF12+	\N	\N	\N	\N	\N	\N	\N	\N	\N	\N	\N	\N	NUM063	1.0	B	\N	\N	\N	NUM022	1.0	CF3	DEN007	1.0	B	\N	\N	\N	\N	\N	\N	\N	\N	\N	\N	\N	\N	\N	\N	\N	\N	\N	\N
173	1_3_1_3_1_1_1	金融市场部_债权投资_国债_司库_1Y		2026-08-14 15:44:09	2026-08-14 15:44:09	NUM100	1.0	NII	\N	\N	\N	\N	\N	\N	\N	\N	\N	\N	\N	\N	\N	\N	\N	\N	\N	\N	\N	\N	\N	NUM086	1.0	NII	DEN056	1.0	AB	NUM100	1.0	NII	DEN060	1.0	AB	NUM100	1.0	NII	DEN060	1.0	AB	\N	\N	\N	\N	\N	\N	NUM059	1.0	B	\N	\N	\N	NUM011	1.0	RWA	\N	\N	\N	NUM022	1.0	CF3	DEN007	1.0	CF3	NUM021	1.0	CF1	\N	\N	\N	NUM003	1.0	B	\N	\N	\N	\N	\N	\N	DEN051	1.0	CF1-6	\N	\N	\N	DEN051	1.0	CF7-12	\N	\N	\N	DEN051	1.0	CF12+	\N	\N	\N	\N	\N	\N	\N	\N	\N	\N	\N	\N	NUM060	1.0	B	\N	\N	\N	NUM022	1.0	CF3	DEN007	1.0	B	\N	\N	\N	\N	\N	\N	\N	\N	\N	\N	\N	\N	\N	\N	\N	\N	\N	\N
174	1_3_1_3_1_1_2	金融市场部_债权投资_国债_司库_3Y		2026-08-14 15:44:09	2026-08-14 15:44:09	NUM100	1.0	NII	\N	\N	\N	\N	\N	\N	\N	\N	\N	\N	\N	\N	\N	\N	\N	\N	\N	\N	\N	\N	\N	NUM086	1.0	NII	DEN056	1.0	AB	NUM100	1.0	NII	DEN060	1.0	AB	NUM100	1.0	NII	DEN060	1.0	AB	\N	\N	\N	\N	\N	\N	NUM059	1.0	B	\N	\N	\N	NUM011	1.0	RWA	\N	\N	\N	NUM022	1.0	CF3	DEN007	1.0	CF3	NUM021	1.0	CF1	\N	\N	\N	NUM003	1.0	B	\N	\N	\N	\N	\N	\N	DEN051	1.0	CF1-6	\N	\N	\N	DEN051	1.0	CF7-12	\N	\N	\N	DEN051	1.0	CF12+	\N	\N	\N	\N	\N	\N	\N	\N	\N	\N	\N	\N	NUM060	1.0	B	\N	\N	\N	NUM022	1.0	CF3	DEN007	1.0	B	\N	\N	\N	\N	\N	\N	\N	\N	\N	\N	\N	\N	\N	\N	\N	\N	\N	\N
175	1_3_1_3_1_1_3	金融市场部_债权投资_国债_司库_5Y		2026-08-14 15:44:09	2026-08-14 15:44:09	NUM100	1.0	NII	\N	\N	\N	\N	\N	\N	\N	\N	\N	\N	\N	\N	\N	\N	\N	\N	\N	\N	\N	\N	\N	NUM086	1.0	NII	DEN056	1.0	AB	NUM100	1.0	NII	DEN060	1.0	AB	NUM100	1.0	NII	DEN060	1.0	AB	\N	\N	\N	\N	\N	\N	NUM059	1.0	B	\N	\N	\N	NUM011	1.0	RWA	\N	\N	\N	NUM022	1.0	CF3	DEN007	1.0	CF3	NUM021	1.0	CF1	\N	\N	\N	NUM003	1.0	B	\N	\N	\N	\N	\N	\N	DEN051	1.0	CF1-6	\N	\N	\N	DEN051	1.0	CF7-12	\N	\N	\N	DEN051	1.0	CF12+	\N	\N	\N	\N	\N	\N	\N	\N	\N	\N	\N	\N	NUM060	1.0	B	\N	\N	\N	NUM022	1.0	CF3	DEN007	1.0	B	\N	\N	\N	\N	\N	\N	\N	\N	\N	\N	\N	\N	\N	\N	\N	\N	\N	\N
176	1_3_1_3_1_1_4	金融市场部_债权投资_国债_司库_10Y		2026-08-14 15:44:09	2026-08-14 15:44:09	NUM100	1.0	NII	\N	\N	\N	\N	\N	\N	\N	\N	\N	\N	\N	\N	\N	\N	\N	\N	\N	\N	\N	\N	\N	NUM086	1.0	NII	DEN056	1.0	AB	NUM100	1.0	NII	DEN060	1.0	AB	NUM100	1.0	NII	DEN060	1.0	AB	\N	\N	\N	\N	\N	\N	NUM059	1.0	B	\N	\N	\N	NUM011	1.0	RWA	\N	\N	\N	NUM022	1.0	CF3	DEN007	1.0	CF3	NUM021	1.0	CF1	\N	\N	\N	NUM003	1.0	B	\N	\N	\N	\N	\N	\N	DEN051	1.0	CF1-6	\N	\N	\N	DEN051	1.0	CF7-12	\N	\N	\N	DEN051	1.0	CF12+	\N	\N	\N	\N	\N	\N	\N	\N	\N	\N	\N	\N	NUM060	1.0	B	\N	\N	\N	NUM022	1.0	CF3	DEN007	1.0	B	\N	\N	\N	\N	\N	\N	\N	\N	\N	\N	\N	\N	\N	\N	\N	\N	\N	\N
177	1_3_1_3_1_2_1	金融市场部_债权投资_国债_非司库_1Y		2026-08-14 15:44:09	2026-08-14 15:44:09	NUM100	1.0	NII	\N	\N	\N	\N	\N	\N	\N	\N	\N	\N	\N	\N	\N	\N	\N	\N	\N	\N	\N	\N	\N	NUM086	1.0	NII	DEN056	1.0	AB	NUM100	1.0	NII	DEN060	1.0	AB	NUM100	1.0	NII	DEN060	1.0	AB	\N	\N	\N	\N	\N	\N	NUM059	1.0	B	\N	\N	\N	NUM011	1.0	RWA	\N	\N	\N	NUM022	1.0	CF3	DEN007	1.0	CF3	NUM021	1.0	CF1	\N	\N	\N	NUM003	1.0	B	\N	\N	\N	\N	\N	\N	DEN051	1.0	CF1-6	\N	\N	\N	DEN051	1.0	CF7-12	\N	\N	\N	DEN051	1.0	CF12+	\N	\N	\N	\N	\N	\N	\N	\N	\N	\N	\N	\N	NUM060	1.0	B	\N	\N	\N	NUM022	1.0	CF3	DEN007	1.0	B	\N	\N	\N	\N	\N	\N	\N	\N	\N	\N	\N	\N	\N	\N	\N	\N	\N	\N
178	1_3_1_3_1_2_2	金融市场部_债权投资_国债_非司库_3Y		2026-08-14 15:44:09	2026-08-14 15:44:09	NUM100	1.0	NII	\N	\N	\N	\N	\N	\N	\N	\N	\N	\N	\N	\N	\N	\N	\N	\N	\N	\N	\N	\N	\N	NUM086	1.0	NII	DEN056	1.0	AB	NUM100	1.0	NII	DEN060	1.0	AB	NUM100	1.0	NII	DEN060	1.0	AB	\N	\N	\N	\N	\N	\N	NUM059	1.0	B	\N	\N	\N	NUM011	1.0	RWA	\N	\N	\N	NUM022	1.0	CF3	DEN007	1.0	CF3	NUM021	1.0	CF1	\N	\N	\N	NUM003	1.0	B	\N	\N	\N	\N	\N	\N	DEN051	1.0	CF1-6	\N	\N	\N	DEN051	1.0	CF7-12	\N	\N	\N	DEN051	1.0	CF12+	\N	\N	\N	\N	\N	\N	\N	\N	\N	\N	\N	\N	NUM060	1.0	B	\N	\N	\N	NUM022	1.0	CF3	DEN007	1.0	B	\N	\N	\N	\N	\N	\N	\N	\N	\N	\N	\N	\N	\N	\N	\N	\N	\N	\N
179	1_3_1_3_1_2_3	金融市场部_债权投资_国债_非司库_5Y		2026-08-14 15:44:09	2026-08-14 15:44:09	NUM100	1.0	NII	\N	\N	\N	\N	\N	\N	\N	\N	\N	\N	\N	\N	\N	\N	\N	\N	\N	\N	\N	\N	\N	NUM086	1.0	NII	DEN056	1.0	AB	NUM100	1.0	NII	DEN060	1.0	AB	NUM100	1.0	NII	DEN060	1.0	AB	\N	\N	\N	\N	\N	\N	NUM059	1.0	B	\N	\N	\N	NUM011	1.0	RWA	\N	\N	\N	NUM022	1.0	CF3	DEN007	1.0	CF3	NUM021	1.0	CF1	\N	\N	\N	NUM003	1.0	B	\N	\N	\N	\N	\N	\N	DEN051	1.0	CF1-6	\N	\N	\N	DEN051	1.0	CF7-12	\N	\N	\N	DEN051	1.0	CF12+	\N	\N	\N	\N	\N	\N	\N	\N	\N	\N	\N	\N	NUM060	1.0	B	\N	\N	\N	NUM022	1.0	CF3	DEN007	1.0	B	\N	\N	\N	\N	\N	\N	\N	\N	\N	\N	\N	\N	\N	\N	\N	\N	\N	\N
180	1_3_1_3_1_2_4	金融市场部_债权投资_国债_非司库_10Y		2026-08-14 15:44:09	2026-08-14 15:44:09	NUM100	1.0	NII	\N	\N	\N	\N	\N	\N	\N	\N	\N	\N	\N	\N	\N	\N	\N	\N	\N	\N	\N	\N	\N	NUM086	1.0	NII	DEN056	1.0	AB	NUM100	1.0	NII	DEN060	1.0	AB	NUM100	1.0	NII	DEN060	1.0	AB	\N	\N	\N	\N	\N	\N	NUM059	1.0	B	\N	\N	\N	NUM011	1.0	RWA	\N	\N	\N	NUM022	1.0	CF3	DEN007	1.0	CF3	NUM021	1.0	CF1	\N	\N	\N	NUM003	1.0	B	\N	\N	\N	\N	\N	\N	DEN051	1.0	CF1-6	\N	\N	\N	DEN051	1.0	CF7-12	\N	\N	\N	DEN051	1.0	CF12+	\N	\N	\N	\N	\N	\N	\N	\N	\N	\N	\N	\N	NUM060	1.0	B	\N	\N	\N	NUM022	1.0	CF3	DEN007	1.0	B	\N	\N	\N	\N	\N	\N	\N	\N	\N	\N	\N	\N	\N	\N	\N	\N	\N	\N
181	1_3_1_3_2_1_1	金融市场部_债权投资_央票_司库_1Y		2026-08-14 15:44:09	2026-08-14 15:44:09	NUM100	1.0	NII	\N	\N	\N	\N	\N	\N	\N	\N	\N	\N	\N	\N	\N	\N	\N	\N	\N	\N	\N	\N	\N	NUM086	1.0	NII	DEN056	1.0	AB	NUM100	1.0	NII	DEN060	1.0	AB	NUM100	1.0	NII	DEN060	1.0	AB	\N	\N	\N	\N	\N	\N	NUM059	1.0	B	\N	\N	\N	NUM011	1.0	RWA	\N	\N	\N	NUM022	1.0	CF3	DEN007	1.0	CF3	NUM021	1.0	CF1	\N	\N	\N	NUM003	1.0	B	\N	\N	\N	\N	\N	\N	DEN051	1.0	CF1-6	\N	\N	\N	DEN051	1.0	CF7-12	\N	\N	\N	DEN051	1.0	CF12+	\N	\N	\N	\N	\N	\N	\N	\N	\N	\N	\N	\N	NUM060	1.0	B	\N	\N	\N	NUM022	1.0	CF3	DEN007	1.0	B	\N	\N	\N	\N	\N	\N	\N	\N	\N	\N	\N	\N	\N	\N	\N	\N	\N	\N
182	1_3_1_3_2_1_2	金融市场部_债权投资_央票_司库_3Y		2026-08-14 15:44:09	2026-08-14 15:44:09	NUM100	1.0	NII	\N	\N	\N	\N	\N	\N	\N	\N	\N	\N	\N	\N	\N	\N	\N	\N	\N	\N	\N	\N	\N	NUM086	1.0	NII	DEN056	1.0	AB	NUM100	1.0	NII	DEN060	1.0	AB	NUM100	1.0	NII	DEN060	1.0	AB	\N	\N	\N	\N	\N	\N	NUM059	1.0	B	\N	\N	\N	NUM011	1.0	RWA	\N	\N	\N	NUM022	1.0	CF3	DEN007	1.0	CF3	NUM021	1.0	CF1	\N	\N	\N	NUM003	1.0	B	\N	\N	\N	\N	\N	\N	DEN051	1.0	CF1-6	\N	\N	\N	DEN051	1.0	CF7-12	\N	\N	\N	DEN051	1.0	CF12+	\N	\N	\N	\N	\N	\N	\N	\N	\N	\N	\N	\N	NUM060	1.0	B	\N	\N	\N	NUM022	1.0	CF3	DEN007	1.0	B	\N	\N	\N	\N	\N	\N	\N	\N	\N	\N	\N	\N	\N	\N	\N	\N	\N	\N
183	1_3_1_3_2_1_3	金融市场部_债权投资_央票_司库_5Y		2026-08-14 15:44:09	2026-08-14 15:44:09	NUM100	1.0	NII	\N	\N	\N	\N	\N	\N	\N	\N	\N	\N	\N	\N	\N	\N	\N	\N	\N	\N	\N	\N	\N	NUM086	1.0	NII	DEN056	1.0	AB	NUM100	1.0	NII	DEN060	1.0	AB	NUM100	1.0	NII	DEN060	1.0	AB	\N	\N	\N	\N	\N	\N	NUM059	1.0	B	\N	\N	\N	NUM011	1.0	RWA	\N	\N	\N	NUM022	1.0	CF3	DEN007	1.0	CF3	NUM021	1.0	CF1	\N	\N	\N	NUM003	1.0	B	\N	\N	\N	\N	\N	\N	DEN051	1.0	CF1-6	\N	\N	\N	DEN051	1.0	CF7-12	\N	\N	\N	DEN051	1.0	CF12+	\N	\N	\N	\N	\N	\N	\N	\N	\N	\N	\N	\N	NUM060	1.0	B	\N	\N	\N	NUM022	1.0	CF3	DEN007	1.0	B	\N	\N	\N	\N	\N	\N	\N	\N	\N	\N	\N	\N	\N	\N	\N	\N	\N	\N
184	1_3_1_3_2_1_4	金融市场部_债权投资_央票_司库_10Y		2026-08-14 15:44:09	2026-08-14 15:44:09	NUM100	1.0	NII	\N	\N	\N	\N	\N	\N	\N	\N	\N	\N	\N	\N	\N	\N	\N	\N	\N	\N	\N	\N	\N	NUM086	1.0	NII	DEN056	1.0	AB	NUM100	1.0	NII	DEN060	1.0	AB	NUM100	1.0	NII	DEN060	1.0	AB	\N	\N	\N	\N	\N	\N	NUM059	1.0	B	\N	\N	\N	NUM011	1.0	RWA	\N	\N	\N	NUM022	1.0	CF3	DEN007	1.0	CF3	NUM021	1.0	CF1	\N	\N	\N	NUM003	1.0	B	\N	\N	\N	\N	\N	\N	DEN051	1.0	CF1-6	\N	\N	\N	DEN051	1.0	CF7-12	\N	\N	\N	DEN051	1.0	CF12+	\N	\N	\N	\N	\N	\N	\N	\N	\N	\N	\N	\N	NUM060	1.0	B	\N	\N	\N	NUM022	1.0	CF3	DEN007	1.0	B	\N	\N	\N	\N	\N	\N	\N	\N	\N	\N	\N	\N	\N	\N	\N	\N	\N	\N
185	1_3_1_3_2_2_1	金融市场部_债权投资_央票_非司库_1Y		2026-08-14 15:44:09	2026-08-14 15:44:09	NUM100	1.0	NII	\N	\N	\N	\N	\N	\N	\N	\N	\N	\N	\N	\N	\N	\N	\N	\N	\N	\N	\N	\N	\N	NUM086	1.0	NII	DEN056	1.0	AB	NUM100	1.0	NII	DEN060	1.0	AB	NUM100	1.0	NII	DEN060	1.0	AB	\N	\N	\N	\N	\N	\N	NUM059	1.0	B	\N	\N	\N	NUM011	1.0	RWA	\N	\N	\N	NUM022	1.0	CF3	DEN007	1.0	CF3	NUM021	1.0	CF1	\N	\N	\N	NUM003	1.0	B	\N	\N	\N	\N	\N	\N	DEN051	1.0	CF1-6	\N	\N	\N	DEN051	1.0	CF7-12	\N	\N	\N	DEN051	1.0	CF12+	\N	\N	\N	\N	\N	\N	\N	\N	\N	\N	\N	\N	NUM060	1.0	B	\N	\N	\N	NUM022	1.0	CF3	DEN007	1.0	B	\N	\N	\N	\N	\N	\N	\N	\N	\N	\N	\N	\N	\N	\N	\N	\N	\N	\N
186	1_3_1_3_2_2_2	金融市场部_债权投资_央票_非司库_3Y		2026-08-14 15:44:09	2026-08-14 15:44:09	NUM100	1.0	NII	\N	\N	\N	\N	\N	\N	\N	\N	\N	\N	\N	\N	\N	\N	\N	\N	\N	\N	\N	\N	\N	NUM086	1.0	NII	DEN056	1.0	AB	NUM100	1.0	NII	DEN060	1.0	AB	NUM100	1.0	NII	DEN060	1.0	AB	\N	\N	\N	\N	\N	\N	NUM059	1.0	B	\N	\N	\N	NUM011	1.0	RWA	\N	\N	\N	NUM022	1.0	CF3	DEN007	1.0	CF3	NUM021	1.0	CF1	\N	\N	\N	NUM003	1.0	B	\N	\N	\N	\N	\N	\N	DEN051	1.0	CF1-6	\N	\N	\N	DEN051	1.0	CF7-12	\N	\N	\N	DEN051	1.0	CF12+	\N	\N	\N	\N	\N	\N	\N	\N	\N	\N	\N	\N	NUM060	1.0	B	\N	\N	\N	NUM022	1.0	CF3	DEN007	1.0	B	\N	\N	\N	\N	\N	\N	\N	\N	\N	\N	\N	\N	\N	\N	\N	\N	\N	\N
187	1_3_1_3_2_2_3	金融市场部_债权投资_央票_非司库_5Y		2026-08-14 15:44:09	2026-08-14 15:44:09	NUM100	1.0	NII	\N	\N	\N	\N	\N	\N	\N	\N	\N	\N	\N	\N	\N	\N	\N	\N	\N	\N	\N	\N	\N	NUM086	1.0	NII	DEN056	1.0	AB	NUM100	1.0	NII	DEN060	1.0	AB	NUM100	1.0	NII	DEN060	1.0	AB	\N	\N	\N	\N	\N	\N	NUM059	1.0	B	\N	\N	\N	NUM011	1.0	RWA	\N	\N	\N	NUM022	1.0	CF3	DEN007	1.0	CF3	NUM021	1.0	CF1	\N	\N	\N	NUM003	1.0	B	\N	\N	\N	\N	\N	\N	DEN051	1.0	CF1-6	\N	\N	\N	DEN051	1.0	CF7-12	\N	\N	\N	DEN051	1.0	CF12+	\N	\N	\N	\N	\N	\N	\N	\N	\N	\N	\N	\N	NUM060	1.0	B	\N	\N	\N	NUM022	1.0	CF3	DEN007	1.0	B	\N	\N	\N	\N	\N	\N	\N	\N	\N	\N	\N	\N	\N	\N	\N	\N	\N	\N
188	1_3_1_3_2_2_4	金融市场部_债权投资_央票_非司库_10Y		2026-08-14 15:44:09	2026-08-14 15:44:09	NUM100	1.0	NII	\N	\N	\N	\N	\N	\N	\N	\N	\N	\N	\N	\N	\N	\N	\N	\N	\N	\N	\N	\N	\N	NUM086	1.0	NII	DEN056	1.0	AB	NUM100	1.0	NII	DEN060	1.0	AB	NUM100	1.0	NII	DEN060	1.0	AB	\N	\N	\N	\N	\N	\N	NUM059	1.0	B	\N	\N	\N	NUM011	1.0	RWA	\N	\N	\N	NUM022	1.0	CF3	DEN007	1.0	CF3	NUM021	1.0	CF1	\N	\N	\N	NUM003	1.0	B	\N	\N	\N	\N	\N	\N	DEN051	1.0	CF1-6	\N	\N	\N	DEN051	1.0	CF7-12	\N	\N	\N	DEN051	1.0	CF12+	\N	\N	\N	\N	\N	\N	\N	\N	\N	\N	\N	\N	NUM060	1.0	B	\N	\N	\N	NUM022	1.0	CF3	DEN007	1.0	B	\N	\N	\N	\N	\N	\N	\N	\N	\N	\N	\N	\N	\N	\N	\N	\N	\N	\N
189	1_3_1_3_3_1_1	金融市场部_债权投资_地方政府债_司库_1Y		2026-08-14 15:44:09	2026-08-14 15:44:09	NUM100	1.0	NII	\N	\N	\N	\N	\N	\N	\N	\N	\N	\N	\N	\N	\N	\N	\N	\N	\N	\N	\N	\N	\N	NUM086	1.0	NII	DEN056	1.0	AB	NUM100	1.0	NII	DEN060	1.0	AB	NUM100	1.0	NII	DEN060	1.0	AB	\N	\N	\N	\N	\N	\N	NUM059	1.0	B	\N	\N	\N	NUM011	1.0	RWA	\N	\N	\N	NUM022	1.0	CF3	DEN007	1.0	CF3	NUM021	1.0	CF1	\N	\N	\N	NUM007	0.85	B	\N	\N	\N	\N	\N	\N	DEN051	1.0	CF1-6	\N	\N	\N	DEN051	1.0	CF7-12	\N	\N	\N	DEN051	1.0	CF12+	\N	\N	\N	\N	\N	\N	\N	\N	\N	\N	\N	\N	NUM060	1.0	B	\N	\N	\N	NUM022	1.0	CF3	DEN007	1.0	B	\N	\N	\N	\N	\N	\N	\N	\N	\N	\N	\N	\N	\N	\N	\N	\N	\N	\N
190	1_3_1_3_3_1_2	金融市场部_债权投资_地方政府债_司库_3Y		2026-08-14 15:44:09	2026-08-14 15:44:09	NUM100	1.0	NII	\N	\N	\N	\N	\N	\N	\N	\N	\N	\N	\N	\N	\N	\N	\N	\N	\N	\N	\N	\N	\N	NUM086	1.0	NII	DEN056	1.0	AB	NUM100	1.0	NII	DEN060	1.0	AB	NUM100	1.0	NII	DEN060	1.0	AB	\N	\N	\N	\N	\N	\N	NUM059	1.0	B	\N	\N	\N	NUM011	1.0	RWA	\N	\N	\N	NUM022	1.0	CF3	DEN007	1.0	CF3	NUM021	1.0	CF1	\N	\N	\N	NUM007	0.85	B	\N	\N	\N	\N	\N	\N	DEN051	1.0	CF1-6	\N	\N	\N	DEN051	1.0	CF7-12	\N	\N	\N	DEN051	1.0	CF12+	\N	\N	\N	\N	\N	\N	\N	\N	\N	\N	\N	\N	NUM060	1.0	B	\N	\N	\N	NUM022	1.0	CF3	DEN007	1.0	B	\N	\N	\N	\N	\N	\N	\N	\N	\N	\N	\N	\N	\N	\N	\N	\N	\N	\N
191	1_3_1_3_3_1_3	金融市场部_债权投资_地方政府债_司库_5Y		2026-08-14 15:44:09	2026-08-14 15:44:09	NUM100	1.0	NII	\N	\N	\N	\N	\N	\N	\N	\N	\N	\N	\N	\N	\N	\N	\N	\N	\N	\N	\N	\N	\N	NUM086	1.0	NII	DEN056	1.0	AB	NUM100	1.0	NII	DEN060	1.0	AB	NUM100	1.0	NII	DEN060	1.0	AB	\N	\N	\N	\N	\N	\N	NUM059	1.0	B	\N	\N	\N	NUM011	1.0	RWA	\N	\N	\N	NUM022	1.0	CF3	DEN007	1.0	CF3	NUM021	1.0	CF1	\N	\N	\N	NUM007	0.85	B	\N	\N	\N	\N	\N	\N	DEN051	1.0	CF1-6	\N	\N	\N	DEN051	1.0	CF7-12	\N	\N	\N	DEN051	1.0	CF12+	\N	\N	\N	\N	\N	\N	\N	\N	\N	\N	\N	\N	NUM060	1.0	B	\N	\N	\N	NUM022	1.0	CF3	DEN007	1.0	B	\N	\N	\N	\N	\N	\N	\N	\N	\N	\N	\N	\N	\N	\N	\N	\N	\N	\N
192	1_3_1_3_3_1_4	金融市场部_债权投资_地方政府债_司库_10Y		2026-08-14 15:44:09	2026-08-14 15:44:09	NUM100	1.0	NII	\N	\N	\N	\N	\N	\N	\N	\N	\N	\N	\N	\N	\N	\N	\N	\N	\N	\N	\N	\N	\N	NUM086	1.0	NII	DEN056	1.0	AB	NUM100	1.0	NII	DEN060	1.0	AB	NUM100	1.0	NII	DEN060	1.0	AB	\N	\N	\N	\N	\N	\N	NUM059	1.0	B	\N	\N	\N	NUM011	1.0	RWA	\N	\N	\N	NUM022	1.0	CF3	DEN007	1.0	CF3	NUM021	1.0	CF1	\N	\N	\N	NUM007	0.85	B	\N	\N	\N	\N	\N	\N	DEN051	1.0	CF1-6	\N	\N	\N	DEN051	1.0	CF7-12	\N	\N	\N	DEN051	1.0	CF12+	\N	\N	\N	\N	\N	\N	\N	\N	\N	\N	\N	\N	NUM060	1.0	B	\N	\N	\N	NUM022	1.0	CF3	DEN007	1.0	B	\N	\N	\N	\N	\N	\N	\N	\N	\N	\N	\N	\N	\N	\N	\N	\N	\N	\N
193	1_3_1_3_3_2_1	金融市场部_债权投资_地方政府债_非司库_1Y		2026-08-14 15:44:09	2026-08-14 15:44:09	NUM100	1.0	NII	\N	\N	\N	\N	\N	\N	\N	\N	\N	\N	\N	\N	\N	\N	\N	\N	\N	\N	\N	\N	\N	NUM086	1.0	NII	DEN056	1.0	AB	NUM100	1.0	NII	DEN060	1.0	AB	NUM100	1.0	NII	DEN060	1.0	AB	\N	\N	\N	\N	\N	\N	NUM059	1.0	B	\N	\N	\N	NUM011	1.0	RWA	\N	\N	\N	NUM022	1.0	CF3	DEN007	1.0	CF3	NUM021	1.0	CF1	\N	\N	\N	NUM007	0.85	B	\N	\N	\N	\N	\N	\N	DEN051	1.0	CF1-6	\N	\N	\N	DEN051	1.0	CF7-12	\N	\N	\N	DEN051	1.0	CF12+	\N	\N	\N	\N	\N	\N	\N	\N	\N	\N	\N	\N	NUM060	1.0	B	\N	\N	\N	NUM022	1.0	CF3	DEN007	1.0	B	\N	\N	\N	\N	\N	\N	\N	\N	\N	\N	\N	\N	\N	\N	\N	\N	\N	\N
194	1_3_1_3_3_2_2	金融市场部_债权投资_地方政府债_非司库_3Y		2026-08-14 15:44:09	2026-08-14 15:44:09	NUM100	1.0	NII	\N	\N	\N	\N	\N	\N	\N	\N	\N	\N	\N	\N	\N	\N	\N	\N	\N	\N	\N	\N	\N	NUM086	1.0	NII	DEN056	1.0	AB	NUM100	1.0	NII	DEN060	1.0	AB	NUM100	1.0	NII	DEN060	1.0	AB	\N	\N	\N	\N	\N	\N	NUM059	1.0	B	\N	\N	\N	NUM011	1.0	RWA	\N	\N	\N	NUM022	1.0	CF3	DEN007	1.0	CF3	NUM021	1.0	CF1	\N	\N	\N	NUM007	0.85	B	\N	\N	\N	\N	\N	\N	DEN051	1.0	CF1-6	\N	\N	\N	DEN051	1.0	CF7-12	\N	\N	\N	DEN051	1.0	CF12+	\N	\N	\N	\N	\N	\N	\N	\N	\N	\N	\N	\N	NUM060	1.0	B	\N	\N	\N	NUM022	1.0	CF3	DEN007	1.0	B	\N	\N	\N	\N	\N	\N	\N	\N	\N	\N	\N	\N	\N	\N	\N	\N	\N	\N
195	1_3_1_3_3_2_3	金融市场部_债权投资_地方政府债_非司库_5Y		2026-08-14 15:44:09	2026-08-14 15:44:09	NUM100	1.0	NII	\N	\N	\N	\N	\N	\N	\N	\N	\N	\N	\N	\N	\N	\N	\N	\N	\N	\N	\N	\N	\N	NUM086	1.0	NII	DEN056	1.0	AB	NUM100	1.0	NII	DEN060	1.0	AB	NUM100	1.0	NII	DEN060	1.0	AB	\N	\N	\N	\N	\N	\N	NUM059	1.0	B	\N	\N	\N	NUM011	1.0	RWA	\N	\N	\N	NUM022	1.0	CF3	DEN007	1.0	CF3	NUM021	1.0	CF1	\N	\N	\N	NUM007	0.85	B	\N	\N	\N	\N	\N	\N	DEN051	1.0	CF1-6	\N	\N	\N	DEN051	1.0	CF7-12	\N	\N	\N	DEN051	1.0	CF12+	\N	\N	\N	\N	\N	\N	\N	\N	\N	\N	\N	\N	NUM060	1.0	B	\N	\N	\N	NUM022	1.0	CF3	DEN007	1.0	B	\N	\N	\N	\N	\N	\N	\N	\N	\N	\N	\N	\N	\N	\N	\N	\N	\N	\N
196	1_3_1_3_3_2_4	金融市场部_债权投资_地方政府债_非司库_10Y		2026-08-14 15:44:09	2026-08-14 15:44:09	NUM100	1.0	NII	\N	\N	\N	\N	\N	\N	\N	\N	\N	\N	\N	\N	\N	\N	\N	\N	\N	\N	\N	\N	\N	NUM086	1.0	NII	DEN056	1.0	AB	NUM100	1.0	NII	DEN060	1.0	AB	NUM100	1.0	NII	DEN060	1.0	AB	\N	\N	\N	\N	\N	\N	NUM059	1.0	B	\N	\N	\N	NUM011	1.0	RWA	\N	\N	\N	NUM022	1.0	CF3	DEN007	1.0	CF3	NUM021	1.0	CF1	\N	\N	\N	NUM007	0.85	B	\N	\N	\N	\N	\N	\N	DEN051	1.0	CF1-6	\N	\N	\N	DEN051	1.0	CF7-12	\N	\N	\N	DEN051	1.0	CF12+	\N	\N	\N	\N	\N	\N	\N	\N	\N	\N	\N	\N	NUM060	1.0	B	\N	\N	\N	NUM022	1.0	CF3	DEN007	1.0	B	\N	\N	\N	\N	\N	\N	\N	\N	\N	\N	\N	\N	\N	\N	\N	\N	\N	\N
197	1_3_1_3_4_1_1	金融市场部_债权投资_政策性金融债_司库_1Y		2026-08-14 15:44:09	2026-08-14 15:44:09	NUM100	1.0	NII	\N	\N	\N	\N	\N	\N	\N	\N	\N	\N	\N	\N	\N	\N	\N	\N	\N	\N	\N	\N	\N	NUM086	1.0	NII	DEN056	1.0	AB	NUM100	1.0	NII	DEN060	1.0	AB	NUM100	1.0	NII	DEN060	1.0	AB	\N	\N	\N	\N	\N	\N	NUM059	1.0	B	\N	\N	\N	NUM011	1.0	RWA	\N	\N	\N	NUM022	1.0	CF3	DEN007	1.0	CF3	NUM021	1.0	CF1	\N	\N	\N	NUM003	1.0	B	\N	\N	\N	\N	\N	\N	DEN051	1.0	CF1-6	\N	\N	\N	DEN051	1.0	CF7-12	\N	\N	\N	DEN051	1.0	CF12+	\N	\N	\N	\N	\N	\N	\N	\N	\N	\N	\N	\N	NUM060	1.0	B	\N	\N	\N	NUM022	1.0	CF3	DEN007	1.0	B	\N	\N	\N	\N	\N	\N	\N	\N	\N	\N	\N	\N	\N	\N	\N	\N	\N	\N
198	1_3_1_3_4_1_2	金融市场部_债权投资_政策性金融债_司库_3Y		2026-08-14 15:44:09	2026-08-14 15:44:09	NUM100	1.0	NII	\N	\N	\N	\N	\N	\N	\N	\N	\N	\N	\N	\N	\N	\N	\N	\N	\N	\N	\N	\N	\N	NUM086	1.0	NII	DEN056	1.0	AB	NUM100	1.0	NII	DEN060	1.0	AB	NUM100	1.0	NII	DEN060	1.0	AB	\N	\N	\N	\N	\N	\N	NUM059	1.0	B	\N	\N	\N	NUM011	1.0	RWA	\N	\N	\N	NUM022	1.0	CF3	DEN007	1.0	CF3	NUM021	1.0	CF1	\N	\N	\N	NUM003	1.0	B	\N	\N	\N	\N	\N	\N	DEN051	1.0	CF1-6	\N	\N	\N	DEN051	1.0	CF7-12	\N	\N	\N	DEN051	1.0	CF12+	\N	\N	\N	\N	\N	\N	\N	\N	\N	\N	\N	\N	NUM060	1.0	B	\N	\N	\N	NUM022	1.0	CF3	DEN007	1.0	B	\N	\N	\N	\N	\N	\N	\N	\N	\N	\N	\N	\N	\N	\N	\N	\N	\N	\N
199	1_3_1_3_4_1_3	金融市场部_债权投资_政策性金融债_司库_5Y		2026-08-14 15:44:09	2026-08-14 15:44:09	NUM100	1.0	NII	\N	\N	\N	\N	\N	\N	\N	\N	\N	\N	\N	\N	\N	\N	\N	\N	\N	\N	\N	\N	\N	NUM086	1.0	NII	DEN056	1.0	AB	NUM100	1.0	NII	DEN060	1.0	AB	NUM100	1.0	NII	DEN060	1.0	AB	\N	\N	\N	\N	\N	\N	NUM059	1.0	B	\N	\N	\N	NUM011	1.0	RWA	\N	\N	\N	NUM022	1.0	CF3	DEN007	1.0	CF3	NUM021	1.0	CF1	\N	\N	\N	NUM003	1.0	B	\N	\N	\N	\N	\N	\N	DEN051	1.0	CF1-6	\N	\N	\N	DEN051	1.0	CF7-12	\N	\N	\N	DEN051	1.0	CF12+	\N	\N	\N	\N	\N	\N	\N	\N	\N	\N	\N	\N	NUM060	1.0	B	\N	\N	\N	NUM022	1.0	CF3	DEN007	1.0	B	\N	\N	\N	\N	\N	\N	\N	\N	\N	\N	\N	\N	\N	\N	\N	\N	\N	\N
200	1_3_1_3_4_1_4	金融市场部_债权投资_政策性金融债_司库_10Y		2026-08-14 15:44:09	2026-08-14 15:44:09	NUM100	1.0	NII	\N	\N	\N	\N	\N	\N	\N	\N	\N	\N	\N	\N	\N	\N	\N	\N	\N	\N	\N	\N	\N	NUM086	1.0	NII	DEN056	1.0	AB	NUM100	1.0	NII	DEN060	1.0	AB	NUM100	1.0	NII	DEN060	1.0	AB	\N	\N	\N	\N	\N	\N	NUM059	1.0	B	\N	\N	\N	NUM011	1.0	RWA	\N	\N	\N	NUM022	1.0	CF3	DEN007	1.0	CF3	NUM021	1.0	CF1	\N	\N	\N	NUM003	1.0	B	\N	\N	\N	\N	\N	\N	DEN051	1.0	CF1-6	\N	\N	\N	DEN051	1.0	CF7-12	\N	\N	\N	DEN051	1.0	CF12+	\N	\N	\N	\N	\N	\N	\N	\N	\N	\N	\N	\N	NUM060	1.0	B	\N	\N	\N	NUM022	1.0	CF3	DEN007	1.0	B	\N	\N	\N	\N	\N	\N	\N	\N	\N	\N	\N	\N	\N	\N	\N	\N	\N	\N
201	1_3_1_3_4_2_1	金融市场部_债权投资_政策性金融债_非司库_1Y		2026-08-14 15:44:09	2026-08-14 15:44:09	NUM100	1.0	NII	\N	\N	\N	\N	\N	\N	\N	\N	\N	\N	\N	\N	\N	\N	\N	\N	\N	\N	\N	\N	\N	NUM086	1.0	NII	DEN056	1.0	AB	NUM100	1.0	NII	DEN060	1.0	AB	NUM100	1.0	NII	DEN060	1.0	AB	\N	\N	\N	\N	\N	\N	NUM059	1.0	B	\N	\N	\N	NUM011	1.0	RWA	\N	\N	\N	NUM022	1.0	CF3	DEN007	1.0	CF3	NUM021	1.0	CF1	\N	\N	\N	NUM003	1.0	B	\N	\N	\N	\N	\N	\N	DEN051	1.0	CF1-6	\N	\N	\N	DEN051	1.0	CF7-12	\N	\N	\N	DEN051	1.0	CF12+	\N	\N	\N	\N	\N	\N	\N	\N	\N	\N	\N	\N	NUM060	1.0	B	\N	\N	\N	NUM022	1.0	CF3	DEN007	1.0	B	\N	\N	\N	\N	\N	\N	\N	\N	\N	\N	\N	\N	\N	\N	\N	\N	\N	\N
202	1_3_1_3_4_2_2	金融市场部_债权投资_政策性金融债_非司库_3Y		2026-08-14 15:44:09	2026-08-14 15:44:09	NUM100	1.0	NII	\N	\N	\N	\N	\N	\N	\N	\N	\N	\N	\N	\N	\N	\N	\N	\N	\N	\N	\N	\N	\N	NUM086	1.0	NII	DEN056	1.0	AB	NUM100	1.0	NII	DEN060	1.0	AB	NUM100	1.0	NII	DEN060	1.0	AB	\N	\N	\N	\N	\N	\N	NUM059	1.0	B	\N	\N	\N	NUM011	1.0	RWA	\N	\N	\N	NUM022	1.0	CF3	DEN007	1.0	CF3	NUM021	1.0	CF1	\N	\N	\N	NUM003	1.0	B	\N	\N	\N	\N	\N	\N	DEN051	1.0	CF1-6	\N	\N	\N	DEN051	1.0	CF7-12	\N	\N	\N	DEN051	1.0	CF12+	\N	\N	\N	\N	\N	\N	\N	\N	\N	\N	\N	\N	NUM060	1.0	B	\N	\N	\N	NUM022	1.0	CF3	DEN007	1.0	B	\N	\N	\N	\N	\N	\N	\N	\N	\N	\N	\N	\N	\N	\N	\N	\N	\N	\N
203	1_3_1_3_4_2_3	金融市场部_债权投资_政策性金融债_非司库_5Y		2026-08-14 15:44:09	2026-08-14 15:44:09	NUM100	1.0	NII	\N	\N	\N	\N	\N	\N	\N	\N	\N	\N	\N	\N	\N	\N	\N	\N	\N	\N	\N	\N	\N	NUM086	1.0	NII	DEN056	1.0	AB	NUM100	1.0	NII	DEN060	1.0	AB	NUM100	1.0	NII	DEN060	1.0	AB	\N	\N	\N	\N	\N	\N	NUM059	1.0	B	\N	\N	\N	NUM011	1.0	RWA	\N	\N	\N	NUM022	1.0	CF3	DEN007	1.0	CF3	NUM021	1.0	CF1	\N	\N	\N	NUM003	1.0	B	\N	\N	\N	\N	\N	\N	DEN051	1.0	CF1-6	\N	\N	\N	DEN051	1.0	CF7-12	\N	\N	\N	DEN051	1.0	CF12+	\N	\N	\N	\N	\N	\N	\N	\N	\N	\N	\N	\N	NUM060	1.0	B	\N	\N	\N	NUM022	1.0	CF3	DEN007	1.0	B	\N	\N	\N	\N	\N	\N	\N	\N	\N	\N	\N	\N	\N	\N	\N	\N	\N	\N
204	1_3_1_3_4_2_4	金融市场部_债权投资_政策性金融债_非司库_10Y		2026-08-14 15:44:09	2026-08-14 15:44:09	NUM100	1.0	NII	\N	\N	\N	\N	\N	\N	\N	\N	\N	\N	\N	\N	\N	\N	\N	\N	\N	\N	\N	\N	\N	NUM086	1.0	NII	DEN056	1.0	AB	NUM100	1.0	NII	DEN060	1.0	AB	NUM100	1.0	NII	DEN060	1.0	AB	\N	\N	\N	\N	\N	\N	NUM059	1.0	B	\N	\N	\N	NUM011	1.0	RWA	\N	\N	\N	NUM022	1.0	CF3	DEN007	1.0	CF3	NUM021	1.0	CF1	\N	\N	\N	NUM003	1.0	B	\N	\N	\N	\N	\N	\N	DEN051	1.0	CF1-6	\N	\N	\N	DEN051	1.0	CF7-12	\N	\N	\N	DEN051	1.0	CF12+	\N	\N	\N	\N	\N	\N	\N	\N	\N	\N	\N	\N	NUM060	1.0	B	\N	\N	\N	NUM022	1.0	CF3	DEN007	1.0	B	\N	\N	\N	\N	\N	\N	\N	\N	\N	\N	\N	\N	\N	\N	\N	\N	\N	\N
205	1_3_1_3_5_1_1	金融市场部_债权投资_商业银行债_司库_1Y		2026-08-14 15:44:09	2026-08-14 15:44:09	NUM100	1.0	NII	\N	\N	\N	\N	\N	\N	\N	\N	\N	\N	\N	\N	\N	\N	\N	\N	\N	\N	\N	\N	\N	NUM086	1.0	NII	DEN056	1.0	AB	NUM100	1.0	NII	DEN060	1.0	AB	NUM100	1.0	NII	DEN060	1.0	AB	\N	\N	\N	\N	\N	\N	NUM065	1.0	B	\N	\N	\N	NUM011	1.0	RWA	\N	\N	\N	NUM022	1.0	CF3	DEN007	1.0	CF3	NUM021	1.0	CF1	\N	\N	\N	NUM007	0.85	B	\N	\N	\N	\N	\N	\N	DEN051	1.0	CF1-6	\N	\N	\N	DEN051	1.0	CF7-12	\N	\N	\N	DEN051	1.0	CF12+	\N	\N	\N	\N	\N	\N	\N	\N	\N	\N	\N	\N	NUM060	1.0	B	\N	\N	\N	NUM022	1.0	CF3	DEN007	1.0	B	\N	\N	\N	\N	\N	\N	\N	\N	\N	\N	\N	\N	\N	\N	\N	\N	\N	\N
206	1_3_1_3_5_1_2	金融市场部_债权投资_商业银行债_司库_3Y		2026-08-14 15:44:09	2026-08-14 15:44:09	NUM100	1.0	NII	\N	\N	\N	\N	\N	\N	\N	\N	\N	\N	\N	\N	\N	\N	\N	\N	\N	\N	\N	\N	\N	NUM086	1.0	NII	DEN056	1.0	AB	NUM100	1.0	NII	DEN060	1.0	AB	NUM100	1.0	NII	DEN060	1.0	AB	\N	\N	\N	\N	\N	\N	NUM065	1.0	B	\N	\N	\N	NUM011	1.0	RWA	\N	\N	\N	NUM022	1.0	CF3	DEN007	1.0	CF3	NUM021	1.0	CF1	\N	\N	\N	NUM007	0.85	B	\N	\N	\N	\N	\N	\N	DEN051	1.0	CF1-6	\N	\N	\N	DEN051	1.0	CF7-12	\N	\N	\N	DEN051	1.0	CF12+	\N	\N	\N	\N	\N	\N	\N	\N	\N	\N	\N	\N	NUM060	1.0	B	\N	\N	\N	NUM022	1.0	CF3	DEN007	1.0	B	\N	\N	\N	\N	\N	\N	\N	\N	\N	\N	\N	\N	\N	\N	\N	\N	\N	\N
207	1_3_1_3_5_1_3	金融市场部_债权投资_商业银行债_司库_5Y		2026-08-14 15:44:09	2026-08-14 15:44:09	NUM100	1.0	NII	\N	\N	\N	\N	\N	\N	\N	\N	\N	\N	\N	\N	\N	\N	\N	\N	\N	\N	\N	\N	\N	NUM086	1.0	NII	DEN056	1.0	AB	NUM100	1.0	NII	DEN060	1.0	AB	NUM100	1.0	NII	DEN060	1.0	AB	\N	\N	\N	\N	\N	\N	NUM065	1.0	B	\N	\N	\N	NUM011	1.0	RWA	\N	\N	\N	NUM022	1.0	CF3	DEN007	1.0	CF3	NUM021	1.0	CF1	\N	\N	\N	NUM007	0.85	B	\N	\N	\N	\N	\N	\N	DEN051	1.0	CF1-6	\N	\N	\N	DEN051	1.0	CF7-12	\N	\N	\N	DEN051	1.0	CF12+	\N	\N	\N	\N	\N	\N	\N	\N	\N	\N	\N	\N	NUM060	1.0	B	\N	\N	\N	NUM022	1.0	CF3	DEN007	1.0	B	\N	\N	\N	\N	\N	\N	\N	\N	\N	\N	\N	\N	\N	\N	\N	\N	\N	\N
208	1_3_1_3_5_1_4	金融市场部_债权投资_商业银行债_司库_10Y		2026-08-14 15:44:09	2026-08-14 15:44:09	NUM100	1.0	NII	\N	\N	\N	\N	\N	\N	\N	\N	\N	\N	\N	\N	\N	\N	\N	\N	\N	\N	\N	\N	\N	NUM086	1.0	NII	DEN056	1.0	AB	NUM100	1.0	NII	DEN060	1.0	AB	NUM100	1.0	NII	DEN060	1.0	AB	\N	\N	\N	\N	\N	\N	NUM059	1.0	B	\N	\N	\N	NUM011	1.0	RWA	\N	\N	\N	NUM022	1.0	CF3	DEN007	1.0	CF3	NUM021	1.0	CF1	\N	\N	\N	NUM007	0.85	B	\N	\N	\N	\N	\N	\N	DEN051	1.0	CF1-6	\N	\N	\N	DEN051	1.0	CF7-12	\N	\N	\N	DEN051	1.0	CF12+	\N	\N	\N	\N	\N	\N	\N	\N	\N	\N	\N	\N	NUM060	1.0	B	\N	\N	\N	NUM022	1.0	CF3	DEN007	1.0	B	\N	\N	\N	\N	\N	\N	\N	\N	\N	\N	\N	\N	\N	\N	\N	\N	\N	\N
209	1_3_1_3_5_2_1	金融市场部_债权投资_商业银行债_非司库_1Y		2026-08-14 15:44:09	2026-08-14 15:44:09	NUM100	1.0	NII	\N	\N	\N	\N	\N	\N	\N	\N	\N	\N	\N	\N	\N	\N	\N	\N	\N	\N	\N	\N	\N	NUM086	1.0	NII	DEN056	1.0	AB	NUM100	1.0	NII	DEN060	1.0	AB	NUM100	1.0	NII	DEN060	1.0	AB	\N	\N	\N	\N	\N	\N	NUM059	1.0	B	\N	\N	\N	NUM011	1.0	RWA	\N	\N	\N	NUM022	1.0	CF3	DEN007	1.0	CF3	NUM021	1.0	CF1	\N	\N	\N	NUM007	0.85	B	\N	\N	\N	\N	\N	\N	DEN051	1.0	CF1-6	\N	\N	\N	DEN051	1.0	CF7-12	\N	\N	\N	DEN051	1.0	CF12+	\N	\N	\N	\N	\N	\N	\N	\N	\N	\N	\N	\N	NUM060	1.0	B	\N	\N	\N	NUM022	1.0	CF3	DEN007	1.0	B	\N	\N	\N	\N	\N	\N	\N	\N	\N	\N	\N	\N	\N	\N	\N	\N	\N	\N
210	1_3_1_3_5_2_2	金融市场部_债权投资_商业银行债_非司库_3Y		2026-08-14 15:44:09	2026-08-14 15:44:09	NUM100	1.0	NII	\N	\N	\N	\N	\N	\N	\N	\N	\N	\N	\N	\N	\N	\N	\N	\N	\N	\N	\N	\N	\N	NUM086	1.0	NII	DEN056	1.0	AB	NUM100	1.0	NII	DEN060	1.0	AB	NUM100	1.0	NII	DEN060	1.0	AB	\N	\N	\N	\N	\N	\N	NUM059	1.0	B	\N	\N	\N	NUM011	1.0	RWA	\N	\N	\N	NUM022	1.0	CF3	DEN007	1.0	CF3	NUM021	1.0	CF1	\N	\N	\N	NUM007	0.85	B	\N	\N	\N	\N	\N	\N	DEN051	1.0	CF1-6	\N	\N	\N	DEN051	1.0	CF7-12	\N	\N	\N	DEN051	1.0	CF12+	\N	\N	\N	\N	\N	\N	\N	\N	\N	\N	\N	\N	NUM060	1.0	B	\N	\N	\N	NUM022	1.0	CF3	DEN007	1.0	B	\N	\N	\N	\N	\N	\N	\N	\N	\N	\N	\N	\N	\N	\N	\N	\N	\N	\N
211	1_3_1_3_5_2_3	金融市场部_债权投资_商业银行债_非司库_5Y		2026-08-14 15:44:09	2026-08-14 15:44:09	NUM100	1.0	NII	\N	\N	\N	\N	\N	\N	\N	\N	\N	\N	\N	\N	\N	\N	\N	\N	\N	\N	\N	\N	\N	NUM086	1.0	NII	DEN056	1.0	AB	NUM100	1.0	NII	DEN060	1.0	AB	NUM100	1.0	NII	DEN060	1.0	AB	\N	\N	\N	\N	\N	\N	NUM059	1.0	B	\N	\N	\N	NUM011	1.0	RWA	\N	\N	\N	NUM022	1.0	CF3	DEN007	1.0	CF3	NUM021	1.0	CF1	\N	\N	\N	NUM007	0.85	B	\N	\N	\N	\N	\N	\N	DEN051	1.0	CF1-6	\N	\N	\N	DEN051	1.0	CF7-12	\N	\N	\N	DEN051	1.0	CF12+	\N	\N	\N	\N	\N	\N	\N	\N	\N	\N	\N	\N	NUM060	1.0	B	\N	\N	\N	NUM022	1.0	CF3	DEN007	1.0	B	\N	\N	\N	\N	\N	\N	\N	\N	\N	\N	\N	\N	\N	\N	\N	\N	\N	\N
212	1_3_1_3_5_2_4	金融市场部_债权投资_商业银行债_非司库_10Y		2026-08-14 15:44:09	2026-08-14 15:44:09	NUM100	1.0	NII	\N	\N	\N	\N	\N	\N	\N	\N	\N	\N	\N	\N	\N	\N	\N	\N	\N	\N	\N	\N	\N	NUM086	1.0	NII	DEN056	1.0	AB	NUM100	1.0	NII	DEN060	1.0	AB	NUM100	1.0	NII	DEN060	1.0	AB	\N	\N	\N	\N	\N	\N	NUM059	1.0	B	\N	\N	\N	NUM011	1.0	RWA	\N	\N	\N	NUM022	1.0	CF3	DEN007	1.0	CF3	NUM021	1.0	CF1	\N	\N	\N	NUM007	0.85	B	\N	\N	\N	\N	\N	\N	DEN051	1.0	CF1-6	\N	\N	\N	DEN051	1.0	CF7-12	\N	\N	\N	DEN051	1.0	CF12+	\N	\N	\N	\N	\N	\N	\N	\N	\N	\N	\N	\N	NUM060	1.0	B	\N	\N	\N	NUM022	1.0	CF3	DEN007	1.0	B	\N	\N	\N	\N	\N	\N	\N	\N	\N	\N	\N	\N	\N	\N	\N	\N	\N	\N
213	1_3_1_3_6_1_1	金融市场部_债权投资_金融机构债_非司库_1Y		2026-08-14 15:44:09	2026-08-14 15:44:09	NUM100	1.0	NII	\N	\N	\N	\N	\N	\N	\N	\N	\N	\N	\N	\N	\N	\N	\N	\N	\N	\N	\N	\N	\N	NUM086	1.0	NII	DEN056	1.0	AB	NUM100	1.0	NII	DEN060	1.0	AB	NUM100	1.0	NII	DEN060	1.0	AB	\N	\N	\N	\N	\N	\N	NUM059	1.0	B	\N	\N	\N	NUM011	1.0	RWA	\N	\N	\N	NUM022	1.0	CF3	DEN007	1.0	CF3	NUM021	1.0	CF1	\N	\N	\N	NUM007	0.85	B	\N	\N	\N	\N	\N	\N	DEN051	1.0	CF1-6	\N	\N	\N	DEN051	1.0	CF7-12	\N	\N	\N	DEN051	1.0	CF12+	\N	\N	\N	\N	\N	\N	\N	\N	\N	\N	\N	\N	NUM060	1.0	B	\N	\N	\N	NUM022	1.0	CF3	DEN007	1.0	B	\N	\N	\N	\N	\N	\N	\N	\N	\N	\N	\N	\N	\N	\N	\N	\N	\N	\N
214	1_3_1_3_6_1_2	金融市场部_债权投资_金融机构债_非司库_3Y		2026-08-14 15:44:09	2026-08-14 15:44:09	NUM100	1.0	NII	\N	\N	\N	\N	\N	\N	\N	\N	\N	\N	\N	\N	\N	\N	\N	\N	\N	\N	\N	\N	\N	NUM086	1.0	NII	DEN056	1.0	AB	NUM100	1.0	NII	DEN060	1.0	AB	NUM100	1.0	NII	DEN060	1.0	AB	\N	\N	\N	\N	\N	\N	NUM059	1.0	B	\N	\N	\N	NUM011	1.0	RWA	\N	\N	\N	NUM022	1.0	CF3	DEN007	1.0	CF3	NUM021	1.0	CF1	\N	\N	\N	NUM007	0.85	B	\N	\N	\N	\N	\N	\N	DEN051	1.0	CF1-6	\N	\N	\N	DEN051	1.0	CF7-12	\N	\N	\N	DEN051	1.0	CF12+	\N	\N	\N	\N	\N	\N	\N	\N	\N	\N	\N	\N	NUM060	1.0	B	\N	\N	\N	NUM022	1.0	CF3	DEN007	1.0	B	\N	\N	\N	\N	\N	\N	\N	\N	\N	\N	\N	\N	\N	\N	\N	\N	\N	\N
215	1_3_1_3_6_1_3	金融市场部_债权投资_金融机构债_非司库_5Y		2026-08-14 15:44:09	2026-08-14 15:44:09	NUM100	1.0	NII	\N	\N	\N	\N	\N	\N	\N	\N	\N	\N	\N	\N	\N	\N	\N	\N	\N	\N	\N	\N	\N	NUM086	1.0	NII	DEN056	1.0	AB	NUM100	1.0	NII	DEN060	1.0	AB	NUM100	1.0	NII	DEN060	1.0	AB	\N	\N	\N	\N	\N	\N	NUM059	1.0	B	\N	\N	\N	NUM011	1.0	RWA	\N	\N	\N	NUM022	1.0	CF3	DEN007	1.0	CF3	NUM021	1.0	CF1	\N	\N	\N	NUM007	0.85	B	\N	\N	\N	\N	\N	\N	DEN051	1.0	CF1-6	\N	\N	\N	DEN051	1.0	CF7-12	\N	\N	\N	DEN051	1.0	CF12+	\N	\N	\N	\N	\N	\N	\N	\N	\N	\N	\N	\N	NUM060	1.0	B	\N	\N	\N	NUM022	1.0	CF3	DEN007	1.0	B	\N	\N	\N	\N	\N	\N	\N	\N	\N	\N	\N	\N	\N	\N	\N	\N	\N	\N
216	1_3_1_3_6_1_4	金融市场部_债权投资_金融机构债_非司库_10Y		2026-08-14 15:44:09	2026-08-14 15:44:09	NUM100	1.0	NII	\N	\N	\N	\N	\N	\N	\N	\N	\N	\N	\N	\N	\N	\N	\N	\N	\N	\N	\N	\N	\N	NUM086	1.0	NII	DEN056	1.0	AB	NUM100	1.0	NII	DEN060	1.0	AB	NUM100	1.0	NII	DEN060	1.0	AB	\N	\N	\N	\N	\N	\N	NUM059	1.0	B	\N	\N	\N	NUM011	1.0	RWA	\N	\N	\N	NUM022	1.0	CF3	DEN007	1.0	CF3	NUM021	1.0	CF1	\N	\N	\N	NUM007	0.85	B	\N	\N	\N	\N	\N	\N	DEN051	1.0	CF1-6	\N	\N	\N	DEN051	1.0	CF7-12	\N	\N	\N	DEN051	1.0	CF12+	\N	\N	\N	\N	\N	\N	\N	\N	\N	\N	\N	\N	NUM060	1.0	B	\N	\N	\N	NUM022	1.0	CF3	DEN007	1.0	B	\N	\N	\N	\N	\N	\N	\N	\N	\N	\N	\N	\N	\N	\N	\N	\N	\N	\N
217	1_3_1_3_7_1_1	金融市场部_债权投资_公司债_非司库_1Y		2026-08-14 15:44:09	2026-08-14 15:44:09	NUM100	1.0	NII	\N	\N	\N	\N	\N	\N	\N	\N	\N	\N	\N	\N	\N	\N	\N	\N	\N	\N	\N	\N	\N	NUM086	1.0	NII	DEN056	1.0	AB	NUM100	1.0	NII	DEN060	1.0	AB	NUM100	1.0	NII	DEN060	1.0	AB	\N	\N	\N	\N	\N	\N	NUM059	1.0	B	\N	\N	\N	NUM011	1.0	RWA	\N	\N	\N	NUM022	1.0	CF3	DEN007	1.0	CF3	NUM021	1.0	CF1	\N	\N	\N	NUM006	0.85	B	\N	\N	\N	\N	\N	\N	DEN051	1.0	CF1-6	\N	\N	\N	DEN051	1.0	CF7-12	\N	\N	\N	DEN051	1.0	CF12+	\N	\N	\N	\N	\N	\N	\N	\N	\N	\N	\N	\N	NUM060	1.0	B	\N	\N	\N	NUM022	1.0	CF3	DEN007	1.0	B	\N	\N	\N	\N	\N	\N	\N	\N	\N	\N	\N	\N	\N	\N	\N	\N	\N	\N
218	1_3_1_3_7_1_2	金融市场部_债权投资_公司债_非司库_3Y		2026-08-14 15:44:09	2026-08-14 15:44:09	NUM100	1.0	NII	\N	\N	\N	\N	\N	\N	\N	\N	\N	\N	\N	\N	\N	\N	\N	\N	\N	\N	\N	\N	\N	NUM086	1.0	NII	DEN056	1.0	AB	NUM100	1.0	NII	DEN060	1.0	AB	NUM100	1.0	NII	DEN060	1.0	AB	\N	\N	\N	\N	\N	\N	NUM059	1.0	B	\N	\N	\N	NUM011	1.0	RWA	\N	\N	\N	NUM022	1.0	CF3	DEN007	1.0	CF3	NUM021	1.0	CF1	\N	\N	\N	NUM006	0.85	B	\N	\N	\N	\N	\N	\N	DEN051	1.0	CF1-6	\N	\N	\N	DEN051	1.0	CF7-12	\N	\N	\N	DEN051	1.0	CF12+	\N	\N	\N	\N	\N	\N	\N	\N	\N	\N	\N	\N	NUM060	1.0	B	\N	\N	\N	NUM022	1.0	CF3	DEN007	1.0	B	\N	\N	\N	\N	\N	\N	\N	\N	\N	\N	\N	\N	\N	\N	\N	\N	\N	\N
219	1_3_1_3_7_1_3	金融市场部_债权投资_公司债_非司库_5Y		2026-08-14 15:44:09	2026-08-14 15:44:09	NUM100	1.0	NII	\N	\N	\N	\N	\N	\N	\N	\N	\N	\N	\N	\N	\N	\N	\N	\N	\N	\N	\N	\N	\N	NUM086	1.0	NII	DEN056	1.0	AB	NUM100	1.0	NII	DEN060	1.0	AB	NUM100	1.0	NII	DEN060	1.0	AB	\N	\N	\N	\N	\N	\N	NUM059	1.0	B	\N	\N	\N	NUM011	1.0	RWA	\N	\N	\N	NUM022	1.0	CF3	DEN007	1.0	CF3	NUM021	1.0	CF1	\N	\N	\N	NUM006	0.85	B	\N	\N	\N	\N	\N	\N	DEN051	1.0	CF1-6	\N	\N	\N	DEN051	1.0	CF7-12	\N	\N	\N	DEN051	1.0	CF12+	\N	\N	\N	\N	\N	\N	\N	\N	\N	\N	\N	\N	NUM060	1.0	B	\N	\N	\N	NUM022	1.0	CF3	DEN007	1.0	B	\N	\N	\N	\N	\N	\N	\N	\N	\N	\N	\N	\N	\N	\N	\N	\N	\N	\N
220	1_3_1_3_7_1_4	金融市场部_债权投资_公司债_非司库_10Y		2026-08-14 15:44:09	2026-08-14 15:44:09	NUM100	1.0	NII	\N	\N	\N	\N	\N	\N	\N	\N	\N	\N	\N	\N	\N	\N	\N	\N	\N	\N	\N	\N	\N	NUM086	1.0	NII	DEN056	1.0	AB	NUM100	1.0	NII	DEN060	1.0	AB	NUM100	1.0	NII	DEN060	1.0	AB	\N	\N	\N	\N	\N	\N	NUM059	1.0	B	\N	\N	\N	NUM011	1.0	RWA	\N	\N	\N	NUM022	1.0	CF3	DEN007	1.0	CF3	NUM021	1.0	CF1	\N	\N	\N	NUM006	0.85	B	\N	\N	\N	\N	\N	\N	DEN051	1.0	CF1-6	\N	\N	\N	DEN051	1.0	CF7-12	\N	\N	\N	DEN051	1.0	CF12+	\N	\N	\N	\N	\N	\N	\N	\N	\N	\N	\N	\N	NUM060	1.0	B	\N	\N	\N	NUM022	1.0	CF3	DEN007	1.0	B	\N	\N	\N	\N	\N	\N	\N	\N	\N	\N	\N	\N	\N	\N	\N	\N	\N	\N
221	1_3_1_3_8_1_1	金融市场部_债权投资_同业存单债_非司库_1M		2026-08-14 15:44:09	2026-08-14 15:44:09	NUM100	1.0	NII	\N	\N	\N	\N	\N	\N	\N	\N	\N	\N	\N	\N	\N	\N	\N	\N	\N	\N	\N	\N	\N	NUM086	1.0	NII	DEN056	1.0	AB	NUM100	1.0	NII	DEN060	1.0	AB	NUM100	1.0	NII	DEN060	1.0	AB	\N	\N	\N	\N	\N	\N	\N	\N	\N	\N	\N	\N	NUM011	1.0	RWA	\N	\N	\N	NUM023	1.0	CF3	DEN008	1.0	CF3	\N	\N	\N	\N	\N	\N	NUM007	0.85	B	DEN026	-1.0	CF1	\N	\N	\N	DEN011	1.0	CF1-6	\N	\N	\N	DEN011	1.0	CF7-12	\N	\N	\N	DEN011	1.0	CF12+	\N	\N	\N	\N	\N	\N	\N	\N	\N	\N	\N	\N	NUM060	1.0	B	\N	\N	\N	NUM023	1.0	CF3	DEN008	1.0	B	\N	\N	\N	\N	\N	\N	\N	\N	\N	\N	\N	\N	\N	\N	\N	\N	\N	\N
222	1_3_1_3_8_1_2	金融市场部_债权投资_同业存单债_非司库_3M		2026-08-14 15:44:09	2026-08-14 15:44:09	NUM100	1.0	NII	\N	\N	\N	\N	\N	\N	\N	\N	\N	\N	\N	\N	\N	\N	\N	\N	\N	\N	\N	\N	\N	NUM086	1.0	NII	DEN056	1.0	AB	NUM100	1.0	NII	DEN060	1.0	AB	NUM100	1.0	NII	DEN060	1.0	AB	\N	\N	\N	\N	\N	\N	\N	\N	\N	\N	\N	\N	NUM011	1.0	RWA	\N	\N	\N	NUM023	1.0	CF3	DEN008	1.0	CF3	\N	\N	\N	\N	\N	\N	NUM007	0.85	B	DEN026	-1.0	CF1	\N	\N	\N	DEN011	1.0	CF1-6	\N	\N	\N	DEN011	1.0	CF7-12	\N	\N	\N	DEN011	1.0	CF12+	\N	\N	\N	\N	\N	\N	\N	\N	\N	\N	\N	\N	NUM060	1.0	B	\N	\N	\N	NUM023	1.0	CF3	DEN008	1.0	B	\N	\N	\N	\N	\N	\N	\N	\N	\N	\N	\N	\N	\N	\N	\N	\N	\N	\N
223	1_3_1_3_8_1_3	金融市场部_债权投资_同业存单债_非司库_6M		2026-08-14 15:44:09	2026-08-14 15:44:09	NUM100	1.0	NII	\N	\N	\N	\N	\N	\N	\N	\N	\N	\N	\N	\N	\N	\N	\N	\N	\N	\N	\N	\N	\N	NUM086	1.0	NII	DEN056	1.0	AB	NUM100	1.0	NII	DEN060	1.0	AB	NUM100	1.0	NII	DEN060	1.0	AB	\N	\N	\N	\N	\N	\N	\N	\N	\N	\N	\N	\N	NUM011	1.0	RWA	\N	\N	\N	NUM023	1.0	CF3	DEN008	1.0	CF3	\N	\N	\N	\N	\N	\N	NUM007	0.85	B	DEN026	-1.0	CF1	\N	\N	\N	DEN011	1.0	CF1-6	\N	\N	\N	DEN011	1.0	CF7-12	\N	\N	\N	DEN011	1.0	CF12+	\N	\N	\N	\N	\N	\N	\N	\N	\N	\N	\N	\N	NUM060	1.0	B	\N	\N	\N	NUM023	1.0	CF3	DEN008	1.0	B	\N	\N	\N	\N	\N	\N	\N	\N	\N	\N	\N	\N	\N	\N	\N	\N	\N	\N
224	1_3_1_3_8_1_4	金融市场部_债权投资_同业存单债_非司库_1Y		2026-08-14 15:44:09	2026-08-14 15:44:09	NUM100	1.0	NII	\N	\N	\N	\N	\N	\N	\N	\N	\N	\N	\N	\N	\N	\N	\N	\N	\N	\N	\N	\N	\N	NUM086	1.0	NII	DEN056	1.0	AB	NUM100	1.0	NII	DEN060	1.0	AB	NUM100	1.0	NII	DEN060	1.0	AB	\N	\N	\N	\N	\N	\N	\N	\N	\N	\N	\N	\N	NUM011	1.0	RWA	\N	\N	\N	NUM023	1.0	CF3	DEN008	1.0	CF3	\N	\N	\N	\N	\N	\N	NUM007	0.85	B	DEN026	-1.0	CF1	\N	\N	\N	DEN011	1.0	CF1-6	\N	\N	\N	DEN011	1.0	CF7-12	\N	\N	\N	DEN011	1.0	CF12+	\N	\N	\N	\N	\N	\N	\N	\N	\N	\N	\N	\N	NUM060	1.0	B	\N	\N	\N	NUM023	1.0	CF3	DEN008	1.0	B	\N	\N	\N	\N	\N	\N	\N	\N	\N	\N	\N	\N	\N	\N	\N	\N	\N	\N
225	1_3_1_3_9_1_1	金融市场部_债权投资_其他_非司库_1Y		2026-08-14 15:44:09	2026-08-14 15:44:09	NUM100	1.0	NII	\N	\N	\N	\N	\N	\N	\N	\N	\N	\N	\N	\N	\N	\N	\N	\N	\N	\N	\N	\N	\N	NUM086	1.0	NII	DEN056	1.0	AB	NUM100	1.0	NII	DEN060	1.0	AB	NUM100	1.0	NII	DEN060	1.0	AB	\N	\N	\N	\N	\N	\N	NUM065	1.0	B	\N	\N	\N	NUM011	1.0	RWA	\N	\N	\N	NUM022	1.0	CF3	DEN007	1.0	CF3	\N	\N	\N	\N	\N	\N	\N	\N	\N	\N	\N	\N	\N	\N	\N	DEN053	1.0	CF1-6	\N	\N	\N	DEN053	1.0	CF7-12	\N	\N	\N	DEN052	1.0	CF12+	\N	\N	\N	\N	\N	\N	\N	\N	\N	\N	\N	\N	NUM061	1.0	B	\N	\N	\N	NUM022	1.0	CF3	DEN007	1.0	B	\N	\N	\N	\N	\N	\N	\N	\N	\N	\N	\N	\N	\N	\N	\N	\N	\N	\N
226	1_3_1_3_9_1_2	金融市场部_债权投资_其他_非司库_3Y		2026-08-14 15:44:09	2026-08-14 15:44:09	NUM100	1.0	NII	\N	\N	\N	\N	\N	\N	\N	\N	\N	\N	\N	\N	\N	\N	\N	\N	\N	\N	\N	\N	\N	NUM086	1.0	NII	DEN056	1.0	AB	NUM100	1.0	NII	DEN060	1.0	AB	NUM100	1.0	NII	DEN060	1.0	AB	\N	\N	\N	\N	\N	\N	NUM065	1.0	B	\N	\N	\N	NUM011	1.0	RWA	\N	\N	\N	NUM022	1.0	CF3	DEN007	1.0	CF3	\N	\N	\N	\N	\N	\N	\N	\N	\N	\N	\N	\N	\N	\N	\N	DEN053	1.0	CF1-6	\N	\N	\N	DEN053	1.0	CF7-12	\N	\N	\N	DEN052	1.0	CF12+	\N	\N	\N	\N	\N	\N	\N	\N	\N	\N	\N	\N	NUM061	1.0	B	\N	\N	\N	NUM022	1.0	CF3	DEN007	1.0	B	\N	\N	\N	\N	\N	\N	\N	\N	\N	\N	\N	\N	\N	\N	\N	\N	\N	\N
227	1_3_1_3_9_1_3	金融市场部_债权投资_其他_非司库_5Y		2026-08-14 15:44:09	2026-08-14 15:44:09	NUM100	1.0	NII	\N	\N	\N	\N	\N	\N	\N	\N	\N	\N	\N	\N	\N	\N	\N	\N	\N	\N	\N	\N	\N	NUM086	1.0	NII	DEN056	1.0	AB	NUM100	1.0	NII	DEN060	1.0	AB	NUM100	1.0	NII	DEN060	1.0	AB	\N	\N	\N	\N	\N	\N	NUM065	1.0	B	\N	\N	\N	NUM011	1.0	RWA	\N	\N	\N	NUM022	1.0	CF3	DEN007	1.0	CF3	\N	\N	\N	\N	\N	\N	\N	\N	\N	\N	\N	\N	\N	\N	\N	DEN053	1.0	CF1-6	\N	\N	\N	DEN053	1.0	CF7-12	\N	\N	\N	DEN052	1.0	CF12+	\N	\N	\N	\N	\N	\N	\N	\N	\N	\N	\N	\N	NUM061	1.0	B	\N	\N	\N	NUM022	1.0	CF3	DEN007	1.0	B	\N	\N	\N	\N	\N	\N	\N	\N	\N	\N	\N	\N	\N	\N	\N	\N	\N	\N
228	1_3_1_4_1	金融市场部_其他权益工具投资_司库_5Y		2026-08-14 15:44:09	2026-08-14 15:44:09	NUM100	1.0	NII	\N	\N	\N	\N	\N	\N	\N	\N	\N	\N	\N	\N	\N	\N	\N	\N	\N	\N	\N	\N	\N	NUM086	1.0	NII	DEN056	1.0	AB	NUM100	1.0	NII	DEN060	1.0	AB	NUM100	1.0	NII	DEN060	1.0	AB	\N	\N	\N	\N	\N	\N	NUM059	1.0	B	\N	\N	\N	NUM011	1.0	RWA	\N	\N	\N	NUM022	1.0	CF3	DEN007	1.0	CF3	\N	\N	\N	\N	\N	\N	\N	\N	\N	\N	\N	\N	\N	\N	\N	DEN053	1.0	CF1-6	\N	\N	\N	DEN053	1.0	CF7-12	\N	\N	\N	DEN052	1.0	CF12+	\N	\N	\N	\N	\N	\N	\N	\N	\N	\N	\N	\N	NUM066	1.0	B	\N	\N	\N	NUM022	1.0	CF3	DEN007	1.0	B	\N	\N	\N	\N	\N	\N	\N	\N	\N	\N	\N	\N	\N	\N	\N	\N	\N	\N
229	1_3_1_4_2	金融市场部_其他权益工具投资_非司库_5Y		2026-08-14 15:44:09	2026-08-14 15:44:09	NUM100	1.0	NII	\N	\N	\N	\N	\N	\N	\N	\N	\N	\N	\N	\N	\N	\N	\N	\N	\N	\N	\N	\N	\N	NUM086	1.0	NII	DEN056	1.0	AB	NUM100	1.0	NII	DEN060	1.0	AB	NUM100	1.0	NII	DEN060	1.0	AB	\N	\N	\N	\N	\N	\N	NUM059	1.0	B	\N	\N	\N	NUM011	1.0	RWA	\N	\N	\N	NUM022	1.0	CF3	DEN007	1.0	CF3	\N	\N	\N	\N	\N	\N	\N	\N	\N	\N	\N	\N	\N	\N	\N	DEN053	1.0	CF1-6	\N	\N	\N	DEN053	1.0	CF7-12	\N	\N	\N	DEN052	1.0	CF12+	\N	\N	\N	\N	\N	\N	\N	\N	\N	\N	\N	\N	NUM066	1.0	B	\N	\N	\N	NUM022	1.0	CF3	DEN007	1.0	B	\N	\N	\N	\N	\N	\N	\N	\N	\N	\N	\N	\N	\N	\N	\N	\N	\N	\N
230	1_3_2_1_1_1_1	投资银行部_交易性政策性金融债投资_交易账户_1Y		2026-08-14 15:44:09	2026-08-14 15:44:09	NUM100	1.0	NII	\N	\N	\N	\N	\N	\N	\N	\N	\N	\N	\N	\N	\N	\N	\N	\N	\N	\N	\N	\N	\N	NUM086	1.0	NII	DEN056	1.0	AB	NUM100	1.0	NII	DEN060	1.0	AB	NUM100	1.0	NII	DEN060	1.0	AB	\N	\N	\N	\N	\N	\N	NUM065	1.0	B	\N	\N	\N	NUM027	1.0	RWA	\N	\N	\N	NUM022	1.0	B	DEN007	1.0	B	\N	\N	\N	\N	\N	\N	NUM003	1.0	B	\N	\N	\N	\N	\N	\N	DEN051	1.0	CF1-6	\N	\N	\N	DEN051	1.0	CF7-12	\N	\N	\N	DEN051	1.0	CF12+	\N	\N	\N	\N	\N	\N	\N	\N	\N	\N	\N	\N	NUM056	1.0	B	\N	\N	\N	NUM022	1.0	CF3	DEN007	1.0	B	\N	\N	\N	\N	\N	\N	\N	\N	\N	\N	\N	\N	\N	\N	\N	\N	\N	\N
231	1_3_2_1_1_1_2	投资银行部_交易性政策性金融债投资_交易账户_3Y		2026-08-14 15:44:09	2026-08-14 15:44:09	NUM100	1.0	NII	\N	\N	\N	\N	\N	\N	\N	\N	\N	\N	\N	\N	\N	\N	\N	\N	\N	\N	\N	\N	\N	NUM086	1.0	NII	DEN056	1.0	AB	NUM100	1.0	NII	DEN060	1.0	AB	NUM100	1.0	NII	DEN060	1.0	AB	\N	\N	\N	\N	\N	\N	NUM065	1.0	B	\N	\N	\N	NUM027	1.0	RWA	\N	\N	\N	NUM022	1.0	B	DEN007	1.0	B	\N	\N	\N	\N	\N	\N	NUM003	1.0	B	\N	\N	\N	\N	\N	\N	DEN051	1.0	CF1-6	\N	\N	\N	DEN051	1.0	CF7-12	\N	\N	\N	DEN051	1.0	CF12+	\N	\N	\N	\N	\N	\N	\N	\N	\N	\N	\N	\N	NUM056	1.0	B	\N	\N	\N	NUM022	1.0	CF3	DEN007	1.0	B	\N	\N	\N	\N	\N	\N	\N	\N	\N	\N	\N	\N	\N	\N	\N	\N	\N	\N
232	1_3_2_1_1_1_3	投资银行部_交易性政策性金融债投资_交易账户_5Y		2026-08-14 15:44:09	2026-08-14 15:44:09	NUM100	1.0	NII	\N	\N	\N	\N	\N	\N	\N	\N	\N	\N	\N	\N	\N	\N	\N	\N	\N	\N	\N	\N	\N	NUM086	1.0	NII	DEN056	1.0	AB	NUM100	1.0	NII	DEN060	1.0	AB	NUM100	1.0	NII	DEN060	1.0	AB	\N	\N	\N	\N	\N	\N	NUM065	1.0	B	\N	\N	\N	NUM027	1.0	RWA	\N	\N	\N	NUM022	1.0	B	DEN007	1.0	B	\N	\N	\N	\N	\N	\N	NUM003	1.0	B	\N	\N	\N	\N	\N	\N	DEN051	1.0	CF1-6	\N	\N	\N	DEN051	1.0	CF7-12	\N	\N	\N	DEN051	1.0	CF12+	\N	\N	\N	\N	\N	\N	\N	\N	\N	\N	\N	\N	NUM056	1.0	B	\N	\N	\N	NUM022	1.0	CF3	DEN007	1.0	B	\N	\N	\N	\N	\N	\N	\N	\N	\N	\N	\N	\N	\N	\N	\N	\N	\N	\N
233	1_3_2_1_1_1_4	投资银行部_交易性政策性金融债投资_交易账户_10Y		2026-08-14 15:44:09	2026-08-14 15:44:09	NUM100	1.0	NII	\N	\N	\N	\N	\N	\N	\N	\N	\N	\N	\N	\N	\N	\N	\N	\N	\N	\N	\N	\N	\N	NUM086	1.0	NII	DEN056	1.0	AB	NUM100	1.0	NII	DEN060	1.0	AB	NUM100	1.0	NII	DEN060	1.0	AB	\N	\N	\N	\N	\N	\N	NUM065	1.0	B	\N	\N	\N	NUM027	1.0	RWA	\N	\N	\N	NUM022	1.0	B	DEN007	1.0	B	\N	\N	\N	\N	\N	\N	NUM003	1.0	B	\N	\N	\N	\N	\N	\N	DEN051	1.0	CF1-6	\N	\N	\N	DEN051	1.0	CF7-12	\N	\N	\N	DEN051	1.0	CF12+	\N	\N	\N	\N	\N	\N	\N	\N	\N	\N	\N	\N	NUM056	1.0	B	\N	\N	\N	NUM022	1.0	CF3	DEN007	1.0	B	\N	\N	\N	\N	\N	\N	\N	\N	\N	\N	\N	\N	\N	\N	\N	\N	\N	\N
234	1_3_2_1_1_2_1	投资银行部_交易性政策性金融债投资_银行账户_1Y		2026-08-14 15:44:09	2026-08-14 15:44:09	NUM100	1.0	NII	\N	\N	\N	\N	\N	\N	\N	\N	\N	\N	\N	\N	\N	\N	\N	\N	\N	\N	\N	\N	\N	NUM086	1.0	NII	DEN056	1.0	AB	NUM100	1.0	NII	DEN060	1.0	AB	NUM100	1.0	NII	DEN060	1.0	AB	\N	\N	\N	\N	\N	\N	NUM059	1.0	B	\N	\N	\N	NUM027	1.0	RWA	\N	\N	\N	NUM022	1.0	CF3	DEN007	1.0	CF3	NUM021	1.0	CF1	\N	\N	\N	NUM003	1.0	B	\N	\N	\N	\N	\N	\N	DEN051	1.0	CF1-6	\N	\N	\N	DEN051	1.0	CF7-12	\N	\N	\N	DEN051	1.0	CF12+	\N	\N	\N	\N	\N	\N	\N	\N	\N	\N	\N	\N	NUM056	1.0	B	\N	\N	\N	NUM022	1.0	CF3	DEN007	1.0	B	\N	\N	\N	\N	\N	\N	\N	\N	\N	\N	\N	\N	\N	\N	\N	\N	\N	\N
235	1_3_2_1_1_2_2	投资银行部_交易性政策性金融债投资_银行账户_3Y		2026-08-14 15:44:09	2026-08-14 15:44:09	NUM100	1.0	NII	\N	\N	\N	\N	\N	\N	\N	\N	\N	\N	\N	\N	\N	\N	\N	\N	\N	\N	\N	\N	\N	NUM086	1.0	NII	DEN056	1.0	AB	NUM100	1.0	NII	DEN060	1.0	AB	NUM100	1.0	NII	DEN060	1.0	AB	\N	\N	\N	\N	\N	\N	NUM059	1.0	B	\N	\N	\N	NUM027	1.0	RWA	\N	\N	\N	NUM022	1.0	CF3	DEN007	1.0	CF3	NUM021	1.0	CF1	\N	\N	\N	NUM003	1.0	B	\N	\N	\N	\N	\N	\N	DEN051	1.0	CF1-6	\N	\N	\N	DEN051	1.0	CF7-12	\N	\N	\N	DEN051	1.0	CF12+	\N	\N	\N	\N	\N	\N	\N	\N	\N	\N	\N	\N	NUM056	1.0	B	\N	\N	\N	NUM022	1.0	CF3	DEN007	1.0	B	\N	\N	\N	\N	\N	\N	\N	\N	\N	\N	\N	\N	\N	\N	\N	\N	\N	\N
236	1_3_2_1_1_2_3	投资银行部_交易性政策性金融债投资_银行账户_5Y		2026-08-14 15:44:09	2026-08-14 15:44:09	NUM100	1.0	NII	\N	\N	\N	\N	\N	\N	\N	\N	\N	\N	\N	\N	\N	\N	\N	\N	\N	\N	\N	\N	\N	NUM086	1.0	NII	DEN056	1.0	AB	NUM100	1.0	NII	DEN060	1.0	AB	NUM100	1.0	NII	DEN060	1.0	AB	\N	\N	\N	\N	\N	\N	NUM059	1.0	B	\N	\N	\N	NUM027	1.0	RWA	\N	\N	\N	NUM022	1.0	CF3	DEN007	1.0	CF3	NUM021	1.0	CF1	\N	\N	\N	NUM003	1.0	B	\N	\N	\N	\N	\N	\N	DEN051	1.0	CF1-6	\N	\N	\N	DEN051	1.0	CF7-12	\N	\N	\N	DEN051	1.0	CF12+	\N	\N	\N	\N	\N	\N	\N	\N	\N	\N	\N	\N	NUM056	1.0	B	\N	\N	\N	NUM022	1.0	CF3	DEN007	1.0	B	\N	\N	\N	\N	\N	\N	\N	\N	\N	\N	\N	\N	\N	\N	\N	\N	\N	\N
237	1_3_2_1_1_2_4	投资银行部_交易性政策性金融债投资_银行账户_10Y		2026-08-14 15:44:09	2026-08-14 15:44:09	NUM100	1.0	NII	\N	\N	\N	\N	\N	\N	\N	\N	\N	\N	\N	\N	\N	\N	\N	\N	\N	\N	\N	\N	\N	NUM086	1.0	NII	DEN056	1.0	AB	NUM100	1.0	NII	DEN060	1.0	AB	NUM100	1.0	NII	DEN060	1.0	AB	\N	\N	\N	\N	\N	\N	NUM059	1.0	B	\N	\N	\N	NUM027	1.0	RWA	\N	\N	\N	NUM022	1.0	CF3	DEN007	1.0	CF3	NUM021	1.0	CF1	\N	\N	\N	NUM003	1.0	B	\N	\N	\N	\N	\N	\N	DEN051	1.0	CF1-6	\N	\N	\N	DEN051	1.0	CF7-12	\N	\N	\N	DEN051	1.0	CF12+	\N	\N	\N	\N	\N	\N	\N	\N	\N	\N	\N	\N	NUM056	1.0	B	\N	\N	\N	NUM022	1.0	CF3	DEN007	1.0	B	\N	\N	\N	\N	\N	\N	\N	\N	\N	\N	\N	\N	\N	\N	\N	\N	\N	\N
238	1_3_2_1_2_1_1	投资银行部_交易性商业银行债投资_交易账户_1Y		2026-08-14 15:44:09	2026-08-14 15:44:09	NUM100	1.0	NII	\N	\N	\N	\N	\N	\N	\N	\N	\N	\N	\N	\N	\N	\N	\N	\N	\N	\N	\N	\N	\N	NUM086	1.0	NII	DEN056	1.0	AB	NUM100	1.0	NII	DEN060	1.0	AB	NUM100	1.0	NII	DEN060	1.0	AB	\N	\N	\N	\N	\N	\N	NUM059	1.0	B	\N	\N	\N	NUM027	1.0	RWA	\N	\N	\N	NUM022	1.0	B	DEN007	1.0	B	\N	\N	\N	\N	\N	\N	NUM007	0.85	B	\N	\N	\N	\N	\N	\N	DEN051	1.0	CF1-6	\N	\N	\N	DEN051	1.0	CF7-12	\N	\N	\N	DEN051	1.0	CF12+	\N	\N	\N	\N	\N	\N	\N	\N	\N	\N	\N	\N	NUM056	1.0	B	\N	\N	\N	NUM022	1.0	CF3	DEN007	1.0	B	\N	\N	\N	\N	\N	\N	\N	\N	\N	\N	\N	\N	\N	\N	\N	\N	\N	\N
239	1_3_2_1_2_1_2	投资银行部_交易性商业银行债投资_交易账户_3Y		2026-08-14 15:44:09	2026-08-14 15:44:09	NUM100	1.0	NII	\N	\N	\N	\N	\N	\N	\N	\N	\N	\N	\N	\N	\N	\N	\N	\N	\N	\N	\N	\N	\N	NUM086	1.0	NII	DEN056	1.0	AB	NUM100	1.0	NII	DEN060	1.0	AB	NUM100	1.0	NII	DEN060	1.0	AB	\N	\N	\N	\N	\N	\N	NUM059	1.0	B	\N	\N	\N	NUM027	1.0	RWA	\N	\N	\N	NUM022	1.0	B	DEN007	1.0	B	\N	\N	\N	\N	\N	\N	NUM007	0.85	B	\N	\N	\N	\N	\N	\N	DEN051	1.0	CF1-6	\N	\N	\N	DEN051	1.0	CF7-12	\N	\N	\N	DEN051	1.0	CF12+	\N	\N	\N	\N	\N	\N	\N	\N	\N	\N	\N	\N	NUM056	1.0	B	\N	\N	\N	NUM022	1.0	CF3	DEN007	1.0	B	\N	\N	\N	\N	\N	\N	\N	\N	\N	\N	\N	\N	\N	\N	\N	\N	\N	\N
240	1_3_2_1_2_1_3	投资银行部_交易性商业银行债投资_交易账户_5Y		2026-08-14 15:44:09	2026-08-14 15:44:09	NUM100	1.0	NII	\N	\N	\N	\N	\N	\N	\N	\N	\N	\N	\N	\N	\N	\N	\N	\N	\N	\N	\N	\N	\N	NUM086	1.0	NII	DEN056	1.0	AB	NUM100	1.0	NII	DEN060	1.0	AB	NUM100	1.0	NII	DEN060	1.0	AB	\N	\N	\N	\N	\N	\N	NUM059	1.0	B	\N	\N	\N	NUM027	1.0	RWA	\N	\N	\N	NUM022	1.0	B	DEN007	1.0	B	\N	\N	\N	\N	\N	\N	NUM007	0.85	B	\N	\N	\N	\N	\N	\N	DEN051	1.0	CF1-6	\N	\N	\N	DEN051	1.0	CF7-12	\N	\N	\N	DEN051	1.0	CF12+	\N	\N	\N	\N	\N	\N	\N	\N	\N	\N	\N	\N	NUM056	1.0	B	\N	\N	\N	NUM022	1.0	CF3	DEN007	1.0	B	\N	\N	\N	\N	\N	\N	\N	\N	\N	\N	\N	\N	\N	\N	\N	\N	\N	\N
241	1_3_2_1_2_1_4	投资银行部_交易性商业银行债投资_交易账户_10Y		2026-08-14 15:44:09	2026-08-14 15:44:09	NUM100	1.0	NII	\N	\N	\N	\N	\N	\N	\N	\N	\N	\N	\N	\N	\N	\N	\N	\N	\N	\N	\N	\N	\N	NUM086	1.0	NII	DEN056	1.0	AB	NUM100	1.0	NII	DEN060	1.0	AB	NUM100	1.0	NII	DEN060	1.0	AB	\N	\N	\N	\N	\N	\N	NUM059	1.0	B	\N	\N	\N	NUM027	1.0	RWA	\N	\N	\N	NUM022	1.0	B	DEN007	1.0	B	\N	\N	\N	\N	\N	\N	NUM007	0.85	B	\N	\N	\N	\N	\N	\N	DEN051	1.0	CF1-6	\N	\N	\N	DEN051	1.0	CF7-12	\N	\N	\N	DEN051	1.0	CF12+	\N	\N	\N	\N	\N	\N	\N	\N	\N	\N	\N	\N	NUM056	1.0	B	\N	\N	\N	NUM022	1.0	CF3	DEN007	1.0	B	\N	\N	\N	\N	\N	\N	\N	\N	\N	\N	\N	\N	\N	\N	\N	\N	\N	\N
242	1_3_2_1_2_2_1	投资银行部_交易性商业银行债投资_银行账户_1Y		2026-08-14 15:44:09	2026-08-14 15:44:09	NUM100	1.0	NII	\N	\N	\N	\N	\N	\N	\N	\N	\N	\N	\N	\N	\N	\N	\N	\N	\N	\N	\N	\N	\N	NUM086	1.0	NII	DEN056	1.0	AB	NUM100	1.0	NII	DEN060	1.0	AB	NUM100	1.0	NII	DEN060	1.0	AB	\N	\N	\N	\N	\N	\N	NUM059	1.0	B	\N	\N	\N	NUM027	1.0	RWA	\N	\N	\N	NUM022	1.0	CF3	DEN007	1.0	CF3	NUM021	1.0	CF1	\N	\N	\N	NUM007	0.85	B	\N	\N	\N	\N	\N	\N	DEN051	1.0	CF1-6	\N	\N	\N	DEN051	1.0	CF7-12	\N	\N	\N	DEN051	1.0	CF12+	\N	\N	\N	\N	\N	\N	\N	\N	\N	\N	\N	\N	NUM056	1.0	B	\N	\N	\N	NUM022	1.0	CF3	DEN007	1.0	B	\N	\N	\N	\N	\N	\N	\N	\N	\N	\N	\N	\N	\N	\N	\N	\N	\N	\N
243	1_3_2_1_2_2_2	投资银行部_交易性商业银行债投资_银行账户_3Y		2026-08-14 15:44:09	2026-08-14 15:44:09	NUM100	1.0	NII	\N	\N	\N	\N	\N	\N	\N	\N	\N	\N	\N	\N	\N	\N	\N	\N	\N	\N	\N	\N	\N	NUM086	1.0	NII	DEN056	1.0	AB	NUM100	1.0	NII	DEN060	1.0	AB	NUM100	1.0	NII	DEN060	1.0	AB	\N	\N	\N	\N	\N	\N	NUM059	1.0	B	\N	\N	\N	NUM027	1.0	RWA	\N	\N	\N	NUM022	1.0	CF3	DEN007	1.0	CF3	NUM021	1.0	CF1	\N	\N	\N	NUM007	0.85	B	\N	\N	\N	\N	\N	\N	DEN051	1.0	CF1-6	\N	\N	\N	DEN051	1.0	CF7-12	\N	\N	\N	DEN051	1.0	CF12+	\N	\N	\N	\N	\N	\N	\N	\N	\N	\N	\N	\N	NUM056	1.0	B	\N	\N	\N	NUM022	1.0	CF3	DEN007	1.0	B	\N	\N	\N	\N	\N	\N	\N	\N	\N	\N	\N	\N	\N	\N	\N	\N	\N	\N
244	1_3_2_1_2_2_3	投资银行部_交易性商业银行债投资_银行账户_5Y		2026-08-14 15:44:09	2026-08-14 15:44:09	NUM100	1.0	NII	\N	\N	\N	\N	\N	\N	\N	\N	\N	\N	\N	\N	\N	\N	\N	\N	\N	\N	\N	\N	\N	NUM086	1.0	NII	DEN056	1.0	AB	NUM100	1.0	NII	DEN060	1.0	AB	NUM100	1.0	NII	DEN060	1.0	AB	\N	\N	\N	\N	\N	\N	NUM059	1.0	B	\N	\N	\N	NUM027	1.0	RWA	\N	\N	\N	NUM022	1.0	CF3	DEN007	1.0	CF3	NUM021	1.0	CF1	\N	\N	\N	NUM007	0.85	B	\N	\N	\N	\N	\N	\N	DEN051	1.0	CF1-6	\N	\N	\N	DEN051	1.0	CF7-12	\N	\N	\N	DEN051	1.0	CF12+	\N	\N	\N	\N	\N	\N	\N	\N	\N	\N	\N	\N	NUM056	1.0	B	\N	\N	\N	NUM022	1.0	CF3	DEN007	1.0	B	\N	\N	\N	\N	\N	\N	\N	\N	\N	\N	\N	\N	\N	\N	\N	\N	\N	\N
245	1_3_2_1_2_2_4	投资银行部_交易性商业银行债投资_银行账户_10Y		2026-08-14 15:44:09	2026-08-14 15:44:09	NUM100	1.0	NII	\N	\N	\N	\N	\N	\N	\N	\N	\N	\N	\N	\N	\N	\N	\N	\N	\N	\N	\N	\N	\N	NUM086	1.0	NII	DEN056	1.0	AB	NUM100	1.0	NII	DEN060	1.0	AB	NUM100	1.0	NII	DEN060	1.0	AB	\N	\N	\N	\N	\N	\N	NUM059	1.0	B	\N	\N	\N	NUM027	1.0	RWA	\N	\N	\N	NUM022	1.0	CF3	DEN007	1.0	CF3	NUM021	1.0	CF1	\N	\N	\N	NUM007	0.85	B	\N	\N	\N	\N	\N	\N	DEN051	1.0	CF1-6	\N	\N	\N	DEN051	1.0	CF7-12	\N	\N	\N	DEN051	1.0	CF12+	\N	\N	\N	\N	\N	\N	\N	\N	\N	\N	\N	\N	NUM056	1.0	B	\N	\N	\N	NUM022	1.0	CF3	DEN007	1.0	B	\N	\N	\N	\N	\N	\N	\N	\N	\N	\N	\N	\N	\N	\N	\N	\N	\N	\N
246	1_3_2_1_3_1_1	投资银行部_交易性金融机构债投资_交易账户_1Y		2026-08-14 15:44:09	2026-08-14 15:44:09	NUM100	1.0	NII	\N	\N	\N	\N	\N	\N	\N	\N	\N	\N	\N	\N	\N	\N	\N	\N	\N	\N	\N	\N	\N	NUM086	1.0	NII	DEN056	1.0	AB	NUM100	1.0	NII	DEN060	1.0	AB	NUM100	1.0	NII	DEN060	1.0	AB	\N	\N	\N	\N	\N	\N	NUM059	1.0	B	\N	\N	\N	NUM027	1.0	RWA	\N	\N	\N	NUM022	1.0	B	DEN007	1.0	B	\N	\N	\N	\N	\N	\N	NUM007	0.85	B	\N	\N	\N	\N	\N	\N	DEN051	1.0	CF1-6	\N	\N	\N	DEN051	1.0	CF7-12	\N	\N	\N	DEN051	1.0	CF12+	\N	\N	\N	\N	\N	\N	\N	\N	\N	\N	\N	\N	NUM056	1.0	B	\N	\N	\N	NUM022	1.0	CF3	DEN007	1.0	B	\N	\N	\N	\N	\N	\N	\N	\N	\N	\N	\N	\N	\N	\N	\N	\N	\N	\N
247	1_3_2_1_3_1_2	投资银行部_交易性金融机构债投资_交易账户_3Y		2026-08-14 15:44:09	2026-08-14 15:44:09	NUM100	1.0	NII	\N	\N	\N	\N	\N	\N	\N	\N	\N	\N	\N	\N	\N	\N	\N	\N	\N	\N	\N	\N	\N	NUM086	1.0	NII	DEN056	1.0	AB	NUM100	1.0	NII	DEN060	1.0	AB	NUM100	1.0	NII	DEN060	1.0	AB	\N	\N	\N	\N	\N	\N	NUM059	1.0	B	\N	\N	\N	NUM027	1.0	RWA	\N	\N	\N	NUM022	1.0	B	DEN007	1.0	B	\N	\N	\N	\N	\N	\N	NUM007	0.85	B	\N	\N	\N	\N	\N	\N	DEN051	1.0	CF1-6	\N	\N	\N	DEN051	1.0	CF7-12	\N	\N	\N	DEN051	1.0	CF12+	\N	\N	\N	\N	\N	\N	\N	\N	\N	\N	\N	\N	NUM056	1.0	B	\N	\N	\N	NUM022	1.0	CF3	DEN007	1.0	B	\N	\N	\N	\N	\N	\N	\N	\N	\N	\N	\N	\N	\N	\N	\N	\N	\N	\N
248	1_3_2_1_3_1_3	投资银行部_交易性金融机构债投资_交易账户_5Y		2026-08-14 15:44:09	2026-08-14 15:44:09	NUM100	1.0	NII	\N	\N	\N	\N	\N	\N	\N	\N	\N	\N	\N	\N	\N	\N	\N	\N	\N	\N	\N	\N	\N	NUM086	1.0	NII	DEN056	1.0	AB	NUM100	1.0	NII	DEN060	1.0	AB	NUM100	1.0	NII	DEN060	1.0	AB	\N	\N	\N	\N	\N	\N	NUM059	1.0	B	\N	\N	\N	NUM027	1.0	RWA	\N	\N	\N	NUM022	1.0	B	DEN007	1.0	B	\N	\N	\N	\N	\N	\N	NUM007	0.85	B	\N	\N	\N	\N	\N	\N	DEN051	1.0	CF1-6	\N	\N	\N	DEN051	1.0	CF7-12	\N	\N	\N	DEN051	1.0	CF12+	\N	\N	\N	\N	\N	\N	\N	\N	\N	\N	\N	\N	NUM056	1.0	B	\N	\N	\N	NUM022	1.0	CF3	DEN007	1.0	B	\N	\N	\N	\N	\N	\N	\N	\N	\N	\N	\N	\N	\N	\N	\N	\N	\N	\N
249	1_3_2_1_3_1_4	投资银行部_交易性金融机构债投资_交易账户_10Y		2026-08-14 15:44:09	2026-08-14 15:44:09	NUM100	1.0	NII	\N	\N	\N	\N	\N	\N	\N	\N	\N	\N	\N	\N	\N	\N	\N	\N	\N	\N	\N	\N	\N	NUM086	1.0	NII	DEN056	1.0	AB	NUM100	1.0	NII	DEN060	1.0	AB	NUM100	1.0	NII	DEN060	1.0	AB	\N	\N	\N	\N	\N	\N	NUM059	1.0	B	\N	\N	\N	NUM027	1.0	RWA	\N	\N	\N	NUM022	1.0	B	DEN007	1.0	B	\N	\N	\N	\N	\N	\N	NUM007	0.85	B	\N	\N	\N	\N	\N	\N	DEN051	1.0	CF1-6	\N	\N	\N	DEN051	1.0	CF7-12	\N	\N	\N	DEN051	1.0	CF12+	\N	\N	\N	\N	\N	\N	\N	\N	\N	\N	\N	\N	NUM056	1.0	B	\N	\N	\N	NUM022	1.0	CF3	DEN007	1.0	B	\N	\N	\N	\N	\N	\N	\N	\N	\N	\N	\N	\N	\N	\N	\N	\N	\N	\N
250	1_3_2_1_3_2_1	投资银行部_交易性金融机构债投资_银行账户_1Y		2026-08-14 15:44:09	2026-08-14 15:44:09	NUM100	1.0	NII	\N	\N	\N	\N	\N	\N	\N	\N	\N	\N	\N	\N	\N	\N	\N	\N	\N	\N	\N	\N	\N	NUM086	1.0	NII	DEN056	1.0	AB	NUM100	1.0	NII	DEN060	1.0	AB	NUM100	1.0	NII	DEN060	1.0	AB	\N	\N	\N	\N	\N	\N	NUM059	1.0	B	\N	\N	\N	NUM027	1.0	RWA	\N	\N	\N	NUM022	1.0	CF3	DEN007	1.0	CF3	NUM021	1.0	CF1	\N	\N	\N	NUM007	0.85	B	\N	\N	\N	\N	\N	\N	DEN051	1.0	CF1-6	\N	\N	\N	DEN051	1.0	CF7-12	\N	\N	\N	DEN051	1.0	CF12+	\N	\N	\N	\N	\N	\N	\N	\N	\N	\N	\N	\N	NUM056	1.0	B	\N	\N	\N	NUM022	1.0	CF3	DEN007	1.0	B	\N	\N	\N	\N	\N	\N	\N	\N	\N	\N	\N	\N	\N	\N	\N	\N	\N	\N
251	1_3_2_1_3_2_2	投资银行部_交易性金融机构债投资_银行账户_3Y		2026-08-14 15:44:09	2026-08-14 15:44:09	NUM100	1.0	NII	\N	\N	\N	\N	\N	\N	\N	\N	\N	\N	\N	\N	\N	\N	\N	\N	\N	\N	\N	\N	\N	NUM086	1.0	NII	DEN056	1.0	AB	NUM100	1.0	NII	DEN060	1.0	AB	NUM100	1.0	NII	DEN060	1.0	AB	\N	\N	\N	\N	\N	\N	NUM059	1.0	B	\N	\N	\N	NUM027	1.0	RWA	\N	\N	\N	NUM022	1.0	CF3	DEN007	1.0	CF3	NUM021	1.0	CF1	\N	\N	\N	NUM007	0.85	B	\N	\N	\N	\N	\N	\N	DEN051	1.0	CF1-6	\N	\N	\N	DEN051	1.0	CF7-12	\N	\N	\N	DEN051	1.0	CF12+	\N	\N	\N	\N	\N	\N	\N	\N	\N	\N	\N	\N	NUM056	1.0	B	\N	\N	\N	NUM022	1.0	CF3	DEN007	1.0	B	\N	\N	\N	\N	\N	\N	\N	\N	\N	\N	\N	\N	\N	\N	\N	\N	\N	\N
252	1_3_2_1_3_2_3	投资银行部_交易性金融机构债投资_银行账户_5Y		2026-08-14 15:44:09	2026-08-14 15:44:09	NUM100	1.0	NII	\N	\N	\N	\N	\N	\N	\N	\N	\N	\N	\N	\N	\N	\N	\N	\N	\N	\N	\N	\N	\N	NUM086	1.0	NII	DEN056	1.0	AB	NUM100	1.0	NII	DEN060	1.0	AB	NUM100	1.0	NII	DEN060	1.0	AB	\N	\N	\N	\N	\N	\N	NUM059	1.0	B	\N	\N	\N	NUM027	1.0	RWA	\N	\N	\N	NUM022	1.0	CF3	DEN007	1.0	CF3	NUM021	1.0	CF1	\N	\N	\N	NUM007	0.85	B	\N	\N	\N	\N	\N	\N	DEN051	1.0	CF1-6	\N	\N	\N	DEN051	1.0	CF7-12	\N	\N	\N	DEN051	1.0	CF12+	\N	\N	\N	\N	\N	\N	\N	\N	\N	\N	\N	\N	NUM056	1.0	B	\N	\N	\N	NUM022	1.0	CF3	DEN007	1.0	B	\N	\N	\N	\N	\N	\N	\N	\N	\N	\N	\N	\N	\N	\N	\N	\N	\N	\N
253	1_3_2_1_3_2_4	投资银行部_交易性金融机构债投资_银行账户_10Y		2026-08-14 15:44:09	2026-08-14 15:44:09	NUM100	1.0	NII	\N	\N	\N	\N	\N	\N	\N	\N	\N	\N	\N	\N	\N	\N	\N	\N	\N	\N	\N	\N	\N	NUM086	1.0	NII	DEN056	1.0	AB	NUM100	1.0	NII	DEN060	1.0	AB	NUM100	1.0	NII	DEN060	1.0	AB	\N	\N	\N	\N	\N	\N	NUM059	1.0	B	\N	\N	\N	NUM027	1.0	RWA	\N	\N	\N	NUM022	1.0	CF3	DEN007	1.0	CF3	NUM021	1.0	CF1	\N	\N	\N	NUM007	0.85	B	\N	\N	\N	\N	\N	\N	DEN051	1.0	CF1-6	\N	\N	\N	DEN051	1.0	CF7-12	\N	\N	\N	DEN051	1.0	CF12+	\N	\N	\N	\N	\N	\N	\N	\N	\N	\N	\N	\N	NUM056	1.0	B	\N	\N	\N	NUM022	1.0	CF3	DEN007	1.0	B	\N	\N	\N	\N	\N	\N	\N	\N	\N	\N	\N	\N	\N	\N	\N	\N	\N	\N
254	1_3_2_1_4_1_1	投资银行部_交易性公司债投资_交易账户_1Y		2026-08-14 15:44:09	2026-08-14 15:44:09	NUM100	1.0	NII	\N	\N	\N	\N	\N	\N	\N	\N	\N	\N	\N	\N	\N	\N	\N	\N	\N	\N	\N	\N	\N	NUM086	1.0	NII	DEN056	1.0	AB	NUM100	1.0	NII	DEN060	1.0	AB	NUM100	1.0	NII	DEN060	1.0	AB	\N	\N	\N	\N	\N	\N	NUM059	1.0	B	\N	\N	\N	NUM027	1.0	RWA	\N	\N	\N	NUM022	1.0	B	DEN007	1.0	B	\N	\N	\N	\N	\N	\N	NUM006	0.85	B	\N	\N	\N	\N	\N	\N	DEN051	1.0	CF1-6	\N	\N	\N	DEN051	1.0	CF7-12	\N	\N	\N	DEN051	1.0	CF12+	\N	\N	\N	\N	\N	\N	\N	\N	\N	\N	\N	\N	NUM056	1.0	B	\N	\N	\N	NUM022	1.0	CF3	DEN007	1.0	B	\N	\N	\N	\N	\N	\N	\N	\N	\N	\N	\N	\N	\N	\N	\N	\N	\N	\N
255	1_3_2_1_4_1_2	投资银行部_交易性公司债投资_交易账户_3Y		2026-08-14 15:44:09	2026-08-14 15:44:09	NUM100	1.0	NII	\N	\N	\N	\N	\N	\N	\N	\N	\N	\N	\N	\N	\N	\N	\N	\N	\N	\N	\N	\N	\N	NUM086	1.0	NII	DEN056	1.0	AB	NUM100	1.0	NII	DEN060	1.0	AB	NUM100	1.0	NII	DEN060	1.0	AB	\N	\N	\N	\N	\N	\N	NUM059	1.0	B	\N	\N	\N	NUM027	1.0	RWA	\N	\N	\N	NUM022	1.0	B	DEN007	1.0	B	\N	\N	\N	\N	\N	\N	NUM006	0.85	B	\N	\N	\N	\N	\N	\N	DEN051	1.0	CF1-6	\N	\N	\N	DEN051	1.0	CF7-12	\N	\N	\N	DEN051	1.0	CF12+	\N	\N	\N	\N	\N	\N	\N	\N	\N	\N	\N	\N	NUM056	1.0	B	\N	\N	\N	NUM022	1.0	CF3	DEN007	1.0	B	\N	\N	\N	\N	\N	\N	\N	\N	\N	\N	\N	\N	\N	\N	\N	\N	\N	\N
256	1_3_2_1_4_1_3	投资银行部_交易性公司债投资_交易账户_5Y		2026-08-14 15:44:09	2026-08-14 15:44:09	NUM100	1.0	NII	\N	\N	\N	\N	\N	\N	\N	\N	\N	\N	\N	\N	\N	\N	\N	\N	\N	\N	\N	\N	\N	NUM086	1.0	NII	DEN056	1.0	AB	NUM100	1.0	NII	DEN060	1.0	AB	NUM100	1.0	NII	DEN060	1.0	AB	\N	\N	\N	\N	\N	\N	NUM059	1.0	B	\N	\N	\N	NUM027	1.0	RWA	\N	\N	\N	NUM022	1.0	B	DEN007	1.0	B	\N	\N	\N	\N	\N	\N	NUM006	0.85	B	\N	\N	\N	\N	\N	\N	DEN051	1.0	CF1-6	\N	\N	\N	DEN051	1.0	CF7-12	\N	\N	\N	DEN051	1.0	CF12+	\N	\N	\N	\N	\N	\N	\N	\N	\N	\N	\N	\N	NUM056	1.0	B	\N	\N	\N	NUM022	1.0	CF3	DEN007	1.0	B	\N	\N	\N	\N	\N	\N	\N	\N	\N	\N	\N	\N	\N	\N	\N	\N	\N	\N
257	1_3_2_1_4_1_4	投资银行部_交易性公司债投资_交易账户_10Y		2026-08-14 15:44:09	2026-08-14 15:44:09	NUM100	1.0	NII	\N	\N	\N	\N	\N	\N	\N	\N	\N	\N	\N	\N	\N	\N	\N	\N	\N	\N	\N	\N	\N	NUM086	1.0	NII	DEN056	1.0	AB	NUM100	1.0	NII	DEN060	1.0	AB	NUM100	1.0	NII	DEN060	1.0	AB	\N	\N	\N	\N	\N	\N	NUM059	1.0	B	\N	\N	\N	NUM027	1.0	RWA	\N	\N	\N	NUM022	1.0	B	DEN007	1.0	B	\N	\N	\N	\N	\N	\N	NUM006	0.85	B	\N	\N	\N	\N	\N	\N	DEN051	1.0	CF1-6	\N	\N	\N	DEN051	1.0	CF7-12	\N	\N	\N	DEN051	1.0	CF12+	\N	\N	\N	\N	\N	\N	\N	\N	\N	\N	\N	\N	NUM056	1.0	B	\N	\N	\N	NUM022	1.0	CF3	DEN007	1.0	B	\N	\N	\N	\N	\N	\N	\N	\N	\N	\N	\N	\N	\N	\N	\N	\N	\N	\N
258	1_3_2_1_4_2_1	投资银行部_交易性公司债投资_银行账户_1Y		2026-08-14 15:44:09	2026-08-14 15:44:09	NUM100	1.0	NII	\N	\N	\N	\N	\N	\N	\N	\N	\N	\N	\N	\N	\N	\N	\N	\N	\N	\N	\N	\N	\N	NUM086	1.0	NII	DEN056	1.0	AB	NUM100	1.0	NII	DEN060	1.0	AB	NUM100	1.0	NII	DEN060	1.0	AB	\N	\N	\N	\N	\N	\N	NUM059	1.0	B	\N	\N	\N	NUM027	1.0	RWA	\N	\N	\N	NUM022	1.0	CF3	DEN007	1.0	CF3	NUM021	1.0	CF1	\N	\N	\N	NUM006	0.85	B	\N	\N	\N	\N	\N	\N	DEN051	1.0	CF1-6	\N	\N	\N	DEN051	1.0	CF7-12	\N	\N	\N	DEN051	1.0	CF12+	\N	\N	\N	\N	\N	\N	\N	\N	\N	\N	\N	\N	NUM056	1.0	B	\N	\N	\N	NUM022	1.0	CF3	DEN007	1.0	B	\N	\N	\N	\N	\N	\N	\N	\N	\N	\N	\N	\N	\N	\N	\N	\N	\N	\N
259	1_3_2_1_4_2_2	投资银行部_交易性公司债投资_银行账户_3Y		2026-08-14 15:44:09	2026-08-14 15:44:09	NUM100	1.0	NII	\N	\N	\N	\N	\N	\N	\N	\N	\N	\N	\N	\N	\N	\N	\N	\N	\N	\N	\N	\N	\N	NUM086	1.0	NII	DEN056	1.0	AB	NUM100	1.0	NII	DEN060	1.0	AB	NUM100	1.0	NII	DEN060	1.0	AB	\N	\N	\N	\N	\N	\N	NUM059	1.0	B	\N	\N	\N	NUM027	1.0	RWA	\N	\N	\N	NUM022	1.0	CF3	DEN007	1.0	CF3	NUM021	1.0	CF1	\N	\N	\N	NUM006	0.85	B	\N	\N	\N	\N	\N	\N	DEN051	1.0	CF1-6	\N	\N	\N	DEN051	1.0	CF7-12	\N	\N	\N	DEN051	1.0	CF12+	\N	\N	\N	\N	\N	\N	\N	\N	\N	\N	\N	\N	NUM056	1.0	B	\N	\N	\N	NUM022	1.0	CF3	DEN007	1.0	B	\N	\N	\N	\N	\N	\N	\N	\N	\N	\N	\N	\N	\N	\N	\N	\N	\N	\N
260	1_3_2_1_4_2_3	投资银行部_交易性公司债投资_银行账户_5Y		2026-08-14 15:44:09	2026-08-14 15:44:09	NUM100	1.0	NII	\N	\N	\N	\N	\N	\N	\N	\N	\N	\N	\N	\N	\N	\N	\N	\N	\N	\N	\N	\N	\N	NUM086	1.0	NII	DEN056	1.0	AB	NUM100	1.0	NII	DEN060	1.0	AB	NUM100	1.0	NII	DEN060	1.0	AB	\N	\N	\N	\N	\N	\N	NUM059	1.0	B	\N	\N	\N	NUM027	1.0	RWA	\N	\N	\N	NUM022	1.0	CF3	DEN007	1.0	CF3	NUM021	1.0	CF1	\N	\N	\N	NUM006	0.85	B	\N	\N	\N	\N	\N	\N	DEN051	1.0	CF1-6	\N	\N	\N	DEN051	1.0	CF7-12	\N	\N	\N	DEN051	1.0	CF12+	\N	\N	\N	\N	\N	\N	\N	\N	\N	\N	\N	\N	NUM056	1.0	B	\N	\N	\N	NUM022	1.0	CF3	DEN007	1.0	B	\N	\N	\N	\N	\N	\N	\N	\N	\N	\N	\N	\N	\N	\N	\N	\N	\N	\N
261	1_3_2_1_4_2_4	投资银行部_交易性公司债投资_银行账户_10Y		2026-08-14 15:44:09	2026-08-14 15:44:09	NUM100	1.0	NII	\N	\N	\N	\N	\N	\N	\N	\N	\N	\N	\N	\N	\N	\N	\N	\N	\N	\N	\N	\N	\N	NUM086	1.0	NII	DEN056	1.0	AB	NUM100	1.0	NII	DEN060	1.0	AB	NUM100	1.0	NII	DEN060	1.0	AB	\N	\N	\N	\N	\N	\N	NUM059	1.0	B	\N	\N	\N	NUM027	1.0	RWA	\N	\N	\N	NUM022	1.0	CF3	DEN007	1.0	CF3	NUM021	1.0	CF1	\N	\N	\N	NUM006	0.85	B	\N	\N	\N	\N	\N	\N	DEN051	1.0	CF1-6	\N	\N	\N	DEN051	1.0	CF7-12	\N	\N	\N	DEN051	1.0	CF12+	\N	\N	\N	\N	\N	\N	\N	\N	\N	\N	\N	\N	NUM056	1.0	B	\N	\N	\N	NUM022	1.0	CF3	DEN007	1.0	B	\N	\N	\N	\N	\N	\N	\N	\N	\N	\N	\N	\N	\N	\N	\N	\N	\N	\N
262	1_3_2_1_5_1	投资银行部_交易性信托_1Y		2026-08-14 15:44:09	2026-08-14 15:44:09	NUM100	1.0	NII	\N	\N	\N	\N	\N	\N	\N	\N	\N	\N	\N	\N	\N	\N	\N	\N	\N	\N	\N	\N	\N	NUM086	1.0	NII	DEN056	1.0	AB	NUM100	1.0	NII	DEN060	1.0	AB	NUM100	1.0	NII	DEN060	1.0	AB	\N	\N	\N	\N	\N	\N	NUM059	1.0	B	\N	\N	\N	NUM027	1.0	RWA	\N	\N	\N	NUM022	1.0	CF3	DEN007	1.0	CF3	\N	\N	\N	\N	\N	\N	\N	\N	\N	\N	\N	\N	\N	\N	\N	DEN053	1.0	CF1-6	\N	\N	\N	DEN053	1.0	CF7-12	\N	\N	\N	DEN052	1.0	CF12+	\N	\N	\N	\N	\N	\N	\N	\N	\N	\N	\N	\N	NUM057	1.0	B	\N	\N	\N	NUM022	1.0	CF3	DEN007	1.0	B	\N	\N	\N	\N	\N	\N	\N	\N	\N	\N	\N	\N	\N	\N	\N	\N	\N	\N
263	1_3_2_1_5_2	投资银行部_交易性信托_3Y		2026-08-14 15:44:09	2026-08-14 15:44:09	NUM100	1.0	NII	\N	\N	\N	\N	\N	\N	\N	\N	\N	\N	\N	\N	\N	\N	\N	\N	\N	\N	\N	\N	\N	NUM086	1.0	NII	DEN056	1.0	AB	NUM100	1.0	NII	DEN060	1.0	AB	NUM100	1.0	NII	DEN060	1.0	AB	\N	\N	\N	\N	\N	\N	NUM059	1.0	B	\N	\N	\N	NUM027	1.0	RWA	\N	\N	\N	NUM022	1.0	CF3	DEN007	1.0	CF3	\N	\N	\N	\N	\N	\N	\N	\N	\N	\N	\N	\N	\N	\N	\N	DEN053	1.0	CF1-6	\N	\N	\N	DEN053	1.0	CF7-12	\N	\N	\N	DEN052	1.0	CF12+	\N	\N	\N	\N	\N	\N	\N	\N	\N	\N	\N	\N	NUM057	1.0	B	\N	\N	\N	NUM022	1.0	CF3	DEN007	1.0	B	\N	\N	\N	\N	\N	\N	\N	\N	\N	\N	\N	\N	\N	\N	\N	\N	\N	\N
264	1_3_2_1_5_3	投资银行部_交易性信托_5Y		2026-08-14 15:44:09	2026-08-14 15:44:09	NUM100	1.0	NII	\N	\N	\N	\N	\N	\N	\N	\N	\N	\N	\N	\N	\N	\N	\N	\N	\N	\N	\N	\N	\N	NUM086	1.0	NII	DEN056	1.0	AB	NUM100	1.0	NII	DEN060	1.0	AB	NUM100	1.0	NII	DEN060	1.0	AB	\N	\N	\N	\N	\N	\N	NUM059	1.0	B	\N	\N	\N	NUM027	1.0	RWA	\N	\N	\N	NUM022	1.0	CF3	DEN007	1.0	CF3	\N	\N	\N	\N	\N	\N	\N	\N	\N	\N	\N	\N	\N	\N	\N	DEN053	1.0	CF1-6	\N	\N	\N	DEN053	1.0	CF7-12	\N	\N	\N	DEN052	1.0	CF12+	\N	\N	\N	\N	\N	\N	\N	\N	\N	\N	\N	\N	NUM057	1.0	B	\N	\N	\N	NUM022	1.0	CF3	DEN007	1.0	B	\N	\N	\N	\N	\N	\N	\N	\N	\N	\N	\N	\N	\N	\N	\N	\N	\N	\N
265	1_3_2_1_6_1	投资银行部_交易性资管计划_1Y		2026-08-14 15:44:09	2026-08-14 15:44:09	NUM100	1.0	NII	\N	\N	\N	\N	\N	\N	\N	\N	\N	\N	\N	\N	\N	\N	\N	\N	\N	\N	\N	\N	\N	NUM086	1.0	NII	DEN056	1.0	AB	NUM100	1.0	NII	DEN060	1.0	AB	NUM100	1.0	NII	DEN060	1.0	AB	\N	\N	\N	\N	\N	\N	NUM059	1.0	B	\N	\N	\N	NUM027	1.0	RWA	\N	\N	\N	NUM022	1.0	CF3	DEN007	1.0	CF3	\N	\N	\N	\N	\N	\N	\N	\N	\N	\N	\N	\N	\N	\N	\N	DEN053	1.0	CF1-6	\N	\N	\N	DEN053	1.0	CF7-12	\N	\N	\N	DEN052	1.0	CF12+	\N	\N	\N	\N	\N	\N	\N	\N	\N	\N	\N	\N	NUM057	1.0	B	\N	\N	\N	NUM022	1.0	CF3	DEN007	1.0	B	\N	\N	\N	\N	\N	\N	\N	\N	\N	\N	\N	\N	\N	\N	\N	\N	\N	\N
266	1_3_2_1_6_2	投资银行部_交易性资管计划_3Y		2026-08-14 15:44:09	2026-08-14 15:44:09	NUM100	1.0	NII	\N	\N	\N	\N	\N	\N	\N	\N	\N	\N	\N	\N	\N	\N	\N	\N	\N	\N	\N	\N	\N	NUM086	1.0	NII	DEN056	1.0	AB	NUM100	1.0	NII	DEN060	1.0	AB	NUM100	1.0	NII	DEN060	1.0	AB	\N	\N	\N	\N	\N	\N	NUM059	1.0	B	\N	\N	\N	NUM027	1.0	RWA	\N	\N	\N	NUM022	1.0	CF3	DEN007	1.0	CF3	\N	\N	\N	\N	\N	\N	\N	\N	\N	\N	\N	\N	\N	\N	\N	DEN053	1.0	CF1-6	\N	\N	\N	DEN053	1.0	CF7-12	\N	\N	\N	DEN052	1.0	CF12+	\N	\N	\N	\N	\N	\N	\N	\N	\N	\N	\N	\N	NUM057	1.0	B	\N	\N	\N	NUM022	1.0	CF3	DEN007	1.0	B	\N	\N	\N	\N	\N	\N	\N	\N	\N	\N	\N	\N	\N	\N	\N	\N	\N	\N
267	1_3_2_1_6_3	投资银行部_交易性资管计划_5Y		2026-08-14 15:44:09	2026-08-14 15:44:09	NUM100	1.0	NII	\N	\N	\N	\N	\N	\N	\N	\N	\N	\N	\N	\N	\N	\N	\N	\N	\N	\N	\N	\N	\N	NUM086	1.0	NII	DEN056	1.0	AB	NUM100	1.0	NII	DEN060	1.0	AB	NUM100	1.0	NII	DEN060	1.0	AB	\N	\N	\N	\N	\N	\N	NUM059	1.0	B	\N	\N	\N	NUM027	1.0	RWA	\N	\N	\N	NUM022	1.0	CF3	DEN007	1.0	CF3	\N	\N	\N	\N	\N	\N	\N	\N	\N	\N	\N	\N	\N	\N	\N	DEN053	1.0	CF1-6	\N	\N	\N	DEN053	1.0	CF7-12	\N	\N	\N	DEN052	1.0	CF12+	\N	\N	\N	\N	\N	\N	\N	\N	\N	\N	\N	\N	NUM057	1.0	B	\N	\N	\N	NUM022	1.0	CF3	DEN007	1.0	B	\N	\N	\N	\N	\N	\N	\N	\N	\N	\N	\N	\N	\N	\N	\N	\N	\N	\N
268	1_3_2_1_7_1	投资银行部_交易性债权融资计划_1Y		2026-08-14 15:44:09	2026-08-14 15:44:09	NUM100	1.0	NII	\N	\N	\N	\N	\N	\N	\N	\N	\N	\N	\N	\N	\N	\N	\N	\N	\N	\N	\N	\N	\N	NUM086	1.0	NII	DEN056	1.0	AB	NUM100	1.0	NII	DEN060	1.0	AB	NUM100	1.0	NII	DEN060	1.0	AB	\N	\N	\N	\N	\N	\N	NUM059	1.0	B	\N	\N	\N	NUM027	1.0	RWA	\N	\N	\N	NUM022	1.0	CF3	DEN007	1.0	CF3	\N	\N	\N	\N	\N	\N	\N	\N	\N	\N	\N	\N	\N	\N	\N	DEN053	1.0	CF1-6	\N	\N	\N	DEN053	1.0	CF7-12	\N	\N	\N	DEN052	1.0	CF12+	\N	\N	\N	\N	\N	\N	\N	\N	\N	\N	\N	\N	NUM057	1.0	B	\N	\N	\N	NUM022	1.0	CF3	DEN007	1.0	B	\N	\N	\N	\N	\N	\N	\N	\N	\N	\N	\N	\N	\N	\N	\N	\N	\N	\N
269	1_3_2_1_7_2	投资银行部_交易性债权融资计划_3Y		2026-08-14 15:44:09	2026-08-14 15:44:09	NUM100	1.0	NII	\N	\N	\N	\N	\N	\N	\N	\N	\N	\N	\N	\N	\N	\N	\N	\N	\N	\N	\N	\N	\N	NUM086	1.0	NII	DEN056	1.0	AB	NUM100	1.0	NII	DEN060	1.0	AB	NUM100	1.0	NII	DEN060	1.0	AB	\N	\N	\N	\N	\N	\N	NUM059	1.0	B	\N	\N	\N	NUM027	1.0	RWA	\N	\N	\N	NUM022	1.0	CF3	DEN007	1.0	CF3	\N	\N	\N	\N	\N	\N	\N	\N	\N	\N	\N	\N	\N	\N	\N	DEN053	1.0	CF1-6	\N	\N	\N	DEN053	1.0	CF7-12	\N	\N	\N	DEN052	1.0	CF12+	\N	\N	\N	\N	\N	\N	\N	\N	\N	\N	\N	\N	NUM057	1.0	B	\N	\N	\N	NUM022	1.0	CF3	DEN007	1.0	B	\N	\N	\N	\N	\N	\N	\N	\N	\N	\N	\N	\N	\N	\N	\N	\N	\N	\N
270	1_3_2_1_7_3	投资银行部_交易性债权融资计划_5Y		2026-08-14 15:44:09	2026-08-14 15:44:09	NUM100	1.0	NII	\N	\N	\N	\N	\N	\N	\N	\N	\N	\N	\N	\N	\N	\N	\N	\N	\N	\N	\N	\N	\N	NUM086	1.0	NII	DEN056	1.0	AB	NUM100	1.0	NII	DEN060	1.0	AB	NUM100	1.0	NII	DEN060	1.0	AB	\N	\N	\N	\N	\N	\N	NUM059	1.0	B	\N	\N	\N	NUM027	1.0	RWA	\N	\N	\N	NUM022	1.0	CF3	DEN007	1.0	CF3	\N	\N	\N	\N	\N	\N	\N	\N	\N	\N	\N	\N	\N	\N	\N	DEN053	1.0	CF1-6	\N	\N	\N	DEN053	1.0	CF7-12	\N	\N	\N	DEN052	1.0	CF12+	\N	\N	\N	\N	\N	\N	\N	\N	\N	\N	\N	\N	NUM057	1.0	B	\N	\N	\N	NUM022	1.0	CF3	DEN007	1.0	B	\N	\N	\N	\N	\N	\N	\N	\N	\N	\N	\N	\N	\N	\N	\N	\N	\N	\N
271	1_3_2_1_8_1	投资银行部_交易性私募基金_1Y		2026-08-14 15:44:09	2026-08-14 15:44:09	NUM100	1.0	NII	\N	\N	\N	\N	\N	\N	\N	\N	\N	\N	\N	\N	\N	\N	\N	\N	\N	\N	\N	\N	\N	NUM086	1.0	NII	DEN056	1.0	AB	NUM100	1.0	NII	DEN060	1.0	AB	NUM100	1.0	NII	DEN060	1.0	AB	\N	\N	\N	\N	\N	\N	NUM059	1.0	B	\N	\N	\N	NUM027	1.0	RWA	\N	\N	\N	NUM022	1.0	CF3	DEN007	1.0	CF3	\N	\N	\N	\N	\N	\N	\N	\N	\N	\N	\N	\N	\N	\N	\N	DEN053	1.0	CF1-6	\N	\N	\N	DEN053	1.0	CF7-12	\N	\N	\N	DEN052	1.0	CF12+	\N	\N	\N	\N	\N	\N	\N	\N	\N	\N	\N	\N	NUM057	1.0	B	\N	\N	\N	NUM022	1.0	CF3	DEN007	1.0	B	\N	\N	\N	\N	\N	\N	\N	\N	\N	\N	\N	\N	\N	\N	\N	\N	\N	\N
272	1_3_2_1_8_2	投资银行部_交易性私募基金_3Y		2026-08-14 15:44:09	2026-08-14 15:44:09	NUM100	1.0	NII	\N	\N	\N	\N	\N	\N	\N	\N	\N	\N	\N	\N	\N	\N	\N	\N	\N	\N	\N	\N	\N	NUM086	1.0	NII	DEN056	1.0	AB	NUM100	1.0	NII	DEN060	1.0	AB	NUM100	1.0	NII	DEN060	1.0	AB	\N	\N	\N	\N	\N	\N	NUM059	1.0	B	\N	\N	\N	NUM027	1.0	RWA	\N	\N	\N	NUM022	1.0	CF3	DEN007	1.0	CF3	\N	\N	\N	\N	\N	\N	\N	\N	\N	\N	\N	\N	\N	\N	\N	DEN053	1.0	CF1-6	\N	\N	\N	DEN053	1.0	CF7-12	\N	\N	\N	DEN052	1.0	CF12+	\N	\N	\N	\N	\N	\N	\N	\N	\N	\N	\N	\N	NUM057	1.0	B	\N	\N	\N	NUM022	1.0	CF3	DEN007	1.0	B	\N	\N	\N	\N	\N	\N	\N	\N	\N	\N	\N	\N	\N	\N	\N	\N	\N	\N
273	1_3_2_1_8_3	投资银行部_交易性私募基金_5Y		2026-08-14 15:44:09	2026-08-14 15:44:09	NUM100	1.0	NII	\N	\N	\N	\N	\N	\N	\N	\N	\N	\N	\N	\N	\N	\N	\N	\N	\N	\N	\N	\N	\N	NUM086	1.0	NII	DEN056	1.0	AB	NUM100	1.0	NII	DEN060	1.0	AB	NUM100	1.0	NII	DEN060	1.0	AB	\N	\N	\N	\N	\N	\N	NUM059	1.0	B	\N	\N	\N	NUM027	1.0	RWA	\N	\N	\N	NUM022	1.0	CF3	DEN007	1.0	CF3	\N	\N	\N	\N	\N	\N	\N	\N	\N	\N	\N	\N	\N	\N	\N	DEN053	1.0	CF1-6	\N	\N	\N	DEN053	1.0	CF7-12	\N	\N	\N	DEN052	1.0	CF12+	\N	\N	\N	\N	\N	\N	\N	\N	\N	\N	\N	\N	NUM057	1.0	B	\N	\N	\N	NUM022	1.0	CF3	DEN007	1.0	B	\N	\N	\N	\N	\N	\N	\N	\N	\N	\N	\N	\N	\N	\N	\N	\N	\N	\N
274	1_3_2_1_9_1	投资银行部_交易性公募基金_3Y		2026-08-14 15:44:09	2026-08-14 15:44:09	NUM100	1.0	NII	\N	\N	\N	\N	\N	\N	\N	\N	\N	\N	\N	\N	\N	\N	\N	\N	\N	\N	\N	\N	\N	NUM086	1.0	NII	DEN056	1.0	AB	NUM100	1.0	NII	DEN060	1.0	AB	NUM100	1.0	NII	DEN060	1.0	AB	\N	\N	\N	\N	\N	\N	NUM059	1.0	B	\N	\N	\N	NUM027	1.0	RWA	\N	\N	\N	NUM022	1.0	CF3	DEN007	1.0	CF3	\N	\N	\N	\N	\N	\N	\N	\N	\N	\N	\N	\N	\N	\N	\N	DEN053	1.0	CF1-6	\N	\N	\N	DEN053	1.0	CF7-12	\N	\N	\N	DEN052	1.0	CF12+	\N	\N	\N	\N	\N	\N	\N	\N	\N	\N	\N	\N	NUM057	1.0	B	\N	\N	\N	NUM022	1.0	CF3	DEN007	1.0	B	\N	\N	\N	\N	\N	\N	\N	\N	\N	\N	\N	\N	\N	\N	\N	\N	\N	\N
275	1_3_2_1_10_1	投资银行部_交易性融资租赁_1Y		2026-08-14 15:44:09	2026-08-14 15:44:09	NUM100	1.0	NII	\N	\N	\N	\N	\N	\N	\N	\N	\N	\N	\N	\N	\N	\N	\N	\N	\N	\N	\N	\N	\N	NUM086	1.0	NII	DEN056	1.0	AB	NUM100	1.0	NII	DEN060	1.0	AB	NUM100	1.0	NII	DEN060	1.0	AB	\N	\N	\N	\N	\N	\N	NUM059	1.0	B	\N	\N	\N	NUM027	1.0	RWA	\N	\N	\N	NUM022	1.0	CF3	DEN007	1.0	CF3	\N	\N	\N	\N	\N	\N	\N	\N	\N	\N	\N	\N	\N	\N	\N	DEN053	1.0	CF1-6	\N	\N	\N	DEN053	1.0	CF7-12	\N	\N	\N	DEN052	1.0	CF12+	\N	\N	\N	\N	\N	\N	\N	\N	\N	\N	\N	\N	NUM057	1.0	B	\N	\N	\N	NUM022	1.0	CF3	DEN007	1.0	B	\N	\N	\N	\N	\N	\N	\N	\N	\N	\N	\N	\N	\N	\N	\N	\N	\N	\N
276	1_3_2_1_10_2	投资银行部_交易性融资租赁_3Y		2026-08-14 15:44:09	2026-08-14 15:44:09	NUM100	1.0	NII	\N	\N	\N	\N	\N	\N	\N	\N	\N	\N	\N	\N	\N	\N	\N	\N	\N	\N	\N	\N	\N	NUM086	1.0	NII	DEN056	1.0	AB	NUM100	1.0	NII	DEN060	1.0	AB	NUM100	1.0	NII	DEN060	1.0	AB	\N	\N	\N	\N	\N	\N	NUM059	1.0	B	\N	\N	\N	NUM027	1.0	RWA	\N	\N	\N	NUM022	1.0	CF3	DEN007	1.0	CF3	\N	\N	\N	\N	\N	\N	\N	\N	\N	\N	\N	\N	\N	\N	\N	DEN053	1.0	CF1-6	\N	\N	\N	DEN053	1.0	CF7-12	\N	\N	\N	DEN052	1.0	CF12+	\N	\N	\N	\N	\N	\N	\N	\N	\N	\N	\N	\N	NUM057	1.0	B	\N	\N	\N	NUM022	1.0	CF3	DEN007	1.0	B	\N	\N	\N	\N	\N	\N	\N	\N	\N	\N	\N	\N	\N	\N	\N	\N	\N	\N
277	1_3_2_1_10_3	投资银行部_交易性融资租赁_5Y		2026-08-14 15:44:09	2026-08-14 15:44:09	NUM100	1.0	NII	\N	\N	\N	\N	\N	\N	\N	\N	\N	\N	\N	\N	\N	\N	\N	\N	\N	\N	\N	\N	\N	NUM086	1.0	NII	DEN056	1.0	AB	NUM100	1.0	NII	DEN060	1.0	AB	NUM100	1.0	NII	DEN060	1.0	AB	\N	\N	\N	\N	\N	\N	NUM059	1.0	B	\N	\N	\N	NUM027	1.0	RWA	\N	\N	\N	NUM022	1.0	CF3	DEN007	1.0	CF3	\N	\N	\N	\N	\N	\N	\N	\N	\N	\N	\N	\N	\N	\N	\N	DEN053	1.0	CF1-6	\N	\N	\N	DEN053	1.0	CF7-12	\N	\N	\N	DEN052	1.0	CF12+	\N	\N	\N	\N	\N	\N	\N	\N	\N	\N	\N	\N	NUM057	1.0	B	\N	\N	\N	NUM022	1.0	CF3	DEN007	1.0	B	\N	\N	\N	\N	\N	\N	\N	\N	\N	\N	\N	\N	\N	\N	\N	\N	\N	\N
278	1_3_2_1_11_1	投资银行部_交易性金融资产_资产证券化产品_1Y		2026-08-14 15:44:09	2026-08-14 15:44:09	NUM100	1.0	NII	\N	\N	\N	\N	\N	\N	\N	\N	\N	\N	\N	\N	\N	\N	\N	\N	\N	\N	\N	\N	\N	NUM086	1.0	NII	DEN056	1.0	AB	NUM100	1.0	NII	DEN060	1.0	AB	NUM100	1.0	NII	DEN060	1.0	AB	\N	\N	\N	\N	\N	\N	NUM059	1.0	B	\N	\N	\N	NUM027	1.0	RWA	\N	\N	\N	NUM022	1.0	CF3	DEN007	1.0	CF3	\N	\N	\N	\N	\N	\N	\N	\N	\N	\N	\N	\N	\N	\N	\N	DEN053	1.0	CF1-6	\N	\N	\N	DEN053	1.0	CF7-12	\N	\N	\N	DEN052	1.0	CF12+	\N	\N	\N	\N	\N	\N	\N	\N	\N	\N	\N	\N	NUM057	1.0	B	\N	\N	\N	NUM022	1.0	CF3	DEN007	1.0	B	\N	\N	\N	\N	\N	\N	\N	\N	\N	\N	\N	\N	\N	\N	\N	\N	\N	\N
279	1_3_2_1_11_2	投资银行部_交易性金融资产_资产证券化产品_3Y		2026-08-14 15:44:09	2026-08-14 15:44:09	NUM100	1.0	NII	\N	\N	\N	\N	\N	\N	\N	\N	\N	\N	\N	\N	\N	\N	\N	\N	\N	\N	\N	\N	\N	NUM086	1.0	NII	DEN056	1.0	AB	NUM100	1.0	NII	DEN060	1.0	AB	NUM100	1.0	NII	DEN060	1.0	AB	\N	\N	\N	\N	\N	\N	NUM059	1.0	B	\N	\N	\N	NUM027	1.0	RWA	\N	\N	\N	NUM022	1.0	CF3	DEN007	1.0	CF3	\N	\N	\N	\N	\N	\N	\N	\N	\N	\N	\N	\N	\N	\N	\N	DEN053	1.0	CF1-6	\N	\N	\N	DEN053	1.0	CF7-12	\N	\N	\N	DEN052	1.0	CF12+	\N	\N	\N	\N	\N	\N	\N	\N	\N	\N	\N	\N	NUM057	1.0	B	\N	\N	\N	NUM022	1.0	CF3	DEN007	1.0	B	\N	\N	\N	\N	\N	\N	\N	\N	\N	\N	\N	\N	\N	\N	\N	\N	\N	\N
280	1_3_2_1_11_3	投资银行部_交易性金融资产_资产证券化产品_5Y		2026-08-14 15:44:09	2026-08-14 15:44:09	NUM100	1.0	NII	\N	\N	\N	\N	\N	\N	\N	\N	\N	\N	\N	\N	\N	\N	\N	\N	\N	\N	\N	\N	\N	NUM086	1.0	NII	DEN056	1.0	AB	NUM100	1.0	NII	DEN060	1.0	AB	NUM100	1.0	NII	DEN060	1.0	AB	\N	\N	\N	\N	\N	\N	NUM059	1.0	B	\N	\N	\N	NUM027	1.0	RWA	\N	\N	\N	NUM022	1.0	CF3	DEN007	1.0	CF3	\N	\N	\N	\N	\N	\N	\N	\N	\N	\N	\N	\N	\N	\N	\N	DEN053	1.0	CF1-6	\N	\N	\N	DEN053	1.0	CF7-12	\N	\N	\N	DEN052	1.0	CF12+	\N	\N	\N	\N	\N	\N	\N	\N	\N	\N	\N	\N	NUM057	1.0	B	\N	\N	\N	NUM022	1.0	CF3	DEN007	1.0	B	\N	\N	\N	\N	\N	\N	\N	\N	\N	\N	\N	\N	\N	\N	\N	\N	\N	\N
281	1_3_2_1_12_1	投资银行部_交易性其他资产_1Y		2026-08-14 15:44:09	2026-08-14 15:44:09	NUM100	1.0	NII	\N	\N	\N	\N	\N	\N	\N	\N	\N	\N	\N	\N	\N	\N	\N	\N	\N	\N	\N	\N	\N	NUM086	1.0	NII	DEN056	1.0	AB	NUM100	1.0	NII	DEN060	1.0	AB	NUM100	1.0	NII	DEN060	1.0	AB	\N	\N	\N	\N	\N	\N	NUM065	1.0	B	\N	\N	\N	NUM027	1.0	RWA	\N	\N	\N	NUM022	1.0	CF3	DEN007	1.0	CF3	\N	\N	\N	\N	\N	\N	\N	\N	\N	\N	\N	\N	\N	\N	\N	DEN053	1.0	CF1-6	\N	\N	\N	DEN053	1.0	CF7-12	\N	\N	\N	DEN052	1.0	CF12+	\N	\N	\N	\N	\N	\N	\N	\N	\N	\N	\N	\N	NUM057	1.0	B	\N	\N	\N	NUM022	1.0	CF3	DEN007	1.0	B	\N	\N	\N	\N	\N	\N	\N	\N	\N	\N	\N	\N	\N	\N	\N	\N	\N	\N
282	1_3_2_1_12_2	投资银行部_交易性其他资产_3Y		2026-08-14 15:44:09	2026-08-14 15:44:09	NUM100	1.0	NII	\N	\N	\N	\N	\N	\N	\N	\N	\N	\N	\N	\N	\N	\N	\N	\N	\N	\N	\N	\N	\N	NUM086	1.0	NII	DEN056	1.0	AB	NUM100	1.0	NII	DEN060	1.0	AB	NUM100	1.0	NII	DEN060	1.0	AB	\N	\N	\N	\N	\N	\N	NUM065	1.0	B	\N	\N	\N	NUM027	1.0	RWA	\N	\N	\N	NUM022	1.0	CF3	DEN007	1.0	CF3	\N	\N	\N	\N	\N	\N	\N	\N	\N	\N	\N	\N	\N	\N	\N	DEN053	1.0	CF1-6	\N	\N	\N	DEN053	1.0	CF7-12	\N	\N	\N	DEN052	1.0	CF12+	\N	\N	\N	\N	\N	\N	\N	\N	\N	\N	\N	\N	NUM057	1.0	B	\N	\N	\N	NUM022	1.0	CF3	DEN007	1.0	B	\N	\N	\N	\N	\N	\N	\N	\N	\N	\N	\N	\N	\N	\N	\N	\N	\N	\N
283	1_3_2_1_12_3	投资银行部_交易性其他资产_5Y		2026-08-14 15:44:09	2026-08-14 15:44:09	NUM100	1.0	NII	\N	\N	\N	\N	\N	\N	\N	\N	\N	\N	\N	\N	\N	\N	\N	\N	\N	\N	\N	\N	\N	NUM086	1.0	NII	DEN056	1.0	AB	NUM100	1.0	NII	DEN060	1.0	AB	NUM100	1.0	NII	DEN060	1.0	AB	\N	\N	\N	\N	\N	\N	NUM065	1.0	B	\N	\N	\N	NUM027	1.0	RWA	\N	\N	\N	NUM022	1.0	CF3	DEN007	1.0	CF3	\N	\N	\N	\N	\N	\N	\N	\N	\N	\N	\N	\N	\N	\N	\N	DEN053	1.0	CF1-6	\N	\N	\N	DEN053	1.0	CF7-12	\N	\N	\N	DEN052	1.0	CF12+	\N	\N	\N	\N	\N	\N	\N	\N	\N	\N	\N	\N	NUM057	1.0	B	\N	\N	\N	NUM022	1.0	CF3	DEN007	1.0	B	\N	\N	\N	\N	\N	\N	\N	\N	\N	\N	\N	\N	\N	\N	\N	\N	\N	\N
284	1_3_2_2_1_1	投资银行部_其他债权投资_商业银行债_1Y		2026-08-14 15:44:09	2026-08-14 15:44:09	NUM100	1.0	NII	\N	\N	\N	\N	\N	\N	\N	\N	\N	\N	\N	\N	\N	\N	\N	\N	\N	\N	\N	\N	\N	NUM086	1.0	NII	DEN056	1.0	AB	NUM100	1.0	NII	DEN060	1.0	AB	NUM100	1.0	NII	DEN060	1.0	AB	\N	\N	\N	\N	\N	\N	NUM059	1.0	B	\N	\N	\N	NUM011	1.0	RWA	\N	\N	\N	NUM022	1.0	CF3	DEN007	1.0	CF3	NUM021	1.0	CF1	\N	\N	\N	NUM007	0.85	B	\N	\N	\N	\N	\N	\N	DEN051	1.0	CF1-6	\N	\N	\N	DEN051	1.0	CF7-12	\N	\N	\N	DEN051	1.0	CF12+	\N	\N	\N	\N	\N	\N	\N	\N	\N	\N	\N	\N	NUM062	1.0	B	\N	\N	\N	NUM022	1.0	CF3	DEN007	1.0	B	\N	\N	\N	\N	\N	\N	\N	\N	\N	\N	\N	\N	\N	\N	\N	\N	\N	\N
285	1_3_2_2_1_2	投资银行部_其他债权投资_商业银行债_3Y		2026-08-14 15:44:09	2026-08-14 15:44:09	NUM100	1.0	NII	\N	\N	\N	\N	\N	\N	\N	\N	\N	\N	\N	\N	\N	\N	\N	\N	\N	\N	\N	\N	\N	NUM086	1.0	NII	DEN056	1.0	AB	NUM100	1.0	NII	DEN060	1.0	AB	NUM100	1.0	NII	DEN060	1.0	AB	\N	\N	\N	\N	\N	\N	NUM059	1.0	B	\N	\N	\N	NUM011	1.0	RWA	\N	\N	\N	NUM022	1.0	CF3	DEN007	1.0	CF3	NUM021	1.0	CF1	\N	\N	\N	NUM007	0.85	B	\N	\N	\N	\N	\N	\N	DEN051	1.0	CF1-6	\N	\N	\N	DEN051	1.0	CF7-12	\N	\N	\N	DEN051	1.0	CF12+	\N	\N	\N	\N	\N	\N	\N	\N	\N	\N	\N	\N	NUM062	1.0	B	\N	\N	\N	NUM022	1.0	CF3	DEN007	1.0	B	\N	\N	\N	\N	\N	\N	\N	\N	\N	\N	\N	\N	\N	\N	\N	\N	\N	\N
286	1_3_2_2_1_3	投资银行部_其他债权投资_商业银行债_5Y		2026-08-14 15:44:09	2026-08-14 15:44:09	NUM100	1.0	NII	\N	\N	\N	\N	\N	\N	\N	\N	\N	\N	\N	\N	\N	\N	\N	\N	\N	\N	\N	\N	\N	NUM086	1.0	NII	DEN056	1.0	AB	NUM100	1.0	NII	DEN060	1.0	AB	NUM100	1.0	NII	DEN060	1.0	AB	\N	\N	\N	\N	\N	\N	NUM059	1.0	B	\N	\N	\N	NUM011	1.0	RWA	\N	\N	\N	NUM022	1.0	CF3	DEN007	1.0	CF3	NUM021	1.0	CF1	\N	\N	\N	NUM007	0.85	B	\N	\N	\N	\N	\N	\N	DEN051	1.0	CF1-6	\N	\N	\N	DEN051	1.0	CF7-12	\N	\N	\N	DEN051	1.0	CF12+	\N	\N	\N	\N	\N	\N	\N	\N	\N	\N	\N	\N	NUM062	1.0	B	\N	\N	\N	NUM022	1.0	CF3	DEN007	1.0	B	\N	\N	\N	\N	\N	\N	\N	\N	\N	\N	\N	\N	\N	\N	\N	\N	\N	\N
287	1_3_2_2_1_4	投资银行部_其他债权投资_商业银行债_10Y		2026-08-14 15:44:09	2026-08-14 15:44:09	NUM100	1.0	NII	\N	\N	\N	\N	\N	\N	\N	\N	\N	\N	\N	\N	\N	\N	\N	\N	\N	\N	\N	\N	\N	NUM086	1.0	NII	DEN056	1.0	AB	NUM100	1.0	NII	DEN060	1.0	AB	NUM100	1.0	NII	DEN060	1.0	AB	\N	\N	\N	\N	\N	\N	NUM059	1.0	B	\N	\N	\N	NUM011	1.0	RWA	\N	\N	\N	NUM022	1.0	CF3	DEN007	1.0	CF3	NUM021	1.0	CF1	\N	\N	\N	NUM007	0.85	B	\N	\N	\N	\N	\N	\N	DEN051	1.0	CF1-6	\N	\N	\N	DEN051	1.0	CF7-12	\N	\N	\N	DEN051	1.0	CF12+	\N	\N	\N	\N	\N	\N	\N	\N	\N	\N	\N	\N	NUM062	1.0	B	\N	\N	\N	NUM022	1.0	CF3	DEN007	1.0	B	\N	\N	\N	\N	\N	\N	\N	\N	\N	\N	\N	\N	\N	\N	\N	\N	\N	\N
288	1_3_2_2_2_1	投资银行部_其他债权投资_金融机构债_1Y		2026-08-14 15:44:09	2026-08-14 15:44:09	NUM100	1.0	NII	\N	\N	\N	\N	\N	\N	\N	\N	\N	\N	\N	\N	\N	\N	\N	\N	\N	\N	\N	\N	\N	NUM086	1.0	NII	DEN056	1.0	AB	NUM100	1.0	NII	DEN060	1.0	AB	NUM100	1.0	NII	DEN060	1.0	AB	\N	\N	\N	\N	\N	\N	NUM059	1.0	B	\N	\N	\N	NUM011	1.0	RWA	\N	\N	\N	NUM022	1.0	CF3	DEN007	1.0	CF3	NUM021	1.0	CF1	\N	\N	\N	NUM007	0.85	B	\N	\N	\N	\N	\N	\N	DEN051	1.0	CF1-6	\N	\N	\N	DEN051	1.0	CF7-12	\N	\N	\N	DEN051	1.0	CF12+	\N	\N	\N	\N	\N	\N	\N	\N	\N	\N	\N	\N	NUM062	1.0	B	\N	\N	\N	NUM022	1.0	CF3	DEN007	1.0	B	\N	\N	\N	\N	\N	\N	\N	\N	\N	\N	\N	\N	\N	\N	\N	\N	\N	\N
289	1_3_2_2_2_2	投资银行部_其他债权投资_金融机构债_3Y		2026-08-14 15:44:09	2026-08-14 15:44:09	NUM100	1.0	NII	\N	\N	\N	\N	\N	\N	\N	\N	\N	\N	\N	\N	\N	\N	\N	\N	\N	\N	\N	\N	\N	NUM086	1.0	NII	DEN056	1.0	AB	NUM100	1.0	NII	DEN060	1.0	AB	NUM100	1.0	NII	DEN060	1.0	AB	\N	\N	\N	\N	\N	\N	NUM059	1.0	B	\N	\N	\N	NUM011	1.0	RWA	\N	\N	\N	NUM022	1.0	CF3	DEN007	1.0	CF3	NUM021	1.0	CF1	\N	\N	\N	NUM007	0.85	B	\N	\N	\N	\N	\N	\N	DEN051	1.0	CF1-6	\N	\N	\N	DEN051	1.0	CF7-12	\N	\N	\N	DEN051	1.0	CF12+	\N	\N	\N	\N	\N	\N	\N	\N	\N	\N	\N	\N	NUM062	1.0	B	\N	\N	\N	NUM022	1.0	CF3	DEN007	1.0	B	\N	\N	\N	\N	\N	\N	\N	\N	\N	\N	\N	\N	\N	\N	\N	\N	\N	\N
290	1_3_2_2_2_3	投资银行部_其他债权投资_金融机构债_5Y		2026-08-14 15:44:09	2026-08-14 15:44:09	NUM100	1.0	NII	\N	\N	\N	\N	\N	\N	\N	\N	\N	\N	\N	\N	\N	\N	\N	\N	\N	\N	\N	\N	\N	NUM086	1.0	NII	DEN056	1.0	AB	NUM100	1.0	NII	DEN060	1.0	AB	NUM100	1.0	NII	DEN060	1.0	AB	\N	\N	\N	\N	\N	\N	NUM059	1.0	B	\N	\N	\N	NUM011	1.0	RWA	\N	\N	\N	NUM022	1.0	CF3	DEN007	1.0	CF3	NUM021	1.0	CF1	\N	\N	\N	NUM007	0.85	B	\N	\N	\N	\N	\N	\N	DEN051	1.0	CF1-6	\N	\N	\N	DEN051	1.0	CF7-12	\N	\N	\N	DEN051	1.0	CF12+	\N	\N	\N	\N	\N	\N	\N	\N	\N	\N	\N	\N	NUM062	1.0	B	\N	\N	\N	NUM022	1.0	CF3	DEN007	1.0	B	\N	\N	\N	\N	\N	\N	\N	\N	\N	\N	\N	\N	\N	\N	\N	\N	\N	\N
291	1_3_2_2_2_4	投资银行部_其他债权投资_金融机构债_10Y		2026-08-14 15:44:09	2026-08-14 15:44:09	NUM100	1.0	NII	\N	\N	\N	\N	\N	\N	\N	\N	\N	\N	\N	\N	\N	\N	\N	\N	\N	\N	\N	\N	\N	NUM086	1.0	NII	DEN056	1.0	AB	NUM100	1.0	NII	DEN060	1.0	AB	NUM100	1.0	NII	DEN060	1.0	AB	\N	\N	\N	\N	\N	\N	NUM059	1.0	B	\N	\N	\N	NUM011	1.0	RWA	\N	\N	\N	NUM022	1.0	CF3	DEN007	1.0	CF3	NUM021	1.0	CF1	\N	\N	\N	NUM007	0.85	B	\N	\N	\N	\N	\N	\N	DEN051	1.0	CF1-6	\N	\N	\N	DEN051	1.0	CF7-12	\N	\N	\N	DEN051	1.0	CF12+	\N	\N	\N	\N	\N	\N	\N	\N	\N	\N	\N	\N	NUM062	1.0	B	\N	\N	\N	NUM022	1.0	CF3	DEN007	1.0	B	\N	\N	\N	\N	\N	\N	\N	\N	\N	\N	\N	\N	\N	\N	\N	\N	\N	\N
292	1_3_2_2_3_1	投资银行部_其他债权投资_公司债_1Y		2026-08-14 15:44:09	2026-08-14 15:44:09	NUM100	1.0	NII	\N	\N	\N	\N	\N	\N	\N	\N	\N	\N	\N	\N	\N	\N	\N	\N	\N	\N	\N	\N	\N	NUM086	1.0	NII	DEN056	1.0	AB	NUM100	1.0	NII	DEN060	1.0	AB	NUM100	1.0	NII	DEN060	1.0	AB	\N	\N	\N	\N	\N	\N	NUM059	1.0	B	\N	\N	\N	NUM011	1.0	RWA	\N	\N	\N	NUM022	1.0	CF3	DEN007	1.0	CF3	NUM021	1.0	CF1	\N	\N	\N	NUM006	0.85	B	\N	\N	\N	\N	\N	\N	DEN051	1.0	CF1-6	\N	\N	\N	DEN051	1.0	CF7-12	\N	\N	\N	DEN051	1.0	CF12+	\N	\N	\N	\N	\N	\N	\N	\N	\N	\N	\N	\N	NUM062	1.0	B	\N	\N	\N	NUM022	1.0	CF3	DEN007	1.0	B	\N	\N	\N	\N	\N	\N	\N	\N	\N	\N	\N	\N	\N	\N	\N	\N	\N	\N
293	1_3_2_2_3_2	投资银行部_其他债权投资_公司债_3Y		2026-08-14 15:44:09	2026-08-14 15:44:09	NUM100	1.0	NII	\N	\N	\N	\N	\N	\N	\N	\N	\N	\N	\N	\N	\N	\N	\N	\N	\N	\N	\N	\N	\N	NUM086	1.0	NII	DEN056	1.0	AB	NUM100	1.0	NII	DEN060	1.0	AB	NUM100	1.0	NII	DEN060	1.0	AB	\N	\N	\N	\N	\N	\N	NUM059	1.0	B	\N	\N	\N	NUM011	1.0	RWA	\N	\N	\N	NUM022	1.0	CF3	DEN007	1.0	CF3	NUM021	1.0	CF1	\N	\N	\N	NUM006	0.85	B	\N	\N	\N	\N	\N	\N	DEN051	1.0	CF1-6	\N	\N	\N	DEN051	1.0	CF7-12	\N	\N	\N	DEN051	1.0	CF12+	\N	\N	\N	\N	\N	\N	\N	\N	\N	\N	\N	\N	NUM062	1.0	B	\N	\N	\N	NUM022	1.0	CF3	DEN007	1.0	B	\N	\N	\N	\N	\N	\N	\N	\N	\N	\N	\N	\N	\N	\N	\N	\N	\N	\N
294	1_3_2_2_3_3	投资银行部_其他债权投资_公司债_5Y		2026-08-14 15:44:09	2026-08-14 15:44:09	NUM100	1.0	NII	\N	\N	\N	\N	\N	\N	\N	\N	\N	\N	\N	\N	\N	\N	\N	\N	\N	\N	\N	\N	\N	NUM086	1.0	NII	DEN056	1.0	AB	NUM100	1.0	NII	DEN060	1.0	AB	NUM100	1.0	NII	DEN060	1.0	AB	\N	\N	\N	\N	\N	\N	NUM059	1.0	B	\N	\N	\N	NUM011	1.0	RWA	\N	\N	\N	NUM022	1.0	CF3	DEN007	1.0	CF3	NUM021	1.0	CF1	\N	\N	\N	NUM006	0.85	B	\N	\N	\N	\N	\N	\N	DEN051	1.0	CF1-6	\N	\N	\N	DEN051	1.0	CF7-12	\N	\N	\N	DEN051	1.0	CF12+	\N	\N	\N	\N	\N	\N	\N	\N	\N	\N	\N	\N	NUM062	1.0	B	\N	\N	\N	NUM022	1.0	CF3	DEN007	1.0	B	\N	\N	\N	\N	\N	\N	\N	\N	\N	\N	\N	\N	\N	\N	\N	\N	\N	\N
295	1_3_2_2_3_4	投资银行部_其他债权投资_公司债_10Y		2026-08-14 15:44:09	2026-08-14 15:44:09	NUM100	1.0	NII	\N	\N	\N	\N	\N	\N	\N	\N	\N	\N	\N	\N	\N	\N	\N	\N	\N	\N	\N	\N	\N	NUM086	1.0	NII	DEN056	1.0	AB	NUM100	1.0	NII	DEN060	1.0	AB	NUM100	1.0	NII	DEN060	1.0	AB	\N	\N	\N	\N	\N	\N	NUM059	1.0	B	\N	\N	\N	NUM011	1.0	RWA	\N	\N	\N	NUM022	1.0	CF3	DEN007	1.0	CF3	NUM021	1.0	CF1	\N	\N	\N	NUM006	0.85	B	\N	\N	\N	\N	\N	\N	DEN051	1.0	CF1-6	\N	\N	\N	DEN051	1.0	CF7-12	\N	\N	\N	DEN051	1.0	CF12+	\N	\N	\N	\N	\N	\N	\N	\N	\N	\N	\N	\N	NUM062	1.0	B	\N	\N	\N	NUM022	1.0	CF3	DEN007	1.0	B	\N	\N	\N	\N	\N	\N	\N	\N	\N	\N	\N	\N	\N	\N	\N	\N	\N	\N
296	1_3_2_2_4_1	投资银行部_其他债权投资_信托_1Y		2026-08-14 15:44:09	2026-08-14 15:44:09	NUM100	1.0	NII	\N	\N	\N	\N	\N	\N	\N	\N	\N	\N	\N	\N	\N	\N	\N	\N	\N	\N	\N	\N	\N	NUM086	1.0	NII	DEN056	1.0	AB	NUM100	1.0	NII	DEN060	1.0	AB	NUM100	1.0	NII	DEN060	1.0	AB	\N	\N	\N	\N	\N	\N	NUM059	1.0	B	\N	\N	\N	NUM011	1.0	RWA	\N	\N	\N	NUM022	1.0	CF3	DEN007	1.0	CF3	\N	\N	\N	\N	\N	\N	\N	\N	\N	\N	\N	\N	\N	\N	\N	DEN053	1.0	CF1-6	\N	\N	\N	DEN053	1.0	CF7-12	\N	\N	\N	DEN052	1.0	CF12+	\N	\N	\N	\N	\N	\N	\N	\N	\N	\N	\N	\N	NUM063	1.0	B	\N	\N	\N	NUM022	1.0	CF3	DEN007	1.0	B	\N	\N	\N	\N	\N	\N	\N	\N	\N	\N	\N	\N	\N	\N	\N	\N	\N	\N
297	1_3_2_2_4_2	投资银行部_其他债权投资_信托_3Y		2026-08-14 15:44:09	2026-08-14 15:44:09	NUM100	1.0	NII	\N	\N	\N	\N	\N	\N	\N	\N	\N	\N	\N	\N	\N	\N	\N	\N	\N	\N	\N	\N	\N	NUM086	1.0	NII	DEN056	1.0	AB	NUM100	1.0	NII	DEN060	1.0	AB	NUM100	1.0	NII	DEN060	1.0	AB	\N	\N	\N	\N	\N	\N	NUM059	1.0	B	\N	\N	\N	NUM011	1.0	RWA	\N	\N	\N	NUM022	1.0	CF3	DEN007	1.0	CF3	\N	\N	\N	\N	\N	\N	\N	\N	\N	\N	\N	\N	\N	\N	\N	DEN053	1.0	CF1-6	\N	\N	\N	DEN053	1.0	CF7-12	\N	\N	\N	DEN052	1.0	CF12+	\N	\N	\N	\N	\N	\N	\N	\N	\N	\N	\N	\N	NUM063	1.0	B	\N	\N	\N	NUM022	1.0	CF3	DEN007	1.0	B	\N	\N	\N	\N	\N	\N	\N	\N	\N	\N	\N	\N	\N	\N	\N	\N	\N	\N
298	1_3_2_2_4_3	投资银行部_其他债权投资_信托_5Y		2026-08-14 15:44:09	2026-08-14 15:44:09	NUM100	1.0	NII	\N	\N	\N	\N	\N	\N	\N	\N	\N	\N	\N	\N	\N	\N	\N	\N	\N	\N	\N	\N	\N	NUM086	1.0	NII	DEN056	1.0	AB	NUM100	1.0	NII	DEN060	1.0	AB	NUM100	1.0	NII	DEN060	1.0	AB	\N	\N	\N	\N	\N	\N	NUM059	1.0	B	\N	\N	\N	NUM011	1.0	RWA	\N	\N	\N	NUM022	1.0	CF3	DEN007	1.0	CF3	\N	\N	\N	\N	\N	\N	\N	\N	\N	\N	\N	\N	\N	\N	\N	DEN053	1.0	CF1-6	\N	\N	\N	DEN053	1.0	CF7-12	\N	\N	\N	DEN052	1.0	CF12+	\N	\N	\N	\N	\N	\N	\N	\N	\N	\N	\N	\N	NUM063	1.0	B	\N	\N	\N	NUM022	1.0	CF3	DEN007	1.0	B	\N	\N	\N	\N	\N	\N	\N	\N	\N	\N	\N	\N	\N	\N	\N	\N	\N	\N
299	1_3_2_2_5_1	投资银行部_其他债权投资_资管计划_1Y		2026-08-14 15:44:09	2026-08-14 15:44:09	NUM100	1.0	NII	\N	\N	\N	\N	\N	\N	\N	\N	\N	\N	\N	\N	\N	\N	\N	\N	\N	\N	\N	\N	\N	NUM086	1.0	NII	DEN056	1.0	AB	NUM100	1.0	NII	DEN060	1.0	AB	NUM100	1.0	NII	DEN060	1.0	AB	\N	\N	\N	\N	\N	\N	NUM059	1.0	B	\N	\N	\N	NUM011	1.0	RWA	\N	\N	\N	NUM022	1.0	CF3	DEN007	1.0	CF3	\N	\N	\N	\N	\N	\N	\N	\N	\N	\N	\N	\N	\N	\N	\N	DEN053	1.0	CF1-6	\N	\N	\N	DEN053	1.0	CF7-12	\N	\N	\N	DEN052	1.0	CF12+	\N	\N	\N	\N	\N	\N	\N	\N	\N	\N	\N	\N	NUM063	1.0	B	\N	\N	\N	NUM022	1.0	CF3	DEN007	1.0	B	\N	\N	\N	\N	\N	\N	\N	\N	\N	\N	\N	\N	\N	\N	\N	\N	\N	\N
300	1_3_2_2_5_2	投资银行部_其他债权投资_资管计划_3Y		2026-08-14 15:44:09	2026-08-14 15:44:09	NUM100	1.0	NII	\N	\N	\N	\N	\N	\N	\N	\N	\N	\N	\N	\N	\N	\N	\N	\N	\N	\N	\N	\N	\N	NUM086	1.0	NII	DEN056	1.0	AB	NUM100	1.0	NII	DEN060	1.0	AB	NUM100	1.0	NII	DEN060	1.0	AB	\N	\N	\N	\N	\N	\N	NUM059	1.0	B	\N	\N	\N	NUM011	1.0	RWA	\N	\N	\N	NUM022	1.0	CF3	DEN007	1.0	CF3	\N	\N	\N	\N	\N	\N	\N	\N	\N	\N	\N	\N	\N	\N	\N	DEN053	1.0	CF1-6	\N	\N	\N	DEN053	1.0	CF7-12	\N	\N	\N	DEN052	1.0	CF12+	\N	\N	\N	\N	\N	\N	\N	\N	\N	\N	\N	\N	NUM063	1.0	B	\N	\N	\N	NUM022	1.0	CF3	DEN007	1.0	B	\N	\N	\N	\N	\N	\N	\N	\N	\N	\N	\N	\N	\N	\N	\N	\N	\N	\N
301	1_3_2_2_5_3	投资银行部_其他债权投资_资管计划_5Y		2026-08-14 15:44:09	2026-08-14 15:44:09	NUM100	1.0	NII	\N	\N	\N	\N	\N	\N	\N	\N	\N	\N	\N	\N	\N	\N	\N	\N	\N	\N	\N	\N	\N	NUM086	1.0	NII	DEN056	1.0	AB	NUM100	1.0	NII	DEN060	1.0	AB	NUM100	1.0	NII	DEN060	1.0	AB	\N	\N	\N	\N	\N	\N	NUM059	1.0	B	\N	\N	\N	NUM011	1.0	RWA	\N	\N	\N	NUM022	1.0	CF3	DEN007	1.0	CF3	\N	\N	\N	\N	\N	\N	\N	\N	\N	\N	\N	\N	\N	\N	\N	DEN053	1.0	CF1-6	\N	\N	\N	DEN053	1.0	CF7-12	\N	\N	\N	DEN052	1.0	CF12+	\N	\N	\N	\N	\N	\N	\N	\N	\N	\N	\N	\N	NUM063	1.0	B	\N	\N	\N	NUM022	1.0	CF3	DEN007	1.0	B	\N	\N	\N	\N	\N	\N	\N	\N	\N	\N	\N	\N	\N	\N	\N	\N	\N	\N
302	1_3_2_2_6_1	投资银行部_其他债权投资_债权融资计划_1Y		2026-08-14 15:44:09	2026-08-14 15:44:09	NUM100	1.0	NII	\N	\N	\N	\N	\N	\N	\N	\N	\N	\N	\N	\N	\N	\N	\N	\N	\N	\N	\N	\N	\N	NUM086	1.0	NII	DEN056	1.0	AB	NUM100	1.0	NII	DEN060	1.0	AB	NUM100	1.0	NII	DEN060	1.0	AB	\N	\N	\N	\N	\N	\N	NUM059	1.0	B	\N	\N	\N	NUM011	1.0	RWA	\N	\N	\N	NUM022	1.0	CF3	DEN007	1.0	CF3	\N	\N	\N	\N	\N	\N	\N	\N	\N	\N	\N	\N	\N	\N	\N	DEN053	1.0	CF1-6	\N	\N	\N	DEN053	1.0	CF7-12	\N	\N	\N	DEN052	1.0	CF12+	\N	\N	\N	\N	\N	\N	\N	\N	\N	\N	\N	\N	NUM063	1.0	B	\N	\N	\N	NUM022	1.0	CF3	DEN007	1.0	B	\N	\N	\N	\N	\N	\N	\N	\N	\N	\N	\N	\N	\N	\N	\N	\N	\N	\N
303	1_3_2_2_6_2	投资银行部_其他债权投资_债权融资计划_3Y		2026-08-14 15:44:09	2026-08-14 15:44:09	NUM100	1.0	NII	\N	\N	\N	\N	\N	\N	\N	\N	\N	\N	\N	\N	\N	\N	\N	\N	\N	\N	\N	\N	\N	NUM086	1.0	NII	DEN056	1.0	AB	NUM100	1.0	NII	DEN060	1.0	AB	NUM100	1.0	NII	DEN060	1.0	AB	\N	\N	\N	\N	\N	\N	NUM059	1.0	B	\N	\N	\N	NUM011	1.0	RWA	\N	\N	\N	NUM022	1.0	CF3	DEN007	1.0	CF3	\N	\N	\N	\N	\N	\N	\N	\N	\N	\N	\N	\N	\N	\N	\N	DEN053	1.0	CF1-6	\N	\N	\N	DEN053	1.0	CF7-12	\N	\N	\N	DEN052	1.0	CF12+	\N	\N	\N	\N	\N	\N	\N	\N	\N	\N	\N	\N	NUM063	1.0	B	\N	\N	\N	NUM022	1.0	CF3	DEN007	1.0	B	\N	\N	\N	\N	\N	\N	\N	\N	\N	\N	\N	\N	\N	\N	\N	\N	\N	\N
304	1_3_2_2_6_3	投资银行部_其他债权投资_债权融资计划_5Y		2026-08-14 15:44:09	2026-08-14 15:44:09	NUM100	1.0	NII	\N	\N	\N	\N	\N	\N	\N	\N	\N	\N	\N	\N	\N	\N	\N	\N	\N	\N	\N	\N	\N	NUM086	1.0	NII	DEN056	1.0	AB	NUM100	1.0	NII	DEN060	1.0	AB	NUM100	1.0	NII	DEN060	1.0	AB	\N	\N	\N	\N	\N	\N	NUM059	1.0	B	\N	\N	\N	NUM011	1.0	RWA	\N	\N	\N	NUM022	1.0	CF3	DEN007	1.0	CF3	\N	\N	\N	\N	\N	\N	\N	\N	\N	\N	\N	\N	\N	\N	\N	DEN053	1.0	CF1-6	\N	\N	\N	DEN053	1.0	CF7-12	\N	\N	\N	DEN052	1.0	CF12+	\N	\N	\N	\N	\N	\N	\N	\N	\N	\N	\N	\N	NUM063	1.0	B	\N	\N	\N	NUM022	1.0	CF3	DEN007	1.0	B	\N	\N	\N	\N	\N	\N	\N	\N	\N	\N	\N	\N	\N	\N	\N	\N	\N	\N
305	1_3_2_2_7_1	投资银行部_其他债权投资_私募基金_1Y		2026-08-14 15:44:09	2026-08-14 15:44:09	NUM100	1.0	NII	\N	\N	\N	\N	\N	\N	\N	\N	\N	\N	\N	\N	\N	\N	\N	\N	\N	\N	\N	\N	\N	NUM086	1.0	NII	DEN056	1.0	AB	NUM100	1.0	NII	DEN060	1.0	AB	NUM100	1.0	NII	DEN060	1.0	AB	\N	\N	\N	\N	\N	\N	NUM059	1.0	B	\N	\N	\N	NUM011	1.0	RWA	\N	\N	\N	NUM022	1.0	CF3	DEN007	1.0	CF3	\N	\N	\N	\N	\N	\N	\N	\N	\N	\N	\N	\N	\N	\N	\N	DEN053	1.0	CF1-6	\N	\N	\N	DEN053	1.0	CF7-12	\N	\N	\N	DEN052	1.0	CF12+	\N	\N	\N	\N	\N	\N	\N	\N	\N	\N	\N	\N	NUM063	1.0	B	\N	\N	\N	NUM022	1.0	CF3	DEN007	1.0	B	\N	\N	\N	\N	\N	\N	\N	\N	\N	\N	\N	\N	\N	\N	\N	\N	\N	\N
306	1_3_2_2_7_2	投资银行部_其他债权投资_私募基金_3Y		2026-08-14 15:44:09	2026-08-14 15:44:09	NUM100	1.0	NII	\N	\N	\N	\N	\N	\N	\N	\N	\N	\N	\N	\N	\N	\N	\N	\N	\N	\N	\N	\N	\N	NUM086	1.0	NII	DEN056	1.0	AB	NUM100	1.0	NII	DEN060	1.0	AB	NUM100	1.0	NII	DEN060	1.0	AB	\N	\N	\N	\N	\N	\N	NUM059	1.0	B	\N	\N	\N	NUM011	1.0	RWA	\N	\N	\N	NUM022	1.0	CF3	DEN007	1.0	CF3	\N	\N	\N	\N	\N	\N	\N	\N	\N	\N	\N	\N	\N	\N	\N	DEN053	1.0	CF1-6	\N	\N	\N	DEN053	1.0	CF7-12	\N	\N	\N	DEN052	1.0	CF12+	\N	\N	\N	\N	\N	\N	\N	\N	\N	\N	\N	\N	NUM063	1.0	B	\N	\N	\N	NUM022	1.0	CF3	DEN007	1.0	B	\N	\N	\N	\N	\N	\N	\N	\N	\N	\N	\N	\N	\N	\N	\N	\N	\N	\N
307	1_3_2_2_7_3	投资银行部_其他债权投资_私募基金_5Y		2026-08-14 15:44:09	2026-08-14 15:44:09	NUM100	1.0	NII	\N	\N	\N	\N	\N	\N	\N	\N	\N	\N	\N	\N	\N	\N	\N	\N	\N	\N	\N	\N	\N	NUM086	1.0	NII	DEN056	1.0	AB	NUM100	1.0	NII	DEN060	1.0	AB	NUM100	1.0	NII	DEN060	1.0	AB	\N	\N	\N	\N	\N	\N	NUM059	1.0	B	\N	\N	\N	NUM011	1.0	RWA	\N	\N	\N	NUM022	1.0	CF3	DEN007	1.0	CF3	\N	\N	\N	\N	\N	\N	\N	\N	\N	\N	\N	\N	\N	\N	\N	DEN053	1.0	CF1-6	\N	\N	\N	DEN053	1.0	CF7-12	\N	\N	\N	DEN052	1.0	CF12+	\N	\N	\N	\N	\N	\N	\N	\N	\N	\N	\N	\N	NUM063	1.0	B	\N	\N	\N	NUM022	1.0	CF3	DEN007	1.0	B	\N	\N	\N	\N	\N	\N	\N	\N	\N	\N	\N	\N	\N	\N	\N	\N	\N	\N
308	1_3_2_2_8_1	投资银行部_其他债权投资_公募基金_3Y		2026-08-14 15:44:09	2026-08-14 15:44:09	NUM100	1.0	NII	\N	\N	\N	\N	\N	\N	\N	\N	\N	\N	\N	\N	\N	\N	\N	\N	\N	\N	\N	\N	\N	NUM086	1.0	NII	DEN056	1.0	AB	NUM100	1.0	NII	DEN060	1.0	AB	NUM100	1.0	NII	DEN060	1.0	AB	\N	\N	\N	\N	\N	\N	NUM059	1.0	B	\N	\N	\N	NUM011	1.0	RWA	\N	\N	\N	NUM022	1.0	CF3	DEN007	1.0	CF3	\N	\N	\N	\N	\N	\N	\N	\N	\N	\N	\N	\N	\N	\N	\N	DEN053	1.0	CF1-6	\N	\N	\N	DEN053	1.0	CF7-12	\N	\N	\N	DEN052	1.0	CF12+	\N	\N	\N	\N	\N	\N	\N	\N	\N	\N	\N	\N	NUM063	1.0	B	\N	\N	\N	NUM022	1.0	CF3	DEN007	1.0	B	\N	\N	\N	\N	\N	\N	\N	\N	\N	\N	\N	\N	\N	\N	\N	\N	\N	\N
309	1_3_2_2_9_1	投资银行部_其他债权投资_融资租赁_1Y		2026-08-14 15:44:09	2026-08-14 15:44:09	NUM100	1.0	NII	\N	\N	\N	\N	\N	\N	\N	\N	\N	\N	\N	\N	\N	\N	\N	\N	\N	\N	\N	\N	\N	NUM086	1.0	NII	DEN056	1.0	AB	NUM100	1.0	NII	DEN060	1.0	AB	NUM100	1.0	NII	DEN060	1.0	AB	\N	\N	\N	\N	\N	\N	NUM059	1.0	B	\N	\N	\N	NUM011	1.0	RWA	\N	\N	\N	NUM022	1.0	CF3	DEN007	1.0	CF3	\N	\N	\N	\N	\N	\N	\N	\N	\N	\N	\N	\N	\N	\N	\N	DEN053	1.0	CF1-6	\N	\N	\N	DEN053	1.0	CF7-12	\N	\N	\N	DEN052	1.0	CF12+	\N	\N	\N	\N	\N	\N	\N	\N	\N	\N	\N	\N	NUM063	1.0	B	\N	\N	\N	NUM022	1.0	CF3	DEN007	1.0	B	\N	\N	\N	\N	\N	\N	\N	\N	\N	\N	\N	\N	\N	\N	\N	\N	\N	\N
310	1_3_2_2_9_2	投资银行部_其他债权投资_融资租赁_3Y		2026-08-14 15:44:09	2026-08-14 15:44:09	NUM100	1.0	NII	\N	\N	\N	\N	\N	\N	\N	\N	\N	\N	\N	\N	\N	\N	\N	\N	\N	\N	\N	\N	\N	NUM086	1.0	NII	DEN056	1.0	AB	NUM100	1.0	NII	DEN060	1.0	AB	NUM100	1.0	NII	DEN060	1.0	AB	\N	\N	\N	\N	\N	\N	NUM059	1.0	B	\N	\N	\N	NUM011	1.0	RWA	\N	\N	\N	NUM022	1.0	CF3	DEN007	1.0	CF3	\N	\N	\N	\N	\N	\N	\N	\N	\N	\N	\N	\N	\N	\N	\N	DEN053	1.0	CF1-6	\N	\N	\N	DEN053	1.0	CF7-12	\N	\N	\N	DEN052	1.0	CF12+	\N	\N	\N	\N	\N	\N	\N	\N	\N	\N	\N	\N	NUM063	1.0	B	\N	\N	\N	NUM022	1.0	CF3	DEN007	1.0	B	\N	\N	\N	\N	\N	\N	\N	\N	\N	\N	\N	\N	\N	\N	\N	\N	\N	\N
311	1_3_2_2_9_3	投资银行部_其他债权投资_融资租赁_5Y		2026-08-14 15:44:09	2026-08-14 15:44:09	NUM100	1.0	NII	\N	\N	\N	\N	\N	\N	\N	\N	\N	\N	\N	\N	\N	\N	\N	\N	\N	\N	\N	\N	\N	NUM086	1.0	NII	DEN056	1.0	AB	NUM100	1.0	NII	DEN060	1.0	AB	NUM100	1.0	NII	DEN060	1.0	AB	\N	\N	\N	\N	\N	\N	NUM059	1.0	B	\N	\N	\N	NUM011	1.0	RWA	\N	\N	\N	NUM022	1.0	CF3	DEN007	1.0	CF3	\N	\N	\N	\N	\N	\N	\N	\N	\N	\N	\N	\N	\N	\N	\N	DEN053	1.0	CF1-6	\N	\N	\N	DEN053	1.0	CF7-12	\N	\N	\N	DEN052	1.0	CF12+	\N	\N	\N	\N	\N	\N	\N	\N	\N	\N	\N	\N	NUM063	1.0	B	\N	\N	\N	NUM022	1.0	CF3	DEN007	1.0	B	\N	\N	\N	\N	\N	\N	\N	\N	\N	\N	\N	\N	\N	\N	\N	\N	\N	\N
312	1_3_2_2_10_1	投资银行部_其他债权投资_其他_1Y		2026-08-14 15:44:09	2026-08-14 15:44:09	NUM100	1.0	NII	\N	\N	\N	\N	\N	\N	\N	\N	\N	\N	\N	\N	\N	\N	\N	\N	\N	\N	\N	\N	\N	NUM086	1.0	NII	DEN056	1.0	AB	NUM100	1.0	NII	DEN060	1.0	AB	NUM100	1.0	NII	DEN060	1.0	AB	\N	\N	\N	\N	\N	\N	NUM065	1.0	B	\N	\N	\N	NUM011	1.0	RWA	\N	\N	\N	NUM022	1.0	CF3	DEN007	1.0	CF3	NUM024	1.0	CF1	\N	\N	\N	\N	\N	\N	\N	\N	\N	\N	\N	\N	DEN053	1.0	CF1-6	\N	\N	\N	DEN053	1.0	CF7-12	\N	\N	\N	DEN052	1.0	CF12+	\N	\N	\N	\N	\N	\N	\N	\N	\N	\N	\N	\N	NUM063	1.0	B	\N	\N	\N	NUM022	1.0	CF3	DEN007	1.0	B	\N	\N	\N	\N	\N	\N	\N	\N	\N	\N	\N	\N	\N	\N	\N	\N	\N	\N
313	1_3_2_2_10_2	投资银行部_其他债权投资_其他_3Y		2026-08-14 15:44:09	2026-08-14 15:44:09	NUM100	1.0	NII	\N	\N	\N	\N	\N	\N	\N	\N	\N	\N	\N	\N	\N	\N	\N	\N	\N	\N	\N	\N	\N	NUM086	1.0	NII	DEN056	1.0	AB	NUM100	1.0	NII	DEN060	1.0	AB	NUM100	1.0	NII	DEN060	1.0	AB	\N	\N	\N	\N	\N	\N	NUM065	1.0	B	\N	\N	\N	NUM011	1.0	RWA	\N	\N	\N	NUM022	1.0	CF3	DEN007	1.0	CF3	NUM024	1.0	CF1	\N	\N	\N	\N	\N	\N	\N	\N	\N	\N	\N	\N	DEN053	1.0	CF1-6	\N	\N	\N	DEN053	1.0	CF7-12	\N	\N	\N	DEN052	1.0	CF12+	\N	\N	\N	\N	\N	\N	\N	\N	\N	\N	\N	\N	NUM063	1.0	B	\N	\N	\N	NUM022	1.0	CF3	DEN007	1.0	B	\N	\N	\N	\N	\N	\N	\N	\N	\N	\N	\N	\N	\N	\N	\N	\N	\N	\N
314	1_3_2_2_10_3	投资银行部_其他债权投资_其他_5Y		2026-08-14 15:44:09	2026-08-14 15:44:09	NUM100	1.0	NII	\N	\N	\N	\N	\N	\N	\N	\N	\N	\N	\N	\N	\N	\N	\N	\N	\N	\N	\N	\N	\N	NUM086	1.0	NII	DEN056	1.0	AB	NUM100	1.0	NII	DEN060	1.0	AB	NUM100	1.0	NII	DEN060	1.0	AB	\N	\N	\N	\N	\N	\N	NUM065	1.0	B	\N	\N	\N	NUM011	1.0	RWA	\N	\N	\N	NUM022	1.0	CF3	DEN007	1.0	CF3	NUM024	1.0	CF1	\N	\N	\N	\N	\N	\N	\N	\N	\N	\N	\N	\N	DEN053	1.0	CF1-6	\N	\N	\N	DEN053	1.0	CF7-12	\N	\N	\N	DEN052	1.0	CF12+	\N	\N	\N	\N	\N	\N	\N	\N	\N	\N	\N	\N	NUM063	1.0	B	\N	\N	\N	NUM022	1.0	CF3	DEN007	1.0	B	\N	\N	\N	\N	\N	\N	\N	\N	\N	\N	\N	\N	\N	\N	\N	\N	\N	\N
315	1_3_2_3_1_1	投资银行部_债权投资_商业银行债_1Y		2026-08-14 15:44:09	2026-08-14 15:44:09	NUM100	1.0	NII	\N	\N	\N	\N	\N	\N	\N	\N	\N	\N	\N	\N	\N	\N	\N	\N	\N	\N	\N	\N	\N	NUM086	1.0	NII	DEN056	1.0	AB	NUM100	1.0	NII	DEN060	1.0	AB	NUM100	1.0	NII	DEN060	1.0	AB	\N	\N	\N	\N	\N	\N	NUM059	1.0	B	\N	\N	\N	NUM011	1.0	RWA	\N	\N	\N	NUM022	1.0	CF3	DEN007	1.0	CF3	NUM021	1.0	CF1	\N	\N	\N	NUM007	0.85	B	\N	\N	\N	\N	\N	\N	DEN051	1.0	CF1-6	\N	\N	\N	DEN051	1.0	CF7-12	\N	\N	\N	DEN051	1.0	CF12+	\N	\N	\N	\N	\N	\N	\N	\N	\N	\N	\N	\N	NUM060	1.0	B	\N	\N	\N	NUM022	1.0	CF3	DEN007	1.0	B	\N	\N	\N	\N	\N	\N	\N	\N	\N	\N	\N	\N	\N	\N	\N	\N	\N	\N
316	1_3_2_3_1_2	投资银行部_债权投资_商业银行债_3Y		2026-08-14 15:44:09	2026-08-14 15:44:09	NUM100	1.0	NII	\N	\N	\N	\N	\N	\N	\N	\N	\N	\N	\N	\N	\N	\N	\N	\N	\N	\N	\N	\N	\N	NUM086	1.0	NII	DEN056	1.0	AB	NUM100	1.0	NII	DEN060	1.0	AB	NUM100	1.0	NII	DEN060	1.0	AB	\N	\N	\N	\N	\N	\N	NUM059	1.0	B	\N	\N	\N	NUM011	1.0	RWA	\N	\N	\N	NUM022	1.0	CF3	DEN007	1.0	CF3	NUM021	1.0	CF1	\N	\N	\N	NUM007	0.85	B	\N	\N	\N	\N	\N	\N	DEN051	1.0	CF1-6	\N	\N	\N	DEN051	1.0	CF7-12	\N	\N	\N	DEN051	1.0	CF12+	\N	\N	\N	\N	\N	\N	\N	\N	\N	\N	\N	\N	NUM060	1.0	B	\N	\N	\N	NUM022	1.0	CF3	DEN007	1.0	B	\N	\N	\N	\N	\N	\N	\N	\N	\N	\N	\N	\N	\N	\N	\N	\N	\N	\N
317	1_3_2_3_1_3	投资银行部_债权投资_商业银行债_5Y		2026-08-14 15:44:09	2026-08-14 15:44:09	NUM100	1.0	NII	\N	\N	\N	\N	\N	\N	\N	\N	\N	\N	\N	\N	\N	\N	\N	\N	\N	\N	\N	\N	\N	NUM086	1.0	NII	DEN056	1.0	AB	NUM100	1.0	NII	DEN060	1.0	AB	NUM100	1.0	NII	DEN060	1.0	AB	\N	\N	\N	\N	\N	\N	NUM059	1.0	B	\N	\N	\N	NUM011	1.0	RWA	\N	\N	\N	NUM022	1.0	CF3	DEN007	1.0	CF3	NUM021	1.0	CF1	\N	\N	\N	NUM007	0.85	B	\N	\N	\N	\N	\N	\N	DEN051	1.0	CF1-6	\N	\N	\N	DEN051	1.0	CF7-12	\N	\N	\N	DEN051	1.0	CF12+	\N	\N	\N	\N	\N	\N	\N	\N	\N	\N	\N	\N	NUM060	1.0	B	\N	\N	\N	NUM022	1.0	CF3	DEN007	1.0	B	\N	\N	\N	\N	\N	\N	\N	\N	\N	\N	\N	\N	\N	\N	\N	\N	\N	\N
318	1_3_2_3_1_4	投资银行部_债权投资_商业银行债_10Y		2026-08-14 15:44:09	2026-08-14 15:44:09	NUM100	1.0	NII	\N	\N	\N	\N	\N	\N	\N	\N	\N	\N	\N	\N	\N	\N	\N	\N	\N	\N	\N	\N	\N	NUM086	1.0	NII	DEN056	1.0	AB	NUM100	1.0	NII	DEN060	1.0	AB	NUM100	1.0	NII	DEN060	1.0	AB	\N	\N	\N	\N	\N	\N	NUM059	1.0	B	\N	\N	\N	NUM011	1.0	RWA	\N	\N	\N	NUM022	1.0	CF3	DEN007	1.0	CF3	NUM021	1.0	CF1	\N	\N	\N	NUM007	0.85	B	\N	\N	\N	\N	\N	\N	DEN051	1.0	CF1-6	\N	\N	\N	DEN051	1.0	CF7-12	\N	\N	\N	DEN051	1.0	CF12+	\N	\N	\N	\N	\N	\N	\N	\N	\N	\N	\N	\N	NUM060	1.0	B	\N	\N	\N	NUM022	1.0	CF3	DEN007	1.0	B	\N	\N	\N	\N	\N	\N	\N	\N	\N	\N	\N	\N	\N	\N	\N	\N	\N	\N
319	1_3_2_3_2_1	投资银行部_债权投资_金融机构债_1Y		2026-08-14 15:44:09	2026-08-14 15:44:09	NUM100	1.0	NII	\N	\N	\N	\N	\N	\N	\N	\N	\N	\N	\N	\N	\N	\N	\N	\N	\N	\N	\N	\N	\N	NUM086	1.0	NII	DEN056	1.0	AB	NUM100	1.0	NII	DEN060	1.0	AB	NUM100	1.0	NII	DEN060	1.0	AB	\N	\N	\N	\N	\N	\N	NUM059	1.0	B	\N	\N	\N	NUM011	1.0	RWA	\N	\N	\N	NUM022	1.0	CF3	DEN007	1.0	CF3	NUM021	1.0	CF1	\N	\N	\N	NUM007	0.85	B	\N	\N	\N	\N	\N	\N	DEN051	1.0	CF1-6	\N	\N	\N	DEN051	1.0	CF7-12	\N	\N	\N	DEN051	1.0	CF12+	\N	\N	\N	\N	\N	\N	\N	\N	\N	\N	\N	\N	NUM060	1.0	B	\N	\N	\N	NUM022	1.0	CF3	DEN007	1.0	B	\N	\N	\N	\N	\N	\N	\N	\N	\N	\N	\N	\N	\N	\N	\N	\N	\N	\N
320	1_3_2_3_2_2	投资银行部_债权投资_金融机构债_3Y		2026-08-14 15:44:09	2026-08-14 15:44:09	NUM100	1.0	NII	\N	\N	\N	\N	\N	\N	\N	\N	\N	\N	\N	\N	\N	\N	\N	\N	\N	\N	\N	\N	\N	NUM086	1.0	NII	DEN056	1.0	AB	NUM100	1.0	NII	DEN060	1.0	AB	NUM100	1.0	NII	DEN060	1.0	AB	\N	\N	\N	\N	\N	\N	NUM059	1.0	B	\N	\N	\N	NUM011	1.0	RWA	\N	\N	\N	NUM022	1.0	CF3	DEN007	1.0	CF3	NUM021	1.0	CF1	\N	\N	\N	NUM007	0.85	B	\N	\N	\N	\N	\N	\N	DEN051	1.0	CF1-6	\N	\N	\N	DEN051	1.0	CF7-12	\N	\N	\N	DEN051	1.0	CF12+	\N	\N	\N	\N	\N	\N	\N	\N	\N	\N	\N	\N	NUM060	1.0	B	\N	\N	\N	NUM022	1.0	CF3	DEN007	1.0	B	\N	\N	\N	\N	\N	\N	\N	\N	\N	\N	\N	\N	\N	\N	\N	\N	\N	\N
321	1_3_2_3_2_3	投资银行部_债权投资_金融机构债_5Y		2026-08-14 15:44:09	2026-08-14 15:44:09	NUM100	1.0	NII	\N	\N	\N	\N	\N	\N	\N	\N	\N	\N	\N	\N	\N	\N	\N	\N	\N	\N	\N	\N	\N	NUM086	1.0	NII	DEN056	1.0	AB	NUM100	1.0	NII	DEN060	1.0	AB	NUM100	1.0	NII	DEN060	1.0	AB	\N	\N	\N	\N	\N	\N	NUM059	1.0	B	\N	\N	\N	NUM011	1.0	RWA	\N	\N	\N	NUM022	1.0	CF3	DEN007	1.0	CF3	NUM021	1.0	CF1	\N	\N	\N	NUM007	0.85	B	\N	\N	\N	\N	\N	\N	DEN051	1.0	CF1-6	\N	\N	\N	DEN051	1.0	CF7-12	\N	\N	\N	DEN051	1.0	CF12+	\N	\N	\N	\N	\N	\N	\N	\N	\N	\N	\N	\N	NUM060	1.0	B	\N	\N	\N	NUM022	1.0	CF3	DEN007	1.0	B	\N	\N	\N	\N	\N	\N	\N	\N	\N	\N	\N	\N	\N	\N	\N	\N	\N	\N
322	1_3_2_3_2_4	投资银行部_债权投资_金融机构债_10Y		2026-08-14 15:44:09	2026-08-14 15:44:09	NUM100	1.0	NII	\N	\N	\N	\N	\N	\N	\N	\N	\N	\N	\N	\N	\N	\N	\N	\N	\N	\N	\N	\N	\N	NUM086	1.0	NII	DEN056	1.0	AB	NUM100	1.0	NII	DEN060	1.0	AB	NUM100	1.0	NII	DEN060	1.0	AB	\N	\N	\N	\N	\N	\N	NUM059	1.0	B	\N	\N	\N	NUM011	1.0	RWA	\N	\N	\N	NUM022	1.0	CF3	DEN007	1.0	CF3	NUM021	1.0	CF1	\N	\N	\N	NUM007	0.85	B	\N	\N	\N	\N	\N	\N	DEN051	1.0	CF1-6	\N	\N	\N	DEN051	1.0	CF7-12	\N	\N	\N	DEN051	1.0	CF12+	\N	\N	\N	\N	\N	\N	\N	\N	\N	\N	\N	\N	NUM060	1.0	B	\N	\N	\N	NUM022	1.0	CF3	DEN007	1.0	B	\N	\N	\N	\N	\N	\N	\N	\N	\N	\N	\N	\N	\N	\N	\N	\N	\N	\N
323	1_3_2_3_3_1	投资银行部_债权投资_公司债_1Y		2026-08-14 15:44:09	2026-08-14 15:44:09	NUM100	1.0	NII	\N	\N	\N	\N	\N	\N	\N	\N	\N	\N	\N	\N	\N	\N	\N	\N	\N	\N	\N	\N	\N	NUM086	1.0	NII	DEN056	1.0	AB	NUM100	1.0	NII	DEN060	1.0	AB	NUM100	1.0	NII	DEN060	1.0	AB	\N	\N	\N	\N	\N	\N	NUM059	1.0	B	\N	\N	\N	NUM011	1.0	RWA	\N	\N	\N	NUM022	1.0	CF3	DEN007	1.0	CF3	NUM021	1.0	CF1	\N	\N	\N	NUM006	0.85	B	\N	\N	\N	\N	\N	\N	DEN051	1.0	CF1-6	\N	\N	\N	DEN051	1.0	CF7-12	\N	\N	\N	DEN051	1.0	CF12+	\N	\N	\N	\N	\N	\N	\N	\N	\N	\N	\N	\N	NUM060	1.0	B	\N	\N	\N	NUM022	1.0	CF3	DEN007	1.0	B	\N	\N	\N	\N	\N	\N	\N	\N	\N	\N	\N	\N	\N	\N	\N	\N	\N	\N
324	1_3_2_3_3_2	投资银行部_债权投资_公司债_3Y		2026-08-14 15:44:09	2026-08-14 15:44:09	NUM100	1.0	NII	\N	\N	\N	\N	\N	\N	\N	\N	\N	\N	\N	\N	\N	\N	\N	\N	\N	\N	\N	\N	\N	NUM086	1.0	NII	DEN056	1.0	AB	NUM100	1.0	NII	DEN060	1.0	AB	NUM100	1.0	NII	DEN060	1.0	AB	\N	\N	\N	\N	\N	\N	NUM059	1.0	B	\N	\N	\N	NUM011	1.0	RWA	\N	\N	\N	NUM022	1.0	CF3	DEN007	1.0	CF3	NUM021	1.0	CF1	\N	\N	\N	NUM006	0.85	B	\N	\N	\N	\N	\N	\N	DEN051	1.0	CF1-6	\N	\N	\N	DEN051	1.0	CF7-12	\N	\N	\N	DEN051	1.0	CF12+	\N	\N	\N	\N	\N	\N	\N	\N	\N	\N	\N	\N	NUM060	1.0	B	\N	\N	\N	NUM022	1.0	CF3	DEN007	1.0	B	\N	\N	\N	\N	\N	\N	\N	\N	\N	\N	\N	\N	\N	\N	\N	\N	\N	\N
325	1_3_2_3_3_3	投资银行部_债权投资_公司债_5Y		2026-08-14 15:44:09	2026-08-14 15:44:09	NUM100	1.0	NII	\N	\N	\N	\N	\N	\N	\N	\N	\N	\N	\N	\N	\N	\N	\N	\N	\N	\N	\N	\N	\N	NUM086	1.0	NII	DEN056	1.0	AB	NUM100	1.0	NII	DEN060	1.0	AB	NUM100	1.0	NII	DEN060	1.0	AB	\N	\N	\N	\N	\N	\N	NUM059	1.0	B	\N	\N	\N	NUM011	1.0	RWA	\N	\N	\N	NUM022	1.0	CF3	DEN007	1.0	CF3	NUM021	1.0	CF1	\N	\N	\N	NUM006	0.85	B	\N	\N	\N	\N	\N	\N	DEN051	1.0	CF1-6	\N	\N	\N	DEN051	1.0	CF7-12	\N	\N	\N	DEN051	1.0	CF12+	\N	\N	\N	\N	\N	\N	\N	\N	\N	\N	\N	\N	NUM060	1.0	B	\N	\N	\N	NUM022	1.0	CF3	DEN007	1.0	B	\N	\N	\N	\N	\N	\N	\N	\N	\N	\N	\N	\N	\N	\N	\N	\N	\N	\N
326	1_3_2_3_3_4	投资银行部_债权投资_公司债_10Y		2026-08-14 15:44:09	2026-08-14 15:44:09	NUM100	1.0	NII	\N	\N	\N	\N	\N	\N	\N	\N	\N	\N	\N	\N	\N	\N	\N	\N	\N	\N	\N	\N	\N	NUM086	1.0	NII	DEN056	1.0	AB	NUM100	1.0	NII	DEN060	1.0	AB	NUM100	1.0	NII	DEN060	1.0	AB	\N	\N	\N	\N	\N	\N	NUM059	1.0	B	\N	\N	\N	NUM011	1.0	RWA	\N	\N	\N	NUM022	1.0	CF3	DEN007	1.0	CF3	NUM021	1.0	CF1	\N	\N	\N	NUM006	0.85	B	\N	\N	\N	\N	\N	\N	DEN051	1.0	CF1-6	\N	\N	\N	DEN051	1.0	CF7-12	\N	\N	\N	DEN051	1.0	CF12+	\N	\N	\N	\N	\N	\N	\N	\N	\N	\N	\N	\N	NUM060	1.0	B	\N	\N	\N	NUM022	1.0	CF3	DEN007	1.0	B	\N	\N	\N	\N	\N	\N	\N	\N	\N	\N	\N	\N	\N	\N	\N	\N	\N	\N
327	1_3_2_3_4_1	投资银行部_债权投资_信托_1Y		2026-08-14 15:44:09	2026-08-14 15:44:09	NUM100	1.0	NII	\N	\N	\N	\N	\N	\N	\N	\N	\N	\N	\N	\N	\N	\N	\N	\N	\N	\N	\N	\N	\N	NUM086	1.0	NII	DEN056	1.0	AB	NUM100	1.0	NII	DEN060	1.0	AB	NUM100	1.0	NII	DEN060	1.0	AB	\N	\N	\N	\N	\N	\N	NUM065	1.0	B	\N	\N	\N	NUM011	1.0	RWA	\N	\N	\N	NUM022	1.0	CF3	DEN007	1.0	CF3	\N	\N	\N	\N	\N	\N	\N	\N	\N	\N	\N	\N	\N	\N	\N	DEN053	1.0	CF1-6	\N	\N	\N	DEN053	1.0	CF7-12	\N	\N	\N	DEN052	1.0	CF12+	\N	\N	\N	\N	\N	\N	\N	\N	\N	\N	\N	\N	NUM061	1.0	B	\N	\N	\N	NUM022	1.0	CF3	DEN007	1.0	B	\N	\N	\N	\N	\N	\N	\N	\N	\N	\N	\N	\N	\N	\N	\N	\N	\N	\N
328	1_3_2_3_4_2	投资银行部_债权投资_信托_3Y		2026-08-14 15:44:09	2026-08-14 15:44:09	NUM100	1.0	NII	\N	\N	\N	\N	\N	\N	\N	\N	\N	\N	\N	\N	\N	\N	\N	\N	\N	\N	\N	\N	\N	NUM086	1.0	NII	DEN056	1.0	AB	NUM100	1.0	NII	DEN060	1.0	AB	NUM100	1.0	NII	DEN060	1.0	AB	\N	\N	\N	\N	\N	\N	NUM065	1.0	B	\N	\N	\N	NUM011	1.0	RWA	\N	\N	\N	NUM022	1.0	CF3	DEN007	1.0	CF3	\N	\N	\N	\N	\N	\N	\N	\N	\N	\N	\N	\N	\N	\N	\N	DEN053	1.0	CF1-6	\N	\N	\N	DEN053	1.0	CF7-12	\N	\N	\N	DEN052	1.0	CF12+	\N	\N	\N	\N	\N	\N	\N	\N	\N	\N	\N	\N	NUM061	1.0	B	\N	\N	\N	NUM022	1.0	CF3	DEN007	1.0	B	\N	\N	\N	\N	\N	\N	\N	\N	\N	\N	\N	\N	\N	\N	\N	\N	\N	\N
329	1_3_2_3_4_3	投资银行部_债权投资_信托_5Y		2026-08-14 15:44:09	2026-08-14 15:44:09	NUM100	1.0	NII	\N	\N	\N	\N	\N	\N	\N	\N	\N	\N	\N	\N	\N	\N	\N	\N	\N	\N	\N	\N	\N	NUM086	1.0	NII	DEN056	1.0	AB	NUM100	1.0	NII	DEN060	1.0	AB	NUM100	1.0	NII	DEN060	1.0	AB	\N	\N	\N	\N	\N	\N	NUM065	1.0	B	\N	\N	\N	NUM011	1.0	RWA	\N	\N	\N	NUM022	1.0	CF3	DEN007	1.0	CF3	\N	\N	\N	\N	\N	\N	\N	\N	\N	\N	\N	\N	\N	\N	\N	DEN053	1.0	CF1-6	\N	\N	\N	DEN053	1.0	CF7-12	\N	\N	\N	DEN052	1.0	CF12+	\N	\N	\N	\N	\N	\N	\N	\N	\N	\N	\N	\N	NUM061	1.0	B	\N	\N	\N	NUM022	1.0	CF3	DEN007	1.0	B	\N	\N	\N	\N	\N	\N	\N	\N	\N	\N	\N	\N	\N	\N	\N	\N	\N	\N
330	1_3_2_3_5_1	投资银行部_债权投资_资管计划_1Y		2026-08-14 15:44:09	2026-08-14 15:44:09	NUM100	1.0	NII	\N	\N	\N	\N	\N	\N	\N	\N	\N	\N	\N	\N	\N	\N	\N	\N	\N	\N	\N	\N	\N	NUM086	1.0	NII	DEN056	1.0	AB	NUM100	1.0	NII	DEN060	1.0	AB	NUM100	1.0	NII	DEN060	1.0	AB	\N	\N	\N	\N	\N	\N	NUM065	1.0	B	\N	\N	\N	NUM011	1.0	RWA	\N	\N	\N	NUM022	1.0	CF3	DEN007	1.0	CF3	\N	\N	\N	\N	\N	\N	\N	\N	\N	\N	\N	\N	\N	\N	\N	DEN053	1.0	CF1-6	\N	\N	\N	DEN053	1.0	CF7-12	\N	\N	\N	DEN052	1.0	CF12+	\N	\N	\N	\N	\N	\N	\N	\N	\N	\N	\N	\N	NUM061	1.0	B	\N	\N	\N	NUM022	1.0	CF3	DEN007	1.0	B	\N	\N	\N	\N	\N	\N	\N	\N	\N	\N	\N	\N	\N	\N	\N	\N	\N	\N
331	1_3_2_3_5_2	投资银行部_债权投资_资管计划_3Y		2026-08-14 15:44:09	2026-08-14 15:44:09	NUM100	1.0	NII	\N	\N	\N	\N	\N	\N	\N	\N	\N	\N	\N	\N	\N	\N	\N	\N	\N	\N	\N	\N	\N	NUM086	1.0	NII	DEN056	1.0	AB	NUM100	1.0	NII	DEN060	1.0	AB	NUM100	1.0	NII	DEN060	1.0	AB	\N	\N	\N	\N	\N	\N	NUM065	1.0	B	\N	\N	\N	NUM011	1.0	RWA	\N	\N	\N	NUM022	1.0	CF3	DEN007	1.0	CF3	\N	\N	\N	\N	\N	\N	\N	\N	\N	\N	\N	\N	\N	\N	\N	DEN053	1.0	CF1-6	\N	\N	\N	DEN053	1.0	CF7-12	\N	\N	\N	DEN052	1.0	CF12+	\N	\N	\N	\N	\N	\N	\N	\N	\N	\N	\N	\N	NUM061	1.0	B	\N	\N	\N	NUM022	1.0	CF3	DEN007	1.0	B	\N	\N	\N	\N	\N	\N	\N	\N	\N	\N	\N	\N	\N	\N	\N	\N	\N	\N
332	1_3_2_3_5_3	投资银行部_债权投资_资管计划_5Y		2026-08-14 15:44:09	2026-08-14 15:44:09	NUM100	1.0	NII	\N	\N	\N	\N	\N	\N	\N	\N	\N	\N	\N	\N	\N	\N	\N	\N	\N	\N	\N	\N	\N	NUM086	1.0	NII	DEN056	1.0	AB	NUM100	1.0	NII	DEN060	1.0	AB	NUM100	1.0	NII	DEN060	1.0	AB	\N	\N	\N	\N	\N	\N	NUM065	1.0	B	\N	\N	\N	NUM011	1.0	RWA	\N	\N	\N	NUM022	1.0	CF3	DEN007	1.0	CF3	\N	\N	\N	\N	\N	\N	\N	\N	\N	\N	\N	\N	\N	\N	\N	DEN053	1.0	CF1-6	\N	\N	\N	DEN053	1.0	CF7-12	\N	\N	\N	DEN052	1.0	CF12+	\N	\N	\N	\N	\N	\N	\N	\N	\N	\N	\N	\N	NUM061	1.0	B	\N	\N	\N	NUM022	1.0	CF3	DEN007	1.0	B	\N	\N	\N	\N	\N	\N	\N	\N	\N	\N	\N	\N	\N	\N	\N	\N	\N	\N
333	1_3_2_3_6_1	投资银行部_债权投资_债权融资计划_1Y		2026-08-14 15:44:09	2026-08-14 15:44:09	NUM100	1.0	NII	\N	\N	\N	\N	\N	\N	\N	\N	\N	\N	\N	\N	\N	\N	\N	\N	\N	\N	\N	\N	\N	NUM086	1.0	NII	DEN056	1.0	AB	NUM100	1.0	NII	DEN060	1.0	AB	NUM100	1.0	NII	DEN060	1.0	AB	\N	\N	\N	\N	\N	\N	NUM065	1.0	B	\N	\N	\N	NUM011	1.0	RWA	\N	\N	\N	NUM022	1.0	CF3	DEN007	1.0	CF3	\N	\N	\N	\N	\N	\N	\N	\N	\N	\N	\N	\N	\N	\N	\N	DEN053	1.0	CF1-6	\N	\N	\N	DEN053	1.0	CF7-12	\N	\N	\N	DEN052	1.0	CF12+	\N	\N	\N	\N	\N	\N	\N	\N	\N	\N	\N	\N	NUM061	1.0	B	\N	\N	\N	NUM022	1.0	CF3	DEN007	1.0	B	\N	\N	\N	\N	\N	\N	\N	\N	\N	\N	\N	\N	\N	\N	\N	\N	\N	\N
334	1_3_2_3_6_2	投资银行部_债权投资_债权融资计划_3Y		2026-08-14 15:44:09	2026-08-14 15:44:09	NUM100	1.0	NII	\N	\N	\N	\N	\N	\N	\N	\N	\N	\N	\N	\N	\N	\N	\N	\N	\N	\N	\N	\N	\N	NUM086	1.0	NII	DEN056	1.0	AB	NUM100	1.0	NII	DEN060	1.0	AB	NUM100	1.0	NII	DEN060	1.0	AB	\N	\N	\N	\N	\N	\N	NUM065	1.0	B	\N	\N	\N	NUM011	1.0	RWA	\N	\N	\N	NUM022	1.0	CF3	DEN007	1.0	CF3	\N	\N	\N	\N	\N	\N	\N	\N	\N	\N	\N	\N	\N	\N	\N	DEN053	1.0	CF1-6	\N	\N	\N	DEN053	1.0	CF7-12	\N	\N	\N	DEN052	1.0	CF12+	\N	\N	\N	\N	\N	\N	\N	\N	\N	\N	\N	\N	NUM061	1.0	B	\N	\N	\N	NUM022	1.0	CF3	DEN007	1.0	B	\N	\N	\N	\N	\N	\N	\N	\N	\N	\N	\N	\N	\N	\N	\N	\N	\N	\N
335	1_3_2_3_6_3	投资银行部_债权投资_债权融资计划_5Y		2026-08-14 15:44:09	2026-08-14 15:44:09	NUM100	1.0	NII	\N	\N	\N	\N	\N	\N	\N	\N	\N	\N	\N	\N	\N	\N	\N	\N	\N	\N	\N	\N	\N	NUM086	1.0	NII	DEN056	1.0	AB	NUM100	1.0	NII	DEN060	1.0	AB	NUM100	1.0	NII	DEN060	1.0	AB	\N	\N	\N	\N	\N	\N	NUM065	1.0	B	\N	\N	\N	NUM011	1.0	RWA	\N	\N	\N	NUM022	1.0	CF3	DEN007	1.0	CF3	\N	\N	\N	\N	\N	\N	\N	\N	\N	\N	\N	\N	\N	\N	\N	DEN053	1.0	CF1-6	\N	\N	\N	DEN053	1.0	CF7-12	\N	\N	\N	DEN052	1.0	CF12+	\N	\N	\N	\N	\N	\N	\N	\N	\N	\N	\N	\N	NUM061	1.0	B	\N	\N	\N	NUM022	1.0	CF3	DEN007	1.0	B	\N	\N	\N	\N	\N	\N	\N	\N	\N	\N	\N	\N	\N	\N	\N	\N	\N	\N
336	1_3_2_3_7_1	投资银行部_债权投资_私募基金_1Y		2026-08-14 15:44:09	2026-08-14 15:44:09	NUM100	1.0	NII	\N	\N	\N	\N	\N	\N	\N	\N	\N	\N	\N	\N	\N	\N	\N	\N	\N	\N	\N	\N	\N	NUM086	1.0	NII	DEN056	1.0	AB	NUM100	1.0	NII	DEN060	1.0	AB	NUM100	1.0	NII	DEN060	1.0	AB	\N	\N	\N	\N	\N	\N	NUM065	1.0	B	\N	\N	\N	NUM011	1.0	RWA	\N	\N	\N	NUM022	1.0	CF3	DEN007	1.0	CF3	\N	\N	\N	\N	\N	\N	\N	\N	\N	\N	\N	\N	\N	\N	\N	DEN053	1.0	CF1-6	\N	\N	\N	DEN053	1.0	CF7-12	\N	\N	\N	DEN052	1.0	CF12+	\N	\N	\N	\N	\N	\N	\N	\N	\N	\N	\N	\N	NUM061	1.0	B	\N	\N	\N	NUM022	1.0	CF3	DEN007	1.0	B	\N	\N	\N	\N	\N	\N	\N	\N	\N	\N	\N	\N	\N	\N	\N	\N	\N	\N
337	1_3_2_3_7_2	投资银行部_债权投资_私募基金_3Y		2026-08-14 15:44:09	2026-08-14 15:44:09	NUM100	1.0	NII	\N	\N	\N	\N	\N	\N	\N	\N	\N	\N	\N	\N	\N	\N	\N	\N	\N	\N	\N	\N	\N	NUM086	1.0	NII	DEN056	1.0	AB	NUM100	1.0	NII	DEN060	1.0	AB	NUM100	1.0	NII	DEN060	1.0	AB	\N	\N	\N	\N	\N	\N	NUM065	1.0	B	\N	\N	\N	NUM011	1.0	RWA	\N	\N	\N	NUM022	1.0	CF3	DEN007	1.0	CF3	\N	\N	\N	\N	\N	\N	\N	\N	\N	\N	\N	\N	\N	\N	\N	DEN053	1.0	CF1-6	\N	\N	\N	DEN053	1.0	CF7-12	\N	\N	\N	DEN052	1.0	CF12+	\N	\N	\N	\N	\N	\N	\N	\N	\N	\N	\N	\N	NUM061	1.0	B	\N	\N	\N	NUM022	1.0	CF3	DEN007	1.0	B	\N	\N	\N	\N	\N	\N	\N	\N	\N	\N	\N	\N	\N	\N	\N	\N	\N	\N
338	1_3_2_3_7_3	投资银行部_债权投资_私募基金_5Y		2026-08-14 15:44:09	2026-08-14 15:44:09	NUM100	1.0	NII	\N	\N	\N	\N	\N	\N	\N	\N	\N	\N	\N	\N	\N	\N	\N	\N	\N	\N	\N	\N	\N	NUM086	1.0	NII	DEN056	1.0	AB	NUM100	1.0	NII	DEN060	1.0	AB	NUM100	1.0	NII	DEN060	1.0	AB	\N	\N	\N	\N	\N	\N	NUM065	1.0	B	\N	\N	\N	NUM011	1.0	RWA	\N	\N	\N	NUM022	1.0	CF3	DEN007	1.0	CF3	\N	\N	\N	\N	\N	\N	\N	\N	\N	\N	\N	\N	\N	\N	\N	DEN053	1.0	CF1-6	\N	\N	\N	DEN053	1.0	CF7-12	\N	\N	\N	DEN052	1.0	CF12+	\N	\N	\N	\N	\N	\N	\N	\N	\N	\N	\N	\N	NUM061	1.0	B	\N	\N	\N	NUM022	1.0	CF3	DEN007	1.0	B	\N	\N	\N	\N	\N	\N	\N	\N	\N	\N	\N	\N	\N	\N	\N	\N	\N	\N
339	1_3_2_3_8_1	投资银行部_债权投资_公募基金_3Y		2026-08-14 15:44:09	2026-08-14 15:44:09	NUM100	1.0	NII	\N	\N	\N	\N	\N	\N	\N	\N	\N	\N	\N	\N	\N	\N	\N	\N	\N	\N	\N	\N	\N	NUM086	1.0	NII	DEN056	1.0	AB	NUM100	1.0	NII	DEN060	1.0	AB	NUM100	1.0	NII	DEN060	1.0	AB	\N	\N	\N	\N	\N	\N	NUM065	1.0	B	\N	\N	\N	NUM011	1.0	RWA	\N	\N	\N	NUM022	1.0	CF3	DEN007	1.0	CF3	\N	\N	\N	\N	\N	\N	\N	\N	\N	\N	\N	\N	\N	\N	\N	DEN053	1.0	CF1-6	\N	\N	\N	DEN053	1.0	CF7-12	\N	\N	\N	DEN052	1.0	CF12+	\N	\N	\N	\N	\N	\N	\N	\N	\N	\N	\N	\N	NUM061	1.0	B	\N	\N	\N	NUM022	1.0	CF3	DEN007	1.0	B	\N	\N	\N	\N	\N	\N	\N	\N	\N	\N	\N	\N	\N	\N	\N	\N	\N	\N
340	1_3_2_3_9_1	投资银行部_债权投资_融资租赁_1Y		2026-08-14 15:44:09	2026-08-14 15:44:09	NUM100	1.0	NII	\N	\N	\N	\N	\N	\N	\N	\N	\N	\N	\N	\N	\N	\N	\N	\N	\N	\N	\N	\N	\N	NUM086	1.0	NII	DEN056	1.0	AB	NUM100	1.0	NII	DEN060	1.0	AB	NUM100	1.0	NII	DEN060	1.0	AB	\N	\N	\N	\N	\N	\N	NUM065	1.0	B	\N	\N	\N	NUM011	1.0	RWA	\N	\N	\N	NUM022	1.0	CF3	DEN007	1.0	CF3	\N	\N	\N	\N	\N	\N	\N	\N	\N	\N	\N	\N	\N	\N	\N	DEN053	1.0	CF1-6	\N	\N	\N	DEN053	1.0	CF7-12	\N	\N	\N	DEN052	1.0	CF12+	\N	\N	\N	\N	\N	\N	\N	\N	\N	\N	\N	\N	NUM061	1.0	B	\N	\N	\N	NUM022	1.0	CF3	DEN007	1.0	B	\N	\N	\N	\N	\N	\N	\N	\N	\N	\N	\N	\N	\N	\N	\N	\N	\N	\N
341	1_3_2_3_9_2	投资银行部_债权投资_融资租赁_3Y		2026-08-14 15:44:09	2026-08-14 15:44:09	NUM100	1.0	NII	\N	\N	\N	\N	\N	\N	\N	\N	\N	\N	\N	\N	\N	\N	\N	\N	\N	\N	\N	\N	\N	NUM086	1.0	NII	DEN056	1.0	AB	NUM100	1.0	NII	DEN060	1.0	AB	NUM100	1.0	NII	DEN060	1.0	AB	\N	\N	\N	\N	\N	\N	NUM065	1.0	B	\N	\N	\N	NUM011	1.0	RWA	\N	\N	\N	NUM022	1.0	CF3	DEN007	1.0	CF3	\N	\N	\N	\N	\N	\N	\N	\N	\N	\N	\N	\N	\N	\N	\N	DEN053	1.0	CF1-6	\N	\N	\N	DEN053	1.0	CF7-12	\N	\N	\N	DEN052	1.0	CF12+	\N	\N	\N	\N	\N	\N	\N	\N	\N	\N	\N	\N	NUM061	1.0	B	\N	\N	\N	NUM022	1.0	CF3	DEN007	1.0	B	\N	\N	\N	\N	\N	\N	\N	\N	\N	\N	\N	\N	\N	\N	\N	\N	\N	\N
342	1_3_2_3_9_3	投资银行部_债权投资_融资租赁_5Y		2026-08-14 15:44:09	2026-08-14 15:44:09	NUM100	1.0	NII	\N	\N	\N	\N	\N	\N	\N	\N	\N	\N	\N	\N	\N	\N	\N	\N	\N	\N	\N	\N	\N	NUM086	1.0	NII	DEN056	1.0	AB	NUM100	1.0	NII	DEN060	1.0	AB	NUM100	1.0	NII	DEN060	1.0	AB	\N	\N	\N	\N	\N	\N	NUM065	1.0	B	\N	\N	\N	NUM011	1.0	RWA	\N	\N	\N	NUM022	1.0	CF3	DEN007	1.0	CF3	\N	\N	\N	\N	\N	\N	\N	\N	\N	\N	\N	\N	\N	\N	\N	DEN053	1.0	CF1-6	\N	\N	\N	DEN053	1.0	CF7-12	\N	\N	\N	DEN052	1.0	CF12+	\N	\N	\N	\N	\N	\N	\N	\N	\N	\N	\N	\N	NUM061	1.0	B	\N	\N	\N	NUM022	1.0	CF3	DEN007	1.0	B	\N	\N	\N	\N	\N	\N	\N	\N	\N	\N	\N	\N	\N	\N	\N	\N	\N	\N
343	1_3_2_3_10_1	投资银行部_债权投资_其他_1Y		2026-08-14 15:44:09	2026-08-14 15:44:09	NUM100	1.0	NII	\N	\N	\N	\N	\N	\N	\N	\N	\N	\N	\N	\N	\N	\N	\N	\N	\N	\N	\N	\N	\N	NUM086	1.0	NII	DEN056	1.0	AB	NUM100	1.0	NII	DEN060	1.0	AB	NUM100	1.0	NII	DEN060	1.0	AB	\N	\N	\N	\N	\N	\N	NUM065	1.0	B	\N	\N	\N	NUM011	1.0	RWA	\N	\N	\N	NUM022	1.0	CF3	DEN007	1.0	CF3	NUM024	1.0	CF1	\N	\N	\N	\N	\N	\N	\N	\N	\N	\N	\N	\N	DEN053	1.0	CF1-6	\N	\N	\N	DEN053	1.0	CF7-12	\N	\N	\N	DEN052	1.0	CF12+	\N	\N	\N	\N	\N	\N	\N	\N	\N	\N	\N	\N	NUM061	1.0	B	\N	\N	\N	NUM022	1.0	CF3	DEN007	1.0	B	\N	\N	\N	\N	\N	\N	\N	\N	\N	\N	\N	\N	\N	\N	\N	\N	\N	\N
344	1_3_2_3_10_2	投资银行部_债权投资_其他_3Y		2026-08-14 15:44:09	2026-08-14 15:44:09	NUM100	1.0	NII	\N	\N	\N	\N	\N	\N	\N	\N	\N	\N	\N	\N	\N	\N	\N	\N	\N	\N	\N	\N	\N	NUM086	1.0	NII	DEN056	1.0	AB	NUM100	1.0	NII	DEN060	1.0	AB	NUM100	1.0	NII	DEN060	1.0	AB	\N	\N	\N	\N	\N	\N	NUM065	1.0	B	\N	\N	\N	NUM011	1.0	RWA	\N	\N	\N	NUM022	1.0	CF3	DEN007	1.0	CF3	NUM024	1.0	CF1	\N	\N	\N	\N	\N	\N	\N	\N	\N	\N	\N	\N	DEN053	1.0	CF1-6	\N	\N	\N	DEN053	1.0	CF7-12	\N	\N	\N	DEN052	1.0	CF12+	\N	\N	\N	\N	\N	\N	\N	\N	\N	\N	\N	\N	NUM061	1.0	B	\N	\N	\N	NUM022	1.0	CF3	DEN007	1.0	B	\N	\N	\N	\N	\N	\N	\N	\N	\N	\N	\N	\N	\N	\N	\N	\N	\N	\N
345	1_3_2_3_10_3	投资银行部_债权投资_其他_5Y		2026-08-14 15:44:09	2026-08-14 15:44:09	NUM100	1.0	NII	\N	\N	\N	\N	\N	\N	\N	\N	\N	\N	\N	\N	\N	\N	\N	\N	\N	\N	\N	\N	\N	NUM086	1.0	NII	DEN056	1.0	AB	NUM100	1.0	NII	DEN060	1.0	AB	NUM100	1.0	NII	DEN060	1.0	AB	\N	\N	\N	\N	\N	\N	NUM065	1.0	B	\N	\N	\N	NUM011	1.0	RWA	\N	\N	\N	NUM022	1.0	CF3	DEN007	1.0	CF3	NUM024	1.0	CF1	\N	\N	\N	\N	\N	\N	\N	\N	\N	\N	\N	\N	DEN053	1.0	CF1-6	\N	\N	\N	DEN053	1.0	CF7-12	\N	\N	\N	DEN052	1.0	CF12+	\N	\N	\N	\N	\N	\N	\N	\N	\N	\N	\N	\N	NUM061	1.0	B	\N	\N	\N	NUM022	1.0	CF3	DEN007	1.0	B	\N	\N	\N	\N	\N	\N	\N	\N	\N	\N	\N	\N	\N	\N	\N	\N	\N	\N
346	1_3_2_4_1	投资银行部_其他权益工具投资_5Y		2026-08-14 15:44:09	2026-08-14 15:44:09	NUM100	1.0	NII	\N	\N	\N	\N	\N	\N	\N	\N	\N	\N	\N	\N	\N	\N	\N	\N	\N	\N	\N	\N	\N	NUM086	1.0	NII	DEN056	1.0	AB	NUM100	1.0	NII	DEN060	1.0	AB	NUM100	1.0	NII	DEN060	1.0	AB	\N	\N	\N	\N	\N	\N	NUM065	1.0	B	\N	\N	\N	NUM011	1.0	RWA	\N	\N	\N	NUM022	1.0	CF3	DEN007	1.0	CF3	\N	\N	\N	\N	\N	\N	\N	\N	\N	\N	\N	\N	\N	\N	\N	DEN053	1.0	CF1-6	\N	\N	\N	DEN053	1.0	CF7-12	\N	\N	\N	DEN052	1.0	CF12+	\N	\N	\N	\N	\N	\N	\N	\N	\N	\N	\N	\N	NUM066	1.0	B	\N	\N	\N	NUM022	1.0	CF3	DEN007	1.0	B	\N	\N	\N	\N	\N	\N	\N	\N	\N	\N	\N	\N	\N	\N	\N	\N	\N	\N
347	1_4_1_1_1	个金条线_个人经营贷款_3M		2026-08-14 15:44:09	2026-08-14 15:44:09	NUM100	1.0	NII	\N	\N	\N	NUM104	1.0	B	\N	\N	\N	\N	\N	\N	\N	\N	\N	NUM087	1.0	NII	DEN057	1.0	AB	\N	\N	\N	\N	\N	\N	NUM100	1.0	NII	DEN060	1.0	AB	NUM100	1.0	NII	DEN060	1.0	AB	\N	\N	\N	\N	\N	\N	NUM087	1.0	B	\N	\N	\N	NUM014	1.0	RWA	\N	\N	\N	NUM020	1.0	CF3	DEN006	1.0	CF3	NUM019	1.0	CF1	\N	\N	\N	\N	\N	\N	DEN027	-1.0	CF1	\N	\N	\N	DEN045	1.0	CF1-6	\N	\N	\N	DEN045	1.0	CF7-12	\N	\N	\N	DEN044	1.0	CF12+	\N	\N	\N	\N	\N	\N	\N	\N	\N	\N	\N	\N	NUM051	1.0	B	\N	\N	\N	NUM020	1.0	CF3	DEN006	1.0	B	\N	\N	\N	\N	\N	\N	\N	\N	\N	\N	\N	\N	\N	\N	\N	\N	\N	\N
348	1_4_1_1_2	个金条线_个人经营贷款_6M		2026-08-14 15:44:09	2026-08-14 15:44:09	NUM100	1.0	NII	\N	\N	\N	NUM104	1.0	B	\N	\N	\N	\N	\N	\N	\N	\N	\N	NUM087	1.0	NII	DEN057	1.0	AB	\N	\N	\N	\N	\N	\N	NUM100	1.0	NII	DEN060	1.0	AB	NUM100	1.0	NII	DEN060	1.0	AB	\N	\N	\N	\N	\N	\N	NUM087	1.0	B	\N	\N	\N	NUM014	1.0	RWA	\N	\N	\N	NUM020	1.0	CF3	DEN006	1.0	CF3	NUM019	1.0	CF1	\N	\N	\N	\N	\N	\N	DEN027	-1.0	CF1	\N	\N	\N	DEN045	1.0	CF1-6	\N	\N	\N	DEN045	1.0	CF7-12	\N	\N	\N	DEN044	1.0	CF12+	\N	\N	\N	\N	\N	\N	\N	\N	\N	\N	\N	\N	NUM051	1.0	B	\N	\N	\N	NUM020	1.0	CF3	DEN006	1.0	B	\N	\N	\N	\N	\N	\N	\N	\N	\N	\N	\N	\N	\N	\N	\N	\N	\N	\N
349	1_4_1_1_3	个金条线_个人经营贷款_1Y		2026-08-14 15:44:09	2026-08-14 15:44:09	NUM100	1.0	NII	\N	\N	\N	NUM104	1.0	B	\N	\N	\N	\N	\N	\N	\N	\N	\N	NUM087	1.0	NII	DEN057	1.0	AB	\N	\N	\N	\N	\N	\N	NUM100	1.0	NII	DEN060	1.0	AB	NUM100	1.0	NII	DEN060	1.0	AB	\N	\N	\N	\N	\N	\N	NUM087	1.0	B	\N	\N	\N	NUM014	1.0	RWA	\N	\N	\N	NUM020	1.0	CF3	DEN006	1.0	CF3	NUM019	1.0	CF1	\N	\N	\N	\N	\N	\N	DEN027	-1.0	CF1	\N	\N	\N	DEN045	1.0	CF1-6	\N	\N	\N	DEN045	1.0	CF7-12	\N	\N	\N	DEN044	1.0	CF12+	\N	\N	\N	\N	\N	\N	\N	\N	\N	\N	\N	\N	NUM051	1.0	B	\N	\N	\N	NUM020	1.0	CF3	DEN006	1.0	B	\N	\N	\N	\N	\N	\N	\N	\N	\N	\N	\N	\N	\N	\N	\N	\N	\N	\N
350	1_4_1_1_4	个金条线_个人经营贷款_2Y		2026-08-14 15:44:09	2026-08-14 15:44:09	NUM100	1.0	NII	\N	\N	\N	NUM104	1.0	B	\N	\N	\N	\N	\N	\N	\N	\N	\N	NUM087	1.0	NII	DEN057	1.0	AB	\N	\N	\N	\N	\N	\N	NUM100	1.0	NII	DEN060	1.0	AB	NUM100	1.0	NII	DEN060	1.0	AB	\N	\N	\N	\N	\N	\N	NUM087	1.0	B	\N	\N	\N	NUM014	1.0	RWA	\N	\N	\N	NUM020	1.0	CF3	DEN006	1.0	CF3	NUM019	1.0	CF1	\N	\N	\N	\N	\N	\N	DEN027	-1.0	CF1	\N	\N	\N	DEN045	1.0	CF1-6	\N	\N	\N	DEN045	1.0	CF7-12	\N	\N	\N	DEN044	1.0	CF12+	\N	\N	\N	\N	\N	\N	\N	\N	\N	\N	\N	\N	NUM051	1.0	B	\N	\N	\N	NUM020	1.0	CF3	DEN006	1.0	B	\N	\N	\N	\N	\N	\N	\N	\N	\N	\N	\N	\N	\N	\N	\N	\N	\N	\N
351	1_4_1_1_5	个金条线_个人经营贷款_3Y		2026-08-14 15:44:09	2026-08-14 15:44:09	NUM100	1.0	NII	\N	\N	\N	NUM104	1.0	B	\N	\N	\N	\N	\N	\N	\N	\N	\N	NUM087	1.0	NII	DEN057	1.0	AB	\N	\N	\N	\N	\N	\N	NUM100	1.0	NII	DEN060	1.0	AB	NUM100	1.0	NII	DEN060	1.0	AB	\N	\N	\N	\N	\N	\N	NUM087	1.0	B	\N	\N	\N	NUM014	1.0	RWA	\N	\N	\N	NUM020	1.0	CF3	DEN006	1.0	CF3	NUM019	1.0	CF1	\N	\N	\N	\N	\N	\N	DEN027	-1.0	CF1	\N	\N	\N	DEN045	1.0	CF1-6	\N	\N	\N	DEN045	1.0	CF7-12	\N	\N	\N	DEN044	1.0	CF12+	\N	\N	\N	\N	\N	\N	\N	\N	\N	\N	\N	\N	NUM051	1.0	B	\N	\N	\N	NUM020	1.0	CF3	DEN006	1.0	B	\N	\N	\N	\N	\N	\N	\N	\N	\N	\N	\N	\N	\N	\N	\N	\N	\N	\N
352	1_4_1_2_1_1	个金条线_便民贷_3M		2026-08-14 15:44:09	2026-08-14 15:44:09	NUM100	1.0	NII	\N	\N	\N	NUM104	1.0	B	\N	\N	\N	\N	\N	\N	\N	\N	\N	NUM087	1.0	NII	DEN057	1.0	AB	\N	\N	\N	\N	\N	\N	NUM100	1.0	NII	DEN060	1.0	AB	NUM100	1.0	NII	DEN060	1.0	AB	\N	\N	\N	\N	\N	\N	NUM087	1.0	B	\N	\N	\N	NUM014	1.0	RWA	\N	\N	\N	NUM020	1.0	CF3	DEN006	1.0	CF3	NUM019	1.0	CF1	\N	\N	\N	\N	\N	\N	DEN027	-1.0	CF1	\N	\N	\N	DEN045	1.0	CF1-6	\N	\N	\N	DEN045	1.0	CF7-12	\N	\N	\N	DEN044	1.0	CF12+	\N	\N	\N	\N	\N	\N	\N	\N	\N	\N	\N	\N	NUM050	1.0	B	\N	\N	\N	NUM020	1.0	CF3	DEN006	1.0	B	\N	\N	\N	\N	\N	\N	\N	\N	\N	\N	\N	\N	\N	\N	\N	\N	\N	\N
353	1_4_1_2_1_2	个金条线_便民贷_6M		2026-08-14 15:44:09	2026-08-14 15:44:09	NUM100	1.0	NII	\N	\N	\N	NUM104	1.0	B	\N	\N	\N	\N	\N	\N	\N	\N	\N	NUM087	1.0	NII	DEN057	1.0	AB	\N	\N	\N	\N	\N	\N	NUM100	1.0	NII	DEN060	1.0	AB	NUM100	1.0	NII	DEN060	1.0	AB	\N	\N	\N	\N	\N	\N	NUM087	1.0	B	\N	\N	\N	NUM014	1.0	RWA	\N	\N	\N	NUM020	1.0	CF3	DEN006	1.0	CF3	NUM019	1.0	CF1	\N	\N	\N	\N	\N	\N	DEN027	-1.0	CF1	\N	\N	\N	DEN045	1.0	CF1-6	\N	\N	\N	DEN045	1.0	CF7-12	\N	\N	\N	DEN044	1.0	CF12+	\N	\N	\N	\N	\N	\N	\N	\N	\N	\N	\N	\N	NUM050	1.0	B	\N	\N	\N	NUM020	1.0	CF3	DEN006	1.0	B	\N	\N	\N	\N	\N	\N	\N	\N	\N	\N	\N	\N	\N	\N	\N	\N	\N	\N
354	1_4_1_2_1_3	个金条线_便民贷_1Y		2026-08-14 15:44:09	2026-08-14 15:44:09	NUM100	1.0	NII	\N	\N	\N	NUM104	1.0	B	\N	\N	\N	\N	\N	\N	\N	\N	\N	NUM087	1.0	NII	DEN057	1.0	AB	\N	\N	\N	\N	\N	\N	NUM100	1.0	NII	DEN060	1.0	AB	NUM100	1.0	NII	DEN060	1.0	AB	\N	\N	\N	\N	\N	\N	NUM087	1.0	B	\N	\N	\N	NUM014	1.0	RWA	\N	\N	\N	NUM020	1.0	CF3	DEN006	1.0	CF3	NUM019	1.0	CF1	\N	\N	\N	\N	\N	\N	DEN027	-1.0	CF1	\N	\N	\N	DEN045	1.0	CF1-6	\N	\N	\N	DEN045	1.0	CF7-12	\N	\N	\N	DEN044	1.0	CF12+	\N	\N	\N	\N	\N	\N	\N	\N	\N	\N	\N	\N	NUM050	1.0	B	\N	\N	\N	NUM020	1.0	CF3	DEN006	1.0	B	\N	\N	\N	\N	\N	\N	\N	\N	\N	\N	\N	\N	\N	\N	\N	\N	\N	\N
355	1_4_1_2_1_4	个金条线_便民贷_2Y		2026-08-14 15:44:09	2026-08-14 15:44:09	NUM100	1.0	NII	\N	\N	\N	NUM104	1.0	B	\N	\N	\N	\N	\N	\N	\N	\N	\N	NUM087	1.0	NII	DEN057	1.0	AB	\N	\N	\N	\N	\N	\N	NUM100	1.0	NII	DEN060	1.0	AB	NUM100	1.0	NII	DEN060	1.0	AB	\N	\N	\N	\N	\N	\N	NUM087	1.0	B	\N	\N	\N	NUM014	1.0	RWA	\N	\N	\N	NUM020	1.0	CF3	DEN006	1.0	CF3	NUM019	1.0	CF1	\N	\N	\N	\N	\N	\N	DEN027	-1.0	CF1	\N	\N	\N	DEN045	1.0	CF1-6	\N	\N	\N	DEN045	1.0	CF7-12	\N	\N	\N	DEN044	1.0	CF12+	\N	\N	\N	\N	\N	\N	\N	\N	\N	\N	\N	\N	NUM050	1.0	B	\N	\N	\N	NUM020	1.0	CF3	DEN006	1.0	B	\N	\N	\N	\N	\N	\N	\N	\N	\N	\N	\N	\N	\N	\N	\N	\N	\N	\N
356	1_4_1_2_1_5	个金条线_便民贷_3Y		2026-08-14 15:44:09	2026-08-14 15:44:09	NUM100	1.0	NII	\N	\N	\N	NUM104	1.0	B	\N	\N	\N	\N	\N	\N	\N	\N	\N	NUM087	1.0	NII	DEN057	1.0	AB	\N	\N	\N	\N	\N	\N	NUM100	1.0	NII	DEN060	1.0	AB	NUM100	1.0	NII	DEN060	1.0	AB	\N	\N	\N	\N	\N	\N	NUM087	1.0	B	\N	\N	\N	NUM014	1.0	RWA	\N	\N	\N	NUM020	1.0	CF3	DEN006	1.0	CF3	NUM019	1.0	CF1	\N	\N	\N	\N	\N	\N	DEN027	-1.0	CF1	\N	\N	\N	DEN045	1.0	CF1-6	\N	\N	\N	DEN045	1.0	CF7-12	\N	\N	\N	DEN044	1.0	CF12+	\N	\N	\N	\N	\N	\N	\N	\N	\N	\N	\N	\N	NUM050	1.0	B	\N	\N	\N	NUM020	1.0	CF3	DEN006	1.0	B	\N	\N	\N	\N	\N	\N	\N	\N	\N	\N	\N	\N	\N	\N	\N	\N	\N	\N
357	1_4_1_2_2_1	个金条线_公积金秒贷_3M		2026-08-14 15:44:09	2026-08-14 15:44:09	NUM100	1.0	NII	\N	\N	\N	NUM104	1.0	B	\N	\N	\N	\N	\N	\N	\N	\N	\N	NUM087	1.0	NII	DEN057	1.0	AB	\N	\N	\N	\N	\N	\N	NUM100	1.0	NII	DEN060	1.0	AB	NUM100	1.0	NII	DEN060	1.0	AB	\N	\N	\N	\N	\N	\N	NUM087	1.0	B	\N	\N	\N	NUM014	1.0	RWA	\N	\N	\N	NUM020	1.0	CF3	DEN006	1.0	CF3	NUM019	1.0	CF1	\N	\N	\N	\N	\N	\N	DEN027	-1.0	CF1	\N	\N	\N	DEN045	1.0	CF1-6	\N	\N	\N	DEN045	1.0	CF7-12	\N	\N	\N	DEN044	1.0	CF12+	\N	\N	\N	\N	\N	\N	\N	\N	\N	\N	\N	\N	NUM050	1.0	B	\N	\N	\N	NUM020	1.0	CF3	DEN006	1.0	B	\N	\N	\N	\N	\N	\N	\N	\N	\N	\N	\N	\N	\N	\N	\N	\N	\N	\N
358	1_4_1_2_2_2	个金条线_公积金秒贷_6M		2026-08-14 15:44:09	2026-08-14 15:44:09	NUM100	1.0	NII	\N	\N	\N	NUM104	1.0	B	\N	\N	\N	\N	\N	\N	\N	\N	\N	NUM087	1.0	NII	DEN057	1.0	AB	\N	\N	\N	\N	\N	\N	NUM100	1.0	NII	DEN060	1.0	AB	NUM100	1.0	NII	DEN060	1.0	AB	\N	\N	\N	\N	\N	\N	NUM087	1.0	B	\N	\N	\N	NUM014	1.0	RWA	\N	\N	\N	NUM020	1.0	CF3	DEN006	1.0	CF3	NUM019	1.0	CF1	\N	\N	\N	\N	\N	\N	DEN027	-1.0	CF1	\N	\N	\N	DEN045	1.0	CF1-6	\N	\N	\N	DEN045	1.0	CF7-12	\N	\N	\N	DEN044	1.0	CF12+	\N	\N	\N	\N	\N	\N	\N	\N	\N	\N	\N	\N	NUM050	1.0	B	\N	\N	\N	NUM020	1.0	CF3	DEN006	1.0	B	\N	\N	\N	\N	\N	\N	\N	\N	\N	\N	\N	\N	\N	\N	\N	\N	\N	\N
359	1_4_1_2_2_3	个金条线_公积金秒贷_1Y		2026-08-14 15:44:09	2026-08-14 15:44:09	NUM100	1.0	NII	\N	\N	\N	NUM104	1.0	B	\N	\N	\N	\N	\N	\N	\N	\N	\N	NUM087	1.0	NII	DEN057	1.0	AB	\N	\N	\N	\N	\N	\N	NUM100	1.0	NII	DEN060	1.0	AB	NUM100	1.0	NII	DEN060	1.0	AB	\N	\N	\N	\N	\N	\N	NUM087	1.0	B	\N	\N	\N	NUM014	1.0	RWA	\N	\N	\N	NUM020	1.0	CF3	DEN006	1.0	CF3	NUM019	1.0	CF1	\N	\N	\N	\N	\N	\N	DEN027	-1.0	CF1	\N	\N	\N	DEN045	1.0	CF1-6	\N	\N	\N	DEN045	1.0	CF7-12	\N	\N	\N	DEN044	1.0	CF12+	\N	\N	\N	\N	\N	\N	\N	\N	\N	\N	\N	\N	NUM050	1.0	B	\N	\N	\N	NUM020	1.0	CF3	DEN006	1.0	B	\N	\N	\N	\N	\N	\N	\N	\N	\N	\N	\N	\N	\N	\N	\N	\N	\N	\N
360	1_4_1_2_2_4	个金条线_公积金秒贷_2Y		2026-08-14 15:44:09	2026-08-14 15:44:09	NUM100	1.0	NII	\N	\N	\N	NUM104	1.0	B	\N	\N	\N	\N	\N	\N	\N	\N	\N	NUM087	1.0	NII	DEN057	1.0	AB	\N	\N	\N	\N	\N	\N	NUM100	1.0	NII	DEN060	1.0	AB	NUM100	1.0	NII	DEN060	1.0	AB	\N	\N	\N	\N	\N	\N	NUM087	1.0	B	\N	\N	\N	NUM014	1.0	RWA	\N	\N	\N	NUM020	1.0	CF3	DEN006	1.0	CF3	NUM019	1.0	CF1	\N	\N	\N	\N	\N	\N	DEN027	-1.0	CF1	\N	\N	\N	DEN045	1.0	CF1-6	\N	\N	\N	DEN045	1.0	CF7-12	\N	\N	\N	DEN044	1.0	CF12+	\N	\N	\N	\N	\N	\N	\N	\N	\N	\N	\N	\N	NUM050	1.0	B	\N	\N	\N	NUM020	1.0	CF3	DEN006	1.0	B	\N	\N	\N	\N	\N	\N	\N	\N	\N	\N	\N	\N	\N	\N	\N	\N	\N	\N
361	1_4_1_2_2_5	个金条线_公积金秒贷_3Y		2026-08-14 15:44:09	2026-08-14 15:44:09	NUM100	1.0	NII	\N	\N	\N	NUM104	1.0	B	\N	\N	\N	\N	\N	\N	\N	\N	\N	NUM087	1.0	NII	DEN057	1.0	AB	\N	\N	\N	\N	\N	\N	NUM100	1.0	NII	DEN060	1.0	AB	NUM100	1.0	NII	DEN060	1.0	AB	\N	\N	\N	\N	\N	\N	NUM087	1.0	B	\N	\N	\N	NUM014	1.0	RWA	\N	\N	\N	NUM020	1.0	CF3	DEN006	1.0	CF3	NUM019	1.0	CF1	\N	\N	\N	\N	\N	\N	DEN027	-1.0	CF1	\N	\N	\N	DEN045	1.0	CF1-6	\N	\N	\N	DEN045	1.0	CF7-12	\N	\N	\N	DEN044	1.0	CF12+	\N	\N	\N	\N	\N	\N	\N	\N	\N	\N	\N	\N	NUM050	1.0	B	\N	\N	\N	NUM020	1.0	CF3	DEN006	1.0	B	\N	\N	\N	\N	\N	\N	\N	\N	\N	\N	\N	\N	\N	\N	\N	\N	\N	\N
362	1_4_1_2_3_1	个金条线_其他个人消费贷款_3M		2026-08-14 15:44:09	2026-08-14 15:44:09	NUM100	1.0	NII	\N	\N	\N	NUM104	1.0	B	\N	\N	\N	\N	\N	\N	\N	\N	\N	NUM087	1.0	NII	DEN057	1.0	AB	\N	\N	\N	\N	\N	\N	NUM100	1.0	NII	DEN060	1.0	AB	NUM100	1.0	NII	DEN060	1.0	AB	\N	\N	\N	\N	\N	\N	NUM087	1.0	B	\N	\N	\N	NUM014	1.0	RWA	\N	\N	\N	NUM020	1.0	CF3	DEN006	1.0	CF3	NUM019	1.0	CF1	\N	\N	\N	\N	\N	\N	DEN027	-1.0	CF1	\N	\N	\N	DEN045	1.0	CF1-6	\N	\N	\N	DEN045	1.0	CF7-12	\N	\N	\N	DEN044	1.0	CF12+	\N	\N	\N	\N	\N	\N	\N	\N	\N	\N	\N	\N	NUM050	1.0	B	\N	\N	\N	NUM020	1.0	CF3	DEN006	1.0	B	\N	\N	\N	\N	\N	\N	\N	\N	\N	\N	\N	\N	\N	\N	\N	\N	\N	\N
363	1_4_1_2_3_2	个金条线_其他个人消费贷款_6M		2026-08-14 15:44:09	2026-08-14 15:44:09	NUM100	1.0	NII	\N	\N	\N	NUM104	1.0	B	\N	\N	\N	\N	\N	\N	\N	\N	\N	NUM087	1.0	NII	DEN057	1.0	AB	\N	\N	\N	\N	\N	\N	NUM100	1.0	NII	DEN060	1.0	AB	NUM100	1.0	NII	DEN060	1.0	AB	\N	\N	\N	\N	\N	\N	NUM087	1.0	B	\N	\N	\N	NUM014	1.0	RWA	\N	\N	\N	NUM020	1.0	CF3	DEN006	1.0	CF3	NUM019	1.0	CF1	\N	\N	\N	\N	\N	\N	DEN027	-1.0	CF1	\N	\N	\N	DEN045	1.0	CF1-6	\N	\N	\N	DEN045	1.0	CF7-12	\N	\N	\N	DEN044	1.0	CF12+	\N	\N	\N	\N	\N	\N	\N	\N	\N	\N	\N	\N	NUM050	1.0	B	\N	\N	\N	NUM020	1.0	CF3	DEN006	1.0	B	\N	\N	\N	\N	\N	\N	\N	\N	\N	\N	\N	\N	\N	\N	\N	\N	\N	\N
364	1_4_1_2_3_3	个金条线_其他个人消费贷款_1Y		2026-08-14 15:44:09	2026-08-14 15:44:09	NUM100	1.0	NII	\N	\N	\N	NUM104	1.0	B	\N	\N	\N	\N	\N	\N	\N	\N	\N	NUM087	1.0	NII	DEN057	1.0	AB	\N	\N	\N	\N	\N	\N	NUM100	1.0	NII	DEN060	1.0	AB	NUM100	1.0	NII	DEN060	1.0	AB	\N	\N	\N	\N	\N	\N	NUM087	1.0	B	\N	\N	\N	NUM014	1.0	RWA	\N	\N	\N	NUM020	1.0	CF3	DEN006	1.0	CF3	NUM019	1.0	CF1	\N	\N	\N	\N	\N	\N	DEN027	-1.0	CF1	\N	\N	\N	DEN045	1.0	CF1-6	\N	\N	\N	DEN045	1.0	CF7-12	\N	\N	\N	DEN044	1.0	CF12+	\N	\N	\N	\N	\N	\N	\N	\N	\N	\N	\N	\N	NUM050	1.0	B	\N	\N	\N	NUM020	1.0	CF3	DEN006	1.0	B	\N	\N	\N	\N	\N	\N	\N	\N	\N	\N	\N	\N	\N	\N	\N	\N	\N	\N
365	1_4_1_2_3_4	个金条线_其他个人消费贷款_2Y		2026-08-14 15:44:09	2026-08-14 15:44:09	NUM100	1.0	NII	\N	\N	\N	NUM104	1.0	B	\N	\N	\N	\N	\N	\N	\N	\N	\N	NUM087	1.0	NII	DEN057	1.0	AB	\N	\N	\N	\N	\N	\N	NUM100	1.0	NII	DEN060	1.0	AB	NUM100	1.0	NII	DEN060	1.0	AB	\N	\N	\N	\N	\N	\N	NUM087	1.0	B	\N	\N	\N	NUM014	1.0	RWA	\N	\N	\N	NUM020	1.0	CF3	DEN006	1.0	CF3	NUM019	1.0	CF1	\N	\N	\N	\N	\N	\N	DEN027	-1.0	CF1	\N	\N	\N	DEN045	1.0	CF1-6	\N	\N	\N	DEN045	1.0	CF7-12	\N	\N	\N	DEN044	1.0	CF12+	\N	\N	\N	\N	\N	\N	\N	\N	\N	\N	\N	\N	NUM050	1.0	B	\N	\N	\N	NUM020	1.0	CF3	DEN006	1.0	B	\N	\N	\N	\N	\N	\N	\N	\N	\N	\N	\N	\N	\N	\N	\N	\N	\N	\N
366	1_4_1_2_3_5	个金条线_其他个人消费贷款_3Y		2026-08-14 15:44:09	2026-08-14 15:44:09	NUM100	1.0	NII	\N	\N	\N	NUM104	1.0	B	\N	\N	\N	\N	\N	\N	\N	\N	\N	NUM087	1.0	NII	DEN057	1.0	AB	\N	\N	\N	\N	\N	\N	NUM100	1.0	NII	DEN060	1.0	AB	NUM100	1.0	NII	DEN060	1.0	AB	\N	\N	\N	\N	\N	\N	NUM087	1.0	B	\N	\N	\N	NUM014	1.0	RWA	\N	\N	\N	NUM020	1.0	CF3	DEN006	1.0	CF3	NUM019	1.0	CF1	\N	\N	\N	\N	\N	\N	DEN027	-1.0	CF1	\N	\N	\N	DEN045	1.0	CF1-6	\N	\N	\N	DEN045	1.0	CF7-12	\N	\N	\N	DEN044	1.0	CF12+	\N	\N	\N	\N	\N	\N	\N	\N	\N	\N	\N	\N	NUM050	1.0	B	\N	\N	\N	NUM020	1.0	CF3	DEN006	1.0	B	\N	\N	\N	\N	\N	\N	\N	\N	\N	\N	\N	\N	\N	\N	\N	\N	\N	\N
367	1_4_1_3_1	个金条线_个人住房贷款_1Y		2026-08-14 15:44:09	2026-08-14 15:44:09	NUM100	1.0	NII	\N	\N	\N	NUM104	1.0	B	\N	\N	\N	\N	\N	\N	\N	\N	\N	NUM087	1.0	NII	DEN057	1.0	AB	\N	\N	\N	\N	\N	\N	NUM100	1.0	NII	DEN060	1.0	AB	NUM100	1.0	NII	DEN060	1.0	AB	\N	\N	\N	\N	\N	\N	NUM087	1.0	B	\N	\N	\N	NUM014	1.0	RWA	\N	\N	\N	NUM020	1.0	CF3	DEN006	1.0	CF3	NUM019	1.0	CF1	\N	\N	\N	\N	\N	\N	DEN027	-1.0	CF1	\N	\N	\N	DEN043	1.0	CF1-6	\N	\N	\N	DEN043	1.0	CF7-12	\N	\N	\N	DEN042	1.0	CF12+	\N	\N	\N	\N	\N	\N	\N	\N	\N	\N	\N	\N	NUM042	1.0	B	\N	\N	\N	NUM020	1.0	CF3	DEN006	1.0	B	\N	\N	\N	\N	\N	\N	\N	\N	\N	\N	\N	\N	\N	\N	\N	\N	\N	\N
368	1_4_1_3_2	个金条线_个人住房贷款_2Y		2026-08-14 15:44:09	2026-08-14 15:44:09	NUM100	1.0	NII	\N	\N	\N	NUM104	1.0	B	\N	\N	\N	\N	\N	\N	\N	\N	\N	NUM087	1.0	NII	DEN057	1.0	AB	\N	\N	\N	\N	\N	\N	NUM100	1.0	NII	DEN060	1.0	AB	NUM100	1.0	NII	DEN060	1.0	AB	\N	\N	\N	\N	\N	\N	NUM087	1.0	B	\N	\N	\N	NUM014	1.0	RWA	\N	\N	\N	NUM020	1.0	CF3	DEN006	1.0	CF3	NUM019	1.0	CF1	\N	\N	\N	\N	\N	\N	DEN027	-1.0	CF1	\N	\N	\N	DEN043	1.0	CF1-6	\N	\N	\N	DEN043	1.0	CF7-12	\N	\N	\N	DEN042	1.0	CF12+	\N	\N	\N	\N	\N	\N	\N	\N	\N	\N	\N	\N	NUM042	1.0	B	\N	\N	\N	NUM020	1.0	CF3	DEN006	1.0	B	\N	\N	\N	\N	\N	\N	\N	\N	\N	\N	\N	\N	\N	\N	\N	\N	\N	\N
369	1_4_1_3_3	个金条线_个人住房贷款_3Y		2026-08-14 15:44:09	2026-08-14 15:44:09	NUM100	1.0	NII	\N	\N	\N	NUM104	1.0	B	\N	\N	\N	\N	\N	\N	\N	\N	\N	NUM087	1.0	NII	DEN057	1.0	AB	\N	\N	\N	\N	\N	\N	NUM100	1.0	NII	DEN060	1.0	AB	NUM100	1.0	NII	DEN060	1.0	AB	\N	\N	\N	\N	\N	\N	NUM087	1.0	B	\N	\N	\N	NUM014	1.0	RWA	\N	\N	\N	NUM020	1.0	CF3	DEN006	1.0	CF3	NUM019	1.0	CF1	\N	\N	\N	\N	\N	\N	DEN027	-1.0	CF1	\N	\N	\N	DEN043	1.0	CF1-6	\N	\N	\N	DEN043	1.0	CF7-12	\N	\N	\N	DEN042	1.0	CF12+	\N	\N	\N	\N	\N	\N	\N	\N	\N	\N	\N	\N	NUM042	1.0	B	\N	\N	\N	NUM020	1.0	CF3	DEN006	1.0	B	\N	\N	\N	\N	\N	\N	\N	\N	\N	\N	\N	\N	\N	\N	\N	\N	\N	\N
370	1_4_1_3_4	个金条线_个人住房贷款_5Y		2026-08-14 15:44:09	2026-08-14 15:44:09	NUM100	1.0	NII	\N	\N	\N	NUM104	1.0	B	\N	\N	\N	\N	\N	\N	\N	\N	\N	NUM087	1.0	NII	DEN057	1.0	AB	\N	\N	\N	\N	\N	\N	NUM100	1.0	NII	DEN060	1.0	AB	NUM100	1.0	NII	DEN060	1.0	AB	\N	\N	\N	\N	\N	\N	NUM087	1.0	B	\N	\N	\N	NUM014	1.0	RWA	\N	\N	\N	NUM020	1.0	CF3	DEN006	1.0	CF3	NUM019	1.0	CF1	\N	\N	\N	\N	\N	\N	DEN027	-1.0	CF1	\N	\N	\N	DEN043	1.0	CF1-6	\N	\N	\N	DEN043	1.0	CF7-12	\N	\N	\N	DEN042	1.0	CF12+	\N	\N	\N	\N	\N	\N	\N	\N	\N	\N	\N	\N	NUM042	1.0	B	\N	\N	\N	NUM020	1.0	CF3	DEN006	1.0	B	\N	\N	\N	\N	\N	\N	\N	\N	\N	\N	\N	\N	\N	\N	\N	\N	\N	\N
371	1_4_1_3_5	个金条线_个人住房贷款_10Y		2026-08-14 15:44:09	2026-08-14 15:44:09	NUM100	1.0	NII	\N	\N	\N	NUM104	1.0	B	\N	\N	\N	\N	\N	\N	\N	\N	\N	NUM087	1.0	NII	DEN057	1.0	AB	\N	\N	\N	\N	\N	\N	NUM100	1.0	NII	DEN060	1.0	AB	NUM100	1.0	NII	DEN060	1.0	AB	\N	\N	\N	\N	\N	\N	NUM087	1.0	B	\N	\N	\N	NUM014	1.0	RWA	\N	\N	\N	NUM020	1.0	CF3	DEN006	1.0	CF3	NUM019	1.0	CF1	\N	\N	\N	\N	\N	\N	DEN027	-1.0	CF1	\N	\N	\N	DEN043	1.0	CF1-6	\N	\N	\N	DEN043	1.0	CF7-12	\N	\N	\N	DEN042	1.0	CF12+	\N	\N	\N	\N	\N	\N	\N	\N	\N	\N	\N	\N	NUM042	1.0	B	\N	\N	\N	NUM020	1.0	CF3	DEN006	1.0	B	\N	\N	\N	\N	\N	\N	\N	\N	\N	\N	\N	\N	\N	\N	\N	\N	\N	\N
372	1_4_1_4_1	个金条线_个人贷记卡透支_3M		2026-08-14 15:44:09	2026-08-14 15:44:09	NUM100	1.0	NII	\N	\N	\N	NUM104	1.0	B	\N	\N	\N	\N	\N	\N	\N	\N	\N	NUM087	1.0	NII	DEN057	1.0	AB	\N	\N	\N	\N	\N	\N	NUM100	1.0	NII	DEN060	1.0	AB	NUM100	1.0	NII	DEN060	1.0	AB	\N	\N	\N	\N	\N	\N	NUM087	1.0	B	\N	\N	\N	NUM014	1.0	RWA	\N	\N	\N	NUM020	1.0	CF3	DEN006	1.0	CF3	NUM019	1.0	CF1	\N	\N	\N	\N	\N	\N	DEN027	-1.0	CF1	\N	\N	\N	DEN045	1.0	CF1-6	\N	\N	\N	DEN045	1.0	CF7-12	\N	\N	\N	DEN044	1.0	CF12+	\N	\N	\N	\N	\N	\N	\N	\N	\N	\N	\N	\N	NUM052	1.0	B	\N	\N	\N	NUM020	1.0	CF3	DEN006	1.0	B	\N	\N	\N	\N	\N	\N	\N	\N	\N	\N	\N	\N	\N	\N	\N	\N	\N	\N
373	1_4_1_4_2	个金条线_个人贷记卡透支_6M		2026-08-14 15:44:09	2026-08-14 15:44:09	NUM100	1.0	NII	\N	\N	\N	NUM104	1.0	B	\N	\N	\N	\N	\N	\N	\N	\N	\N	NUM087	1.0	NII	DEN057	1.0	AB	\N	\N	\N	\N	\N	\N	NUM100	1.0	NII	DEN060	1.0	AB	NUM100	1.0	NII	DEN060	1.0	AB	\N	\N	\N	\N	\N	\N	NUM087	1.0	B	\N	\N	\N	NUM014	1.0	RWA	\N	\N	\N	NUM020	1.0	CF3	DEN006	1.0	CF3	NUM019	1.0	CF1	\N	\N	\N	\N	\N	\N	DEN027	-1.0	CF1	\N	\N	\N	DEN045	1.0	CF1-6	\N	\N	\N	DEN045	1.0	CF7-12	\N	\N	\N	DEN044	1.0	CF12+	\N	\N	\N	\N	\N	\N	\N	\N	\N	\N	\N	\N	NUM052	1.0	B	\N	\N	\N	NUM020	1.0	CF3	DEN006	1.0	B	\N	\N	\N	\N	\N	\N	\N	\N	\N	\N	\N	\N	\N	\N	\N	\N	\N	\N
374	1_4_1_4_3	个金条线_个人贷记卡透支_1Y		2026-08-14 15:44:09	2026-08-14 15:44:09	NUM100	1.0	NII	\N	\N	\N	NUM104	1.0	B	\N	\N	\N	\N	\N	\N	\N	\N	\N	NUM087	1.0	NII	DEN057	1.0	AB	\N	\N	\N	\N	\N	\N	NUM100	1.0	NII	DEN060	1.0	AB	NUM100	1.0	NII	DEN060	1.0	AB	\N	\N	\N	\N	\N	\N	NUM087	1.0	B	\N	\N	\N	NUM014	1.0	RWA	\N	\N	\N	NUM020	1.0	CF3	DEN006	1.0	CF3	NUM019	1.0	CF1	\N	\N	\N	\N	\N	\N	DEN027	-1.0	CF1	\N	\N	\N	DEN045	1.0	CF1-6	\N	\N	\N	DEN045	1.0	CF7-12	\N	\N	\N	DEN044	1.0	CF12+	\N	\N	\N	\N	\N	\N	\N	\N	\N	\N	\N	\N	NUM052	1.0	B	\N	\N	\N	NUM020	1.0	CF3	DEN006	1.0	B	\N	\N	\N	\N	\N	\N	\N	\N	\N	\N	\N	\N	\N	\N	\N	\N	\N	\N
375	1_4_1_4_4	个金条线_个人贷记卡透支_2Y		2026-08-14 15:44:09	2026-08-14 15:44:09	NUM100	1.0	NII	\N	\N	\N	NUM104	1.0	B	\N	\N	\N	\N	\N	\N	\N	\N	\N	NUM087	1.0	NII	DEN057	1.0	AB	\N	\N	\N	\N	\N	\N	NUM100	1.0	NII	DEN060	1.0	AB	NUM100	1.0	NII	DEN060	1.0	AB	\N	\N	\N	\N	\N	\N	NUM087	1.0	B	\N	\N	\N	NUM014	1.0	RWA	\N	\N	\N	NUM020	1.0	CF3	DEN006	1.0	CF3	NUM019	1.0	CF1	\N	\N	\N	\N	\N	\N	DEN027	-1.0	CF1	\N	\N	\N	DEN045	1.0	CF1-6	\N	\N	\N	DEN045	1.0	CF7-12	\N	\N	\N	DEN044	1.0	CF12+	\N	\N	\N	\N	\N	\N	\N	\N	\N	\N	\N	\N	NUM052	1.0	B	\N	\N	\N	NUM020	1.0	CF3	DEN006	1.0	B	\N	\N	\N	\N	\N	\N	\N	\N	\N	\N	\N	\N	\N	\N	\N	\N	\N	\N
376	1_4_1_4_5	个金条线_个人贷记卡透支_3Y		2026-08-14 15:44:09	2026-08-14 15:44:09	NUM100	1.0	NII	\N	\N	\N	NUM104	1.0	B	\N	\N	\N	\N	\N	\N	\N	\N	\N	NUM087	1.0	NII	DEN057	1.0	AB	\N	\N	\N	\N	\N	\N	NUM100	1.0	NII	DEN060	1.0	AB	NUM100	1.0	NII	DEN060	1.0	AB	\N	\N	\N	\N	\N	\N	NUM087	1.0	B	\N	\N	\N	NUM014	1.0	RWA	\N	\N	\N	NUM020	1.0	CF3	DEN006	1.0	CF3	NUM019	1.0	CF1	\N	\N	\N	\N	\N	\N	DEN027	-1.0	CF1	\N	\N	\N	DEN045	1.0	CF1-6	\N	\N	\N	DEN045	1.0	CF7-12	\N	\N	\N	DEN044	1.0	CF12+	\N	\N	\N	\N	\N	\N	\N	\N	\N	\N	\N	\N	NUM052	1.0	B	\N	\N	\N	NUM020	1.0	CF3	DEN006	1.0	B	\N	\N	\N	\N	\N	\N	\N	\N	\N	\N	\N	\N	\N	\N	\N	\N	\N	\N
377	1_4_1_5_1	个金条线_其他贷款_3M		2026-08-14 15:44:09	2026-08-14 15:44:09	NUM100	1.0	NII	\N	\N	\N	NUM104	1.0	B	\N	\N	\N	\N	\N	\N	\N	\N	\N	NUM087	1.0	NII	DEN057	1.0	AB	\N	\N	\N	\N	\N	\N	NUM100	1.0	NII	DEN060	1.0	AB	NUM100	1.0	NII	DEN060	1.0	AB	\N	\N	\N	\N	\N	\N	NUM087	1.0	B	\N	\N	\N	NUM014	1.0	RWA	\N	\N	\N	NUM020	1.0	CF3	DEN006	1.0	CF3	NUM019	1.0	CF1	\N	\N	\N	\N	\N	\N	DEN027	-1.0	CF1	\N	\N	\N	DEN045	1.0	CF1-6	\N	\N	\N	DEN045	1.0	CF7-12	\N	\N	\N	DEN044	1.0	CF12+	\N	\N	\N	\N	\N	\N	\N	\N	\N	\N	\N	\N	NUM044	1.0	B	\N	\N	\N	NUM020	1.0	CF3	DEN006	1.0	B	\N	\N	\N	\N	\N	\N	\N	\N	\N	\N	\N	\N	\N	\N	\N	\N	\N	\N
378	1_4_1_5_2	个金条线_其他贷款_6M		2026-08-14 15:44:09	2026-08-14 15:44:09	NUM100	1.0	NII	\N	\N	\N	NUM104	1.0	B	\N	\N	\N	\N	\N	\N	\N	\N	\N	NUM087	1.0	NII	DEN057	1.0	AB	\N	\N	\N	\N	\N	\N	NUM100	1.0	NII	DEN060	1.0	AB	NUM100	1.0	NII	DEN060	1.0	AB	\N	\N	\N	\N	\N	\N	NUM087	1.0	B	\N	\N	\N	NUM014	1.0	RWA	\N	\N	\N	NUM020	1.0	CF3	DEN006	1.0	CF3	NUM019	1.0	CF1	\N	\N	\N	\N	\N	\N	DEN027	-1.0	CF1	\N	\N	\N	DEN045	1.0	CF1-6	\N	\N	\N	DEN045	1.0	CF7-12	\N	\N	\N	DEN044	1.0	CF12+	\N	\N	\N	\N	\N	\N	\N	\N	\N	\N	\N	\N	NUM044	1.0	B	\N	\N	\N	NUM020	1.0	CF3	DEN006	1.0	B	\N	\N	\N	\N	\N	\N	\N	\N	\N	\N	\N	\N	\N	\N	\N	\N	\N	\N
379	1_4_1_5_3	个金条线_其他贷款_1Y		2026-08-14 15:44:09	2026-08-14 15:44:09	NUM100	1.0	NII	\N	\N	\N	NUM104	1.0	B	\N	\N	\N	\N	\N	\N	\N	\N	\N	NUM087	1.0	NII	DEN057	1.0	AB	\N	\N	\N	\N	\N	\N	NUM100	1.0	NII	DEN060	1.0	AB	NUM100	1.0	NII	DEN060	1.0	AB	\N	\N	\N	\N	\N	\N	NUM087	1.0	B	\N	\N	\N	NUM014	1.0	RWA	\N	\N	\N	NUM020	1.0	CF3	DEN006	1.0	CF3	NUM019	1.0	CF1	\N	\N	\N	\N	\N	\N	DEN027	-1.0	CF1	\N	\N	\N	DEN045	1.0	CF1-6	\N	\N	\N	DEN045	1.0	CF7-12	\N	\N	\N	DEN044	1.0	CF12+	\N	\N	\N	\N	\N	\N	\N	\N	\N	\N	\N	\N	NUM044	1.0	B	\N	\N	\N	NUM020	1.0	CF3	DEN006	1.0	B	\N	\N	\N	\N	\N	\N	\N	\N	\N	\N	\N	\N	\N	\N	\N	\N	\N	\N
380	1_4_1_5_4	个金条线_其他贷款_2Y		2026-08-14 15:44:09	2026-08-14 15:44:09	NUM100	1.0	NII	\N	\N	\N	NUM104	1.0	B	\N	\N	\N	\N	\N	\N	\N	\N	\N	NUM087	1.0	NII	DEN057	1.0	AB	\N	\N	\N	\N	\N	\N	NUM100	1.0	NII	DEN060	1.0	AB	NUM100	1.0	NII	DEN060	1.0	AB	\N	\N	\N	\N	\N	\N	NUM087	1.0	B	\N	\N	\N	NUM014	1.0	RWA	\N	\N	\N	NUM020	1.0	CF3	DEN006	1.0	CF3	NUM019	1.0	CF1	\N	\N	\N	\N	\N	\N	DEN027	-1.0	CF1	\N	\N	\N	DEN045	1.0	CF1-6	\N	\N	\N	DEN045	1.0	CF7-12	\N	\N	\N	DEN044	1.0	CF12+	\N	\N	\N	\N	\N	\N	\N	\N	\N	\N	\N	\N	NUM044	1.0	B	\N	\N	\N	NUM020	1.0	CF3	DEN006	1.0	B	\N	\N	\N	\N	\N	\N	\N	\N	\N	\N	\N	\N	\N	\N	\N	\N	\N	\N
381	1_4_1_5_5	个金条线_其他贷款_3Y		2026-08-14 15:44:09	2026-08-14 15:44:09	NUM100	1.0	NII	\N	\N	\N	NUM104	1.0	B	\N	\N	\N	\N	\N	\N	\N	\N	\N	NUM087	1.0	NII	DEN057	1.0	AB	\N	\N	\N	\N	\N	\N	NUM100	1.0	NII	DEN060	1.0	AB	NUM100	1.0	NII	DEN060	1.0	AB	\N	\N	\N	\N	\N	\N	NUM087	1.0	B	\N	\N	\N	NUM014	1.0	RWA	\N	\N	\N	NUM020	1.0	CF3	DEN006	1.0	CF3	NUM019	1.0	CF1	\N	\N	\N	\N	\N	\N	DEN027	-1.0	CF1	\N	\N	\N	DEN045	1.0	CF1-6	\N	\N	\N	DEN045	1.0	CF7-12	\N	\N	\N	DEN044	1.0	CF12+	\N	\N	\N	\N	\N	\N	\N	\N	\N	\N	\N	\N	NUM044	1.0	B	\N	\N	\N	NUM020	1.0	CF3	DEN006	1.0	B	\N	\N	\N	\N	\N	\N	\N	\N	\N	\N	\N	\N	\N	\N	\N	\N	\N	\N
382	1_4_2_1_1	小微条线_单位流动资金贷款_3M		2026-08-14 15:44:09	2026-08-14 15:44:09	NUM100	1.0	NII	\N	\N	\N	NUM104	1.0	B	\N	\N	\N	\N	\N	\N	\N	\N	\N	NUM087	1.0	NII	DEN057	1.0	AB	\N	\N	\N	\N	\N	\N	NUM100	1.0	NII	DEN060	1.0	AB	NUM100	1.0	NII	DEN060	1.0	AB	\N	\N	\N	\N	\N	\N	NUM087	1.0	B	\N	\N	\N	NUM014	1.0	RWA	\N	\N	\N	NUM020	1.0	CF3	DEN006	1.0	CF3	NUM019	1.0	CF1	\N	\N	\N	\N	\N	\N	DEN027	-1.0	CF1	\N	\N	\N	DEN045	1.0	CF1-6	\N	\N	\N	DEN045	1.0	CF7-12	\N	\N	\N	DEN044	1.0	CF12+	\N	\N	\N	\N	\N	\N	\N	\N	\N	\N	\N	\N	NUM079	1.0	B	\N	\N	\N	NUM020	1.0	CF3	DEN006	1.0	B	\N	\N	\N	\N	\N	\N	\N	\N	\N	\N	\N	\N	\N	\N	\N	\N	\N	\N
383	1_4_2_1_2	小微条线_单位流动资金贷款_6M		2026-08-14 15:44:09	2026-08-14 15:44:09	NUM100	1.0	NII	\N	\N	\N	NUM104	1.0	B	\N	\N	\N	\N	\N	\N	\N	\N	\N	NUM087	1.0	NII	DEN057	1.0	AB	\N	\N	\N	\N	\N	\N	NUM100	1.0	NII	DEN060	1.0	AB	NUM100	1.0	NII	DEN060	1.0	AB	\N	\N	\N	\N	\N	\N	NUM087	1.0	B	\N	\N	\N	NUM014	1.0	RWA	\N	\N	\N	NUM020	1.0	CF3	DEN006	1.0	CF3	NUM019	1.0	CF1	\N	\N	\N	\N	\N	\N	DEN027	-1.0	CF1	\N	\N	\N	DEN045	1.0	CF1-6	\N	\N	\N	DEN045	1.0	CF7-12	\N	\N	\N	DEN044	1.0	CF12+	\N	\N	\N	\N	\N	\N	\N	\N	\N	\N	\N	\N	NUM079	1.0	B	\N	\N	\N	NUM020	1.0	CF3	DEN006	1.0	B	\N	\N	\N	\N	\N	\N	\N	\N	\N	\N	\N	\N	\N	\N	\N	\N	\N	\N
384	1_4_2_1_3	小微条线_单位流动资金贷款_1Y		2026-08-14 15:44:09	2026-08-14 15:44:09	NUM100	1.0	NII	\N	\N	\N	NUM104	1.0	B	\N	\N	\N	\N	\N	\N	\N	\N	\N	NUM087	1.0	NII	DEN057	1.0	AB	\N	\N	\N	\N	\N	\N	NUM100	1.0	NII	DEN060	1.0	AB	NUM100	1.0	NII	DEN060	1.0	AB	\N	\N	\N	\N	\N	\N	NUM087	1.0	B	\N	\N	\N	NUM014	1.0	RWA	\N	\N	\N	NUM020	1.0	CF3	DEN006	1.0	CF3	NUM019	1.0	CF1	\N	\N	\N	\N	\N	\N	DEN027	-1.0	CF1	\N	\N	\N	DEN045	1.0	CF1-6	\N	\N	\N	DEN045	1.0	CF7-12	\N	\N	\N	DEN044	1.0	CF12+	\N	\N	\N	\N	\N	\N	\N	\N	\N	\N	\N	\N	NUM079	1.0	B	\N	\N	\N	NUM020	1.0	CF3	DEN006	1.0	B	\N	\N	\N	\N	\N	\N	\N	\N	\N	\N	\N	\N	\N	\N	\N	\N	\N	\N
385	1_4_2_1_4	小微条线_单位流动资金贷款_2Y		2026-08-14 15:44:09	2026-08-14 15:44:09	NUM100	1.0	NII	\N	\N	\N	NUM104	1.0	B	\N	\N	\N	\N	\N	\N	\N	\N	\N	NUM087	1.0	NII	DEN057	1.0	AB	\N	\N	\N	\N	\N	\N	NUM100	1.0	NII	DEN060	1.0	AB	NUM100	1.0	NII	DEN060	1.0	AB	\N	\N	\N	\N	\N	\N	NUM087	1.0	B	\N	\N	\N	NUM014	1.0	RWA	\N	\N	\N	NUM020	1.0	CF3	DEN006	1.0	CF3	NUM019	1.0	CF1	\N	\N	\N	\N	\N	\N	DEN027	-1.0	CF1	\N	\N	\N	DEN045	1.0	CF1-6	\N	\N	\N	DEN045	1.0	CF7-12	\N	\N	\N	DEN044	1.0	CF12+	\N	\N	\N	\N	\N	\N	\N	\N	\N	\N	\N	\N	NUM079	1.0	B	\N	\N	\N	NUM020	1.0	CF3	DEN006	1.0	B	\N	\N	\N	\N	\N	\N	\N	\N	\N	\N	\N	\N	\N	\N	\N	\N	\N	\N
386	1_4_2_1_5	小微条线_单位流动资金贷款_3Y		2026-08-14 15:44:09	2026-08-14 15:44:09	NUM100	1.0	NII	\N	\N	\N	NUM104	1.0	B	\N	\N	\N	\N	\N	\N	\N	\N	\N	NUM087	1.0	NII	DEN057	1.0	AB	\N	\N	\N	\N	\N	\N	NUM100	1.0	NII	DEN060	1.0	AB	NUM100	1.0	NII	DEN060	1.0	AB	\N	\N	\N	\N	\N	\N	NUM087	1.0	B	\N	\N	\N	NUM014	1.0	RWA	\N	\N	\N	NUM020	1.0	CF3	DEN006	1.0	CF3	NUM019	1.0	CF1	\N	\N	\N	\N	\N	\N	DEN027	-1.0	CF1	\N	\N	\N	DEN045	1.0	CF1-6	\N	\N	\N	DEN045	1.0	CF7-12	\N	\N	\N	DEN044	1.0	CF12+	\N	\N	\N	\N	\N	\N	\N	\N	\N	\N	\N	\N	NUM079	1.0	B	\N	\N	\N	NUM020	1.0	CF3	DEN006	1.0	B	\N	\N	\N	\N	\N	\N	\N	\N	\N	\N	\N	\N	\N	\N	\N	\N	\N	\N
387	1_4_2_2_1	小微条线_单位其他固定资产贷款_1Y		2026-08-14 15:44:09	2026-08-14 15:44:09	NUM100	1.0	NII	\N	\N	\N	NUM104	1.0	B	\N	\N	\N	\N	\N	\N	\N	\N	\N	NUM087	1.0	NII	DEN057	1.0	AB	\N	\N	\N	\N	\N	\N	NUM100	1.0	NII	DEN060	1.0	AB	NUM100	1.0	NII	DEN060	1.0	AB	\N	\N	\N	\N	\N	\N	NUM087	1.0	B	\N	\N	\N	NUM014	1.0	RWA	\N	\N	\N	NUM020	1.0	CF3	DEN006	1.0	CF3	NUM019	1.0	CF1	\N	\N	\N	\N	\N	\N	DEN027	-1.0	CF1	\N	\N	\N	DEN045	1.0	CF1-6	\N	\N	\N	DEN045	1.0	CF7-12	\N	\N	\N	DEN044	1.0	CF12+	\N	\N	\N	\N	\N	\N	\N	\N	\N	\N	\N	\N	NUM070	1.0	B	\N	\N	\N	NUM020	1.0	CF3	DEN006	1.0	B	\N	\N	\N	\N	\N	\N	\N	\N	\N	\N	\N	\N	\N	\N	\N	\N	\N	\N
388	1_4_2_2_2	小微条线_单位其他固定资产贷款_3Y		2026-08-14 15:44:09	2026-08-14 15:44:09	NUM100	1.0	NII	\N	\N	\N	NUM104	1.0	B	\N	\N	\N	\N	\N	\N	\N	\N	\N	NUM087	1.0	NII	DEN057	1.0	AB	\N	\N	\N	\N	\N	\N	NUM100	1.0	NII	DEN060	1.0	AB	NUM100	1.0	NII	DEN060	1.0	AB	\N	\N	\N	\N	\N	\N	NUM087	1.0	B	\N	\N	\N	NUM014	1.0	RWA	\N	\N	\N	NUM020	1.0	CF3	DEN006	1.0	CF3	NUM019	1.0	CF1	\N	\N	\N	\N	\N	\N	DEN027	-1.0	CF1	\N	\N	\N	DEN045	1.0	CF1-6	\N	\N	\N	DEN045	1.0	CF7-12	\N	\N	\N	DEN044	1.0	CF12+	\N	\N	\N	\N	\N	\N	\N	\N	\N	\N	\N	\N	NUM070	1.0	B	\N	\N	\N	NUM020	1.0	CF3	DEN006	1.0	B	\N	\N	\N	\N	\N	\N	\N	\N	\N	\N	\N	\N	\N	\N	\N	\N	\N	\N
389	1_4_2_2_3	小微条线_单位其他固定资产贷款_5Y		2026-08-14 15:44:09	2026-08-14 15:44:09	NUM100	1.0	NII	\N	\N	\N	NUM104	1.0	B	\N	\N	\N	\N	\N	\N	\N	\N	\N	NUM087	1.0	NII	DEN057	1.0	AB	\N	\N	\N	\N	\N	\N	NUM100	1.0	NII	DEN060	1.0	AB	NUM100	1.0	NII	DEN060	1.0	AB	\N	\N	\N	\N	\N	\N	NUM087	1.0	B	\N	\N	\N	NUM014	1.0	RWA	\N	\N	\N	NUM020	1.0	CF3	DEN006	1.0	CF3	NUM019	1.0	CF1	\N	\N	\N	\N	\N	\N	DEN027	-1.0	CF1	\N	\N	\N	DEN045	1.0	CF1-6	\N	\N	\N	DEN045	1.0	CF7-12	\N	\N	\N	DEN044	1.0	CF12+	\N	\N	\N	\N	\N	\N	\N	\N	\N	\N	\N	\N	NUM070	1.0	B	\N	\N	\N	NUM020	1.0	CF3	DEN006	1.0	B	\N	\N	\N	\N	\N	\N	\N	\N	\N	\N	\N	\N	\N	\N	\N	\N	\N	\N
390	1_4_2_2_4	小微条线_单位其他固定资产贷款_10Y		2026-08-14 15:44:09	2026-08-14 15:44:09	NUM100	1.0	NII	\N	\N	\N	NUM104	1.0	B	\N	\N	\N	\N	\N	\N	\N	\N	\N	NUM087	1.0	NII	DEN057	1.0	AB	\N	\N	\N	\N	\N	\N	NUM100	1.0	NII	DEN060	1.0	AB	NUM100	1.0	NII	DEN060	1.0	AB	\N	\N	\N	\N	\N	\N	NUM087	1.0	B	\N	\N	\N	NUM014	1.0	RWA	\N	\N	\N	NUM020	1.0	CF3	DEN006	1.0	CF3	NUM019	1.0	CF1	\N	\N	\N	\N	\N	\N	DEN027	-1.0	CF1	\N	\N	\N	DEN045	1.0	CF1-6	\N	\N	\N	DEN045	1.0	CF7-12	\N	\N	\N	DEN044	1.0	CF12+	\N	\N	\N	\N	\N	\N	\N	\N	\N	\N	\N	\N	NUM070	1.0	B	\N	\N	\N	NUM020	1.0	CF3	DEN006	1.0	B	\N	\N	\N	\N	\N	\N	\N	\N	\N	\N	\N	\N	\N	\N	\N	\N	\N	\N
391	1_4_2_3_1_1	小微条线_个人经营贷款_线上_3M		2026-08-14 15:44:09	2026-08-14 15:44:09	NUM100	1.0	NII	\N	\N	\N	NUM104	1.0	B	\N	\N	\N	\N	\N	\N	\N	\N	\N	NUM087	1.0	NII	DEN057	1.0	AB	\N	\N	\N	\N	\N	\N	NUM100	1.0	NII	DEN060	1.0	AB	NUM100	1.0	NII	DEN060	1.0	AB	\N	\N	\N	\N	\N	\N	NUM087	1.0	B	\N	\N	\N	NUM014	1.0	RWA	\N	\N	\N	NUM020	1.0	CF3	DEN006	1.0	CF3	NUM019	1.0	CF1	\N	\N	\N	\N	\N	\N	DEN027	-1.0	CF1	\N	\N	\N	DEN045	1.0	CF1-6	\N	\N	\N	DEN045	1.0	CF7-12	\N	\N	\N	DEN044	1.0	CF12+	\N	\N	\N	\N	\N	\N	\N	\N	\N	\N	\N	\N	NUM051	1.0	B	\N	\N	\N	NUM020	1.0	CF3	DEN006	1.0	B	\N	\N	\N	\N	\N	\N	\N	\N	\N	\N	\N	\N	\N	\N	\N	\N	\N	\N
392	1_4_2_3_1_2	小微条线_个人经营贷款_线上_6M		2026-08-14 15:44:09	2026-08-14 15:44:09	NUM100	1.0	NII	\N	\N	\N	NUM104	1.0	B	\N	\N	\N	\N	\N	\N	\N	\N	\N	NUM087	1.0	NII	DEN057	1.0	AB	\N	\N	\N	\N	\N	\N	NUM100	1.0	NII	DEN060	1.0	AB	NUM100	1.0	NII	DEN060	1.0	AB	\N	\N	\N	\N	\N	\N	NUM087	1.0	B	\N	\N	\N	NUM014	1.0	RWA	\N	\N	\N	NUM020	1.0	CF3	DEN006	1.0	CF3	NUM019	1.0	CF1	\N	\N	\N	\N	\N	\N	DEN027	-1.0	CF1	\N	\N	\N	DEN045	1.0	CF1-6	\N	\N	\N	DEN045	1.0	CF7-12	\N	\N	\N	DEN044	1.0	CF12+	\N	\N	\N	\N	\N	\N	\N	\N	\N	\N	\N	\N	NUM051	1.0	B	\N	\N	\N	NUM020	1.0	CF3	DEN006	1.0	B	\N	\N	\N	\N	\N	\N	\N	\N	\N	\N	\N	\N	\N	\N	\N	\N	\N	\N
393	1_4_2_3_1_3	小微条线_个人经营贷款_线上_1Y		2026-08-14 15:44:09	2026-08-14 15:44:09	NUM100	1.0	NII	\N	\N	\N	NUM104	1.0	B	\N	\N	\N	\N	\N	\N	\N	\N	\N	NUM087	1.0	NII	DEN057	1.0	AB	\N	\N	\N	\N	\N	\N	NUM100	1.0	NII	DEN060	1.0	AB	NUM100	1.0	NII	DEN060	1.0	AB	\N	\N	\N	\N	\N	\N	NUM087	1.0	B	\N	\N	\N	NUM014	1.0	RWA	\N	\N	\N	NUM020	1.0	CF3	DEN006	1.0	CF3	NUM019	1.0	CF1	\N	\N	\N	\N	\N	\N	DEN027	-1.0	CF1	\N	\N	\N	DEN045	1.0	CF1-6	\N	\N	\N	DEN045	1.0	CF7-12	\N	\N	\N	DEN044	1.0	CF12+	\N	\N	\N	\N	\N	\N	\N	\N	\N	\N	\N	\N	NUM051	1.0	B	\N	\N	\N	NUM020	1.0	CF3	DEN006	1.0	B	\N	\N	\N	\N	\N	\N	\N	\N	\N	\N	\N	\N	\N	\N	\N	\N	\N	\N
394	1_4_2_3_1_4	小微条线_个人经营贷款_线上_2Y		2026-08-14 15:44:09	2026-08-14 15:44:09	NUM100	1.0	NII	\N	\N	\N	NUM104	1.0	B	\N	\N	\N	\N	\N	\N	\N	\N	\N	NUM087	1.0	NII	DEN057	1.0	AB	\N	\N	\N	\N	\N	\N	NUM100	1.0	NII	DEN060	1.0	AB	NUM100	1.0	NII	DEN060	1.0	AB	\N	\N	\N	\N	\N	\N	NUM087	1.0	B	\N	\N	\N	NUM014	1.0	RWA	\N	\N	\N	NUM020	1.0	CF3	DEN006	1.0	CF3	NUM019	1.0	CF1	\N	\N	\N	\N	\N	\N	DEN027	-1.0	CF1	\N	\N	\N	DEN045	1.0	CF1-6	\N	\N	\N	DEN045	1.0	CF7-12	\N	\N	\N	DEN044	1.0	CF12+	\N	\N	\N	\N	\N	\N	\N	\N	\N	\N	\N	\N	NUM051	1.0	B	\N	\N	\N	NUM020	1.0	CF3	DEN006	1.0	B	\N	\N	\N	\N	\N	\N	\N	\N	\N	\N	\N	\N	\N	\N	\N	\N	\N	\N
395	1_4_2_3_1_5	小微条线_个人经营贷款_线上_3Y		2026-08-14 15:44:09	2026-08-14 15:44:09	NUM100	1.0	NII	\N	\N	\N	NUM104	1.0	B	\N	\N	\N	\N	\N	\N	\N	\N	\N	NUM087	1.0	NII	DEN057	1.0	AB	\N	\N	\N	\N	\N	\N	NUM100	1.0	NII	DEN060	1.0	AB	NUM100	1.0	NII	DEN060	1.0	AB	\N	\N	\N	\N	\N	\N	NUM087	1.0	B	\N	\N	\N	NUM014	1.0	RWA	\N	\N	\N	NUM020	1.0	CF3	DEN006	1.0	CF3	NUM019	1.0	CF1	\N	\N	\N	\N	\N	\N	DEN027	-1.0	CF1	\N	\N	\N	DEN045	1.0	CF1-6	\N	\N	\N	DEN045	1.0	CF7-12	\N	\N	\N	DEN044	1.0	CF12+	\N	\N	\N	\N	\N	\N	\N	\N	\N	\N	\N	\N	NUM051	1.0	B	\N	\N	\N	NUM020	1.0	CF3	DEN006	1.0	B	\N	\N	\N	\N	\N	\N	\N	\N	\N	\N	\N	\N	\N	\N	\N	\N	\N	\N
396	1_4_2_3_2_1	小微条线_个人经营贷款_线下_3M		2026-08-14 15:44:09	2026-08-14 15:44:09	NUM100	1.0	NII	\N	\N	\N	NUM104	1.0	B	\N	\N	\N	\N	\N	\N	\N	\N	\N	NUM087	1.0	NII	DEN057	1.0	AB	\N	\N	\N	\N	\N	\N	NUM100	1.0	NII	DEN060	1.0	AB	NUM100	1.0	NII	DEN060	1.0	AB	\N	\N	\N	\N	\N	\N	NUM087	1.0	B	\N	\N	\N	NUM014	1.0	RWA	\N	\N	\N	NUM020	1.0	CF3	DEN006	1.0	CF3	NUM019	1.0	CF1	\N	\N	\N	\N	\N	\N	DEN027	-1.0	CF1	\N	\N	\N	DEN045	1.0	CF1-6	\N	\N	\N	DEN045	1.0	CF7-12	\N	\N	\N	DEN044	1.0	CF12+	\N	\N	\N	\N	\N	\N	\N	\N	\N	\N	\N	\N	NUM051	1.0	B	\N	\N	\N	NUM020	1.0	CF3	DEN006	1.0	B	\N	\N	\N	\N	\N	\N	\N	\N	\N	\N	\N	\N	\N	\N	\N	\N	\N	\N
397	1_4_2_3_2_2	小微条线_个人经营贷款_线下_6M		2026-08-14 15:44:09	2026-08-14 15:44:09	NUM100	1.0	NII	\N	\N	\N	NUM104	1.0	B	\N	\N	\N	\N	\N	\N	\N	\N	\N	NUM087	1.0	NII	DEN057	1.0	AB	\N	\N	\N	\N	\N	\N	NUM100	1.0	NII	DEN060	1.0	AB	NUM100	1.0	NII	DEN060	1.0	AB	\N	\N	\N	\N	\N	\N	NUM087	1.0	B	\N	\N	\N	NUM014	1.0	RWA	\N	\N	\N	NUM020	1.0	CF3	DEN006	1.0	CF3	NUM019	1.0	CF1	\N	\N	\N	\N	\N	\N	DEN027	-1.0	CF1	\N	\N	\N	DEN045	1.0	CF1-6	\N	\N	\N	DEN045	1.0	CF7-12	\N	\N	\N	DEN044	1.0	CF12+	\N	\N	\N	\N	\N	\N	\N	\N	\N	\N	\N	\N	NUM051	1.0	B	\N	\N	\N	NUM020	1.0	CF3	DEN006	1.0	B	\N	\N	\N	\N	\N	\N	\N	\N	\N	\N	\N	\N	\N	\N	\N	\N	\N	\N
398	1_4_2_3_2_3	小微条线_个人经营贷款_线下_1Y		2026-08-14 15:44:09	2026-08-14 15:44:09	NUM100	1.0	NII	\N	\N	\N	NUM104	1.0	B	\N	\N	\N	\N	\N	\N	\N	\N	\N	NUM087	1.0	NII	DEN057	1.0	AB	\N	\N	\N	\N	\N	\N	NUM100	1.0	NII	DEN060	1.0	AB	NUM100	1.0	NII	DEN060	1.0	AB	\N	\N	\N	\N	\N	\N	NUM087	1.0	B	\N	\N	\N	NUM014	1.0	RWA	\N	\N	\N	NUM020	1.0	CF3	DEN006	1.0	CF3	NUM019	1.0	CF1	\N	\N	\N	\N	\N	\N	DEN027	-1.0	CF1	\N	\N	\N	DEN045	1.0	CF1-6	\N	\N	\N	DEN045	1.0	CF7-12	\N	\N	\N	DEN044	1.0	CF12+	\N	\N	\N	\N	\N	\N	\N	\N	\N	\N	\N	\N	NUM051	1.0	B	\N	\N	\N	NUM020	1.0	CF3	DEN006	1.0	B	\N	\N	\N	\N	\N	\N	\N	\N	\N	\N	\N	\N	\N	\N	\N	\N	\N	\N
399	1_4_2_3_2_4	小微条线_个人经营贷款_线下_2Y		2026-08-14 15:44:09	2026-08-14 15:44:09	NUM100	1.0	NII	\N	\N	\N	NUM104	1.0	B	\N	\N	\N	\N	\N	\N	\N	\N	\N	NUM087	1.0	NII	DEN057	1.0	AB	\N	\N	\N	\N	\N	\N	NUM100	1.0	NII	DEN060	1.0	AB	NUM100	1.0	NII	DEN060	1.0	AB	\N	\N	\N	\N	\N	\N	NUM087	1.0	B	\N	\N	\N	NUM014	1.0	RWA	\N	\N	\N	NUM020	1.0	CF3	DEN006	1.0	CF3	NUM019	1.0	CF1	\N	\N	\N	\N	\N	\N	DEN027	-1.0	CF1	\N	\N	\N	DEN045	1.0	CF1-6	\N	\N	\N	DEN045	1.0	CF7-12	\N	\N	\N	DEN044	1.0	CF12+	\N	\N	\N	\N	\N	\N	\N	\N	\N	\N	\N	\N	NUM051	1.0	B	\N	\N	\N	NUM020	1.0	CF3	DEN006	1.0	B	\N	\N	\N	\N	\N	\N	\N	\N	\N	\N	\N	\N	\N	\N	\N	\N	\N	\N
400	1_4_2_3_2_5	小微条线_个人经营贷款_线下_3Y		2026-08-14 15:44:09	2026-08-14 15:44:09	NUM100	1.0	NII	\N	\N	\N	NUM104	1.0	B	\N	\N	\N	\N	\N	\N	\N	\N	\N	NUM087	1.0	NII	DEN057	1.0	AB	\N	\N	\N	\N	\N	\N	NUM100	1.0	NII	DEN060	1.0	AB	NUM100	1.0	NII	DEN060	1.0	AB	\N	\N	\N	\N	\N	\N	NUM087	1.0	B	\N	\N	\N	NUM014	1.0	RWA	\N	\N	\N	NUM020	1.0	CF3	DEN006	1.0	CF3	NUM019	1.0	CF1	\N	\N	\N	\N	\N	\N	DEN027	-1.0	CF1	\N	\N	\N	DEN045	1.0	CF1-6	\N	\N	\N	DEN045	1.0	CF7-12	\N	\N	\N	DEN044	1.0	CF12+	\N	\N	\N	\N	\N	\N	\N	\N	\N	\N	\N	\N	NUM051	1.0	B	\N	\N	\N	NUM020	1.0	CF3	DEN006	1.0	B	\N	\N	\N	\N	\N	\N	\N	\N	\N	\N	\N	\N	\N	\N	\N	\N	\N	\N
401	1_4_2_4_1	小微条线_个人消费贷款_3M		2026-08-14 15:44:09	2026-08-14 15:44:09	NUM100	1.0	NII	\N	\N	\N	NUM104	1.0	B	\N	\N	\N	\N	\N	\N	\N	\N	\N	NUM087	1.0	NII	DEN057	1.0	AB	\N	\N	\N	\N	\N	\N	NUM100	1.0	NII	DEN060	1.0	AB	NUM100	1.0	NII	DEN060	1.0	AB	\N	\N	\N	\N	\N	\N	NUM087	1.0	B	\N	\N	\N	NUM014	1.0	RWA	\N	\N	\N	NUM020	1.0	CF3	DEN006	1.0	CF3	NUM019	1.0	CF1	\N	\N	\N	\N	\N	\N	DEN027	-1.0	CF1	\N	\N	\N	DEN045	1.0	CF1-6	\N	\N	\N	DEN045	1.0	CF7-12	\N	\N	\N	DEN044	1.0	CF12+	\N	\N	\N	\N	\N	\N	\N	\N	\N	\N	\N	\N	NUM050	1.0	B	\N	\N	\N	NUM020	1.0	CF3	DEN006	1.0	B	\N	\N	\N	\N	\N	\N	\N	\N	\N	\N	\N	\N	\N	\N	\N	\N	\N	\N
402	1_4_2_4_2	小微条线_个人消费贷款_6M		2026-08-14 15:44:09	2026-08-14 15:44:09	NUM100	1.0	NII	\N	\N	\N	NUM104	1.0	B	\N	\N	\N	\N	\N	\N	\N	\N	\N	NUM087	1.0	NII	DEN057	1.0	AB	\N	\N	\N	\N	\N	\N	NUM100	1.0	NII	DEN060	1.0	AB	NUM100	1.0	NII	DEN060	1.0	AB	\N	\N	\N	\N	\N	\N	NUM087	1.0	B	\N	\N	\N	NUM014	1.0	RWA	\N	\N	\N	NUM020	1.0	CF3	DEN006	1.0	CF3	NUM019	1.0	CF1	\N	\N	\N	\N	\N	\N	DEN027	-1.0	CF1	\N	\N	\N	DEN045	1.0	CF1-6	\N	\N	\N	DEN045	1.0	CF7-12	\N	\N	\N	DEN044	1.0	CF12+	\N	\N	\N	\N	\N	\N	\N	\N	\N	\N	\N	\N	NUM050	1.0	B	\N	\N	\N	NUM020	1.0	CF3	DEN006	1.0	B	\N	\N	\N	\N	\N	\N	\N	\N	\N	\N	\N	\N	\N	\N	\N	\N	\N	\N
403	1_4_2_4_3	小微条线_个人消费贷款_1Y		2026-08-14 15:44:09	2026-08-14 15:44:09	NUM100	1.0	NII	\N	\N	\N	NUM104	1.0	B	\N	\N	\N	\N	\N	\N	\N	\N	\N	NUM087	1.0	NII	DEN057	1.0	AB	\N	\N	\N	\N	\N	\N	NUM100	1.0	NII	DEN060	1.0	AB	NUM100	1.0	NII	DEN060	1.0	AB	\N	\N	\N	\N	\N	\N	NUM087	1.0	B	\N	\N	\N	NUM014	1.0	RWA	\N	\N	\N	NUM020	1.0	CF3	DEN006	1.0	CF3	NUM019	1.0	CF1	\N	\N	\N	\N	\N	\N	DEN027	-1.0	CF1	\N	\N	\N	DEN045	1.0	CF1-6	\N	\N	\N	DEN045	1.0	CF7-12	\N	\N	\N	DEN044	1.0	CF12+	\N	\N	\N	\N	\N	\N	\N	\N	\N	\N	\N	\N	NUM050	1.0	B	\N	\N	\N	NUM020	1.0	CF3	DEN006	1.0	B	\N	\N	\N	\N	\N	\N	\N	\N	\N	\N	\N	\N	\N	\N	\N	\N	\N	\N
404	1_4_2_4_4	小微条线_个人消费贷款_2Y		2026-08-14 15:44:09	2026-08-14 15:44:09	NUM100	1.0	NII	\N	\N	\N	NUM104	1.0	B	\N	\N	\N	\N	\N	\N	\N	\N	\N	NUM087	1.0	NII	DEN057	1.0	AB	\N	\N	\N	\N	\N	\N	NUM100	1.0	NII	DEN060	1.0	AB	NUM100	1.0	NII	DEN060	1.0	AB	\N	\N	\N	\N	\N	\N	NUM087	1.0	B	\N	\N	\N	NUM014	1.0	RWA	\N	\N	\N	NUM020	1.0	CF3	DEN006	1.0	CF3	NUM019	1.0	CF1	\N	\N	\N	\N	\N	\N	DEN027	-1.0	CF1	\N	\N	\N	DEN045	1.0	CF1-6	\N	\N	\N	DEN045	1.0	CF7-12	\N	\N	\N	DEN044	1.0	CF12+	\N	\N	\N	\N	\N	\N	\N	\N	\N	\N	\N	\N	NUM050	1.0	B	\N	\N	\N	NUM020	1.0	CF3	DEN006	1.0	B	\N	\N	\N	\N	\N	\N	\N	\N	\N	\N	\N	\N	\N	\N	\N	\N	\N	\N
405	1_4_2_4_5	小微条线_个人消费贷款_3Y		2026-08-14 15:44:09	2026-08-14 15:44:09	NUM100	1.0	NII	\N	\N	\N	NUM104	1.0	B	\N	\N	\N	\N	\N	\N	\N	\N	\N	NUM087	1.0	NII	DEN057	1.0	AB	\N	\N	\N	\N	\N	\N	NUM100	1.0	NII	DEN060	1.0	AB	NUM100	1.0	NII	DEN060	1.0	AB	\N	\N	\N	\N	\N	\N	NUM087	1.0	B	\N	\N	\N	NUM014	1.0	RWA	\N	\N	\N	NUM020	1.0	CF3	DEN006	1.0	CF3	NUM019	1.0	CF1	\N	\N	\N	\N	\N	\N	DEN027	-1.0	CF1	\N	\N	\N	DEN045	1.0	CF1-6	\N	\N	\N	DEN045	1.0	CF7-12	\N	\N	\N	DEN044	1.0	CF12+	\N	\N	\N	\N	\N	\N	\N	\N	\N	\N	\N	\N	NUM050	1.0	B	\N	\N	\N	NUM020	1.0	CF3	DEN006	1.0	B	\N	\N	\N	\N	\N	\N	\N	\N	\N	\N	\N	\N	\N	\N	\N	\N	\N	\N
406	1_4_3_1_1	对公条线_单位房地产贷款_1Y		2026-08-14 15:44:09	2026-08-14 15:44:09	NUM100	1.0	NII	\N	\N	\N	NUM104	1.0	B	\N	\N	\N	\N	\N	\N	\N	\N	\N	NUM087	1.0	NII	DEN057	1.0	AB	\N	\N	\N	\N	\N	\N	NUM100	1.0	NII	DEN060	1.0	AB	NUM100	1.0	NII	DEN060	1.0	AB	\N	\N	\N	\N	\N	\N	NUM087	1.0	B	\N	\N	\N	NUM014	1.0	RWA	\N	\N	\N	NUM020	1.0	CF3	DEN006	1.0	CF3	NUM019	1.0	CF1	\N	\N	\N	\N	\N	\N	DEN027	-1.0	CF1	\N	\N	\N	DEN045	1.0	CF1-6	\N	\N	\N	DEN045	1.0	CF7-12	\N	\N	\N	DEN044	1.0	CF12+	\N	\N	\N	\N	\N	\N	\N	\N	\N	\N	\N	\N	NUM076	1.0	B	\N	\N	\N	NUM020	1.0	CF3	DEN006	1.0	B	\N	\N	\N	\N	\N	\N	\N	\N	\N	\N	\N	\N	\N	\N	\N	\N	\N	\N
407	1_4_3_1_2	对公条线_单位房地产贷款_3Y		2026-08-14 15:44:09	2026-08-14 15:44:09	NUM100	1.0	NII	\N	\N	\N	NUM104	1.0	B	\N	\N	\N	\N	\N	\N	\N	\N	\N	NUM087	1.0	NII	DEN057	1.0	AB	\N	\N	\N	\N	\N	\N	NUM100	1.0	NII	DEN060	1.0	AB	NUM100	1.0	NII	DEN060	1.0	AB	\N	\N	\N	\N	\N	\N	NUM087	1.0	B	\N	\N	\N	NUM014	1.0	RWA	\N	\N	\N	NUM020	1.0	CF3	DEN006	1.0	CF3	NUM019	1.0	CF1	\N	\N	\N	\N	\N	\N	DEN027	-1.0	CF1	\N	\N	\N	DEN045	1.0	CF1-6	\N	\N	\N	DEN045	1.0	CF7-12	\N	\N	\N	DEN044	1.0	CF12+	\N	\N	\N	\N	\N	\N	\N	\N	\N	\N	\N	\N	NUM076	1.0	B	\N	\N	\N	NUM020	1.0	CF3	DEN006	1.0	B	\N	\N	\N	\N	\N	\N	\N	\N	\N	\N	\N	\N	\N	\N	\N	\N	\N	\N
408	1_4_3_1_3	对公条线_单位房地产贷款_5Y		2026-08-14 15:44:09	2026-08-14 15:44:09	NUM100	1.0	NII	\N	\N	\N	NUM104	1.0	B	\N	\N	\N	\N	\N	\N	\N	\N	\N	NUM087	1.0	NII	DEN057	1.0	AB	\N	\N	\N	\N	\N	\N	NUM100	1.0	NII	DEN060	1.0	AB	NUM100	1.0	NII	DEN060	1.0	AB	\N	\N	\N	\N	\N	\N	NUM087	1.0	B	\N	\N	\N	NUM014	1.0	RWA	\N	\N	\N	NUM020	1.0	CF3	DEN006	1.0	CF3	NUM019	1.0	CF1	\N	\N	\N	\N	\N	\N	DEN027	-1.0	CF1	\N	\N	\N	DEN045	1.0	CF1-6	\N	\N	\N	DEN045	1.0	CF7-12	\N	\N	\N	DEN044	1.0	CF12+	\N	\N	\N	\N	\N	\N	\N	\N	\N	\N	\N	\N	NUM076	1.0	B	\N	\N	\N	NUM020	1.0	CF3	DEN006	1.0	B	\N	\N	\N	\N	\N	\N	\N	\N	\N	\N	\N	\N	\N	\N	\N	\N	\N	\N
409	1_4_3_1_4	对公条线_单位房地产贷款_10Y		2026-08-14 15:44:09	2026-08-14 15:44:09	NUM100	1.0	NII	\N	\N	\N	NUM104	1.0	B	\N	\N	\N	\N	\N	\N	\N	\N	\N	NUM087	1.0	NII	DEN057	1.0	AB	\N	\N	\N	\N	\N	\N	NUM100	1.0	NII	DEN060	1.0	AB	NUM100	1.0	NII	DEN060	1.0	AB	\N	\N	\N	\N	\N	\N	NUM087	1.0	B	\N	\N	\N	NUM014	1.0	RWA	\N	\N	\N	NUM020	1.0	CF3	DEN006	1.0	CF3	NUM019	1.0	CF1	\N	\N	\N	\N	\N	\N	DEN027	-1.0	CF1	\N	\N	\N	DEN045	1.0	CF1-6	\N	\N	\N	DEN045	1.0	CF7-12	\N	\N	\N	DEN044	1.0	CF12+	\N	\N	\N	\N	\N	\N	\N	\N	\N	\N	\N	\N	NUM076	1.0	B	\N	\N	\N	NUM020	1.0	CF3	DEN006	1.0	B	\N	\N	\N	\N	\N	\N	\N	\N	\N	\N	\N	\N	\N	\N	\N	\N	\N	\N
410	1_4_3_2_1	对公条线_单位项目融资贷款_3M		2026-08-14 15:44:09	2026-08-14 15:44:09	NUM100	1.0	NII	\N	\N	\N	NUM104	1.0	B	\N	\N	\N	\N	\N	\N	\N	\N	\N	NUM087	1.0	NII	DEN057	1.0	AB	\N	\N	\N	\N	\N	\N	NUM100	1.0	NII	DEN060	1.0	AB	NUM100	1.0	NII	DEN060	1.0	AB	\N	\N	\N	\N	\N	\N	NUM087	1.0	B	\N	\N	\N	NUM014	1.0	RWA	\N	\N	\N	NUM020	1.0	CF3	DEN006	1.0	CF3	NUM019	1.0	CF1	\N	\N	\N	\N	\N	\N	DEN027	-1.0	CF1	\N	\N	\N	DEN045	1.0	CF1-6	\N	\N	\N	DEN045	1.0	CF7-12	\N	\N	\N	DEN044	1.0	CF12+	\N	\N	\N	\N	\N	\N	\N	\N	\N	\N	\N	\N	NUM081	1.0	B	\N	\N	\N	NUM020	1.0	CF3	DEN006	1.0	B	\N	\N	\N	\N	\N	\N	\N	\N	\N	\N	\N	\N	\N	\N	\N	\N	\N	\N
411	1_4_3_2_2	对公条线_单位项目融资贷款_6M		2026-08-14 15:44:09	2026-08-14 15:44:09	NUM100	1.0	NII	\N	\N	\N	NUM104	1.0	B	\N	\N	\N	\N	\N	\N	\N	\N	\N	NUM087	1.0	NII	DEN057	1.0	AB	\N	\N	\N	\N	\N	\N	NUM100	1.0	NII	DEN060	1.0	AB	NUM100	1.0	NII	DEN060	1.0	AB	\N	\N	\N	\N	\N	\N	NUM087	1.0	B	\N	\N	\N	NUM014	1.0	RWA	\N	\N	\N	NUM020	1.0	CF3	DEN006	1.0	CF3	NUM019	1.0	CF1	\N	\N	\N	\N	\N	\N	DEN027	-1.0	CF1	\N	\N	\N	DEN045	1.0	CF1-6	\N	\N	\N	DEN045	1.0	CF7-12	\N	\N	\N	DEN044	1.0	CF12+	\N	\N	\N	\N	\N	\N	\N	\N	\N	\N	\N	\N	NUM081	1.0	B	\N	\N	\N	NUM020	1.0	CF3	DEN006	1.0	B	\N	\N	\N	\N	\N	\N	\N	\N	\N	\N	\N	\N	\N	\N	\N	\N	\N	\N
412	1_4_3_2_3	对公条线_单位项目融资贷款_1Y		2026-08-14 15:44:09	2026-08-14 15:44:09	NUM100	1.0	NII	\N	\N	\N	NUM104	1.0	B	\N	\N	\N	\N	\N	\N	\N	\N	\N	NUM087	1.0	NII	DEN057	1.0	AB	\N	\N	\N	\N	\N	\N	NUM100	1.0	NII	DEN060	1.0	AB	NUM100	1.0	NII	DEN060	1.0	AB	\N	\N	\N	\N	\N	\N	NUM087	1.0	B	\N	\N	\N	NUM014	1.0	RWA	\N	\N	\N	NUM020	1.0	CF3	DEN006	1.0	CF3	NUM019	1.0	CF1	\N	\N	\N	\N	\N	\N	DEN027	-1.0	CF1	\N	\N	\N	DEN045	1.0	CF1-6	\N	\N	\N	DEN045	1.0	CF7-12	\N	\N	\N	DEN044	1.0	CF12+	\N	\N	\N	\N	\N	\N	\N	\N	\N	\N	\N	\N	NUM081	1.0	B	\N	\N	\N	NUM020	1.0	CF3	DEN006	1.0	B	\N	\N	\N	\N	\N	\N	\N	\N	\N	\N	\N	\N	\N	\N	\N	\N	\N	\N
413	1_4_3_2_4	对公条线_单位项目融资贷款_2Y		2026-08-14 15:44:09	2026-08-14 15:44:09	NUM100	1.0	NII	\N	\N	\N	NUM104	1.0	B	\N	\N	\N	\N	\N	\N	\N	\N	\N	NUM087	1.0	NII	DEN057	1.0	AB	\N	\N	\N	\N	\N	\N	NUM100	1.0	NII	DEN060	1.0	AB	NUM100	1.0	NII	DEN060	1.0	AB	\N	\N	\N	\N	\N	\N	NUM087	1.0	B	\N	\N	\N	NUM014	1.0	RWA	\N	\N	\N	NUM020	1.0	CF3	DEN006	1.0	CF3	NUM019	1.0	CF1	\N	\N	\N	\N	\N	\N	DEN027	-1.0	CF1	\N	\N	\N	DEN045	1.0	CF1-6	\N	\N	\N	DEN045	1.0	CF7-12	\N	\N	\N	DEN044	1.0	CF12+	\N	\N	\N	\N	\N	\N	\N	\N	\N	\N	\N	\N	NUM081	1.0	B	\N	\N	\N	NUM020	1.0	CF3	DEN006	1.0	B	\N	\N	\N	\N	\N	\N	\N	\N	\N	\N	\N	\N	\N	\N	\N	\N	\N	\N
414	1_4_3_2_5	对公条线_单位项目融资贷款_3Y		2026-08-14 15:44:09	2026-08-14 15:44:09	NUM100	1.0	NII	\N	\N	\N	NUM104	1.0	B	\N	\N	\N	\N	\N	\N	\N	\N	\N	NUM087	1.0	NII	DEN057	1.0	AB	\N	\N	\N	\N	\N	\N	NUM100	1.0	NII	DEN060	1.0	AB	NUM100	1.0	NII	DEN060	1.0	AB	\N	\N	\N	\N	\N	\N	NUM087	1.0	B	\N	\N	\N	NUM014	1.0	RWA	\N	\N	\N	NUM020	1.0	CF3	DEN006	1.0	CF3	NUM019	1.0	CF1	\N	\N	\N	\N	\N	\N	DEN027	-1.0	CF1	\N	\N	\N	DEN045	1.0	CF1-6	\N	\N	\N	DEN045	1.0	CF7-12	\N	\N	\N	DEN044	1.0	CF12+	\N	\N	\N	\N	\N	\N	\N	\N	\N	\N	\N	\N	NUM081	1.0	B	\N	\N	\N	NUM020	1.0	CF3	DEN006	1.0	B	\N	\N	\N	\N	\N	\N	\N	\N	\N	\N	\N	\N	\N	\N	\N	\N	\N	\N
415	1_4_3_3_1	对公条线_单位其他固定资产贷款_1Y		2026-08-14 15:44:09	2026-08-14 15:44:09	NUM100	1.0	NII	\N	\N	\N	NUM104	1.0	B	\N	\N	\N	\N	\N	\N	\N	\N	\N	NUM087	1.0	NII	DEN057	1.0	AB	\N	\N	\N	\N	\N	\N	NUM100	1.0	NII	DEN060	1.0	AB	NUM100	1.0	NII	DEN060	1.0	AB	\N	\N	\N	\N	\N	\N	NUM087	1.0	B	\N	\N	\N	NUM014	1.0	RWA	\N	\N	\N	NUM020	1.0	CF3	DEN006	1.0	CF3	NUM019	1.0	CF1	\N	\N	\N	\N	\N	\N	DEN027	-1.0	CF1	\N	\N	\N	DEN045	1.0	CF1-6	\N	\N	\N	DEN045	1.0	CF7-12	\N	\N	\N	DEN044	1.0	CF12+	\N	\N	\N	\N	\N	\N	\N	\N	\N	\N	\N	\N	NUM070	1.0	B	\N	\N	\N	NUM020	1.0	CF3	DEN006	1.0	B	\N	\N	\N	\N	\N	\N	\N	\N	\N	\N	\N	\N	\N	\N	\N	\N	\N	\N
416	1_4_3_3_2	对公条线_单位其他固定资产贷款_3Y		2026-08-14 15:44:09	2026-08-14 15:44:09	NUM100	1.0	NII	\N	\N	\N	NUM104	1.0	B	\N	\N	\N	\N	\N	\N	\N	\N	\N	NUM087	1.0	NII	DEN057	1.0	AB	\N	\N	\N	\N	\N	\N	NUM100	1.0	NII	DEN060	1.0	AB	NUM100	1.0	NII	DEN060	1.0	AB	\N	\N	\N	\N	\N	\N	NUM087	1.0	B	\N	\N	\N	NUM014	1.0	RWA	\N	\N	\N	NUM020	1.0	CF3	DEN006	1.0	CF3	NUM019	1.0	CF1	\N	\N	\N	\N	\N	\N	DEN027	-1.0	CF1	\N	\N	\N	DEN045	1.0	CF1-6	\N	\N	\N	DEN045	1.0	CF7-12	\N	\N	\N	DEN044	1.0	CF12+	\N	\N	\N	\N	\N	\N	\N	\N	\N	\N	\N	\N	NUM070	1.0	B	\N	\N	\N	NUM020	1.0	CF3	DEN006	1.0	B	\N	\N	\N	\N	\N	\N	\N	\N	\N	\N	\N	\N	\N	\N	\N	\N	\N	\N
417	1_4_3_3_3	对公条线_单位其他固定资产贷款_5Y		2026-08-14 15:44:09	2026-08-14 15:44:09	NUM100	1.0	NII	\N	\N	\N	NUM104	1.0	B	\N	\N	\N	\N	\N	\N	\N	\N	\N	NUM087	1.0	NII	DEN057	1.0	AB	\N	\N	\N	\N	\N	\N	NUM100	1.0	NII	DEN060	1.0	AB	NUM100	1.0	NII	DEN060	1.0	AB	\N	\N	\N	\N	\N	\N	NUM087	1.0	B	\N	\N	\N	NUM014	1.0	RWA	\N	\N	\N	NUM020	1.0	CF3	DEN006	1.0	CF3	NUM019	1.0	CF1	\N	\N	\N	\N	\N	\N	DEN027	-1.0	CF1	\N	\N	\N	DEN045	1.0	CF1-6	\N	\N	\N	DEN045	1.0	CF7-12	\N	\N	\N	DEN044	1.0	CF12+	\N	\N	\N	\N	\N	\N	\N	\N	\N	\N	\N	\N	NUM070	1.0	B	\N	\N	\N	NUM020	1.0	CF3	DEN006	1.0	B	\N	\N	\N	\N	\N	\N	\N	\N	\N	\N	\N	\N	\N	\N	\N	\N	\N	\N
418	1_4_3_3_4	对公条线_单位其他固定资产贷款_10Y		2026-08-14 15:44:09	2026-08-14 15:44:09	NUM100	1.0	NII	\N	\N	\N	NUM104	1.0	B	\N	\N	\N	\N	\N	\N	\N	\N	\N	NUM087	1.0	NII	DEN057	1.0	AB	\N	\N	\N	\N	\N	\N	NUM100	1.0	NII	DEN060	1.0	AB	NUM100	1.0	NII	DEN060	1.0	AB	\N	\N	\N	\N	\N	\N	NUM087	1.0	B	\N	\N	\N	NUM014	1.0	RWA	\N	\N	\N	NUM020	1.0	CF3	DEN006	1.0	CF3	NUM019	1.0	CF1	\N	\N	\N	\N	\N	\N	DEN027	-1.0	CF1	\N	\N	\N	DEN045	1.0	CF1-6	\N	\N	\N	DEN045	1.0	CF7-12	\N	\N	\N	DEN044	1.0	CF12+	\N	\N	\N	\N	\N	\N	\N	\N	\N	\N	\N	\N	NUM070	1.0	B	\N	\N	\N	NUM020	1.0	CF3	DEN006	1.0	B	\N	\N	\N	\N	\N	\N	\N	\N	\N	\N	\N	\N	\N	\N	\N	\N	\N	\N
419	1_4_3_4_1	对公条线_单位流动资金贷款_3M		2026-08-14 15:44:09	2026-08-14 15:44:09	NUM100	1.0	NII	\N	\N	\N	NUM104	1.0	B	\N	\N	\N	\N	\N	\N	\N	\N	\N	NUM087	1.0	NII	DEN057	1.0	AB	\N	\N	\N	\N	\N	\N	NUM100	1.0	NII	DEN060	1.0	AB	NUM100	1.0	NII	DEN060	1.0	AB	\N	\N	\N	\N	\N	\N	NUM087	1.0	B	\N	\N	\N	NUM014	1.0	RWA	\N	\N	\N	NUM020	1.0	CF3	DEN006	1.0	CF3	NUM019	1.0	CF1	\N	\N	\N	\N	\N	\N	DEN027	-1.0	CF1	\N	\N	\N	DEN045	1.0	CF1-6	\N	\N	\N	DEN045	1.0	CF7-12	\N	\N	\N	DEN044	1.0	CF12+	\N	\N	\N	\N	\N	\N	\N	\N	\N	\N	\N	\N	NUM079	1.0	B	\N	\N	\N	NUM020	1.0	CF3	DEN006	1.0	B	\N	\N	\N	\N	\N	\N	\N	\N	\N	\N	\N	\N	\N	\N	\N	\N	\N	\N
420	1_4_3_4_2	对公条线_单位流动资金贷款_6M		2026-08-14 15:44:09	2026-08-14 15:44:09	NUM100	1.0	NII	\N	\N	\N	NUM104	1.0	B	\N	\N	\N	\N	\N	\N	\N	\N	\N	NUM087	1.0	NII	DEN057	1.0	AB	\N	\N	\N	\N	\N	\N	NUM100	1.0	NII	DEN060	1.0	AB	NUM100	1.0	NII	DEN060	1.0	AB	\N	\N	\N	\N	\N	\N	NUM087	1.0	B	\N	\N	\N	NUM014	1.0	RWA	\N	\N	\N	NUM020	1.0	CF3	DEN006	1.0	CF3	NUM019	1.0	CF1	\N	\N	\N	\N	\N	\N	DEN027	-1.0	CF1	\N	\N	\N	DEN045	1.0	CF1-6	\N	\N	\N	DEN045	1.0	CF7-12	\N	\N	\N	DEN044	1.0	CF12+	\N	\N	\N	\N	\N	\N	\N	\N	\N	\N	\N	\N	NUM079	1.0	B	\N	\N	\N	NUM020	1.0	CF3	DEN006	1.0	B	\N	\N	\N	\N	\N	\N	\N	\N	\N	\N	\N	\N	\N	\N	\N	\N	\N	\N
421	1_4_3_4_3	对公条线_单位流动资金贷款_1Y		2026-08-14 15:44:09	2026-08-14 15:44:09	NUM100	1.0	NII	\N	\N	\N	NUM104	1.0	B	\N	\N	\N	\N	\N	\N	\N	\N	\N	NUM087	1.0	NII	DEN057	1.0	AB	\N	\N	\N	\N	\N	\N	NUM100	1.0	NII	DEN060	1.0	AB	NUM100	1.0	NII	DEN060	1.0	AB	\N	\N	\N	\N	\N	\N	NUM087	1.0	B	\N	\N	\N	NUM014	1.0	RWA	\N	\N	\N	NUM020	1.0	CF3	DEN006	1.0	CF3	NUM019	1.0	CF1	\N	\N	\N	\N	\N	\N	DEN027	-1.0	CF1	\N	\N	\N	DEN045	1.0	CF1-6	\N	\N	\N	DEN045	1.0	CF7-12	\N	\N	\N	DEN044	1.0	CF12+	\N	\N	\N	\N	\N	\N	\N	\N	\N	\N	\N	\N	NUM079	1.0	B	\N	\N	\N	NUM020	1.0	CF3	DEN006	1.0	B	\N	\N	\N	\N	\N	\N	\N	\N	\N	\N	\N	\N	\N	\N	\N	\N	\N	\N
422	1_4_3_4_4	对公条线_单位流动资金贷款_2Y		2026-08-14 15:44:09	2026-08-14 15:44:09	NUM100	1.0	NII	\N	\N	\N	NUM104	1.0	B	\N	\N	\N	\N	\N	\N	\N	\N	\N	NUM087	1.0	NII	DEN057	1.0	AB	\N	\N	\N	\N	\N	\N	NUM100	1.0	NII	DEN060	1.0	AB	NUM100	1.0	NII	DEN060	1.0	AB	\N	\N	\N	\N	\N	\N	NUM087	1.0	B	\N	\N	\N	NUM014	1.0	RWA	\N	\N	\N	NUM020	1.0	CF3	DEN006	1.0	CF3	NUM019	1.0	CF1	\N	\N	\N	\N	\N	\N	DEN027	-1.0	CF1	\N	\N	\N	DEN045	1.0	CF1-6	\N	\N	\N	DEN045	1.0	CF7-12	\N	\N	\N	DEN044	1.0	CF12+	\N	\N	\N	\N	\N	\N	\N	\N	\N	\N	\N	\N	NUM079	1.0	B	\N	\N	\N	NUM020	1.0	CF3	DEN006	1.0	B	\N	\N	\N	\N	\N	\N	\N	\N	\N	\N	\N	\N	\N	\N	\N	\N	\N	\N
423	1_4_3_4_5	对公条线_单位流动资金贷款_3Y		2026-08-14 15:44:09	2026-08-14 15:44:09	NUM100	1.0	NII	\N	\N	\N	NUM104	1.0	B	\N	\N	\N	\N	\N	\N	\N	\N	\N	NUM087	1.0	NII	DEN057	1.0	AB	\N	\N	\N	\N	\N	\N	NUM100	1.0	NII	DEN060	1.0	AB	NUM100	1.0	NII	DEN060	1.0	AB	\N	\N	\N	\N	\N	\N	NUM087	1.0	B	\N	\N	\N	NUM014	1.0	RWA	\N	\N	\N	NUM020	1.0	CF3	DEN006	1.0	CF3	NUM019	1.0	CF1	\N	\N	\N	\N	\N	\N	DEN027	-1.0	CF1	\N	\N	\N	DEN045	1.0	CF1-6	\N	\N	\N	DEN045	1.0	CF7-12	\N	\N	\N	DEN044	1.0	CF12+	\N	\N	\N	\N	\N	\N	\N	\N	\N	\N	\N	\N	NUM079	1.0	B	\N	\N	\N	NUM020	1.0	CF3	DEN006	1.0	B	\N	\N	\N	\N	\N	\N	\N	\N	\N	\N	\N	\N	\N	\N	\N	\N	\N	\N
424	1_4_3_5_1	对公条线_其他贷款_3M		2026-08-14 15:44:09	2026-08-14 15:44:09	NUM100	1.0	NII	\N	\N	\N	NUM104	1.0	B	\N	\N	\N	\N	\N	\N	\N	\N	\N	NUM087	1.0	NII	DEN057	1.0	AB	\N	\N	\N	\N	\N	\N	NUM100	1.0	NII	DEN060	1.0	AB	NUM100	1.0	NII	DEN060	1.0	AB	\N	\N	\N	\N	\N	\N	NUM087	1.0	B	\N	\N	\N	NUM014	1.0	RWA	\N	\N	\N	NUM020	1.0	CF3	DEN006	1.0	CF3	NUM019	1.0	CF1	\N	\N	\N	\N	\N	\N	DEN027	-1.0	CF1	\N	\N	\N	DEN045	1.0	CF1-6	\N	\N	\N	DEN045	1.0	CF7-12	\N	\N	\N	DEN044	1.0	CF12+	\N	\N	\N	\N	\N	\N	\N	\N	\N	\N	\N	\N	NUM071	1.0	B	\N	\N	\N	NUM020	1.0	CF3	DEN006	1.0	B	\N	\N	\N	\N	\N	\N	\N	\N	\N	\N	\N	\N	\N	\N	\N	\N	\N	\N
425	1_4_3_5_2	对公条线_其他贷款_6M		2026-08-14 15:44:09	2026-08-14 15:44:09	NUM100	1.0	NII	\N	\N	\N	NUM104	1.0	B	\N	\N	\N	\N	\N	\N	\N	\N	\N	NUM087	1.0	NII	DEN057	1.0	AB	\N	\N	\N	\N	\N	\N	NUM100	1.0	NII	DEN060	1.0	AB	NUM100	1.0	NII	DEN060	1.0	AB	\N	\N	\N	\N	\N	\N	NUM087	1.0	B	\N	\N	\N	NUM014	1.0	RWA	\N	\N	\N	NUM020	1.0	CF3	DEN006	1.0	CF3	NUM019	1.0	CF1	\N	\N	\N	\N	\N	\N	DEN027	-1.0	CF1	\N	\N	\N	DEN045	1.0	CF1-6	\N	\N	\N	DEN045	1.0	CF7-12	\N	\N	\N	DEN044	1.0	CF12+	\N	\N	\N	\N	\N	\N	\N	\N	\N	\N	\N	\N	NUM071	1.0	B	\N	\N	\N	NUM020	1.0	CF3	DEN006	1.0	B	\N	\N	\N	\N	\N	\N	\N	\N	\N	\N	\N	\N	\N	\N	\N	\N	\N	\N
426	1_4_3_5_3	对公条线_其他贷款_1Y		2026-08-14 15:44:09	2026-08-14 15:44:09	NUM100	1.0	NII	\N	\N	\N	NUM104	1.0	B	\N	\N	\N	\N	\N	\N	\N	\N	\N	NUM087	1.0	NII	DEN057	1.0	AB	\N	\N	\N	\N	\N	\N	NUM100	1.0	NII	DEN060	1.0	AB	NUM100	1.0	NII	DEN060	1.0	AB	\N	\N	\N	\N	\N	\N	NUM087	1.0	B	\N	\N	\N	NUM014	1.0	RWA	\N	\N	\N	NUM020	1.0	CF3	DEN006	1.0	CF3	NUM019	1.0	CF1	\N	\N	\N	\N	\N	\N	DEN027	-1.0	CF1	\N	\N	\N	DEN045	1.0	CF1-6	\N	\N	\N	DEN045	1.0	CF7-12	\N	\N	\N	DEN044	1.0	CF12+	\N	\N	\N	\N	\N	\N	\N	\N	\N	\N	\N	\N	NUM071	1.0	B	\N	\N	\N	NUM020	1.0	CF3	DEN006	1.0	B	\N	\N	\N	\N	\N	\N	\N	\N	\N	\N	\N	\N	\N	\N	\N	\N	\N	\N
427	1_4_3_5_4	对公条线_其他贷款_2Y		2026-08-14 15:44:09	2026-08-14 15:44:09	NUM100	1.0	NII	\N	\N	\N	NUM104	1.0	B	\N	\N	\N	\N	\N	\N	\N	\N	\N	NUM087	1.0	NII	DEN057	1.0	AB	\N	\N	\N	\N	\N	\N	NUM100	1.0	NII	DEN060	1.0	AB	NUM100	1.0	NII	DEN060	1.0	AB	\N	\N	\N	\N	\N	\N	NUM087	1.0	B	\N	\N	\N	NUM014	1.0	RWA	\N	\N	\N	NUM020	1.0	CF3	DEN006	1.0	CF3	NUM019	1.0	CF1	\N	\N	\N	\N	\N	\N	DEN027	-1.0	CF1	\N	\N	\N	DEN045	1.0	CF1-6	\N	\N	\N	DEN045	1.0	CF7-12	\N	\N	\N	DEN044	1.0	CF12+	\N	\N	\N	\N	\N	\N	\N	\N	\N	\N	\N	\N	NUM071	1.0	B	\N	\N	\N	NUM020	1.0	CF3	DEN006	1.0	B	\N	\N	\N	\N	\N	\N	\N	\N	\N	\N	\N	\N	\N	\N	\N	\N	\N	\N
428	1_4_3_5_5	对公条线_其他贷款_3Y		2026-08-14 15:44:09	2026-08-14 15:44:09	NUM100	1.0	NII	\N	\N	\N	NUM104	1.0	B	\N	\N	\N	\N	\N	\N	\N	\N	\N	NUM087	1.0	NII	DEN057	1.0	AB	\N	\N	\N	\N	\N	\N	NUM100	1.0	NII	DEN060	1.0	AB	NUM100	1.0	NII	DEN060	1.0	AB	\N	\N	\N	\N	\N	\N	NUM087	1.0	B	\N	\N	\N	NUM014	1.0	RWA	\N	\N	\N	NUM020	1.0	CF3	DEN006	1.0	CF3	NUM019	1.0	CF1	\N	\N	\N	\N	\N	\N	DEN027	-1.0	CF1	\N	\N	\N	DEN045	1.0	CF1-6	\N	\N	\N	DEN045	1.0	CF7-12	\N	\N	\N	DEN044	1.0	CF12+	\N	\N	\N	\N	\N	\N	\N	\N	\N	\N	\N	\N	NUM071	1.0	B	\N	\N	\N	NUM020	1.0	CF3	DEN006	1.0	B	\N	\N	\N	\N	\N	\N	\N	\N	\N	\N	\N	\N	\N	\N	\N	\N	\N	\N
429	1_4_4_1_1_1	数金条线_个人经营贷款_线上_3M		2026-08-14 15:44:09	2026-08-14 15:44:09	NUM100	1.0	NII	\N	\N	\N	NUM104	1.0	B	\N	\N	\N	\N	\N	\N	\N	\N	\N	NUM087	1.0	NII	DEN057	1.0	AB	\N	\N	\N	\N	\N	\N	NUM100	1.0	NII	DEN060	1.0	AB	NUM100	1.0	NII	DEN060	1.0	AB	\N	\N	\N	\N	\N	\N	NUM087	1.0	B	\N	\N	\N	NUM014	1.0	RWA	\N	\N	\N	NUM020	1.0	CF3	DEN006	1.0	CF3	NUM019	1.0	CF1	\N	\N	\N	\N	\N	\N	DEN027	-1.0	CF1	\N	\N	\N	DEN045	1.0	CF1-6	\N	\N	\N	DEN045	1.0	CF7-12	\N	\N	\N	DEN044	1.0	CF12+	\N	\N	\N	\N	\N	\N	\N	\N	\N	\N	\N	\N	NUM097	1.0	B	\N	\N	\N	NUM020	1.0	CF3	DEN006	1.0	B	\N	\N	\N	\N	\N	\N	\N	\N	\N	\N	\N	\N	\N	\N	\N	\N	\N	\N
430	1_4_4_1_1_2	数金条线_个人经营贷款_线上_6M		2026-08-14 15:44:09	2026-08-14 15:44:09	NUM100	1.0	NII	\N	\N	\N	NUM104	1.0	B	\N	\N	\N	\N	\N	\N	\N	\N	\N	NUM087	1.0	NII	DEN057	1.0	AB	\N	\N	\N	\N	\N	\N	NUM100	1.0	NII	DEN060	1.0	AB	NUM100	1.0	NII	DEN060	1.0	AB	\N	\N	\N	\N	\N	\N	NUM087	1.0	B	\N	\N	\N	NUM014	1.0	RWA	\N	\N	\N	NUM020	1.0	CF3	DEN006	1.0	CF3	NUM019	1.0	CF1	\N	\N	\N	\N	\N	\N	DEN027	-1.0	CF1	\N	\N	\N	DEN045	1.0	CF1-6	\N	\N	\N	DEN045	1.0	CF7-12	\N	\N	\N	DEN044	1.0	CF12+	\N	\N	\N	\N	\N	\N	\N	\N	\N	\N	\N	\N	NUM097	1.0	B	\N	\N	\N	NUM020	1.0	CF3	DEN006	1.0	B	\N	\N	\N	\N	\N	\N	\N	\N	\N	\N	\N	\N	\N	\N	\N	\N	\N	\N
431	1_4_4_1_1_3	数金条线_个人经营贷款_线上_1Y		2026-08-14 15:44:09	2026-08-14 15:44:09	NUM100	1.0	NII	\N	\N	\N	NUM104	1.0	B	\N	\N	\N	\N	\N	\N	\N	\N	\N	NUM087	1.0	NII	DEN057	1.0	AB	\N	\N	\N	\N	\N	\N	NUM100	1.0	NII	DEN060	1.0	AB	NUM100	1.0	NII	DEN060	1.0	AB	\N	\N	\N	\N	\N	\N	NUM087	1.0	B	\N	\N	\N	NUM014	1.0	RWA	\N	\N	\N	NUM020	1.0	CF3	DEN006	1.0	CF3	NUM019	1.0	CF1	\N	\N	\N	\N	\N	\N	DEN027	-1.0	CF1	\N	\N	\N	DEN045	1.0	CF1-6	\N	\N	\N	DEN045	1.0	CF7-12	\N	\N	\N	DEN044	1.0	CF12+	\N	\N	\N	\N	\N	\N	\N	\N	\N	\N	\N	\N	NUM097	1.0	B	\N	\N	\N	NUM020	1.0	CF3	DEN006	1.0	B	\N	\N	\N	\N	\N	\N	\N	\N	\N	\N	\N	\N	\N	\N	\N	\N	\N	\N
432	1_4_4_1_1_4	数金条线_个人经营贷款_线上_2Y		2026-08-14 15:44:09	2026-08-14 15:44:09	NUM100	1.0	NII	\N	\N	\N	NUM104	1.0	B	\N	\N	\N	\N	\N	\N	\N	\N	\N	NUM087	1.0	NII	DEN057	1.0	AB	\N	\N	\N	\N	\N	\N	NUM100	1.0	NII	DEN060	1.0	AB	NUM100	1.0	NII	DEN060	1.0	AB	\N	\N	\N	\N	\N	\N	NUM087	1.0	B	\N	\N	\N	NUM014	1.0	RWA	\N	\N	\N	NUM020	1.0	CF3	DEN006	1.0	CF3	NUM019	1.0	CF1	\N	\N	\N	\N	\N	\N	DEN027	-1.0	CF1	\N	\N	\N	DEN045	1.0	CF1-6	\N	\N	\N	DEN045	1.0	CF7-12	\N	\N	\N	DEN044	1.0	CF12+	\N	\N	\N	\N	\N	\N	\N	\N	\N	\N	\N	\N	NUM097	1.0	B	\N	\N	\N	NUM020	1.0	CF3	DEN006	1.0	B	\N	\N	\N	\N	\N	\N	\N	\N	\N	\N	\N	\N	\N	\N	\N	\N	\N	\N
433	1_4_4_1_1_5	数金条线_个人经营贷款_线上_3Y		2026-08-14 15:44:09	2026-08-14 15:44:09	NUM100	1.0	NII	\N	\N	\N	NUM104	1.0	B	\N	\N	\N	\N	\N	\N	\N	\N	\N	NUM087	1.0	NII	DEN057	1.0	AB	\N	\N	\N	\N	\N	\N	NUM100	1.0	NII	DEN060	1.0	AB	NUM100	1.0	NII	DEN060	1.0	AB	\N	\N	\N	\N	\N	\N	NUM087	1.0	B	\N	\N	\N	NUM014	1.0	RWA	\N	\N	\N	NUM020	1.0	CF3	DEN006	1.0	CF3	NUM019	1.0	CF1	\N	\N	\N	\N	\N	\N	DEN027	-1.0	CF1	\N	\N	\N	DEN045	1.0	CF1-6	\N	\N	\N	DEN045	1.0	CF7-12	\N	\N	\N	DEN044	1.0	CF12+	\N	\N	\N	\N	\N	\N	\N	\N	\N	\N	\N	\N	NUM097	1.0	B	\N	\N	\N	NUM020	1.0	CF3	DEN006	1.0	B	\N	\N	\N	\N	\N	\N	\N	\N	\N	\N	\N	\N	\N	\N	\N	\N	\N	\N
434	1_4_4_1_2_1	数金条线_个人经营贷款_线下_3M		2026-08-14 15:44:09	2026-08-14 15:44:09	NUM100	1.0	NII	\N	\N	\N	NUM104	1.0	B	\N	\N	\N	\N	\N	\N	\N	\N	\N	NUM087	1.0	NII	DEN057	1.0	AB	\N	\N	\N	\N	\N	\N	NUM100	1.0	NII	DEN060	1.0	AB	NUM100	1.0	NII	DEN060	1.0	AB	\N	\N	\N	\N	\N	\N	NUM087	1.0	B	\N	\N	\N	NUM014	1.0	RWA	\N	\N	\N	NUM020	1.0	CF3	DEN006	1.0	CF3	NUM019	1.0	CF1	\N	\N	\N	\N	\N	\N	DEN027	-1.0	CF1	\N	\N	\N	DEN045	1.0	CF1-6	\N	\N	\N	DEN045	1.0	CF7-12	\N	\N	\N	DEN044	1.0	CF12+	\N	\N	\N	\N	\N	\N	\N	\N	\N	\N	\N	\N	NUM098	1.0	B	\N	\N	\N	NUM020	1.0	CF3	DEN006	1.0	B	\N	\N	\N	\N	\N	\N	\N	\N	\N	\N	\N	\N	\N	\N	\N	\N	\N	\N
435	1_4_4_1_2_2	数金条线_个人经营贷款_线下_6M		2026-08-14 15:44:09	2026-08-14 15:44:09	NUM100	1.0	NII	\N	\N	\N	NUM104	1.0	B	\N	\N	\N	\N	\N	\N	\N	\N	\N	NUM087	1.0	NII	DEN057	1.0	AB	\N	\N	\N	\N	\N	\N	NUM100	1.0	NII	DEN060	1.0	AB	NUM100	1.0	NII	DEN060	1.0	AB	\N	\N	\N	\N	\N	\N	NUM087	1.0	B	\N	\N	\N	NUM014	1.0	RWA	\N	\N	\N	NUM020	1.0	CF3	DEN006	1.0	CF3	NUM019	1.0	CF1	\N	\N	\N	\N	\N	\N	DEN027	-1.0	CF1	\N	\N	\N	DEN045	1.0	CF1-6	\N	\N	\N	DEN045	1.0	CF7-12	\N	\N	\N	DEN044	1.0	CF12+	\N	\N	\N	\N	\N	\N	\N	\N	\N	\N	\N	\N	NUM098	1.0	B	\N	\N	\N	NUM020	1.0	CF3	DEN006	1.0	B	\N	\N	\N	\N	\N	\N	\N	\N	\N	\N	\N	\N	\N	\N	\N	\N	\N	\N
436	1_4_4_1_2_3	数金条线_个人经营贷款_线下_1Y		2026-08-14 15:44:09	2026-08-14 15:44:09	NUM100	1.0	NII	\N	\N	\N	NUM104	1.0	B	\N	\N	\N	\N	\N	\N	\N	\N	\N	NUM087	1.0	NII	DEN057	1.0	AB	\N	\N	\N	\N	\N	\N	NUM100	1.0	NII	DEN060	1.0	AB	NUM100	1.0	NII	DEN060	1.0	AB	\N	\N	\N	\N	\N	\N	NUM087	1.0	B	\N	\N	\N	NUM014	1.0	RWA	\N	\N	\N	NUM020	1.0	CF3	DEN006	1.0	CF3	NUM019	1.0	CF1	\N	\N	\N	\N	\N	\N	DEN027	-1.0	CF1	\N	\N	\N	DEN045	1.0	CF1-6	\N	\N	\N	DEN045	1.0	CF7-12	\N	\N	\N	DEN044	1.0	CF12+	\N	\N	\N	\N	\N	\N	\N	\N	\N	\N	\N	\N	NUM098	1.0	B	\N	\N	\N	NUM020	1.0	CF3	DEN006	1.0	B	\N	\N	\N	\N	\N	\N	\N	\N	\N	\N	\N	\N	\N	\N	\N	\N	\N	\N
437	1_4_4_1_2_4	数金条线_个人经营贷款_线下_2Y		2026-08-14 15:44:09	2026-08-14 15:44:09	NUM100	1.0	NII	\N	\N	\N	NUM104	1.0	B	\N	\N	\N	\N	\N	\N	\N	\N	\N	NUM087	1.0	NII	DEN057	1.0	AB	\N	\N	\N	\N	\N	\N	NUM100	1.0	NII	DEN060	1.0	AB	NUM100	1.0	NII	DEN060	1.0	AB	\N	\N	\N	\N	\N	\N	NUM087	1.0	B	\N	\N	\N	NUM014	1.0	RWA	\N	\N	\N	NUM020	1.0	CF3	DEN006	1.0	CF3	NUM019	1.0	CF1	\N	\N	\N	\N	\N	\N	DEN027	-1.0	CF1	\N	\N	\N	DEN045	1.0	CF1-6	\N	\N	\N	DEN045	1.0	CF7-12	\N	\N	\N	DEN044	1.0	CF12+	\N	\N	\N	\N	\N	\N	\N	\N	\N	\N	\N	\N	NUM098	1.0	B	\N	\N	\N	NUM020	1.0	CF3	DEN006	1.0	B	\N	\N	\N	\N	\N	\N	\N	\N	\N	\N	\N	\N	\N	\N	\N	\N	\N	\N
438	1_4_4_1_2_5	数金条线_个人经营贷款_线下_3Y		2026-08-14 15:44:09	2026-08-14 15:44:09	NUM100	1.0	NII	\N	\N	\N	NUM104	1.0	B	\N	\N	\N	\N	\N	\N	\N	\N	\N	NUM087	1.0	NII	DEN057	1.0	AB	\N	\N	\N	\N	\N	\N	NUM100	1.0	NII	DEN060	1.0	AB	NUM100	1.0	NII	DEN060	1.0	AB	\N	\N	\N	\N	\N	\N	NUM087	1.0	B	\N	\N	\N	NUM014	1.0	RWA	\N	\N	\N	NUM020	1.0	CF3	DEN006	1.0	CF3	NUM019	1.0	CF1	\N	\N	\N	\N	\N	\N	DEN027	-1.0	CF1	\N	\N	\N	DEN045	1.0	CF1-6	\N	\N	\N	DEN045	1.0	CF7-12	\N	\N	\N	DEN044	1.0	CF12+	\N	\N	\N	\N	\N	\N	\N	\N	\N	\N	\N	\N	NUM098	1.0	B	\N	\N	\N	NUM020	1.0	CF3	DEN006	1.0	B	\N	\N	\N	\N	\N	\N	\N	\N	\N	\N	\N	\N	\N	\N	\N	\N	\N	\N
439	1_4_4_2_1	数金条线_个人消费贷款_3M		2026-08-14 15:44:09	2026-08-14 15:44:09	NUM100	1.0	NII	\N	\N	\N	NUM104	1.0	B	\N	\N	\N	\N	\N	\N	\N	\N	\N	NUM087	1.0	NII	DEN057	1.0	AB	\N	\N	\N	\N	\N	\N	NUM100	1.0	NII	DEN060	1.0	AB	NUM100	1.0	NII	DEN060	1.0	AB	\N	\N	\N	\N	\N	\N	NUM087	1.0	B	\N	\N	\N	NUM014	1.0	RWA	\N	\N	\N	NUM020	1.0	CF3	DEN006	1.0	CF3	NUM019	1.0	CF1	\N	\N	\N	\N	\N	\N	DEN027	-1.0	CF1	\N	\N	\N	DEN045	1.0	CF1-6	\N	\N	\N	DEN045	1.0	CF7-12	\N	\N	\N	DEN044	1.0	CF12+	\N	\N	\N	\N	\N	\N	\N	\N	\N	\N	\N	\N	NUM096	1.0	B	\N	\N	\N	NUM020	1.0	CF3	DEN006	1.0	B	\N	\N	\N	\N	\N	\N	\N	\N	\N	\N	\N	\N	\N	\N	\N	\N	\N	\N
440	1_4_4_2_2	数金条线_个人消费贷款_6M		2026-08-14 15:44:09	2026-08-14 15:44:09	NUM100	1.0	NII	\N	\N	\N	NUM104	1.0	B	\N	\N	\N	\N	\N	\N	\N	\N	\N	NUM087	1.0	NII	DEN057	1.0	AB	\N	\N	\N	\N	\N	\N	NUM100	1.0	NII	DEN060	1.0	AB	NUM100	1.0	NII	DEN060	1.0	AB	\N	\N	\N	\N	\N	\N	NUM087	1.0	B	\N	\N	\N	NUM014	1.0	RWA	\N	\N	\N	NUM020	1.0	CF3	DEN006	1.0	CF3	NUM019	1.0	CF1	\N	\N	\N	\N	\N	\N	DEN027	-1.0	CF1	\N	\N	\N	DEN045	1.0	CF1-6	\N	\N	\N	DEN045	1.0	CF7-12	\N	\N	\N	DEN044	1.0	CF12+	\N	\N	\N	\N	\N	\N	\N	\N	\N	\N	\N	\N	NUM096	1.0	B	\N	\N	\N	NUM020	1.0	CF3	DEN006	1.0	B	\N	\N	\N	\N	\N	\N	\N	\N	\N	\N	\N	\N	\N	\N	\N	\N	\N	\N
441	1_4_4_2_3	数金条线_个人消费贷款_1Y		2026-08-14 15:44:09	2026-08-14 15:44:09	NUM100	1.0	NII	\N	\N	\N	NUM104	1.0	B	\N	\N	\N	\N	\N	\N	\N	\N	\N	NUM087	1.0	NII	DEN057	1.0	AB	\N	\N	\N	\N	\N	\N	NUM100	1.0	NII	DEN060	1.0	AB	NUM100	1.0	NII	DEN060	1.0	AB	\N	\N	\N	\N	\N	\N	NUM087	1.0	B	\N	\N	\N	NUM014	1.0	RWA	\N	\N	\N	NUM020	1.0	CF3	DEN006	1.0	CF3	NUM019	1.0	CF1	\N	\N	\N	\N	\N	\N	DEN027	-1.0	CF1	\N	\N	\N	DEN045	1.0	CF1-6	\N	\N	\N	DEN045	1.0	CF7-12	\N	\N	\N	DEN044	1.0	CF12+	\N	\N	\N	\N	\N	\N	\N	\N	\N	\N	\N	\N	NUM096	1.0	B	\N	\N	\N	NUM020	1.0	CF3	DEN006	1.0	B	\N	\N	\N	\N	\N	\N	\N	\N	\N	\N	\N	\N	\N	\N	\N	\N	\N	\N
442	1_4_4_2_4	数金条线_个人消费贷款_2Y		2026-08-14 15:44:09	2026-08-14 15:44:09	NUM100	1.0	NII	\N	\N	\N	NUM104	1.0	B	\N	\N	\N	\N	\N	\N	\N	\N	\N	NUM087	1.0	NII	DEN057	1.0	AB	\N	\N	\N	\N	\N	\N	NUM100	1.0	NII	DEN060	1.0	AB	NUM100	1.0	NII	DEN060	1.0	AB	\N	\N	\N	\N	\N	\N	NUM087	1.0	B	\N	\N	\N	NUM014	1.0	RWA	\N	\N	\N	NUM020	1.0	CF3	DEN006	1.0	CF3	NUM019	1.0	CF1	\N	\N	\N	\N	\N	\N	DEN027	-1.0	CF1	\N	\N	\N	DEN045	1.0	CF1-6	\N	\N	\N	DEN045	1.0	CF7-12	\N	\N	\N	DEN044	1.0	CF12+	\N	\N	\N	\N	\N	\N	\N	\N	\N	\N	\N	\N	NUM096	1.0	B	\N	\N	\N	NUM020	1.0	CF3	DEN006	1.0	B	\N	\N	\N	\N	\N	\N	\N	\N	\N	\N	\N	\N	\N	\N	\N	\N	\N	\N
443	1_4_4_2_5	数金条线_个人消费贷款_3Y		2026-08-14 15:44:09	2026-08-14 15:44:09	NUM100	1.0	NII	\N	\N	\N	NUM104	1.0	B	\N	\N	\N	\N	\N	\N	\N	\N	\N	NUM087	1.0	NII	DEN057	1.0	AB	\N	\N	\N	\N	\N	\N	NUM100	1.0	NII	DEN060	1.0	AB	NUM100	1.0	NII	DEN060	1.0	AB	\N	\N	\N	\N	\N	\N	NUM087	1.0	B	\N	\N	\N	NUM014	1.0	RWA	\N	\N	\N	NUM020	1.0	CF3	DEN006	1.0	CF3	NUM019	1.0	CF1	\N	\N	\N	\N	\N	\N	DEN027	-1.0	CF1	\N	\N	\N	DEN045	1.0	CF1-6	\N	\N	\N	DEN045	1.0	CF7-12	\N	\N	\N	DEN044	1.0	CF12+	\N	\N	\N	\N	\N	\N	\N	\N	\N	\N	\N	\N	NUM096	1.0	B	\N	\N	\N	NUM020	1.0	CF3	DEN006	1.0	B	\N	\N	\N	\N	\N	\N	\N	\N	\N	\N	\N	\N	\N	\N	\N	\N	\N	\N
444	1_4_5_1	贸易融资_3M		2026-08-14 15:44:09	2026-08-14 15:44:09	NUM100	1.0	NII	\N	\N	\N	NUM104	1.0	B	\N	\N	\N	\N	\N	\N	\N	\N	\N	NUM087	1.0	NII	DEN057	1.0	AB	\N	\N	\N	\N	\N	\N	NUM100	1.0	NII	DEN060	1.0	AB	NUM100	1.0	NII	DEN060	1.0	AB	\N	\N	\N	\N	\N	\N	NUM087	1.0	B	\N	\N	\N	NUM014	1.0	RWA	\N	\N	\N	NUM020	1.0	CF3	DEN006	1.0	CF3	NUM019	1.0	CF1	\N	\N	\N	\N	\N	\N	DEN027	-1.0	CF1	\N	\N	\N	DEN045	1.0	CF1-6	\N	\N	\N	DEN045	1.0	CF7-12	\N	\N	\N	DEN044	1.0	CF12+	\N	\N	\N	\N	\N	\N	\N	\N	\N	\N	\N	\N	NUM105	1.0	B	\N	\N	\N	NUM020	1.0	CF3	DEN006	1.0	B	\N	\N	\N	\N	\N	\N	\N	\N	\N	\N	\N	\N	\N	\N	\N	\N	\N	\N
445	1_4_5_2	贸易融资_6M		2026-08-14 15:44:09	2026-08-14 15:44:09	NUM100	1.0	NII	\N	\N	\N	NUM104	1.0	B	\N	\N	\N	\N	\N	\N	\N	\N	\N	NUM087	1.0	NII	DEN057	1.0	AB	\N	\N	\N	\N	\N	\N	NUM100	1.0	NII	DEN060	1.0	AB	NUM100	1.0	NII	DEN060	1.0	AB	\N	\N	\N	\N	\N	\N	NUM087	1.0	B	\N	\N	\N	NUM014	1.0	RWA	\N	\N	\N	NUM020	1.0	CF3	DEN006	1.0	CF3	NUM019	1.0	CF1	\N	\N	\N	\N	\N	\N	DEN027	-1.0	CF1	\N	\N	\N	DEN045	1.0	CF1-6	\N	\N	\N	DEN045	1.0	CF7-12	\N	\N	\N	DEN044	1.0	CF12+	\N	\N	\N	\N	\N	\N	\N	\N	\N	\N	\N	\N	NUM105	1.0	B	\N	\N	\N	NUM020	1.0	CF3	DEN006	1.0	B	\N	\N	\N	\N	\N	\N	\N	\N	\N	\N	\N	\N	\N	\N	\N	\N	\N	\N
446	1_4_5_3	贸易融资_1Y		2026-08-14 15:44:09	2026-08-14 15:44:09	NUM100	1.0	NII	\N	\N	\N	NUM104	1.0	B	\N	\N	\N	\N	\N	\N	\N	\N	\N	NUM087	1.0	NII	DEN057	1.0	AB	\N	\N	\N	\N	\N	\N	NUM100	1.0	NII	DEN060	1.0	AB	NUM100	1.0	NII	DEN060	1.0	AB	\N	\N	\N	\N	\N	\N	NUM087	1.0	B	\N	\N	\N	NUM014	1.0	RWA	\N	\N	\N	NUM020	1.0	CF3	DEN006	1.0	CF3	NUM019	1.0	CF1	\N	\N	\N	\N	\N	\N	DEN027	-1.0	CF1	\N	\N	\N	DEN045	1.0	CF1-6	\N	\N	\N	DEN045	1.0	CF7-12	\N	\N	\N	DEN044	1.0	CF12+	\N	\N	\N	\N	\N	\N	\N	\N	\N	\N	\N	\N	NUM105	1.0	B	\N	\N	\N	NUM020	1.0	CF3	DEN006	1.0	B	\N	\N	\N	\N	\N	\N	\N	\N	\N	\N	\N	\N	\N	\N	\N	\N	\N	\N
447	1_4_5_4	贸易融资_2Y		2026-08-14 15:44:09	2026-08-14 15:44:09	NUM100	1.0	NII	\N	\N	\N	NUM104	1.0	B	\N	\N	\N	\N	\N	\N	\N	\N	\N	NUM087	1.0	NII	DEN057	1.0	AB	\N	\N	\N	\N	\N	\N	NUM100	1.0	NII	DEN060	1.0	AB	NUM100	1.0	NII	DEN060	1.0	AB	\N	\N	\N	\N	\N	\N	NUM087	1.0	B	\N	\N	\N	NUM014	1.0	RWA	\N	\N	\N	NUM020	1.0	CF3	DEN006	1.0	CF3	NUM019	1.0	CF1	\N	\N	\N	\N	\N	\N	DEN027	-1.0	CF1	\N	\N	\N	DEN045	1.0	CF1-6	\N	\N	\N	DEN045	1.0	CF7-12	\N	\N	\N	DEN044	1.0	CF12+	\N	\N	\N	\N	\N	\N	\N	\N	\N	\N	\N	\N	NUM105	1.0	B	\N	\N	\N	NUM020	1.0	CF3	DEN006	1.0	B	\N	\N	\N	\N	\N	\N	\N	\N	\N	\N	\N	\N	\N	\N	\N	\N	\N	\N
448	1_4_5_5	贸易融资_3Y		2026-08-14 15:44:09	2026-08-14 15:44:09	NUM100	1.0	NII	\N	\N	\N	NUM104	1.0	B	\N	\N	\N	\N	\N	\N	\N	\N	\N	NUM087	1.0	NII	DEN057	1.0	AB	\N	\N	\N	\N	\N	\N	NUM100	1.0	NII	DEN060	1.0	AB	NUM100	1.0	NII	DEN060	1.0	AB	\N	\N	\N	\N	\N	\N	NUM087	1.0	B	\N	\N	\N	NUM014	1.0	RWA	\N	\N	\N	NUM020	1.0	CF3	DEN006	1.0	CF3	NUM019	1.0	CF1	\N	\N	\N	\N	\N	\N	DEN027	-1.0	CF1	\N	\N	\N	DEN045	1.0	CF1-6	\N	\N	\N	DEN045	1.0	CF7-12	\N	\N	\N	DEN044	1.0	CF12+	\N	\N	\N	\N	\N	\N	\N	\N	\N	\N	\N	\N	NUM105	1.0	B	\N	\N	\N	NUM020	1.0	CF3	DEN006	1.0	B	\N	\N	\N	\N	\N	\N	\N	\N	\N	\N	\N	\N	\N	\N	\N	\N	\N	\N
449	1_4_6_1	直贴_3M		2026-08-14 15:44:09	2026-08-14 15:44:09	NUM100	1.0	NII	\N	\N	\N	NUM104	1.0	B	\N	\N	\N	\N	\N	\N	\N	\N	\N	NUM087	1.0	NII	DEN057	1.0	AB	\N	\N	\N	\N	\N	\N	NUM100	1.0	NII	DEN060	1.0	AB	NUM100	1.0	NII	DEN060	1.0	AB	\N	\N	\N	\N	\N	\N	NUM087	1.0	B	\N	\N	\N	NUM014	1.0	RWA	\N	\N	\N	\N	\N	\N	\N	\N	\N	NUM019	1.0	CF1	\N	\N	\N	\N	\N	\N	\N	\N	\N	\N	\N	\N	DEN011	1.0	CF1-6	\N	\N	\N	DEN011	1.0	CF7-12	\N	\N	\N	DEN011	1.0	CF12+	\N	\N	\N	\N	\N	\N	\N	\N	\N	\N	\N	\N	NUM102	1.0	B	\N	\N	\N	NUM020	1.0	CF3	DEN006	1.0	B	\N	\N	\N	\N	\N	\N	\N	\N	\N	\N	\N	\N	\N	\N	\N	\N	\N	\N
450	1_4_6_2	转贴_6M		2026-08-14 15:44:09	2026-08-14 15:44:09	NUM100	1.0	NII	\N	\N	\N	NUM104	1.0	B	\N	\N	\N	\N	\N	\N	\N	\N	\N	NUM087	1.0	NII	DEN057	1.0	AB	\N	\N	\N	\N	\N	\N	NUM100	1.0	NII	DEN060	1.0	AB	NUM100	1.0	NII	DEN060	1.0	AB	\N	\N	\N	\N	\N	\N	NUM087	1.0	B	\N	\N	\N	NUM014	1.0	RWA	\N	\N	\N	\N	\N	\N	\N	\N	\N	NUM019	1.0	CF1	\N	\N	\N	\N	\N	\N	\N	\N	\N	\N	\N	\N	DEN050	1.0	CF1-6	\N	\N	\N	DEN050	1.0	CF7-12	\N	\N	\N	DEN050	1.0	CF12+	\N	\N	\N	\N	\N	\N	\N	\N	\N	\N	\N	\N	NUM102	1.0	B	\N	\N	\N	NUM020	1.0	CF3	DEN006	1.0	B	\N	\N	\N	\N	\N	\N	\N	\N	\N	\N	\N	\N	\N	\N	\N	\N	\N	\N
451	1_4_6_3	福费廷_3M		2026-08-14 15:44:09	2026-08-14 15:44:09	NUM100	1.0	NII	\N	\N	\N	NUM104	1.0	B	\N	\N	\N	\N	\N	\N	\N	\N	\N	NUM087	1.0	NII	DEN057	1.0	AB	\N	\N	\N	\N	\N	\N	NUM100	1.0	NII	DEN060	1.0	AB	NUM100	1.0	NII	DEN060	1.0	AB	\N	\N	\N	\N	\N	\N	NUM087	1.0	B	\N	\N	\N	NUM014	1.0	RWA	\N	\N	\N	\N	\N	\N	\N	\N	\N	NUM019	1.0	CF1	\N	\N	\N	\N	\N	\N	\N	\N	\N	\N	\N	\N	\N	\N	\N	\N	\N	\N	\N	\N	\N	\N	\N	\N	\N	\N	\N	\N	\N	\N	\N	\N	\N	\N	\N	\N	\N	\N	\N	NUM102	1.0	B	\N	\N	\N	NUM020	1.0	CF3	DEN006	1.0	B	\N	\N	\N	\N	\N	\N	\N	\N	\N	\N	\N	\N	\N	\N	\N	\N	\N	\N
452	1_4_6_4	应收款买断_3M		2026-08-14 15:44:09	2026-08-14 15:44:09	NUM100	1.0	NII	\N	\N	\N	NUM104	1.0	B	\N	\N	\N	\N	\N	\N	\N	\N	\N	NUM087	1.0	NII	DEN057	1.0	AB	\N	\N	\N	\N	\N	\N	NUM100	1.0	NII	DEN060	1.0	AB	NUM100	1.0	NII	DEN060	1.0	AB	\N	\N	\N	\N	\N	\N	NUM087	1.0	B	\N	\N	\N	NUM014	1.0	RWA	\N	\N	\N	\N	\N	\N	\N	\N	\N	NUM019	1.0	CF1	\N	\N	\N	\N	\N	\N	\N	\N	\N	\N	\N	\N	\N	\N	\N	\N	\N	\N	\N	\N	\N	\N	\N	\N	\N	\N	\N	\N	\N	\N	\N	\N	\N	\N	\N	\N	\N	\N	\N	NUM102	1.0	B	\N	\N	\N	NUM020	1.0	CF3	DEN006	1.0	B	\N	\N	\N	\N	\N	\N	\N	\N	\N	\N	\N	\N	\N	\N	\N	\N	\N	\N
453	1_5_1_1	贵金属_黄金_1D		2026-08-14 15:44:09	2026-08-14 15:44:09	\N	\N	\N	\N	\N	\N	\N	\N	\N	\N	\N	\N	\N	\N	\N	\N	\N	\N	\N	\N	\N	\N	\N	\N	\N	\N	\N	\N	\N	\N	\N	\N	\N	\N	\N	\N	\N	\N	\N	\N	\N	\N	\N	\N	\N	\N	\N	\N	\N	\N	\N	\N	\N	\N	NUM018	1.0	RWA	\N	\N	\N	NUM025	1.0	B	DEN009	1.0	B	NUM010	1.0	B	\N	\N	\N	\N	\N	\N	\N	\N	\N	\N	\N	\N	\N	\N	\N	\N	\N	\N	\N	\N	\N	\N	\N	\N	\N	\N	\N	\N	\N	\N	\N	\N	\N	\N	\N	\N	\N	\N	\N	NUM103	1.0	B	\N	\N	\N	NUM025	1.0	CF3	DEN009	1.0	B	\N	\N	\N	\N	\N	\N	\N	\N	\N	\N	\N	\N	\N	\N	\N	\N	\N	\N
454	1_5_1_2	贵金属_非黄金_30Y		2026-08-14 15:44:10	2026-08-14 15:44:10	\N	\N	\N	\N	\N	\N	\N	\N	\N	\N	\N	\N	\N	\N	\N	\N	\N	\N	\N	\N	\N	\N	\N	\N	\N	\N	\N	\N	\N	\N	\N	\N	\N	\N	\N	\N	\N	\N	\N	\N	\N	\N	\N	\N	\N	\N	\N	\N	\N	\N	\N	\N	\N	\N	NUM018	1.0	RWA	\N	\N	\N	NUM025	1.0	B	DEN009	1.0	B	NUM024	1.0	CF1	\N	\N	\N	\N	\N	\N	\N	\N	\N	\N	\N	\N	\N	\N	\N	\N	\N	\N	\N	\N	\N	\N	\N	\N	\N	\N	\N	\N	\N	\N	\N	\N	\N	\N	\N	\N	\N	\N	\N	NUM103	1.0	B	\N	\N	\N	NUM025	1.0	CF3	DEN009	1.0	B	\N	\N	\N	\N	\N	\N	\N	\N	\N	\N	\N	\N	\N	\N	\N	\N	\N	\N
455	1_5_2	各类应收款_30Y		2026-08-14 15:44:10	2026-08-14 15:44:10	\N	\N	\N	\N	\N	\N	\N	\N	\N	\N	\N	\N	\N	\N	\N	\N	\N	\N	\N	\N	\N	\N	\N	\N	\N	\N	\N	\N	\N	\N	\N	\N	\N	\N	\N	\N	\N	\N	\N	\N	\N	\N	\N	\N	\N	\N	\N	\N	NUM087	1.0	B	\N	\N	\N	NUM018	1.0	RWA	\N	\N	\N	NUM025	1.0	B	DEN009	1.0	B	NUM016	1.0	B	\N	\N	\N	\N	\N	\N	\N	\N	\N	\N	\N	\N	DEN011	1.0	CF1-6	\N	\N	\N	DEN011	1.0	CF7-12	\N	\N	\N	DEN011	1.0	CF12+	\N	\N	\N	\N	\N	\N	\N	\N	\N	\N	\N	\N	NUM068	1.0	B	\N	\N	\N	NUM025	1.0	CF3	DEN009	1.0	B	\N	\N	\N	\N	\N	\N	\N	\N	\N	\N	\N	\N	\N	\N	\N	\N	\N	\N
456	1_5_3	其他资产_30Y		2026-08-14 15:44:10	2026-08-14 15:44:10	\N	\N	\N	\N	\N	\N	\N	\N	\N	\N	\N	\N	\N	\N	\N	\N	\N	\N	\N	\N	\N	\N	\N	\N	\N	\N	\N	\N	\N	\N	\N	\N	\N	\N	\N	\N	\N	\N	\N	\N	\N	\N	\N	\N	\N	\N	\N	\N	\N	\N	\N	\N	\N	\N	NUM018	1.0	RWA	\N	\N	\N	\N	\N	\N	\N	\N	\N	\N	\N	\N	\N	\N	\N	\N	\N	\N	\N	\N	\N	\N	\N	\N	DEN011	1.0	CF1-6	\N	\N	\N	DEN011	1.0	CF7-12	\N	\N	\N	DEN011	1.0	CF12+	\N	\N	\N	\N	\N	\N	\N	\N	\N	\N	\N	\N	NUM068	1.0	B	\N	\N	\N	\N	1.0	CF3	\N	\N	\N	\N	\N	\N	\N	\N	\N	\N	\N	\N	\N	\N	\N	\N	\N	\N	\N	\N	\N
457	2_1_1	再贴现_1Y		2026-08-14 15:44:10	2026-08-14 15:44:10	NUM058	-1.0	NII	\N	\N	\N	\N	\N	\N	\N	\N	\N	\N	\N	\N	\N	\N	\N	\N	\N	\N	\N	\N	\N	\N	\N	\N	\N	\N	\N	\N	\N	\N	\N	\N	\N	NUM058	-1.0	NII	\N	\N	\N	NUM058	1.0	NII	DEN054	1.0	AB	\N	\N	\N	\N	\N	\N	\N	\N	\N	\N	\N	\N	NUM028	-1.0	CF3	\N	\N	\N	\N	\N	\N	DEN030	1.0	CF1	\N	\N	\N	DEN017	0.05	CF1	NUM038	1.0	CF1-6	\N	\N	\N	NUM038	1.0	CF7-12	\N	\N	\N	NUM038	1.0	CF12+	\N	\N	\N	\N	\N	\N	DEN059	1.0	B	\N	\N	\N	DEN033	1.0	B	NUM090	1.0	B	\N	\N	\N	NUM028	1.0	CF3	DEN033	1.0	B	\N	\N	\N	\N	\N	\N	\N	\N	\N	\N	\N	\N	\N	\N	\N	\N	\N	\N
458	2_1_2	再贷款_1Y		2026-08-14 15:44:10	2026-08-14 15:44:10	NUM058	-1.0	NII	\N	\N	\N	\N	\N	\N	\N	\N	\N	\N	\N	\N	\N	\N	\N	\N	\N	\N	\N	\N	\N	\N	\N	\N	\N	\N	\N	\N	\N	\N	\N	\N	\N	NUM058	-1.0	NII	\N	\N	\N	NUM058	1.0	NII	DEN054	1.0	AB	\N	\N	\N	\N	\N	\N	\N	\N	\N	\N	\N	\N	NUM028	-1.0	CF3	\N	\N	\N	\N	\N	\N	DEN030	1.0	CF1	\N	\N	\N	DEN017	0.05	CF1	NUM038	1.0	CF1-6	\N	\N	\N	NUM038	1.0	CF7-12	\N	\N	\N	NUM038	1.0	CF12+	\N	\N	\N	\N	\N	\N	DEN059	1.0	B	\N	\N	\N	DEN033	1.0	B	NUM090	1.0	B	\N	\N	\N	NUM028	1.0	CF3	DEN033	1.0	B	\N	\N	\N	\N	\N	\N	\N	\N	\N	\N	\N	\N	\N	\N	\N	\N	\N	\N
459	2_2_1_1_1	同业存放活期款项_1D		2026-08-14 15:44:10	2026-08-14 15:44:10	NUM058	-1.0	NII	\N	\N	\N	\N	\N	\N	\N	\N	\N	\N	\N	\N	\N	\N	\N	\N	\N	\N	\N	\N	\N	\N	\N	\N	\N	\N	\N	\N	\N	\N	\N	\N	\N	NUM058	-1.0	NII	\N	\N	\N	NUM058	1.0	NII	DEN054	1.0	AB	\N	\N	\N	\N	\N	\N	\N	\N	\N	\N	\N	\N	NUM029	-1.0	B	\N	\N	\N	\N	\N	\N	\N	\N	\N	\N	\N	\N	DEN018	0.25	CF1	NUM041	1.0	CF1-6	\N	\N	\N	NUM039	1.0	CF7-12	\N	\N	\N	NUM039	1.0	CF12+	\N	\N	\N	NUM089	1.0	B	DEN059	1.0	B	\N	\N	\N	DEN034	1.0	B	NUM088	1.0	B	\N	\N	\N	NUM029	1.0	CF3	DEN034	1.0	B	\N	\N	\N	\N	\N	\N	\N	\N	\N	\N	\N	\N	\N	\N	\N	\N	\N	\N
460	2_2_1_2_1	同业存放定期款项_1M		2026-08-14 15:44:10	2026-08-14 15:44:10	NUM058	-1.0	NII	\N	\N	\N	\N	\N	\N	\N	\N	\N	\N	\N	\N	\N	\N	\N	\N	\N	\N	\N	\N	\N	\N	\N	\N	\N	\N	\N	\N	\N	\N	\N	\N	\N	NUM058	-1.0	NII	\N	\N	\N	NUM058	1.0	NII	DEN054	1.0	AB	\N	\N	\N	\N	\N	\N	\N	\N	\N	\N	\N	\N	NUM029	-1.0	CF3	\N	\N	\N	\N	\N	\N	\N	\N	\N	\N	\N	\N	DEN018	0.25	CF1	NUM040	1.0	CF1-6	\N	\N	\N	NUM040	1.0	CF7-12	\N	\N	\N	NUM040	1.0	CF12+	\N	\N	\N	NUM089	1.0	B	DEN059	1.0	B	\N	\N	\N	DEN034	1.0	B	NUM088	1.0	B	\N	\N	\N	NUM029	1.0	CF3	DEN034	1.0	B	\N	\N	\N	\N	\N	\N	\N	\N	\N	\N	\N	\N	\N	\N	\N	\N	\N	\N
461	2_2_1_2_2	同业存放定期款项_3M		2026-08-14 15:44:10	2026-08-14 15:44:10	NUM058	-1.0	NII	\N	\N	\N	\N	\N	\N	\N	\N	\N	\N	\N	\N	\N	\N	\N	\N	\N	\N	\N	\N	\N	\N	\N	\N	\N	\N	\N	\N	\N	\N	\N	\N	\N	NUM058	-1.0	NII	\N	\N	\N	NUM058	1.0	NII	DEN054	1.0	AB	\N	\N	\N	\N	\N	\N	\N	\N	\N	\N	\N	\N	NUM029	-1.0	CF3	\N	\N	\N	\N	\N	\N	\N	\N	\N	\N	\N	\N	DEN018	0.25	CF1	NUM040	1.0	CF1-6	\N	\N	\N	NUM040	1.0	CF7-12	\N	\N	\N	NUM040	1.0	CF12+	\N	\N	\N	NUM089	1.0	B	DEN059	1.0	B	\N	\N	\N	DEN034	1.0	B	NUM088	1.0	B	\N	\N	\N	NUM029	1.0	CF3	DEN034	1.0	B	\N	\N	\N	\N	\N	\N	\N	\N	\N	\N	\N	\N	\N	\N	\N	\N	\N	\N
462	2_2_1_2_3	同业存放定期款项_6M		2026-08-14 15:44:10	2026-08-14 15:44:10	NUM058	-1.0	NII	\N	\N	\N	\N	\N	\N	\N	\N	\N	\N	\N	\N	\N	\N	\N	\N	\N	\N	\N	\N	\N	\N	\N	\N	\N	\N	\N	\N	\N	\N	\N	\N	\N	NUM058	-1.0	NII	\N	\N	\N	NUM058	1.0	NII	DEN054	1.0	AB	\N	\N	\N	\N	\N	\N	\N	\N	\N	\N	\N	\N	NUM029	-1.0	CF3	\N	\N	\N	\N	\N	\N	\N	\N	\N	\N	\N	\N	DEN018	0.25	CF1	NUM040	1.0	CF1-6	\N	\N	\N	NUM040	1.0	CF7-12	\N	\N	\N	NUM040	1.0	CF12+	\N	\N	\N	NUM089	1.0	B	DEN059	1.0	B	\N	\N	\N	DEN034	1.0	B	NUM088	1.0	B	\N	\N	\N	NUM029	1.0	CF3	DEN034	1.0	B	\N	\N	\N	\N	\N	\N	\N	\N	\N	\N	\N	\N	\N	\N	\N	\N	\N	\N
463	2_2_1_2_4	同业存放定期款项_1Y		2026-08-14 15:44:10	2026-08-14 15:44:10	NUM058	-1.0	NII	\N	\N	\N	\N	\N	\N	\N	\N	\N	\N	\N	\N	\N	\N	\N	\N	\N	\N	\N	\N	\N	\N	\N	\N	\N	\N	\N	\N	\N	\N	\N	\N	\N	NUM058	-1.0	NII	\N	\N	\N	NUM058	1.0	NII	DEN054	1.0	AB	\N	\N	\N	\N	\N	\N	\N	\N	\N	\N	\N	\N	NUM029	-1.0	CF3	\N	\N	\N	\N	\N	\N	\N	\N	\N	\N	\N	\N	DEN018	0.25	CF1	NUM040	1.0	CF1-6	\N	\N	\N	NUM040	1.0	CF7-12	\N	\N	\N	NUM040	1.0	CF12+	\N	\N	\N	NUM089	1.0	B	DEN059	1.0	B	\N	\N	\N	DEN034	1.0	B	NUM088	1.0	B	\N	\N	\N	NUM029	1.0	CF3	DEN034	1.0	B	\N	\N	\N	\N	\N	\N	\N	\N	\N	\N	\N	\N	\N	\N	\N	\N	\N	\N
464	2_2_2_1	同业拆入_1D		2026-08-14 15:44:10	2026-08-14 15:44:10	NUM058	-1.0	NII	\N	\N	\N	\N	\N	\N	\N	\N	\N	\N	\N	\N	\N	\N	\N	\N	\N	\N	\N	\N	\N	\N	\N	\N	\N	\N	\N	\N	\N	\N	\N	\N	\N	NUM058	-1.0	NII	\N	\N	\N	NUM058	1.0	NII	DEN054	1.0	AB	\N	\N	\N	\N	\N	\N	\N	\N	\N	\N	\N	\N	NUM030	-1.0	CF3	\N	\N	\N	\N	\N	\N	\N	\N	\N	\N	\N	\N	DEN018	0.25	CF1	NUM040	1.0	CF1-6	\N	\N	\N	NUM040	1.0	CF7-12	\N	\N	\N	NUM040	1.0	CF12+	\N	\N	\N	NUM089	1.0	B	DEN059	1.0	B	\N	\N	\N	DEN035	1.0	B	NUM094	1.0	B	\N	\N	\N	NUM030	1.0	CF3	DEN035	1.0	B	\N	\N	\N	\N	\N	\N	\N	\N	\N	\N	\N	\N	\N	\N	\N	\N	\N	\N
465	2_2_3_1	同业借款借入_1D		2026-08-14 15:44:10	2026-08-14 15:44:10	NUM058	-1.0	NII	\N	\N	\N	\N	\N	\N	\N	\N	\N	\N	\N	\N	\N	\N	\N	\N	\N	\N	\N	\N	\N	\N	\N	\N	\N	\N	\N	\N	\N	\N	\N	\N	\N	NUM058	-1.0	NII	\N	\N	\N	NUM058	1.0	NII	DEN054	1.0	AB	\N	\N	\N	\N	\N	\N	\N	\N	\N	\N	\N	\N	NUM030	-1.0	CF3	\N	\N	\N	\N	\N	\N	\N	\N	\N	\N	\N	\N	DEN018	0.25	CF1	NUM040	1.0	CF1-6	\N	\N	\N	NUM040	1.0	CF7-12	\N	\N	\N	NUM040	1.0	CF12+	\N	\N	\N	NUM089	1.0	B	DEN059	1.0	B	\N	\N	\N	DEN035	1.0	B	NUM094	1.0	B	\N	\N	\N	NUM030	1.0	CF3	DEN035	1.0	B	\N	\N	\N	\N	\N	\N	\N	\N	\N	\N	\N	\N	\N	\N	\N	\N	\N	\N
466	2_2_4_1_1	卖出回购债券_买断式_1D		2026-08-14 15:44:10	2026-08-14 15:44:10	NUM058	-1.0	NII	\N	\N	\N	\N	\N	\N	\N	\N	\N	\N	\N	\N	\N	\N	\N	\N	\N	\N	\N	\N	\N	\N	\N	\N	\N	\N	\N	\N	\N	\N	\N	\N	\N	NUM058	-1.0	NII	\N	\N	\N	NUM058	1.0	NII	DEN054	1.0	AB	\N	\N	\N	\N	\N	\N	\N	\N	\N	\N	\N	\N	NUM031	-1.0	CF3	\N	\N	\N	\N	\N	\N	\N	\N	\N	\N	\N	\N	DEN021	0.05	CF1	NUM037	1.0	CF1-6	\N	\N	\N	NUM037	1.0	CF7-12	\N	\N	\N	NUM037	1.0	CF12+	\N	\N	\N	NUM089	1.0	B	DEN059	1.0	B	\N	\N	\N	DEN036	1.0	B	NUM082	1.0	B	\N	\N	\N	NUM031	1.0	CF3	DEN036	1.0	B	\N	\N	\N	\N	\N	\N	\N	\N	\N	\N	\N	\N	\N	\N	\N	\N	\N	\N
467	2_2_4_1_2	卖出回购债券_买断式_7D		2026-08-14 15:44:10	2026-08-14 15:44:10	NUM058	-1.0	NII	\N	\N	\N	\N	\N	\N	\N	\N	\N	\N	\N	\N	\N	\N	\N	\N	\N	\N	\N	\N	\N	\N	\N	\N	\N	\N	\N	\N	\N	\N	\N	\N	\N	NUM058	-1.0	NII	\N	\N	\N	NUM058	1.0	NII	DEN054	1.0	AB	\N	\N	\N	\N	\N	\N	\N	\N	\N	\N	\N	\N	NUM031	-1.0	CF3	\N	\N	\N	\N	\N	\N	\N	\N	\N	\N	\N	\N	DEN021	0.05	CF1	NUM037	1.0	CF1-6	\N	\N	\N	NUM037	1.0	CF7-12	\N	\N	\N	NUM037	1.0	CF12+	\N	\N	\N	NUM089	1.0	B	DEN059	1.0	B	\N	\N	\N	DEN036	1.0	B	NUM082	1.0	B	\N	\N	\N	NUM031	1.0	CF3	DEN036	1.0	B	\N	\N	\N	\N	\N	\N	\N	\N	\N	\N	\N	\N	\N	\N	\N	\N	\N	\N
468	2_2_4_1_3	卖出回购债券_质押式_1D		2026-08-14 15:44:10	2026-08-14 15:44:10	NUM058	-1.0	NII	\N	\N	\N	\N	\N	\N	\N	\N	\N	\N	\N	\N	\N	\N	\N	\N	\N	\N	\N	\N	\N	\N	\N	\N	\N	\N	\N	\N	\N	\N	\N	\N	\N	NUM058	-1.0	NII	\N	\N	\N	NUM058	1.0	NII	DEN054	1.0	AB	\N	\N	\N	\N	\N	\N	\N	\N	\N	\N	\N	\N	NUM031	-1.0	CF3	\N	\N	\N	\N	\N	\N	\N	\N	\N	\N	\N	\N	DEN021	0.05	CF1	NUM037	1.0	CF1-6	\N	\N	\N	NUM037	1.0	CF7-12	\N	\N	\N	NUM037	1.0	CF12+	\N	\N	\N	NUM089	1.0	B	DEN059	1.0	B	\N	\N	\N	DEN036	1.0	B	NUM082	1.0	B	\N	\N	\N	NUM031	1.0	CF3	DEN036	1.0	B	\N	\N	\N	\N	\N	\N	\N	\N	\N	\N	\N	\N	\N	\N	\N	\N	\N	\N
469	2_2_4_1_4	卖出回购债券_质押式_7D		2026-08-14 15:44:10	2026-08-14 15:44:10	NUM058	-1.0	NII	\N	\N	\N	\N	\N	\N	\N	\N	\N	\N	\N	\N	\N	\N	\N	\N	\N	\N	\N	\N	\N	\N	\N	\N	\N	\N	\N	\N	\N	\N	\N	\N	\N	NUM058	-1.0	NII	\N	\N	\N	NUM058	1.0	NII	DEN054	1.0	AB	\N	\N	\N	\N	\N	\N	\N	\N	\N	\N	\N	\N	NUM031	-1.0	CF3	\N	\N	\N	\N	\N	\N	\N	\N	\N	\N	\N	\N	DEN021	0.05	CF1	NUM037	1.0	CF1-6	\N	\N	\N	NUM037	1.0	CF7-12	\N	\N	\N	NUM037	1.0	CF12+	\N	\N	\N	NUM089	1.0	B	DEN059	1.0	B	\N	\N	\N	DEN036	1.0	B	NUM082	1.0	B	\N	\N	\N	NUM031	1.0	CF3	DEN036	1.0	B	\N	\N	\N	\N	\N	\N	\N	\N	\N	\N	\N	\N	\N	\N	\N	\N	\N	\N
470	2_2_4_2_1	卖出回购票据_买断式_1D		2026-08-14 15:44:10	2026-08-14 15:44:10	NUM058	-1.0	NII	\N	\N	\N	\N	\N	\N	\N	\N	\N	\N	\N	\N	\N	\N	\N	\N	\N	\N	\N	\N	\N	\N	\N	\N	\N	\N	\N	\N	\N	\N	\N	\N	\N	NUM058	-1.0	NII	\N	\N	\N	NUM058	1.0	NII	DEN054	1.0	AB	\N	\N	\N	\N	\N	\N	\N	\N	\N	\N	\N	\N	NUM031	-1.0	CF3	\N	\N	\N	\N	\N	\N	\N	\N	\N	\N	\N	\N	DEN021	0.05	CF1	NUM037	1.0	CF1-6	\N	\N	\N	NUM037	1.0	CF7-12	\N	\N	\N	NUM037	1.0	CF12+	\N	\N	\N	NUM089	1.0	B	DEN059	1.0	B	\N	\N	\N	DEN036	1.0	B	NUM082	1.0	B	\N	\N	\N	NUM031	1.0	CF3	DEN036	1.0	B	\N	\N	\N	\N	\N	\N	\N	\N	\N	\N	\N	\N	\N	\N	\N	\N	\N	\N
471	2_2_4_2_2	卖出回购票据_买断式_7D		2026-08-14 15:44:10	2026-08-14 15:44:10	NUM058	-1.0	NII	\N	\N	\N	\N	\N	\N	\N	\N	\N	\N	\N	\N	\N	\N	\N	\N	\N	\N	\N	\N	\N	\N	\N	\N	\N	\N	\N	\N	\N	\N	\N	\N	\N	NUM058	-1.0	NII	\N	\N	\N	NUM058	1.0	NII	DEN054	1.0	AB	\N	\N	\N	\N	\N	\N	\N	\N	\N	\N	\N	\N	NUM031	-1.0	CF3	\N	\N	\N	\N	\N	\N	\N	\N	\N	\N	\N	\N	DEN021	0.05	CF1	NUM037	1.0	CF1-6	\N	\N	\N	NUM037	1.0	CF7-12	\N	\N	\N	NUM037	1.0	CF12+	\N	\N	\N	NUM089	1.0	B	DEN059	1.0	B	\N	\N	\N	DEN036	1.0	B	NUM082	1.0	B	\N	\N	\N	NUM031	1.0	CF3	DEN036	1.0	B	\N	\N	\N	\N	\N	\N	\N	\N	\N	\N	\N	\N	\N	\N	\N	\N	\N	\N
472	2_2_4_2_3	卖出回购票据_质押式_1D		2026-08-14 15:44:10	2026-08-14 15:44:10	NUM058	-1.0	NII	\N	\N	\N	\N	\N	\N	\N	\N	\N	\N	\N	\N	\N	\N	\N	\N	\N	\N	\N	\N	\N	\N	\N	\N	\N	\N	\N	\N	\N	\N	\N	\N	\N	NUM058	-1.0	NII	\N	\N	\N	NUM058	1.0	NII	DEN054	1.0	AB	\N	\N	\N	\N	\N	\N	\N	\N	\N	\N	\N	\N	NUM031	-1.0	CF3	\N	\N	\N	\N	\N	\N	\N	\N	\N	\N	\N	\N	DEN021	0.05	CF1	NUM037	1.0	CF1-6	\N	\N	\N	NUM037	1.0	CF7-12	\N	\N	\N	NUM037	1.0	CF12+	\N	\N	\N	NUM089	1.0	B	DEN059	1.0	B	\N	\N	\N	DEN036	1.0	B	NUM082	1.0	B	\N	\N	\N	NUM031	1.0	CF3	DEN036	1.0	B	\N	\N	\N	\N	\N	\N	\N	\N	\N	\N	\N	\N	\N	\N	\N	\N	\N	\N
473	2_2_4_2_4	卖出回购票据_质押式_7D		2026-08-14 15:44:10	2026-08-14 15:44:10	NUM058	-1.0	NII	\N	\N	\N	\N	\N	\N	\N	\N	\N	\N	\N	\N	\N	\N	\N	\N	\N	\N	\N	\N	\N	\N	\N	\N	\N	\N	\N	\N	\N	\N	\N	\N	\N	NUM058	-1.0	NII	\N	\N	\N	NUM058	1.0	NII	DEN054	1.0	AB	\N	\N	\N	\N	\N	\N	\N	\N	\N	\N	\N	\N	NUM031	-1.0	CF3	\N	\N	\N	\N	\N	\N	\N	\N	\N	\N	\N	\N	DEN021	0.05	CF1	NUM037	1.0	CF1-6	\N	\N	\N	NUM037	1.0	CF7-12	\N	\N	\N	NUM037	1.0	CF12+	\N	\N	\N	NUM089	1.0	B	DEN059	1.0	B	\N	\N	\N	DEN036	1.0	B	NUM082	1.0	B	\N	\N	\N	NUM031	1.0	CF3	DEN036	1.0	B	\N	\N	\N	\N	\N	\N	\N	\N	\N	\N	\N	\N	\N	\N	\N	\N	\N	\N
474	2_3_1	发行同业存单_1M		2026-08-14 15:44:10	2026-08-14 15:44:10	NUM058	-1.0	NII	\N	\N	\N	\N	\N	\N	\N	\N	\N	\N	\N	\N	\N	\N	\N	\N	\N	\N	\N	\N	\N	\N	\N	\N	\N	\N	\N	\N	\N	\N	\N	\N	\N	NUM058	-1.0	NII	\N	\N	\N	NUM058	1.0	NII	DEN054	1.0	AB	\N	\N	\N	\N	\N	\N	\N	\N	\N	\N	\N	\N	NUM035	-1.0	CF3	\N	\N	\N	\N	\N	\N	DEN029	1.0	CF1	\N	\N	\N	DEN019	1.0	CF1	NUM026	1.0	CF1-6	\N	\N	\N	NUM026	1.0	CF7-12	\N	\N	\N	NUM026	1.0	CF12+	\N	\N	\N	NUM089	1.0	B	DEN059	1.0	B	\N	\N	\N	DEN040	1.0	B	NUM084	1.0	B	\N	\N	\N	NUM035	1.0	CF3	DEN040	1.0	B	\N	\N	\N	\N	\N	\N	\N	\N	\N	\N	\N	\N	\N	\N	\N	\N	\N	\N
475	2_3_2	发行同业存单_3M		2026-08-14 15:44:10	2026-08-14 15:44:10	NUM058	-1.0	NII	\N	\N	\N	\N	\N	\N	\N	\N	\N	\N	\N	\N	\N	\N	\N	\N	\N	\N	\N	\N	\N	\N	\N	\N	\N	\N	\N	\N	\N	\N	\N	\N	\N	NUM058	-1.0	NII	\N	\N	\N	NUM058	1.0	NII	DEN054	1.0	AB	\N	\N	\N	\N	\N	\N	\N	\N	\N	\N	\N	\N	NUM035	-1.0	CF3	\N	\N	\N	\N	\N	\N	DEN029	1.0	CF1	\N	\N	\N	DEN019	1.0	CF1	NUM026	1.0	CF1-6	\N	\N	\N	NUM026	1.0	CF7-12	\N	\N	\N	NUM026	1.0	CF12+	\N	\N	\N	NUM089	1.0	B	DEN059	1.0	B	\N	\N	\N	DEN040	1.0	B	NUM084	1.0	B	\N	\N	\N	NUM035	1.0	CF3	DEN040	1.0	B	\N	\N	\N	\N	\N	\N	\N	\N	\N	\N	\N	\N	\N	\N	\N	\N	\N	\N
476	2_3_3	发行同业存单_6M		2026-08-14 15:44:10	2026-08-14 15:44:10	NUM058	-1.0	NII	\N	\N	\N	\N	\N	\N	\N	\N	\N	\N	\N	\N	\N	\N	\N	\N	\N	\N	\N	\N	\N	\N	\N	\N	\N	\N	\N	\N	\N	\N	\N	\N	\N	NUM058	-1.0	NII	\N	\N	\N	NUM058	1.0	NII	DEN054	1.0	AB	\N	\N	\N	\N	\N	\N	\N	\N	\N	\N	\N	\N	NUM035	-1.0	CF3	\N	\N	\N	\N	\N	\N	DEN029	1.0	CF1	\N	\N	\N	DEN019	1.0	CF1	NUM026	1.0	CF1-6	\N	\N	\N	NUM026	1.0	CF7-12	\N	\N	\N	NUM026	1.0	CF12+	\N	\N	\N	NUM089	1.0	B	DEN059	1.0	B	\N	\N	\N	DEN040	1.0	B	NUM084	1.0	B	\N	\N	\N	NUM035	1.0	CF3	DEN040	1.0	B	\N	\N	\N	\N	\N	\N	\N	\N	\N	\N	\N	\N	\N	\N	\N	\N	\N	\N
477	2_3_4	发行同业存单_9M		2026-08-14 15:44:10	2026-08-14 15:44:10	NUM058	-1.0	NII	\N	\N	\N	\N	\N	\N	\N	\N	\N	\N	\N	\N	\N	\N	\N	\N	\N	\N	\N	\N	\N	\N	\N	\N	\N	\N	\N	\N	\N	\N	\N	\N	\N	NUM058	-1.0	NII	\N	\N	\N	NUM058	1.0	NII	DEN054	1.0	AB	\N	\N	\N	\N	\N	\N	\N	\N	\N	\N	\N	\N	NUM035	-1.0	CF3	\N	\N	\N	\N	\N	\N	DEN029	1.0	CF1	\N	\N	\N	DEN019	1.0	CF1	NUM026	1.0	CF1-6	\N	\N	\N	NUM026	1.0	CF7-12	\N	\N	\N	NUM026	1.0	CF12+	\N	\N	\N	NUM089	1.0	B	DEN059	1.0	B	\N	\N	\N	DEN040	1.0	B	NUM084	1.0	B	\N	\N	\N	NUM035	1.0	CF3	DEN040	1.0	B	\N	\N	\N	\N	\N	\N	\N	\N	\N	\N	\N	\N	\N	\N	\N	\N	\N	\N
478	2_3_5	发行同业存单_1Y		2026-08-14 15:44:10	2026-08-14 15:44:10	NUM058	-1.0	NII	\N	\N	\N	\N	\N	\N	\N	\N	\N	\N	\N	\N	\N	\N	\N	\N	\N	\N	\N	\N	\N	\N	\N	\N	\N	\N	\N	\N	\N	\N	\N	\N	\N	NUM058	-1.0	NII	\N	\N	\N	NUM058	1.0	NII	DEN054	1.0	AB	\N	\N	\N	\N	\N	\N	\N	\N	\N	\N	\N	\N	NUM035	-1.0	CF3	\N	\N	\N	\N	\N	\N	DEN029	1.0	CF1	\N	\N	\N	DEN019	1.0	CF1	NUM026	1.0	CF1-6	\N	\N	\N	NUM026	1.0	CF7-12	\N	\N	\N	NUM026	1.0	CF12+	\N	\N	\N	NUM089	1.0	B	DEN059	1.0	B	\N	\N	\N	DEN040	1.0	B	NUM084	1.0	B	\N	\N	\N	NUM035	1.0	CF3	DEN040	1.0	B	\N	\N	\N	\N	\N	\N	\N	\N	\N	\N	\N	\N	\N	\N	\N	\N	\N	\N
479	2_4_1	发行债券_3Y		2026-08-14 15:44:10	2026-08-14 15:44:10	NUM058	-1.0	NII	\N	\N	\N	\N	\N	\N	\N	\N	\N	\N	\N	\N	\N	\N	\N	\N	\N	\N	\N	\N	\N	\N	\N	\N	\N	\N	\N	\N	\N	\N	\N	\N	\N	NUM058	-1.0	NII	\N	\N	\N	NUM058	1.0	NII	DEN054	1.0	AB	\N	\N	\N	\N	\N	\N	\N	\N	\N	\N	\N	\N	NUM034	-1.0	CF3	\N	\N	\N	\N	\N	\N	DEN029	1.0	CF1	\N	\N	\N	DEN020	1.0	CF1	NUM026	1.0	CF1-6	\N	\N	\N	NUM026	1.0	CF7-12	\N	\N	\N	NUM026	1.0	CF12+	\N	\N	\N	\N	\N	\N	DEN059	1.0	B	NUM034	1.0	B-CF3	DEN039	1.0	B	NUM083	1.0	B	\N	\N	\N	NUM034	1.0	CF3	DEN039	1.0	B	\N	\N	\N	\N	\N	\N	\N	\N	\N	\N	\N	\N	\N	\N	\N	\N	\N	\N
480	2_4_2	发行债券_5Y		2026-08-14 15:44:10	2026-08-14 15:44:10	NUM058	-1.0	NII	\N	\N	\N	\N	\N	\N	\N	\N	\N	\N	\N	\N	\N	\N	\N	\N	\N	\N	\N	\N	\N	\N	\N	\N	\N	\N	\N	\N	\N	\N	\N	\N	\N	NUM058	-1.0	NII	\N	\N	\N	NUM058	1.0	NII	DEN054	1.0	AB	\N	\N	\N	\N	\N	\N	\N	\N	\N	\N	\N	\N	NUM034	-1.0	CF3	\N	\N	\N	\N	\N	\N	DEN029	1.0	CF1	\N	\N	\N	DEN020	1.0	CF1	NUM026	1.0	CF1-6	\N	\N	\N	NUM026	1.0	CF7-12	\N	\N	\N	NUM026	1.0	CF12+	\N	\N	\N	\N	\N	\N	DEN059	1.0	B	NUM034	1.0	B-CF3	DEN039	1.0	B	NUM083	1.0	B	\N	\N	\N	NUM034	1.0	CF3	DEN039	1.0	B	\N	\N	\N	\N	\N	\N	\N	\N	\N	\N	\N	\N	\N	\N	\N	\N	\N	\N
481	2_4_3	发行债券_10Y		2026-08-14 15:44:10	2026-08-14 15:44:10	NUM058	-1.0	NII	\N	\N	\N	\N	\N	\N	\N	\N	\N	\N	\N	\N	\N	\N	\N	\N	\N	\N	\N	\N	\N	\N	\N	\N	\N	\N	\N	\N	\N	\N	\N	\N	\N	NUM058	-1.0	NII	\N	\N	\N	NUM058	1.0	NII	DEN054	1.0	AB	\N	\N	\N	\N	\N	\N	\N	\N	\N	\N	\N	\N	NUM034	-1.0	CF3	\N	\N	\N	\N	\N	\N	DEN029	1.0	CF1	\N	\N	\N	DEN020	1.0	CF1	NUM026	1.0	CF1-6	\N	\N	\N	NUM026	1.0	CF7-12	\N	\N	\N	NUM026	1.0	CF12+	\N	\N	\N	\N	\N	\N	DEN059	1.0	B	NUM034	1.0	B-CF3	DEN039	1.0	B	NUM083	1.0	B	\N	\N	\N	NUM034	1.0	CF3	DEN039	1.0	B	\N	\N	\N	\N	\N	\N	\N	\N	\N	\N	\N	\N	\N	\N	\N	\N	\N	\N
482	2_5_1_1_1	单位普通活期存款_1D		2026-08-14 15:44:10	2026-08-14 15:44:10	NUM058	-1.0	NII	\N	\N	\N	\N	\N	\N	DEN058	1.0	B	NUM085	1.0	NII	DEN055	1.0	AB	\N	\N	\N	\N	\N	\N	\N	\N	\N	\N	\N	\N	\N	\N	\N	\N	\N	\N	NUM058	-1.0	NII	\N	\N	\N	NUM058	1.0	NII	DEN054	1.0	AB	\N	\N	\N	\N	\N	\N	\N	\N	\N	\N	\N	\N	NUM033	-1.0	B	\N	\N	\N	\N	\N	\N	DEN023	1.0	B	\N	\N	\N	DEN015	0.1	CF1	NUM037	1.0	CF1-6	\N	\N	\N	NUM037	1.0	CF7-12	\N	\N	\N	NUM037	1.0	CF12+	\N	\N	\N	\N	\N	\N	DEN059	1.0	B	\N	\N	\N	DEN038	1.0	B	NUM078	1.0	B	\N	\N	\N	NUM033	1.0	CF3	DEN038	1.0	B	\N	\N	\N	\N	\N	\N	\N	\N	\N	\N	\N	\N	\N	\N	\N	\N	\N	\N
483	2_5_1_1_2	单位协议活期存款_1D		2026-08-14 15:44:10	2026-08-14 15:44:10	NUM058	-1.0	NII	\N	\N	\N	\N	\N	\N	DEN058	1.0	B	NUM085	1.0	NII	DEN055	1.0	AB	\N	\N	\N	\N	\N	\N	\N	\N	\N	\N	\N	\N	\N	\N	\N	\N	\N	\N	NUM058	-1.0	NII	\N	\N	\N	NUM058	1.0	NII	DEN054	1.0	AB	\N	\N	\N	\N	\N	\N	\N	\N	\N	\N	\N	\N	NUM033	-1.0	B	\N	\N	\N	\N	\N	\N	DEN028	1.0	CF1	\N	\N	\N	DEN014	0.05	CF1	NUM037	1.0	CF1-6	\N	\N	\N	NUM037	1.0	CF7-12	\N	\N	\N	NUM037	1.0	CF12+	\N	\N	\N	\N	\N	\N	DEN059	1.0	B	NUM032	1.0	B-CF3	DEN037	1.0	B	NUM072	1.0	B	\N	\N	\N	NUM033	1.0	CF3	DEN038	1.0	B	\N	\N	\N	\N	\N	\N	\N	\N	\N	\N	\N	\N	\N	\N	\N	\N	\N	\N
484	2_5_1_2_1	单位协议存款_1Y		2026-08-14 15:44:10	2026-08-14 15:44:10	NUM058	-1.0	NII	\N	\N	\N	\N	\N	\N	DEN058	1.0	B	NUM085	1.0	NII	DEN055	1.0	AB	\N	\N	\N	\N	\N	\N	\N	\N	\N	\N	\N	\N	\N	\N	\N	\N	\N	\N	NUM058	-1.0	NII	\N	\N	\N	NUM058	1.0	NII	DEN054	1.0	AB	\N	\N	\N	\N	\N	\N	\N	\N	\N	\N	\N	\N	NUM032	-1.0	CF3	\N	\N	\N	\N	\N	\N	DEN028	1.0	CF1	\N	\N	\N	DEN014	0.05	CF1	NUM037	1.0	CF1-6	\N	\N	\N	NUM037	1.0	\N	\N	\N	\N	NUM037	1.0	\N	\N	\N	\N	\N	\N	\N	DEN059	1.0	B	NUM032	1.0	B-CF3	DEN037	1.0	B	NUM072	1.0	B	\N	\N	\N	NUM032	1.0	CF1	DEN037	1.0	B	\N	\N	\N	\N	\N	\N	\N	\N	\N	\N	\N	\N	\N	\N	\N	\N	\N	\N
485	2_5_1_2_2	单位协议存款_3Y		2026-08-14 15:44:10	2026-08-14 15:44:10	NUM058	-1.0	NII	\N	\N	\N	\N	\N	\N	DEN058	1.0	B	NUM085	1.0	NII	DEN055	1.0	AB	\N	\N	\N	\N	\N	\N	\N	\N	\N	\N	\N	\N	\N	\N	\N	\N	\N	\N	NUM058	-1.0	NII	\N	\N	\N	NUM058	1.0	NII	DEN054	1.0	AB	\N	\N	\N	\N	\N	\N	\N	\N	\N	\N	\N	\N	NUM032	-1.0	CF3	\N	\N	\N	\N	\N	\N	DEN028	1.0	CF1	\N	\N	\N	DEN014	0.05	CF1	NUM037	1.0	CF1-6	\N	\N	\N	NUM037	1.0	CF7-12	\N	\N	\N	NUM037	1.0	CF12+	\N	\N	\N	\N	\N	\N	DEN059	1.0	B	NUM032	1.0	B-CF3	DEN037	1.0	B	NUM072	1.0	B	\N	\N	\N	NUM032	1.0	CF1	DEN037	1.0	B	\N	\N	\N	\N	\N	\N	\N	\N	\N	\N	\N	\N	\N	\N	\N	\N	\N	\N
486	2_5_1_2_3	单位协议存款_5Y		2026-08-14 15:44:10	2026-08-14 15:44:10	NUM058	-1.0	NII	\N	\N	\N	\N	\N	\N	DEN058	1.0	B	NUM085	1.0	NII	DEN055	1.0	AB	\N	\N	\N	\N	\N	\N	\N	\N	\N	\N	\N	\N	\N	\N	\N	\N	\N	\N	NUM058	-1.0	NII	\N	\N	\N	NUM058	1.0	NII	DEN054	1.0	AB	\N	\N	\N	\N	\N	\N	\N	\N	\N	\N	\N	\N	NUM032	-1.0	CF3	\N	\N	\N	\N	\N	\N	DEN028	1.0	CF1	\N	\N	\N	DEN014	0.05	CF1	NUM037	1.0	CF1-6	\N	\N	\N	NUM037	1.0	CF7-12	\N	\N	\N	NUM037	1.0	CF12+	\N	\N	\N	\N	\N	\N	DEN059	1.0	B	NUM032	1.0	B-CF3	DEN037	1.0	B	NUM072	1.0	B	\N	\N	\N	NUM032	1.0	CF1	DEN037	1.0	B	\N	\N	\N	\N	\N	\N	\N	\N	\N	\N	\N	\N	\N	\N	\N	\N	\N	\N
487	2_5_1_3_1	单位定期_3M		2026-08-14 15:44:10	2026-08-14 15:44:10	NUM058	-1.0	NII	\N	\N	\N	\N	\N	\N	DEN058	1.0	B	NUM085	1.0	NII	DEN055	1.0	AB	\N	\N	\N	\N	\N	\N	\N	\N	\N	\N	\N	\N	\N	\N	\N	\N	\N	\N	NUM058	-1.0	NII	\N	\N	\N	NUM058	1.0	NII	DEN054	1.0	AB	\N	\N	\N	\N	\N	\N	\N	\N	\N	\N	\N	\N	NUM032	-1.0	CF3	\N	\N	\N	\N	\N	\N	DEN028	1.0	CF1	\N	\N	\N	DEN014	0.05	CF1	NUM037	1.0	CF1-6	\N	\N	\N	NUM037	1.0	CF7-12	\N	\N	\N	NUM037	1.0	CF12+	\N	\N	\N	\N	\N	\N	DEN059	1.0	B	NUM032	1.0	B-CF3	DEN037	1.0	B	NUM075	1.0	B	\N	\N	\N	NUM032	1.0	CF1	DEN037	1.0	B	\N	\N	\N	\N	\N	\N	\N	\N	\N	\N	\N	\N	\N	\N	\N	\N	\N	\N
488	2_5_1_3_2	单位定期_6M		2026-08-14 15:44:10	2026-08-14 15:44:10	NUM058	-1.0	NII	\N	\N	\N	\N	\N	\N	DEN058	1.0	B	NUM085	1.0	NII	DEN055	1.0	AB	\N	\N	\N	\N	\N	\N	\N	\N	\N	\N	\N	\N	\N	\N	\N	\N	\N	\N	NUM058	-1.0	NII	\N	\N	\N	NUM058	1.0	NII	DEN054	1.0	AB	\N	\N	\N	\N	\N	\N	\N	\N	\N	\N	\N	\N	NUM032	-1.0	CF3	\N	\N	\N	\N	\N	\N	DEN028	1.0	CF1	\N	\N	\N	DEN014	0.05	CF1	NUM037	1.0	CF1-6	\N	\N	\N	NUM037	1.0	CF7-12	\N	\N	\N	NUM037	1.0	CF12+	\N	\N	\N	\N	\N	\N	DEN059	1.0	B	NUM032	1.0	B-CF3	DEN037	1.0	B	NUM075	1.0	B	\N	\N	\N	NUM032	1.0	CF1	DEN037	1.0	B	\N	\N	\N	\N	\N	\N	\N	\N	\N	\N	\N	\N	\N	\N	\N	\N	\N	\N
489	2_5_1_3_3	单位定期_1Y		2026-08-14 15:44:10	2026-08-14 15:44:10	NUM058	-1.0	NII	\N	\N	\N	\N	\N	\N	DEN058	1.0	B	NUM085	1.0	NII	DEN055	1.0	AB	\N	\N	\N	\N	\N	\N	\N	\N	\N	\N	\N	\N	\N	\N	\N	\N	\N	\N	NUM058	-1.0	NII	\N	\N	\N	NUM058	1.0	NII	DEN054	1.0	AB	\N	\N	\N	\N	\N	\N	\N	\N	\N	\N	\N	\N	NUM032	-1.0	CF3	\N	\N	\N	\N	\N	\N	DEN028	1.0	CF1	\N	\N	\N	DEN014	0.05	CF1	NUM037	1.0	CF1-6	\N	\N	\N	NUM037	1.0	CF7-12	\N	\N	\N	NUM037	1.0	CF12+	\N	\N	\N	\N	\N	\N	DEN059	1.0	B	NUM032	1.0	B-CF3	DEN037	1.0	B	NUM075	1.0	B	\N	\N	\N	NUM032	1.0	CF1	DEN037	1.0	B	\N	\N	\N	\N	\N	\N	\N	\N	\N	\N	\N	\N	\N	\N	\N	\N	\N	\N
490	2_5_1_3_4	单位定期_2Y		2026-08-14 15:44:10	2026-08-14 15:44:10	NUM058	-1.0	NII	\N	\N	\N	\N	\N	\N	DEN058	1.0	B	NUM085	1.0	NII	DEN055	1.0	AB	\N	\N	\N	\N	\N	\N	\N	\N	\N	\N	\N	\N	\N	\N	\N	\N	\N	\N	NUM058	-1.0	NII	\N	\N	\N	NUM058	1.0	NII	DEN054	1.0	AB	\N	\N	\N	\N	\N	\N	\N	\N	\N	\N	\N	\N	NUM032	-1.0	CF3	\N	\N	\N	\N	\N	\N	DEN028	1.0	CF1	\N	\N	\N	DEN014	0.05	CF1	NUM037	1.0	CF1-6	\N	\N	\N	NUM037	1.0	CF7-12	\N	\N	\N	NUM037	1.0	CF12+	\N	\N	\N	\N	\N	\N	DEN059	1.0	B	NUM032	1.0	B-CF3	DEN037	1.0	B	NUM075	1.0	B	\N	\N	\N	NUM032	1.0	CF1	DEN037	1.0	B	\N	\N	\N	\N	\N	\N	\N	\N	\N	\N	\N	\N	\N	\N	\N	\N	\N	\N
491	2_5_1_3_5	单位定期_3Y		2026-08-14 15:44:10	2026-08-14 15:44:10	NUM058	-1.0	NII	\N	\N	\N	\N	\N	\N	DEN058	1.0	B	NUM085	1.0	NII	DEN055	1.0	AB	\N	\N	\N	\N	\N	\N	\N	\N	\N	\N	\N	\N	\N	\N	\N	\N	\N	\N	NUM058	-1.0	NII	\N	\N	\N	NUM058	1.0	NII	DEN054	1.0	AB	\N	\N	\N	\N	\N	\N	\N	\N	\N	\N	\N	\N	NUM032	-1.0	CF3	\N	\N	\N	\N	\N	\N	DEN028	1.0	CF1	\N	\N	\N	DEN014	0.05	CF1	NUM037	1.0	CF1-6	\N	\N	\N	NUM037	1.0	CF7-12	\N	\N	\N	NUM037	1.0	CF12+	\N	\N	\N	\N	\N	\N	DEN059	1.0	B	NUM032	1.0	B-CF3	DEN037	1.0	B	NUM075	1.0	B	\N	\N	\N	NUM032	1.0	CF1	DEN037	1.0	B	\N	\N	\N	\N	\N	\N	\N	\N	\N	\N	\N	\N	\N	\N	\N	\N	\N	\N
492	2_5_1_3_6	单位定期_5Y		2026-08-14 15:44:10	2026-08-14 15:44:10	NUM058	-1.0	NII	\N	\N	\N	\N	\N	\N	DEN058	1.0	B	NUM085	1.0	NII	DEN055	1.0	AB	\N	\N	\N	\N	\N	\N	\N	\N	\N	\N	\N	\N	\N	\N	\N	\N	\N	\N	NUM058	-1.0	NII	\N	\N	\N	NUM058	1.0	NII	DEN054	1.0	AB	\N	\N	\N	\N	\N	\N	\N	\N	\N	\N	\N	\N	NUM032	-1.0	CF3	\N	\N	\N	\N	\N	\N	DEN028	1.0	CF1	\N	\N	\N	DEN014	0.05	CF1	NUM037	1.0	CF1-6	\N	\N	\N	NUM037	1.0	CF7-12	\N	\N	\N	NUM037	1.0	CF12+	\N	\N	\N	\N	\N	\N	DEN059	1.0	B	NUM032	1.0	B-CF3	DEN037	1.0	B	NUM075	1.0	B	\N	\N	\N	NUM032	1.0	CF1	DEN037	1.0	B	\N	\N	\N	\N	\N	\N	\N	\N	\N	\N	\N	\N	\N	\N	\N	\N	\N	\N
493	2_5_1_4_1	单位通知存款_1D		2026-08-14 15:44:10	2026-08-14 15:44:10	NUM058	-1.0	NII	\N	\N	\N	\N	\N	\N	DEN058	1.0	B	NUM085	1.0	NII	DEN055	1.0	AB	\N	\N	\N	\N	\N	\N	\N	\N	\N	\N	\N	\N	\N	\N	\N	\N	\N	\N	NUM058	-1.0	NII	\N	\N	\N	NUM058	1.0	NII	DEN054	1.0	AB	\N	\N	\N	\N	\N	\N	\N	\N	\N	\N	\N	\N	NUM032	-1.0	CF3	\N	\N	\N	\N	\N	\N	DEN028	1.0	CF1	\N	\N	\N	DEN014	0.05	CF1	NUM037	1.0	CF1-6	\N	\N	\N	NUM037	1.0	CF7-12	\N	\N	\N	NUM037	1.0	CF12+	\N	\N	\N	\N	\N	\N	DEN059	1.0	B	NUM032	1.0	B-CF3	DEN037	1.0	B	NUM080	1.0	B	\N	\N	\N	NUM032	1.0	CF1	DEN037	1.0	B	\N	\N	\N	\N	\N	\N	\N	\N	\N	\N	\N	\N	\N	\N	\N	\N	\N	\N
494	2_5_1_4_2	单位通知存款_7D		2026-08-14 15:44:10	2026-08-14 15:44:10	NUM058	-1.0	NII	\N	\N	\N	\N	\N	\N	DEN058	1.0	B	NUM085	1.0	NII	DEN055	1.0	AB	\N	\N	\N	\N	\N	\N	\N	\N	\N	\N	\N	\N	\N	\N	\N	\N	\N	\N	NUM058	-1.0	NII	\N	\N	\N	NUM058	1.0	NII	DEN054	1.0	AB	\N	\N	\N	\N	\N	\N	\N	\N	\N	\N	\N	\N	NUM032	-1.0	CF3	\N	\N	\N	\N	\N	\N	DEN028	1.0	CF1	\N	\N	\N	DEN014	0.05	CF1	NUM037	1.0	CF1-6	\N	\N	\N	NUM037	1.0	CF7-12	\N	\N	\N	NUM037	1.0	CF12+	\N	\N	\N	\N	\N	\N	DEN059	1.0	B	NUM032	1.0	B-CF3	DEN037	1.0	B	NUM080	1.0	B	\N	\N	\N	NUM032	1.0	CF1	DEN037	1.0	B	\N	\N	\N	\N	\N	\N	\N	\N	\N	\N	\N	\N	\N	\N	\N	\N	\N	\N
495	2_5_1_5_1	单位保本理财_1Y		2026-08-14 15:44:10	2026-08-14 15:44:10	NUM058	-1.0	NII	\N	\N	\N	\N	\N	\N	DEN058	1.0	B	NUM085	1.0	NII	DEN055	1.0	AB	\N	\N	\N	\N	\N	\N	\N	\N	\N	\N	\N	\N	\N	\N	\N	\N	\N	\N	NUM058	-1.0	NII	\N	\N	\N	NUM058	1.0	NII	DEN054	1.0	AB	\N	\N	\N	\N	\N	\N	\N	\N	\N	\N	\N	\N	NUM032	-1.0	CF3	\N	\N	\N	\N	\N	\N	DEN028	1.0	CF1	\N	\N	\N	DEN016	0.05	CF1	NUM037	1.0	CF1-6	\N	\N	\N	NUM037	1.0	CF7-12	\N	\N	\N	NUM037	1.0	CF12+	\N	\N	\N	\N	\N	\N	DEN059	1.0	B	NUM032	1.0	B-CF3	DEN037	1.0	B	NUM069	1.0	B	\N	\N	\N	NUM032	1.0	CF1	DEN037	1.0	B	\N	\N	\N	\N	\N	\N	\N	\N	\N	\N	\N	\N	\N	\N	\N	\N	\N	\N
496	2_5_1_6_1	单位大额存单存款_1Y		2026-08-14 15:44:10	2026-08-14 15:44:10	NUM058	-1.0	NII	\N	\N	\N	\N	\N	\N	DEN058	1.0	B	NUM085	1.0	NII	DEN055	1.0	AB	\N	\N	\N	\N	\N	\N	\N	\N	\N	\N	\N	\N	\N	\N	\N	\N	\N	\N	NUM058	-1.0	NII	\N	\N	\N	NUM058	1.0	NII	DEN054	1.0	AB	\N	\N	\N	\N	\N	\N	\N	\N	\N	\N	\N	\N	NUM032	-1.0	CF3	\N	\N	\N	\N	\N	\N	DEN028	1.0	CF1	\N	\N	\N	DEN014	0.05	CF1	NUM037	1.0	CF1-6	\N	\N	\N	NUM037	1.0	CF7-12	\N	\N	\N	NUM037	1.0	CF12+	\N	\N	\N	\N	\N	\N	DEN059	1.0	B	NUM032	1.0	B-CF3	DEN037	1.0	B	NUM073	1.0	B	\N	\N	\N	NUM032	1.0	CF1	DEN037	1.0	B	\N	\N	\N	\N	\N	\N	\N	\N	\N	\N	\N	\N	\N	\N	\N	\N	\N	\N
497	2_5_1_6_2	单位大额存单存款_2Y		2026-08-14 15:44:10	2026-08-14 15:44:10	NUM058	-1.0	NII	\N	\N	\N	\N	\N	\N	DEN058	1.0	B	NUM085	1.0	NII	DEN055	1.0	AB	\N	\N	\N	\N	\N	\N	\N	\N	\N	\N	\N	\N	\N	\N	\N	\N	\N	\N	NUM058	-1.0	NII	\N	\N	\N	NUM058	1.0	NII	DEN054	1.0	AB	\N	\N	\N	\N	\N	\N	\N	\N	\N	\N	\N	\N	NUM032	-1.0	CF3	\N	\N	\N	\N	\N	\N	DEN028	1.0	CF1	\N	\N	\N	DEN014	0.05	CF1	NUM037	1.0	CF1-6	\N	\N	\N	NUM037	1.0	CF7-12	\N	\N	\N	NUM037	1.0	CF12+	\N	\N	\N	\N	\N	\N	DEN059	1.0	B	NUM032	1.0	B-CF3	DEN037	1.0	B	NUM073	1.0	B	\N	\N	\N	NUM032	1.0	CF1	DEN037	1.0	B	\N	\N	\N	\N	\N	\N	\N	\N	\N	\N	\N	\N	\N	\N	\N	\N	\N	\N
498	2_5_1_6_3	单位大额存单存款_3Y		2026-08-14 15:44:10	2026-08-14 15:44:10	NUM058	-1.0	NII	\N	\N	\N	\N	\N	\N	DEN058	1.0	B	NUM085	1.0	NII	DEN055	1.0	AB	\N	\N	\N	\N	\N	\N	\N	\N	\N	\N	\N	\N	\N	\N	\N	\N	\N	\N	NUM058	-1.0	NII	\N	\N	\N	NUM058	1.0	NII	DEN054	1.0	AB	\N	\N	\N	\N	\N	\N	\N	\N	\N	\N	\N	\N	NUM032	-1.0	CF3	\N	\N	\N	\N	\N	\N	DEN028	1.0	CF1	\N	\N	\N	DEN014	0.05	CF1	NUM037	1.0	CF1-6	\N	\N	\N	NUM037	1.0	CF7-12	\N	\N	\N	NUM037	1.0	CF12+	\N	\N	\N	\N	\N	\N	DEN059	1.0	B	NUM032	1.0	B-CF3	DEN037	1.0	B	NUM073	1.0	B	\N	\N	\N	NUM032	1.0	CF1	DEN037	1.0	B	\N	\N	\N	\N	\N	\N	\N	\N	\N	\N	\N	\N	\N	\N	\N	\N	\N	\N
499	2_5_1_7_1	单位活期保证金存款_1D		2026-08-14 15:44:10	2026-08-14 15:44:10	NUM058	-1.0	NII	\N	\N	\N	\N	\N	\N	DEN058	1.0	B	NUM085	1.0	NII	DEN055	1.0	AB	\N	\N	\N	\N	\N	\N	\N	\N	\N	\N	\N	\N	\N	\N	\N	\N	\N	\N	NUM058	-1.0	NII	\N	\N	\N	NUM058	1.0	NII	DEN054	1.0	AB	\N	\N	\N	\N	\N	\N	\N	\N	\N	\N	\N	\N	\N	\N	\N	\N	\N	\N	\N	\N	\N	\N	\N	\N	\N	\N	\N	DEN016	0.05	CF1	NUM037	1.0	CF1-6	\N	\N	\N	NUM037	1.0	CF7-12	\N	\N	\N	NUM037	1.0	CF12+	\N	\N	\N	\N	\N	\N	DEN059	1.0	B	NUM032	1.0	B-CF3	DEN037	1.0	B	NUM077	1.0	B	\N	\N	\N	\N	\N	\N	\N	\N	\N	\N	\N	\N	\N	\N	\N	\N	\N	\N	\N	\N	\N	\N	\N	\N	\N	\N	\N
500	2_5_1_7_2_1	单位定期保证金存款_3M		2026-08-14 15:44:10	2026-08-14 15:44:10	NUM058	-1.0	NII	\N	\N	\N	\N	\N	\N	DEN058	1.0	B	NUM085	1.0	NII	DEN055	1.0	AB	\N	\N	\N	\N	\N	\N	\N	\N	\N	\N	\N	\N	\N	\N	\N	\N	\N	\N	NUM058	-1.0	NII	\N	\N	\N	NUM058	1.0	NII	DEN054	1.0	AB	\N	\N	\N	\N	\N	\N	\N	\N	\N	\N	\N	\N	NUM032	-1.0	CF3	\N	\N	\N	\N	\N	\N	DEN028	1.0	CF1	\N	\N	\N	DEN016	0.05	CF1	NUM037	1.0	CF1-6	\N	\N	\N	NUM037	1.0	CF7-12	\N	\N	\N	NUM037	1.0	CF12+	\N	\N	\N	\N	\N	\N	DEN059	1.0	B	NUM032	1.0	B-CF3	DEN037	1.0	B	NUM074	1.0	B	\N	\N	\N	NUM032	1.0	CF1	DEN037	1.0	B	\N	\N	\N	\N	\N	\N	\N	\N	\N	\N	\N	\N	\N	\N	\N	\N	\N	\N
501	2_5_1_7_2_2	单位定期保证金存款_6M		2026-08-14 15:44:10	2026-08-14 15:44:10	NUM058	-1.0	NII	\N	\N	\N	\N	\N	\N	DEN058	1.0	B	NUM085	1.0	NII	DEN055	1.0	AB	\N	\N	\N	\N	\N	\N	\N	\N	\N	\N	\N	\N	\N	\N	\N	\N	\N	\N	NUM058	-1.0	NII	\N	\N	\N	NUM058	1.0	NII	DEN054	1.0	AB	\N	\N	\N	\N	\N	\N	\N	\N	\N	\N	\N	\N	NUM032	-1.0	CF3	\N	\N	\N	\N	\N	\N	DEN028	1.0	CF1	\N	\N	\N	DEN016	0.05	CF1	NUM037	1.0	CF1-6	\N	\N	\N	NUM037	1.0	CF7-12	\N	\N	\N	NUM037	1.0	CF12+	\N	\N	\N	\N	\N	\N	DEN059	1.0	B	NUM032	1.0	B-CF3	DEN037	1.0	B	NUM074	1.0	B	\N	\N	\N	NUM032	1.0	CF1	DEN037	1.0	B	\N	\N	\N	\N	\N	\N	\N	\N	\N	\N	\N	\N	\N	\N	\N	\N	\N	\N
502	2_5_1_7_2_3	单位定期保证金存款_1Y		2026-08-14 15:44:10	2026-08-14 15:44:10	NUM058	-1.0	NII	\N	\N	\N	\N	\N	\N	DEN058	1.0	B	NUM085	1.0	NII	DEN055	1.0	AB	\N	\N	\N	\N	\N	\N	\N	\N	\N	\N	\N	\N	\N	\N	\N	\N	\N	\N	NUM058	-1.0	NII	\N	\N	\N	NUM058	1.0	NII	DEN054	1.0	AB	\N	\N	\N	\N	\N	\N	\N	\N	\N	\N	\N	\N	NUM032	-1.0	CF3	\N	\N	\N	\N	\N	\N	DEN028	1.0	CF1	\N	\N	\N	DEN016	0.05	CF1	NUM037	1.0	CF1-6	\N	\N	\N	NUM037	1.0	CF7-12	\N	\N	\N	NUM037	1.0	CF12+	\N	\N	\N	\N	\N	\N	DEN059	1.0	B	NUM032	1.0	B-CF3	DEN037	1.0	B	NUM074	1.0	B	\N	\N	\N	NUM032	1.0	CF1	DEN037	1.0	B	\N	\N	\N	\N	\N	\N	\N	\N	\N	\N	\N	\N	\N	\N	\N	\N	\N	\N
503	2_5_1_7_2_4	单位定期保证金存款_2Y		2026-08-14 15:44:10	2026-08-14 15:44:10	NUM058	-1.0	NII	\N	\N	\N	\N	\N	\N	DEN058	1.0	B	NUM085	1.0	NII	DEN055	1.0	AB	\N	\N	\N	\N	\N	\N	\N	\N	\N	\N	\N	\N	\N	\N	\N	\N	\N	\N	NUM058	-1.0	NII	\N	\N	\N	NUM058	1.0	NII	DEN054	1.0	AB	\N	\N	\N	\N	\N	\N	\N	\N	\N	\N	\N	\N	NUM032	-1.0	CF3	\N	\N	\N	\N	\N	\N	DEN028	1.0	CF1	\N	\N	\N	DEN016	0.05	CF1	NUM037	1.0	CF1-6	\N	\N	\N	NUM037	1.0	CF7-12	\N	\N	\N	NUM037	1.0	CF12+	\N	\N	\N	\N	\N	\N	DEN059	1.0	B	NUM032	1.0	B-CF3	DEN037	1.0	B	NUM074	1.0	B	\N	\N	\N	NUM032	1.0	CF1	DEN037	1.0	B	\N	\N	\N	\N	\N	\N	\N	\N	\N	\N	\N	\N	\N	\N	\N	\N	\N	\N
504	2_5_1_7_2_5	单位定期保证金存款_3Y		2026-08-14 15:44:10	2026-08-14 15:44:10	NUM058	-1.0	NII	\N	\N	\N	\N	\N	\N	DEN058	1.0	B	NUM085	1.0	NII	DEN055	1.0	AB	\N	\N	\N	\N	\N	\N	\N	\N	\N	\N	\N	\N	\N	\N	\N	\N	\N	\N	NUM058	-1.0	NII	\N	\N	\N	NUM058	1.0	NII	DEN054	1.0	AB	\N	\N	\N	\N	\N	\N	\N	\N	\N	\N	\N	\N	NUM032	-1.0	CF3	\N	\N	\N	\N	\N	\N	DEN028	1.0	CF1	\N	\N	\N	DEN016	0.05	CF1	NUM037	1.0	CF1-6	\N	\N	\N	NUM037	1.0	CF7-12	\N	\N	\N	NUM037	1.0	CF12+	\N	\N	\N	\N	\N	\N	DEN059	1.0	B	NUM032	1.0	B-CF3	DEN037	1.0	B	NUM074	1.0	B	\N	\N	\N	NUM032	1.0	CF1	DEN037	1.0	B	\N	\N	\N	\N	\N	\N	\N	\N	\N	\N	\N	\N	\N	\N	\N	\N	\N	\N
505	2_5_2_1_1	个人普通活期存款_1D		2026-08-14 15:44:10	2026-08-14 15:44:10	NUM058	-1.0	NII	\N	\N	\N	\N	\N	\N	DEN058	1.0	B	NUM085	1.0	NII	DEN055	1.0	AB	\N	\N	\N	\N	\N	\N	\N	\N	\N	\N	\N	\N	\N	\N	\N	\N	\N	\N	NUM058	-1.0	NII	\N	\N	\N	NUM058	1.0	NII	DEN054	1.0	AB	\N	\N	\N	\N	\N	\N	\N	\N	\N	\N	\N	\N	NUM033	-1.0	B	\N	\N	\N	\N	\N	\N	DEN023	1.0	B	\N	\N	\N	DEN013	0.1	CF1	\N	\N	\N	\N	\N	\N	\N	\N	\N	\N	\N	\N	\N	\N	\N	\N	\N	\N	\N	\N	\N	DEN059	1.0	B	\N	\N	\N	DEN038	1.0	B	NUM049	1.0	B	\N	\N	\N	NUM033	1.0	CF3	DEN038	1.0	B	\N	\N	\N	\N	\N	\N	\N	\N	\N	\N	\N	\N	\N	\N	\N	\N	\N	\N
506	2_5_2_1_2	个人协议活期存款_1D		2026-08-14 15:44:10	2026-08-14 15:44:10	NUM058	-1.0	NII	\N	\N	\N	\N	\N	\N	DEN058	1.0	B	NUM085	1.0	NII	DEN055	1.0	AB	\N	\N	\N	\N	\N	\N	\N	\N	\N	\N	\N	\N	\N	\N	\N	\N	\N	\N	NUM058	-1.0	NII	\N	\N	\N	NUM058	1.0	NII	DEN054	1.0	AB	\N	\N	\N	\N	\N	\N	\N	\N	\N	\N	\N	\N	NUM033	-1.0	B	\N	\N	\N	\N	\N	\N	DEN028	1.0	CF1	\N	\N	\N	DEN013	0.1	CF1	\N	\N	\N	\N	\N	\N	\N	\N	\N	\N	\N	\N	\N	\N	\N	\N	\N	\N	\N	\N	\N	DEN059	1.0	B	NUM032	1.0	B-CF3	DEN037	1.0	B	NUM045	1.0	B	\N	\N	\N	NUM033	1.0	CF3	DEN038	1.0	B	\N	\N	\N	\N	\N	\N	\N	\N	\N	\N	\N	\N	\N	\N	\N	\N	\N	\N
507	2_5_2_2_1_1_1	高兴存_3Y		2026-08-14 15:44:10	2026-08-14 15:44:10	NUM058	-1.0	NII	\N	\N	\N	\N	\N	\N	DEN058	1.0	B	NUM085	1.0	NII	DEN055	1.0	AB	\N	\N	\N	\N	\N	\N	\N	\N	\N	\N	\N	\N	\N	\N	\N	\N	\N	\N	NUM058	-1.0	NII	\N	\N	\N	NUM058	1.0	NII	DEN054	1.0	AB	\N	\N	\N	\N	\N	\N	\N	\N	\N	\N	\N	\N	NUM032	-1.0	CF3	\N	\N	\N	\N	\N	\N	DEN028	1.0	CF1	\N	\N	\N	DEN012	0.05	CF1	\N	\N	\N	\N	\N	\N	\N	\N	\N	\N	\N	\N	\N	\N	\N	\N	\N	\N	\N	\N	\N	DEN059	1.0	B	NUM032	1.0	B-CF3	DEN037	1.0	B	NUM047	1.0	B	\N	\N	\N	NUM032	1.0	CF1	DEN037	1.0	B	\N	\N	\N	\N	\N	\N	\N	\N	\N	\N	\N	\N	\N	\N	\N	\N	\N	\N
508	2_5_2_2_1_1_2	高兴存_5Y		2026-08-14 15:44:10	2026-08-14 15:44:10	NUM058	-1.0	NII	\N	\N	\N	\N	\N	\N	DEN058	1.0	B	NUM085	1.0	NII	DEN055	1.0	AB	\N	\N	\N	\N	\N	\N	\N	\N	\N	\N	\N	\N	\N	\N	\N	\N	\N	\N	NUM058	-1.0	NII	\N	\N	\N	NUM058	1.0	NII	DEN054	1.0	AB	\N	\N	\N	\N	\N	\N	\N	\N	\N	\N	\N	\N	NUM032	-1.0	CF3	\N	\N	\N	\N	\N	\N	DEN028	1.0	CF1	\N	\N	\N	DEN012	0.05	CF1	\N	\N	\N	\N	\N	\N	\N	\N	\N	\N	\N	\N	\N	\N	\N	\N	\N	\N	\N	\N	\N	DEN059	1.0	B	NUM032	1.0	B-CF3	DEN037	1.0	B	NUM047	1.0	B	\N	\N	\N	NUM032	1.0	CF1	DEN037	1.0	B	\N	\N	\N	\N	\N	\N	\N	\N	\N	\N	\N	\N	\N	\N	\N	\N	\N	\N
509	2_5_2_2_1_2	高兴存（节庆专属）_3Y		2026-08-14 15:44:10	2026-08-14 15:44:10	NUM058	-1.0	NII	\N	\N	\N	\N	\N	\N	DEN058	1.0	B	NUM085	1.0	NII	DEN055	1.0	AB	\N	\N	\N	\N	\N	\N	\N	\N	\N	\N	\N	\N	\N	\N	\N	\N	\N	\N	NUM058	-1.0	NII	\N	\N	\N	NUM058	1.0	NII	DEN054	1.0	AB	\N	\N	\N	\N	\N	\N	\N	\N	\N	\N	\N	\N	NUM032	-1.0	CF3	\N	\N	\N	\N	\N	\N	DEN028	1.0	CF1	\N	\N	\N	DEN012	0.05	CF1	\N	\N	\N	\N	\N	\N	\N	\N	\N	\N	\N	\N	\N	\N	\N	\N	\N	\N	\N	\N	\N	DEN059	1.0	B	NUM032	1.0	B-CF3	DEN037	1.0	B	NUM047	1.0	B	\N	\N	\N	NUM032	1.0	CF1	DEN037	1.0	B	\N	\N	\N	\N	\N	\N	\N	\N	\N	\N	\N	\N	\N	\N	\N	\N	\N	\N
510	2_5_2_2_1_3_1	高兴存（村镇银行专属）_3Y		2026-08-14 15:44:10	2026-08-14 15:44:10	NUM058	-1.0	NII	\N	\N	\N	\N	\N	\N	DEN058	1.0	B	NUM085	1.0	NII	DEN055	1.0	AB	\N	\N	\N	\N	\N	\N	\N	\N	\N	\N	\N	\N	\N	\N	\N	\N	\N	\N	NUM058	-1.0	NII	\N	\N	\N	NUM058	1.0	NII	DEN054	1.0	AB	\N	\N	\N	\N	\N	\N	\N	\N	\N	\N	\N	\N	NUM032	-1.0	CF3	\N	\N	\N	\N	\N	\N	DEN028	1.0	CF1	\N	\N	\N	DEN012	0.05	CF1	\N	\N	\N	\N	\N	\N	\N	\N	\N	\N	\N	\N	\N	\N	\N	\N	\N	\N	\N	\N	\N	DEN059	1.0	B	NUM032	1.0	B-CF3	DEN037	1.0	B	NUM047	1.0	B	\N	\N	\N	NUM032	1.0	CF1	DEN037	1.0	B	\N	\N	\N	\N	\N	\N	\N	\N	\N	\N	\N	\N	\N	\N	\N	\N	\N	\N
511	2_5_2_2_1_3_2	高兴存（村镇银行专属）_5Y		2026-08-14 15:44:10	2026-08-14 15:44:10	NUM058	-1.0	NII	\N	\N	\N	\N	\N	\N	DEN058	1.0	B	NUM085	1.0	NII	DEN055	1.0	AB	\N	\N	\N	\N	\N	\N	\N	\N	\N	\N	\N	\N	\N	\N	\N	\N	\N	\N	NUM058	-1.0	NII	\N	\N	\N	NUM058	1.0	NII	DEN054	1.0	AB	\N	\N	\N	\N	\N	\N	\N	\N	\N	\N	\N	\N	NUM032	-1.0	CF3	\N	\N	\N	\N	\N	\N	DEN028	1.0	CF1	\N	\N	\N	DEN012	0.05	CF1	\N	\N	\N	\N	\N	\N	\N	\N	\N	\N	\N	\N	\N	\N	\N	\N	\N	\N	\N	\N	\N	DEN059	1.0	B	NUM032	1.0	B-CF3	DEN037	1.0	B	NUM047	1.0	B	\N	\N	\N	NUM032	1.0	CF1	DEN037	1.0	B	\N	\N	\N	\N	\N	\N	\N	\N	\N	\N	\N	\N	\N	\N	\N	\N	\N	\N
512	2_5_2_2_2_1_1	富桂存_月得利_3Y		2026-08-14 15:44:10	2026-08-14 15:44:10	NUM058	-1.0	NII	\N	\N	\N	\N	\N	\N	DEN058	1.0	B	NUM085	1.0	NII	DEN055	1.0	AB	\N	\N	\N	\N	\N	\N	\N	\N	\N	\N	\N	\N	\N	\N	\N	\N	\N	\N	NUM058	-1.0	NII	\N	\N	\N	NUM058	1.0	NII	DEN054	1.0	AB	\N	\N	\N	\N	\N	\N	\N	\N	\N	\N	\N	\N	NUM032	-1.0	CF3	\N	\N	\N	\N	\N	\N	DEN028	1.0	CF1	\N	\N	\N	DEN012	0.05	CF1	\N	\N	\N	\N	\N	\N	\N	\N	\N	\N	\N	\N	\N	\N	\N	\N	\N	\N	\N	\N	\N	DEN059	1.0	B	NUM032	1.0	B-CF3	DEN037	1.0	B	NUM047	1.0	B	\N	\N	\N	NUM032	1.0	CF1	DEN037	1.0	B	\N	\N	\N	\N	\N	\N	\N	\N	\N	\N	\N	\N	\N	\N	\N	\N	\N	\N
513	2_5_2_2_2_1_2	富桂存_月得利_5Y		2026-08-14 15:44:10	2026-08-14 15:44:10	NUM058	-1.0	NII	\N	\N	\N	\N	\N	\N	DEN058	1.0	B	NUM085	1.0	NII	DEN055	1.0	AB	\N	\N	\N	\N	\N	\N	\N	\N	\N	\N	\N	\N	\N	\N	\N	\N	\N	\N	NUM058	-1.0	NII	\N	\N	\N	NUM058	1.0	NII	DEN054	1.0	AB	\N	\N	\N	\N	\N	\N	\N	\N	\N	\N	\N	\N	NUM032	-1.0	CF3	\N	\N	\N	\N	\N	\N	DEN028	1.0	CF1	\N	\N	\N	DEN012	0.05	CF1	\N	\N	\N	\N	\N	\N	\N	\N	\N	\N	\N	\N	\N	\N	\N	\N	\N	\N	\N	\N	\N	DEN059	1.0	B	NUM032	1.0	B-CF3	DEN037	1.0	B	NUM047	1.0	B	\N	\N	\N	NUM032	1.0	CF1	DEN037	1.0	B	\N	\N	\N	\N	\N	\N	\N	\N	\N	\N	\N	\N	\N	\N	\N	\N	\N	\N
514	2_5_2_2_2_2_1	富桂存_月得利（二期）_3Y		2026-08-14 15:44:10	2026-08-14 15:44:10	NUM058	-1.0	NII	\N	\N	\N	\N	\N	\N	DEN058	1.0	B	NUM085	1.0	NII	DEN055	1.0	AB	\N	\N	\N	\N	\N	\N	\N	\N	\N	\N	\N	\N	\N	\N	\N	\N	\N	\N	NUM058	-1.0	NII	\N	\N	\N	NUM058	1.0	NII	DEN054	1.0	AB	\N	\N	\N	\N	\N	\N	\N	\N	\N	\N	\N	\N	NUM032	-1.0	CF3	\N	\N	\N	\N	\N	\N	DEN028	1.0	CF1	\N	\N	\N	DEN012	0.05	CF1	\N	\N	\N	\N	\N	\N	\N	\N	\N	\N	\N	\N	\N	\N	\N	\N	\N	\N	\N	\N	\N	DEN059	1.0	B	NUM032	1.0	B-CF3	DEN037	1.0	B	NUM047	1.0	B	\N	\N	\N	NUM032	1.0	CF1	DEN037	1.0	B	\N	\N	\N	\N	\N	\N	\N	\N	\N	\N	\N	\N	\N	\N	\N	\N	\N	\N
515	2_5_2_2_2_2_2	富桂存_月得利（二期）_5Y		2026-08-14 15:44:10	2026-08-14 15:44:10	NUM058	-1.0	NII	\N	\N	\N	\N	\N	\N	DEN058	1.0	B	NUM085	1.0	NII	DEN055	1.0	AB	\N	\N	\N	\N	\N	\N	\N	\N	\N	\N	\N	\N	\N	\N	\N	\N	\N	\N	NUM058	-1.0	NII	\N	\N	\N	NUM058	1.0	NII	DEN054	1.0	AB	\N	\N	\N	\N	\N	\N	\N	\N	\N	\N	\N	\N	NUM032	-1.0	CF3	\N	\N	\N	\N	\N	\N	DEN028	1.0	CF1	\N	\N	\N	DEN012	0.05	CF1	\N	\N	\N	\N	\N	\N	\N	\N	\N	\N	\N	\N	\N	\N	\N	\N	\N	\N	\N	\N	\N	DEN059	1.0	B	NUM032	1.0	B-CF3	DEN037	1.0	B	NUM047	1.0	B	\N	\N	\N	NUM032	1.0	CF1	DEN037	1.0	B	\N	\N	\N	\N	\N	\N	\N	\N	\N	\N	\N	\N	\N	\N	\N	\N	\N	\N
516	2_5_2_2_2_3	富桂存_月得利(尊享版)_5Y		2026-08-14 15:44:10	2026-08-14 15:44:10	NUM058	-1.0	NII	\N	\N	\N	\N	\N	\N	DEN058	1.0	B	NUM085	1.0	NII	DEN055	1.0	AB	\N	\N	\N	\N	\N	\N	\N	\N	\N	\N	\N	\N	\N	\N	\N	\N	\N	\N	NUM058	-1.0	NII	\N	\N	\N	NUM058	1.0	NII	DEN054	1.0	AB	\N	\N	\N	\N	\N	\N	\N	\N	\N	\N	\N	\N	NUM032	-1.0	CF3	\N	\N	\N	\N	\N	\N	DEN028	1.0	CF1	\N	\N	\N	DEN012	0.05	CF1	\N	\N	\N	\N	\N	\N	\N	\N	\N	\N	\N	\N	\N	\N	\N	\N	\N	\N	\N	\N	\N	DEN059	1.0	B	NUM032	1.0	B-CF3	DEN037	1.0	B	NUM047	1.0	B	\N	\N	\N	NUM032	1.0	CF1	DEN037	1.0	B	\N	\N	\N	\N	\N	\N	\N	\N	\N	\N	\N	\N	\N	\N	\N	\N	\N	\N
517	2_5_2_2_2_4	富桂存_月得利（E版三年）_3Y		2026-08-14 15:44:10	2026-08-14 15:44:10	NUM058	-1.0	NII	\N	\N	\N	\N	\N	\N	DEN058	1.0	B	NUM085	1.0	NII	DEN055	1.0	AB	\N	\N	\N	\N	\N	\N	\N	\N	\N	\N	\N	\N	\N	\N	\N	\N	\N	\N	NUM058	-1.0	NII	\N	\N	\N	NUM058	1.0	NII	DEN054	1.0	AB	\N	\N	\N	\N	\N	\N	\N	\N	\N	\N	\N	\N	NUM032	-1.0	CF3	\N	\N	\N	\N	\N	\N	DEN028	1.0	CF1	\N	\N	\N	DEN012	0.05	CF1	\N	\N	\N	\N	\N	\N	\N	\N	\N	\N	\N	\N	\N	\N	\N	\N	\N	\N	\N	\N	\N	DEN059	1.0	B	NUM032	1.0	B-CF3	DEN037	1.0	B	NUM047	1.0	B	\N	\N	\N	NUM032	1.0	CF1	DEN037	1.0	B	\N	\N	\N	\N	\N	\N	\N	\N	\N	\N	\N	\N	\N	\N	\N	\N	\N	\N
518	2_5_2_2_2_5_1	富桂存_月得利（县域专属）_3Y		2026-08-14 15:44:10	2026-08-14 15:44:10	NUM058	-1.0	NII	\N	\N	\N	\N	\N	\N	DEN058	1.0	B	NUM085	1.0	NII	DEN055	1.0	AB	\N	\N	\N	\N	\N	\N	\N	\N	\N	\N	\N	\N	\N	\N	\N	\N	\N	\N	NUM058	-1.0	NII	\N	\N	\N	NUM058	1.0	NII	DEN054	1.0	AB	\N	\N	\N	\N	\N	\N	\N	\N	\N	\N	\N	\N	NUM032	-1.0	CF3	\N	\N	\N	\N	\N	\N	DEN028	1.0	CF1	\N	\N	\N	DEN012	0.05	CF1	\N	\N	\N	\N	\N	\N	\N	\N	\N	\N	\N	\N	\N	\N	\N	\N	\N	\N	\N	\N	\N	DEN059	1.0	B	NUM032	1.0	B-CF3	DEN037	1.0	B	NUM047	1.0	B	\N	\N	\N	NUM032	1.0	CF1	DEN037	1.0	B	\N	\N	\N	\N	\N	\N	\N	\N	\N	\N	\N	\N	\N	\N	\N	\N	\N	\N
519	2_5_2_2_2_5_2	富桂存_月得利（县域专属）_5Y		2026-08-14 15:44:10	2026-08-14 15:44:10	NUM058	-1.0	NII	\N	\N	\N	\N	\N	\N	DEN058	1.0	B	NUM085	1.0	NII	DEN055	1.0	AB	\N	\N	\N	\N	\N	\N	\N	\N	\N	\N	\N	\N	\N	\N	\N	\N	\N	\N	NUM058	-1.0	NII	\N	\N	\N	NUM058	1.0	NII	DEN054	1.0	AB	\N	\N	\N	\N	\N	\N	\N	\N	\N	\N	\N	\N	NUM032	-1.0	CF3	\N	\N	\N	\N	\N	\N	DEN028	1.0	CF1	\N	\N	\N	DEN012	0.05	CF1	\N	\N	\N	\N	\N	\N	\N	\N	\N	\N	\N	\N	\N	\N	\N	\N	\N	\N	\N	\N	\N	DEN059	1.0	B	NUM032	1.0	B-CF3	DEN037	1.0	B	NUM047	1.0	B	\N	\N	\N	NUM032	1.0	CF1	DEN037	1.0	B	\N	\N	\N	\N	\N	\N	\N	\N	\N	\N	\N	\N	\N	\N	\N	\N	\N	\N
520	2_5_2_2_2_6	富桂存_月得利（E版五年）_5Y		2026-08-14 15:44:10	2026-08-14 15:44:10	NUM058	-1.0	NII	\N	\N	\N	\N	\N	\N	DEN058	1.0	B	NUM085	1.0	NII	DEN055	1.0	AB	\N	\N	\N	\N	\N	\N	\N	\N	\N	\N	\N	\N	\N	\N	\N	\N	\N	\N	NUM058	-1.0	NII	\N	\N	\N	NUM058	1.0	NII	DEN054	1.0	AB	\N	\N	\N	\N	\N	\N	\N	\N	\N	\N	\N	\N	NUM032	-1.0	CF3	\N	\N	\N	\N	\N	\N	DEN028	1.0	CF1	\N	\N	\N	DEN012	0.05	CF1	\N	\N	\N	\N	\N	\N	\N	\N	\N	\N	\N	\N	\N	\N	\N	\N	\N	\N	\N	\N	\N	DEN059	1.0	B	NUM032	1.0	B-CF3	DEN037	1.0	B	NUM047	1.0	B	\N	\N	\N	NUM032	1.0	CF1	DEN037	1.0	B	\N	\N	\N	\N	\N	\N	\N	\N	\N	\N	\N	\N	\N	\N	\N	\N	\N	\N
521	2_5_2_2_2_7	行庆专属存款_5Y		2026-08-14 15:44:10	2026-08-14 15:44:10	NUM058	-1.0	NII	\N	\N	\N	\N	\N	\N	DEN058	1.0	B	NUM085	1.0	NII	DEN055	1.0	AB	\N	\N	\N	\N	\N	\N	\N	\N	\N	\N	\N	\N	\N	\N	\N	\N	\N	\N	NUM058	-1.0	NII	\N	\N	\N	NUM058	1.0	NII	DEN054	1.0	AB	\N	\N	\N	\N	\N	\N	\N	\N	\N	\N	\N	\N	NUM032	-1.0	CF3	\N	\N	\N	\N	\N	\N	DEN028	1.0	CF1	\N	\N	\N	DEN012	0.05	CF1	\N	\N	\N	\N	\N	\N	\N	\N	\N	\N	\N	\N	\N	\N	\N	\N	\N	\N	\N	\N	\N	DEN059	1.0	B	NUM032	1.0	B-CF3	DEN037	1.0	B	NUM047	1.0	B	\N	\N	\N	NUM032	1.0	CF1	DEN037	1.0	B	\N	\N	\N	\N	\N	\N	\N	\N	\N	\N	\N	\N	\N	\N	\N	\N	\N	\N
522	2_5_2_2_2_8_1	区庆专属存款_3Y		2026-08-14 15:44:10	2026-08-14 15:44:10	NUM058	-1.0	NII	\N	\N	\N	\N	\N	\N	DEN058	1.0	B	NUM085	1.0	NII	DEN055	1.0	AB	\N	\N	\N	\N	\N	\N	\N	\N	\N	\N	\N	\N	\N	\N	\N	\N	\N	\N	NUM058	-1.0	NII	\N	\N	\N	NUM058	1.0	NII	DEN054	1.0	AB	\N	\N	\N	\N	\N	\N	\N	\N	\N	\N	\N	\N	NUM032	-1.0	CF3	\N	\N	\N	\N	\N	\N	DEN028	1.0	CF1	\N	\N	\N	DEN012	0.05	CF1	\N	\N	\N	\N	\N	\N	\N	\N	\N	\N	\N	\N	\N	\N	\N	\N	\N	\N	\N	\N	\N	DEN059	1.0	B	NUM032	1.0	B-CF3	DEN037	1.0	B	NUM047	1.0	B	\N	\N	\N	NUM032	1.0	CF1	DEN037	1.0	B	\N	\N	\N	\N	\N	\N	\N	\N	\N	\N	\N	\N	\N	\N	\N	\N	\N	\N
523	2_5_2_2_2_8_2	区庆专属存款_5Y		2026-08-14 15:44:10	2026-08-14 15:44:10	NUM058	-1.0	NII	\N	\N	\N	\N	\N	\N	DEN058	1.0	B	NUM085	1.0	NII	DEN055	1.0	AB	\N	\N	\N	\N	\N	\N	\N	\N	\N	\N	\N	\N	\N	\N	\N	\N	\N	\N	NUM058	-1.0	NII	\N	\N	\N	NUM058	1.0	NII	DEN054	1.0	AB	\N	\N	\N	\N	\N	\N	\N	\N	\N	\N	\N	\N	NUM032	-1.0	CF3	\N	\N	\N	\N	\N	\N	DEN028	1.0	CF1	\N	\N	\N	DEN012	0.05	CF1	\N	\N	\N	\N	\N	\N	\N	\N	\N	\N	\N	\N	\N	\N	\N	\N	\N	\N	\N	\N	\N	DEN059	1.0	B	NUM032	1.0	B-CF3	DEN037	1.0	B	NUM047	1.0	B	\N	\N	\N	NUM032	1.0	CF1	DEN037	1.0	B	\N	\N	\N	\N	\N	\N	\N	\N	\N	\N	\N	\N	\N	\N	\N	\N	\N	\N
524	2_5_2_2_3_1	其他个人定期存款_3M		2026-08-14 15:44:10	2026-08-14 15:44:10	NUM058	-1.0	NII	\N	\N	\N	\N	\N	\N	DEN058	1.0	B	NUM085	1.0	NII	DEN055	1.0	AB	\N	\N	\N	\N	\N	\N	\N	\N	\N	\N	\N	\N	\N	\N	\N	\N	\N	\N	NUM058	-1.0	NII	\N	\N	\N	NUM058	1.0	NII	DEN054	1.0	AB	\N	\N	\N	\N	\N	\N	\N	\N	\N	\N	\N	\N	NUM032	-1.0	CF3	\N	\N	\N	\N	\N	\N	DEN028	1.0	CF1	\N	\N	\N	DEN012	0.05	CF1	\N	\N	\N	\N	\N	\N	\N	\N	\N	\N	\N	\N	\N	\N	\N	\N	\N	\N	\N	\N	\N	DEN059	1.0	B	NUM032	1.0	B-CF3	DEN037	1.0	B	NUM047	1.0	B	\N	\N	\N	NUM032	1.0	CF1	DEN037	1.0	B	\N	\N	\N	\N	\N	\N	\N	\N	\N	\N	\N	\N	\N	\N	\N	\N	\N	\N
525	2_5_2_2_3_2	其他个人定期存款_6M		2026-08-14 15:44:10	2026-08-14 15:44:10	NUM058	-1.0	NII	\N	\N	\N	\N	\N	\N	DEN058	1.0	B	NUM085	1.0	NII	DEN055	1.0	AB	\N	\N	\N	\N	\N	\N	\N	\N	\N	\N	\N	\N	\N	\N	\N	\N	\N	\N	NUM058	-1.0	NII	\N	\N	\N	NUM058	1.0	NII	DEN054	1.0	AB	\N	\N	\N	\N	\N	\N	\N	\N	\N	\N	\N	\N	NUM032	-1.0	CF3	\N	\N	\N	\N	\N	\N	DEN028	1.0	CF1	\N	\N	\N	DEN012	0.05	CF1	\N	\N	\N	\N	\N	\N	\N	\N	\N	\N	\N	\N	\N	\N	\N	\N	\N	\N	\N	\N	\N	DEN059	1.0	B	NUM032	1.0	B-CF3	DEN037	1.0	B	NUM047	1.0	B	\N	\N	\N	NUM032	1.0	CF1	DEN037	1.0	B	\N	\N	\N	\N	\N	\N	\N	\N	\N	\N	\N	\N	\N	\N	\N	\N	\N	\N
526	2_5_2_2_3_3	其他个人定期存款_1Y		2026-08-14 15:44:10	2026-08-14 15:44:10	NUM058	-1.0	NII	\N	\N	\N	\N	\N	\N	DEN058	1.0	B	NUM085	1.0	NII	DEN055	1.0	AB	\N	\N	\N	\N	\N	\N	\N	\N	\N	\N	\N	\N	\N	\N	\N	\N	\N	\N	NUM058	-1.0	NII	\N	\N	\N	NUM058	1.0	NII	DEN054	1.0	AB	\N	\N	\N	\N	\N	\N	\N	\N	\N	\N	\N	\N	NUM032	-1.0	CF3	\N	\N	\N	\N	\N	\N	DEN028	1.0	CF1	\N	\N	\N	DEN012	0.05	CF1	\N	\N	\N	\N	\N	\N	\N	\N	\N	\N	\N	\N	\N	\N	\N	\N	\N	\N	\N	\N	\N	DEN059	1.0	B	NUM032	1.0	B-CF3	DEN037	1.0	B	NUM047	1.0	B	\N	\N	\N	NUM032	1.0	CF1	DEN037	1.0	B	\N	\N	\N	\N	\N	\N	\N	\N	\N	\N	\N	\N	\N	\N	\N	\N	\N	\N
527	2_5_2_2_3_4	其他个人定期存款_2Y		2026-08-14 15:44:10	2026-08-14 15:44:10	NUM058	-1.0	NII	\N	\N	\N	\N	\N	\N	DEN058	1.0	B	NUM085	1.0	NII	DEN055	1.0	AB	\N	\N	\N	\N	\N	\N	\N	\N	\N	\N	\N	\N	\N	\N	\N	\N	\N	\N	NUM058	-1.0	NII	\N	\N	\N	NUM058	1.0	NII	DEN054	1.0	AB	\N	\N	\N	\N	\N	\N	\N	\N	\N	\N	\N	\N	NUM032	-1.0	CF3	\N	\N	\N	\N	\N	\N	DEN028	1.0	CF1	\N	\N	\N	DEN012	0.05	CF1	\N	\N	\N	\N	\N	\N	\N	\N	\N	\N	\N	\N	\N	\N	\N	\N	\N	\N	\N	\N	\N	DEN059	1.0	B	NUM032	1.0	B-CF3	DEN037	1.0	B	NUM047	1.0	B	\N	\N	\N	NUM032	1.0	CF1	DEN037	1.0	B	\N	\N	\N	\N	\N	\N	\N	\N	\N	\N	\N	\N	\N	\N	\N	\N	\N	\N
528	2_5_2_2_3_5	其他个人定期存款_3Y		2026-08-14 15:44:10	2026-08-14 15:44:10	NUM058	-1.0	NII	\N	\N	\N	\N	\N	\N	DEN058	1.0	B	NUM085	1.0	NII	DEN055	1.0	AB	\N	\N	\N	\N	\N	\N	\N	\N	\N	\N	\N	\N	\N	\N	\N	\N	\N	\N	NUM058	-1.0	NII	\N	\N	\N	NUM058	1.0	NII	DEN054	1.0	AB	\N	\N	\N	\N	\N	\N	\N	\N	\N	\N	\N	\N	NUM032	-1.0	CF3	\N	\N	\N	\N	\N	\N	DEN028	1.0	CF1	\N	\N	\N	DEN012	0.05	CF1	\N	\N	\N	\N	\N	\N	\N	\N	\N	\N	\N	\N	\N	\N	\N	\N	\N	\N	\N	\N	\N	DEN059	1.0	B	NUM032	1.0	B-CF3	DEN037	1.0	B	NUM047	1.0	B	\N	\N	\N	NUM032	1.0	CF1	DEN037	1.0	B	\N	\N	\N	\N	\N	\N	\N	\N	\N	\N	\N	\N	\N	\N	\N	\N	\N	\N
529	2_5_2_2_3_6	其他个人定期存款_5Y		2026-08-14 15:44:10	2026-08-14 15:44:10	NUM058	-1.0	NII	\N	\N	\N	\N	\N	\N	DEN058	1.0	B	NUM085	1.0	NII	DEN055	1.0	AB	\N	\N	\N	\N	\N	\N	\N	\N	\N	\N	\N	\N	\N	\N	\N	\N	\N	\N	NUM058	-1.0	NII	\N	\N	\N	NUM058	1.0	NII	DEN054	1.0	AB	\N	\N	\N	\N	\N	\N	\N	\N	\N	\N	\N	\N	NUM032	-1.0	CF3	\N	\N	\N	\N	\N	\N	DEN028	1.0	CF1	\N	\N	\N	DEN012	0.05	CF1	\N	\N	\N	\N	\N	\N	\N	\N	\N	\N	\N	\N	\N	\N	\N	\N	\N	\N	\N	\N	\N	DEN059	1.0	B	NUM032	1.0	B-CF3	DEN037	1.0	B	NUM047	1.0	B	\N	\N	\N	NUM032	1.0	CF1	DEN037	1.0	B	\N	\N	\N	\N	\N	\N	\N	\N	\N	\N	\N	\N	\N	\N	\N	\N	\N	\N
530	2_5_2_3_1	个人通知存款_1D		2026-08-14 15:44:10	2026-08-14 15:44:10	NUM058	-1.0	NII	\N	\N	\N	\N	\N	\N	DEN058	1.0	B	NUM085	1.0	NII	DEN055	1.0	AB	\N	\N	\N	\N	\N	\N	\N	\N	\N	\N	\N	\N	\N	\N	\N	\N	\N	\N	NUM058	-1.0	NII	\N	\N	\N	NUM058	1.0	NII	DEN054	1.0	AB	\N	\N	\N	\N	\N	\N	\N	\N	\N	\N	\N	\N	NUM032	-1.0	CF3	\N	\N	\N	\N	\N	\N	DEN028	1.0	CF1	\N	\N	\N	DEN012	0.05	CF1	\N	\N	\N	\N	\N	\N	\N	\N	\N	\N	\N	\N	\N	\N	\N	\N	\N	\N	\N	\N	\N	DEN059	1.0	B	NUM032	1.0	B-CF3	DEN037	1.0	B	NUM053	1.0	B	\N	\N	\N	NUM032	1.0	CF1	DEN037	1.0	B	\N	\N	\N	\N	\N	\N	\N	\N	\N	\N	\N	\N	\N	\N	\N	\N	\N	\N
531	2_5_2_3_2	个人通知存款_7D		2026-08-14 15:44:10	2026-08-14 15:44:10	NUM058	-1.0	NII	\N	\N	\N	\N	\N	\N	DEN058	1.0	B	NUM085	1.0	NII	DEN055	1.0	AB	\N	\N	\N	\N	\N	\N	\N	\N	\N	\N	\N	\N	\N	\N	\N	\N	\N	\N	NUM058	-1.0	NII	\N	\N	\N	NUM058	1.0	NII	DEN054	1.0	AB	\N	\N	\N	\N	\N	\N	\N	\N	\N	\N	\N	\N	NUM032	-1.0	CF3	\N	\N	\N	\N	\N	\N	DEN028	1.0	CF1	\N	\N	\N	DEN012	0.05	CF1	\N	\N	\N	\N	\N	\N	\N	\N	\N	\N	\N	\N	\N	\N	\N	\N	\N	\N	\N	\N	\N	DEN059	1.0	B	NUM032	1.0	B-CF3	DEN037	1.0	B	NUM053	1.0	B	\N	\N	\N	NUM032	1.0	CF1	DEN037	1.0	B	\N	\N	\N	\N	\N	\N	\N	\N	\N	\N	\N	\N	\N	\N	\N	\N	\N	\N
532	2_5_2_4_1	个人保本理财_1Y		2026-08-14 15:44:10	2026-08-14 15:44:10	NUM058	-1.0	NII	\N	\N	\N	\N	\N	\N	DEN058	1.0	B	NUM085	1.0	NII	DEN055	1.0	AB	\N	\N	\N	\N	\N	\N	\N	\N	\N	\N	\N	\N	\N	\N	\N	\N	\N	\N	NUM058	-1.0	NII	\N	\N	\N	NUM058	1.0	NII	DEN054	1.0	AB	\N	\N	\N	\N	\N	\N	\N	\N	\N	\N	\N	\N	NUM032	-1.0	CF3	\N	\N	\N	\N	\N	\N	DEN028	1.0	CF1	\N	\N	\N	\N	\N	\N	\N	\N	\N	\N	\N	\N	\N	\N	\N	\N	\N	\N	\N	\N	\N	\N	\N	\N	\N	\N	\N	DEN059	1.0	B	NUM032	1.0	B-CF3	DEN037	1.0	B	NUM043	1.0	B	\N	\N	\N	NUM032	1.0	CF1	DEN037	1.0	B	\N	\N	\N	\N	\N	\N	\N	\N	\N	\N	\N	\N	\N	\N	\N	\N	\N	\N
533	2_5_2_5_1	个人大额存单存款_3M		2026-08-14 15:44:10	2026-08-14 15:44:10	NUM058	-1.0	NII	\N	\N	\N	\N	\N	\N	DEN058	1.0	B	NUM085	1.0	NII	DEN055	1.0	AB	\N	\N	\N	\N	\N	\N	\N	\N	\N	\N	\N	\N	\N	\N	\N	\N	\N	\N	NUM058	-1.0	NII	\N	\N	\N	NUM058	1.0	NII	DEN054	1.0	AB	\N	\N	\N	\N	\N	\N	\N	\N	\N	\N	\N	\N	NUM032	-1.0	CF3	\N	\N	\N	\N	\N	\N	DEN028	1.0	CF1	\N	\N	\N	DEN012	0.05	CF1	\N	\N	\N	\N	\N	\N	\N	\N	\N	\N	\N	\N	\N	\N	\N	\N	\N	\N	\N	\N	\N	DEN059	1.0	B	NUM032	1.0	B-CF3	DEN037	1.0	B	NUM046	1.0	B	\N	\N	\N	NUM032	1.0	CF1	DEN037	1.0	B	\N	\N	\N	\N	\N	\N	\N	\N	\N	\N	\N	\N	\N	\N	\N	\N	\N	\N
534	2_5_2_5_2	个人大额存单存款_6M		2026-08-14 15:44:10	2026-08-14 15:44:10	NUM058	-1.0	NII	\N	\N	\N	\N	\N	\N	DEN058	1.0	B	NUM085	1.0	NII	DEN055	1.0	AB	\N	\N	\N	\N	\N	\N	\N	\N	\N	\N	\N	\N	\N	\N	\N	\N	\N	\N	NUM058	-1.0	NII	\N	\N	\N	NUM058	1.0	NII	DEN054	1.0	AB	\N	\N	\N	\N	\N	\N	\N	\N	\N	\N	\N	\N	NUM032	-1.0	CF3	\N	\N	\N	\N	\N	\N	DEN028	1.0	CF1	\N	\N	\N	DEN012	0.05	CF1	\N	\N	\N	\N	\N	\N	\N	\N	\N	\N	\N	\N	\N	\N	\N	\N	\N	\N	\N	\N	\N	DEN059	1.0	B	NUM032	1.0	B-CF3	DEN037	1.0	B	NUM046	1.0	B	\N	\N	\N	NUM032	1.0	CF1	DEN037	1.0	B	\N	\N	\N	\N	\N	\N	\N	\N	\N	\N	\N	\N	\N	\N	\N	\N	\N	\N
535	2_5_2_5_3	个人大额存单存款_1Y		2026-08-14 15:44:10	2026-08-14 15:44:10	NUM058	-1.0	NII	\N	\N	\N	\N	\N	\N	DEN058	1.0	B	NUM085	1.0	NII	DEN055	1.0	AB	\N	\N	\N	\N	\N	\N	\N	\N	\N	\N	\N	\N	\N	\N	\N	\N	\N	\N	NUM058	-1.0	NII	\N	\N	\N	NUM058	1.0	NII	DEN054	1.0	AB	\N	\N	\N	\N	\N	\N	\N	\N	\N	\N	\N	\N	NUM032	-1.0	CF3	\N	\N	\N	\N	\N	\N	DEN028	1.0	CF1	\N	\N	\N	DEN012	0.05	CF1	\N	\N	\N	\N	\N	\N	\N	\N	\N	\N	\N	\N	\N	\N	\N	\N	\N	\N	\N	\N	\N	DEN059	1.0	B	NUM032	1.0	B-CF3	DEN037	1.0	B	NUM046	1.0	B	\N	\N	\N	NUM032	1.0	CF1	DEN037	1.0	B	\N	\N	\N	\N	\N	\N	\N	\N	\N	\N	\N	\N	\N	\N	\N	\N	\N	\N
536	2_5_2_5_4	个人大额存单存款_3Y		2026-08-14 15:44:10	2026-08-14 15:44:10	NUM058	-1.0	NII	\N	\N	\N	\N	\N	\N	DEN058	1.0	B	NUM085	1.0	NII	DEN055	1.0	AB	\N	\N	\N	\N	\N	\N	\N	\N	\N	\N	\N	\N	\N	\N	\N	\N	\N	\N	NUM058	-1.0	NII	\N	\N	\N	NUM058	1.0	NII	DEN054	1.0	AB	\N	\N	\N	\N	\N	\N	\N	\N	\N	\N	\N	\N	NUM032	-1.0	CF3	\N	\N	\N	\N	\N	\N	DEN028	1.0	CF1	\N	\N	\N	DEN012	0.05	CF1	\N	\N	\N	\N	\N	\N	\N	\N	\N	\N	\N	\N	\N	\N	\N	\N	\N	\N	\N	\N	\N	DEN059	1.0	B	NUM032	1.0	B-CF3	DEN037	1.0	B	NUM046	1.0	B	\N	\N	\N	NUM032	1.0	CF1	DEN037	1.0	B	\N	\N	\N	\N	\N	\N	\N	\N	\N	\N	\N	\N	\N	\N	\N	\N	\N	\N
537	2_5_2_5_5	个人大额存单存款_5Y		2026-08-14 15:44:10	2026-08-14 15:44:10	NUM058	-1.0	NII	\N	\N	\N	\N	\N	\N	DEN058	1.0	B	NUM085	1.0	NII	DEN055	1.0	AB	\N	\N	\N	\N	\N	\N	\N	\N	\N	\N	\N	\N	\N	\N	\N	\N	\N	\N	NUM058	-1.0	NII	\N	\N	\N	NUM058	1.0	NII	DEN054	1.0	AB	\N	\N	\N	\N	\N	\N	\N	\N	\N	\N	\N	\N	NUM032	-1.0	CF3	\N	\N	\N	\N	\N	\N	DEN028	1.0	CF1	\N	\N	\N	DEN012	0.05	CF1	\N	\N	\N	\N	\N	\N	\N	\N	\N	\N	\N	\N	\N	\N	\N	\N	\N	\N	\N	\N	\N	DEN059	1.0	B	NUM032	1.0	B-CF3	DEN037	1.0	B	NUM046	1.0	B	\N	\N	\N	NUM032	1.0	CF1	DEN037	1.0	B	\N	\N	\N	\N	\N	\N	\N	\N	\N	\N	\N	\N	\N	\N	\N	\N	\N	\N
538	2_5_2_6_1	个人协议存款_1Y		2026-08-14 15:44:10	2026-08-14 15:44:10	NUM058	-1.0	NII	\N	\N	\N	\N	\N	\N	DEN058	1.0	B	NUM085	1.0	NII	DEN055	1.0	AB	\N	\N	\N	\N	\N	\N	\N	\N	\N	\N	\N	\N	\N	\N	\N	\N	\N	\N	NUM058	-1.0	NII	\N	\N	\N	NUM058	1.0	NII	DEN054	1.0	AB	\N	\N	\N	\N	\N	\N	\N	\N	\N	\N	\N	\N	NUM032	-1.0	CF3	\N	\N	\N	\N	\N	\N	DEN028	1.0	CF1	\N	\N	\N	DEN012	0.05	CF1	\N	\N	\N	\N	\N	\N	\N	\N	\N	\N	\N	\N	\N	\N	\N	\N	\N	\N	\N	\N	\N	DEN059	1.0	B	NUM032	1.0	B-CF3	DEN037	1.0	B	NUM045	1.0	B	\N	\N	\N	NUM032	1.0	CF1	DEN037	1.0	B	\N	\N	\N	\N	\N	\N	\N	\N	\N	\N	\N	\N	\N	\N	\N	\N	\N	\N
539	2_5_2_6_2	个人协议存款_5Y		2026-08-14 15:44:10	2026-08-14 15:44:10	NUM058	-1.0	NII	\N	\N	\N	\N	\N	\N	DEN058	1.0	B	NUM085	1.0	NII	DEN055	1.0	AB	\N	\N	\N	\N	\N	\N	\N	\N	\N	\N	\N	\N	\N	\N	\N	\N	\N	\N	NUM058	-1.0	NII	\N	\N	\N	NUM058	1.0	NII	DEN054	1.0	AB	\N	\N	\N	\N	\N	\N	\N	\N	\N	\N	\N	\N	NUM032	-1.0	CF3	\N	\N	\N	\N	\N	\N	DEN028	1.0	CF1	\N	\N	\N	DEN012	0.05	CF1	\N	\N	\N	\N	\N	\N	\N	\N	\N	\N	\N	\N	\N	\N	\N	\N	\N	\N	\N	\N	\N	DEN059	1.0	B	NUM032	1.0	B-CF3	DEN037	1.0	B	NUM045	1.0	B	\N	\N	\N	NUM032	1.0	CF1	DEN037	1.0	B	\N	\N	\N	\N	\N	\N	\N	\N	\N	\N	\N	\N	\N	\N	\N	\N	\N	\N
540	2_5_2_7_1	个人定活两便_1D		2026-08-14 15:44:10	2026-08-14 15:44:10	NUM058	-1.0	NII	\N	\N	\N	\N	\N	\N	DEN058	1.0	B	NUM085	1.0	NII	DEN055	1.0	AB	\N	\N	\N	\N	\N	\N	\N	\N	\N	\N	\N	\N	\N	\N	\N	\N	\N	\N	NUM058	-1.0	NII	\N	\N	\N	NUM058	1.0	NII	DEN054	1.0	AB	\N	\N	\N	\N	\N	\N	\N	\N	\N	\N	\N	\N	NUM032	-1.0	CF3	\N	\N	\N	\N	\N	\N	DEN028	1.0	CF1	\N	\N	\N	DEN012	0.05	CF1	\N	\N	\N	\N	\N	\N	\N	\N	\N	\N	\N	\N	\N	\N	\N	\N	\N	\N	\N	\N	\N	DEN059	1.0	B	NUM032	1.0	B-CF3	DEN037	1.0	B	NUM048	1.0	B	\N	\N	\N	NUM032	1.0	CF1	DEN037	1.0	B	\N	\N	\N	\N	\N	\N	\N	\N	\N	\N	\N	\N	\N	\N	\N	\N	\N	\N
541	2_5_3_1	国库定期存款_1Y		2026-08-14 15:44:10	2026-08-14 15:44:10	NUM058	-1.0	NII	\N	\N	\N	\N	\N	\N	DEN058	1.0	B	NUM085	1.0	NII	DEN055	1.0	AB	\N	\N	\N	\N	\N	\N	\N	\N	\N	\N	\N	\N	\N	\N	\N	\N	\N	\N	NUM058	-1.0	NII	\N	\N	\N	NUM058	1.0	NII	DEN054	1.0	AB	\N	\N	\N	\N	\N	\N	\N	\N	\N	\N	\N	\N	NUM032	-1.0	CF3	\N	\N	\N	\N	\N	\N	DEN028	1.0	CF1	\N	\N	\N	\N	\N	\N	\N	\N	\N	\N	\N	\N	\N	\N	\N	\N	\N	\N	\N	\N	\N	\N	\N	\N	\N	\N	\N	DEN059	1.0	B	\N	\N	\N	DEN041	1.0	B	NUM091	1.0	B	\N	\N	\N	NUM032	1.0	CF1	DEN037	1.0	B	\N	\N	\N	\N	\N	\N	\N	\N	\N	\N	\N	\N	\N	\N	\N	\N	\N	\N
542	2_5_4_1	财政性存款_1Y		2026-08-14 15:44:10	2026-08-14 15:44:10	NUM058	-1.0	NII	\N	\N	\N	\N	\N	\N	\N	\N	\N	\N	\N	\N	\N	\N	\N	\N	\N	\N	\N	\N	\N	\N	\N	\N	\N	\N	\N	\N	\N	\N	\N	\N	\N	NUM058	-1.0	NII	\N	\N	\N	NUM058	1.0	NII	DEN054	1.0	AB	\N	\N	\N	\N	\N	\N	\N	\N	\N	\N	\N	\N	NUM036	-1.0	CF3	\N	\N	\N	\N	\N	\N	DEN031	1.0	CF1	\N	\N	\N	\N	\N	\N	\N	\N	\N	\N	\N	\N	\N	\N	\N	\N	\N	\N	\N	\N	\N	\N	\N	\N	\N	\N	\N	DEN059	1.0	B	\N	\N	\N	DEN041	-1.0	B	NUM101	1.0	B	\N	\N	\N	NUM036	1.0	CF3	DEN041	1.0	B	\N	\N	\N	\N	\N	\N	\N	\N	\N	\N	\N	\N	\N	\N	\N	\N	\N	\N
543	2_5_5_1	应解汇款机临时存款_1D		2026-08-14 15:44:10	2026-08-14 15:44:10	NUM058	-1.0	NII	\N	\N	\N	\N	\N	\N	DEN058	1.0	B	\N	\N	\N	\N	\N	\N	\N	\N	\N	\N	\N	\N	\N	\N	\N	\N	\N	\N	\N	\N	\N	\N	\N	\N	NUM058	-1.0	NII	\N	\N	\N	NUM058	1.0	NII	DEN054	1.0	AB	\N	\N	\N	\N	\N	\N	\N	\N	\N	\N	\N	\N	NUM033	-1.0	B	\N	\N	\N	\N	\N	\N	DEN023	1.0	B	\N	\N	\N	\N	\N	\N	\N	\N	\N	\N	\N	\N	\N	\N	\N	\N	\N	\N	\N	\N	\N	\N	\N	\N	\N	\N	\N	DEN059	1.0	B	\N	\N	\N	DEN038	1.0	B	NUM064	1.0	B	\N	\N	\N	NUM033	1.0	CF3	DEN038	1.0	B	\N	\N	\N	\N	\N	\N	\N	\N	\N	\N	\N	\N	\N	\N	\N	\N	\N	\N
544	2_5_5_2	开出银行汇票_1D		2026-08-14 15:44:10	2026-08-14 15:44:10	NUM058	-1.0	NII	\N	\N	\N	\N	\N	\N	DEN058	1.0	B	\N	\N	\N	\N	\N	\N	\N	\N	\N	\N	\N	\N	\N	\N	\N	\N	\N	\N	\N	\N	\N	\N	\N	\N	NUM058	-1.0	NII	\N	\N	\N	NUM058	1.0	NII	DEN054	1.0	AB	\N	\N	\N	\N	\N	\N	\N	\N	\N	\N	\N	\N	NUM033	-1.0	B	\N	\N	\N	\N	\N	\N	DEN023	1.0	B	\N	\N	\N	DEN022	0.025	B	\N	\N	\N	\N	\N	\N	\N	\N	\N	\N	\N	\N	\N	\N	\N	\N	\N	\N	\N	\N	\N	DEN059	1.0	B	\N	\N	\N	DEN038	1.0	B	NUM064	1.0	B	\N	\N	\N	NUM033	1.0	CF3	DEN038	1.0	B	\N	\N	\N	\N	\N	\N	\N	\N	\N	\N	\N	\N	\N	\N	\N	\N	\N	\N
545	2_5_5_3	开出银行本票_1D		2026-08-14 15:44:10	2026-08-14 15:44:10	NUM058	-1.0	NII	\N	\N	\N	\N	\N	\N	\N	\N	\N	\N	\N	\N	\N	\N	\N	\N	\N	\N	\N	\N	\N	\N	\N	\N	\N	\N	\N	\N	\N	\N	\N	\N	\N	NUM058	-1.0	NII	\N	\N	\N	NUM058	1.0	NII	DEN054	1.0	AB	\N	\N	\N	\N	\N	\N	\N	\N	\N	\N	\N	\N	\N	\N	\N	\N	\N	\N	\N	\N	\N	\N	\N	\N	\N	\N	\N	DEN022	0.025	B	\N	\N	\N	\N	\N	\N	\N	\N	\N	\N	\N	\N	\N	\N	\N	\N	\N	\N	\N	\N	\N	DEN059	1.0	B	\N	\N	\N	DEN038	1.0	B	NUM064	1.0	B	\N	\N	\N	\N	1.0	CF3	\N	\N	\N	\N	\N	\N	\N	\N	\N	\N	\N	\N	\N	\N	\N	\N	\N	\N	\N	\N	\N
546	2_5_5_4	转股协议存款_1D		2026-08-14 15:44:10	2026-08-14 15:44:10	NUM058	-1.0	NII	\N	\N	\N	\N	\N	\N	DEN058	1.0	B	\N	\N	\N	\N	\N	\N	\N	\N	\N	\N	\N	\N	\N	\N	\N	\N	\N	\N	\N	\N	\N	\N	\N	\N	NUM058	-1.0	NII	\N	\N	\N	NUM058	1.0	NII	DEN054	1.0	AB	\N	\N	\N	\N	\N	\N	\N	\N	\N	\N	\N	\N	NUM032	-1.0	CF3	\N	\N	\N	\N	\N	\N	\N	\N	\N	\N	\N	\N	DEN022	0.025	B	\N	\N	\N	\N	\N	\N	\N	\N	\N	\N	\N	\N	\N	\N	\N	\N	\N	\N	\N	\N	\N	DEN059	1.0	B	\N	\N	\N	DEN038	1.0	B	NUM064	1.0	B	\N	\N	\N	NUM032	1.0	CF1	DEN037	1.0	B	\N	\N	\N	\N	\N	\N	\N	\N	\N	\N	\N	\N	\N	\N	\N	\N	\N	\N
547	2_6_1	代理类负债_1Y		2026-08-14 15:44:10	2026-08-14 15:44:10	NUM058	-1.0	NII	\N	\N	\N	\N	\N	\N	\N	\N	\N	\N	\N	\N	\N	\N	\N	\N	\N	\N	\N	\N	\N	\N	\N	\N	\N	\N	\N	\N	\N	\N	\N	\N	\N	NUM058	-1.0	NII	\N	\N	\N	NUM058	1.0	NII	DEN054	1.0	AB	\N	\N	\N	\N	\N	\N	\N	\N	\N	\N	\N	\N	NUM036	-1.0	B	\N	\N	\N	\N	\N	\N	\N	\N	\N	\N	\N	\N	DEN022	0.025	B	\N	\N	\N	\N	\N	\N	\N	\N	\N	\N	\N	\N	\N	\N	\N	\N	\N	\N	\N	\N	\N	DEN059	1.0	B	\N	\N	\N	DEN041	1.0	B	NUM067	1.0	B	\N	\N	\N	NUM036	1.0	CF3	DEN041	1.0	B	\N	\N	\N	\N	\N	\N	\N	\N	\N	\N	\N	\N	\N	\N	\N	\N	\N	\N
548	2_6_2	转贴现负债_3M		2026-08-14 15:44:10	2026-08-14 15:44:10	NUM058	-1.0	NII	\N	\N	\N	\N	\N	\N	\N	\N	\N	\N	\N	\N	\N	\N	\N	\N	\N	\N	\N	\N	\N	\N	\N	\N	\N	\N	\N	\N	\N	\N	\N	\N	\N	NUM058	-1.0	NII	\N	\N	\N	NUM058	1.0	NII	DEN054	1.0	AB	\N	\N	\N	\N	\N	\N	\N	\N	\N	\N	\N	\N	NUM036	-1.0	B	\N	\N	\N	\N	\N	\N	DEN031	1.0	CF1	\N	\N	\N	\N	\N	\N	NUM026	1.0	CF1-6	\N	\N	\N	NUM026	1.0	CF7-12	\N	\N	\N	NUM026	1.0	CF12+	\N	\N	\N	\N	\N	\N	DEN059	1.0	B	\N	\N	\N	DEN041	1.0	B	NUM067	1.0	B	\N	\N	\N	NUM036	1.0	CF3	DEN041	1.0	B	\N	\N	\N	\N	\N	\N	\N	\N	\N	\N	\N	\N	\N	\N	\N	\N	\N	\N
549	2_6_3	其他负债_30Y		2026-08-14 15:44:10	2026-08-14 15:44:10	\N	\N	\N	\N	\N	\N	\N	\N	\N	\N	\N	\N	\N	\N	\N	\N	\N	\N	\N	\N	\N	\N	\N	\N	\N	\N	\N	\N	\N	\N	\N	\N	\N	\N	\N	\N	\N	\N	\N	\N	\N	\N	\N	\N	\N	\N	\N	\N	\N	\N	\N	\N	\N	\N	\N	\N	\N	\N	\N	\N	\N	\N	\N	\N	\N	\N	\N	\N	\N	DEN031	1.0	CF1	\N	\N	\N	\N	\N	\N	NUM026	1.0	CF1-6	\N	\N	\N	NUM026	1.0	CF7-12	\N	\N	\N	NUM026	1.0	CF12+	\N	\N	\N	\N	\N	\N	DEN059	1.0	B	\N	\N	\N	DEN041	1.0	B	NUM067	1.0	B	\N	\N	\N	\N	\N	\N	\N	\N	\N	\N	\N	\N	\N	\N	\N	\N	\N	\N	\N	\N	\N	\N	\N	\N	\N	\N	\N
550	3_1_1	所有者权益_10Y		2026-08-14 15:44:10	2026-08-14 15:44:10	\N	\N	\N	\N	\N	\N	\N	\N	\N	\N	\N	\N	\N	\N	\N	\N	\N	\N	\N	\N	\N	\N	\N	\N	\N	\N	\N	\N	\N	\N	\N	\N	\N	\N	\N	\N	\N	\N	\N	\N	\N	\N	\N	\N	\N	\N	\N	\N	\N	\N	\N	\N	\N	\N	\N	\N	\N	\N	\N	\N	\N	\N	\N	\N	\N	\N	\N	\N	\N	\N	\N	\N	\N	\N	\N	\N	\N	\N	\N	\N	\N	\N	\N	\N	\N	\N	\N	\N	\N	\N	\N	\N	\N	\N	\N	\N	\N	\N	\N	\N	\N	\N	\N	\N	\N	\N	\N	\N	NUM093	1.0	B	\N	\N	\N	\N	\N	\N	\N	\N	\N	\N	\N	\N	\N	\N	\N	\N	\N	\N	\N	\N	\N	\N	\N	\N	\N	\N	\N
