id	uuid	coa_cd	coa_name	strategy_M1	strategy_M2	strategy_M3	strategy_M4	strategy_M5	strategy_M6	strategy_M7	strategy_M8	strategy_M9	strategy_M10	strategy_M11	strategy_M12	strategy_M13	strategy_M14	strategy_M15	strategy_M16	strategy_M17	strategy_M18	strategy_M19	strategy_M20	strategy_M21	strategy_M22	strategy_M23	strategy_M24	remark	created_at	updated_at
1	dd77d08954e344a4b3d431f954648788	1_1	现金及存放央行	0.014528	0.014528	0.014528	0.0	0.0	0.0	0.0	0.0	0.0	0.0	0.0	0.0	0.0	0.0	0.0	0.0	0.0	0.0	0.0	0.0	0.0	0.0	0.0	0.015789	源: custom | 	2026-08-16 13:27:47	2026-08-16 13:27:47
2	be884147c0374a46b79a4234276bbb68	1_1_1	现金_1D	0.0	0.0	0.0	0.0	0.0	0.0	0.0	0.0	0.0	0.0	0.0	0.0	0.0	0.0	0.0	0.0	0.0	0.0	0.0	0.0	0.0	0.0	0.0	0.0	源: line | 	2026-08-16 13:27:47	2026-08-16 13:27:47
3	1d6e4b3e43484d08a3428903141864c4	1_1_2	存放央行法定准备金_30Y	2.2e-05	2.2e-05	2.2e-05	0.0	0.0	0.0	0.0	0.0	0.0	0.0	0.0	0.0	0.0	0.0	0.0	0.0	0.0	0.0	0.0	0.0	0.0	0.0	0.0	0.016425	源: line | 	2026-08-16 13:27:47	2026-08-16 13:27:47
4	60f26b3ea10e42a59d00e1d89de3b0b9	1_1_3	存放央行超额准备金_1D	0.136484	0.136484	0.136484	0.0	0.0	0.0	0.0	0.0	0.0	0.0	0.0	0.0	0.0	0.0	0.0	0.0	0.0	0.0	0.0	0.0	0.0	0.0	0.0	0.016425	源: line | 	2026-08-16 13:27:47	2026-08-16 13:27:47
5	17ff913796e44d14913dfdaba1490e5d	1_1_4	存放央行其他款项_30Y	0.0	0.0	0.0	0.0	0.0	0.0	0.0	0.0	0.0	0.0	0.0	0.0	0.0	0.0	0.0	0.0	0.0	0.0	0.0	0.0	0.0	0.0	0.0	0.0	源: line | 	2026-08-16 13:27:47	2026-08-16 13:27:47
6	546675a22e8746ab8ffab3985030d32f	1_2	同业资产	0.018517	0.018517	0.018517	0.0	0.0	0.0	0.0	0.0	0.0	0.0	0.0	0.0	0.0	0.0	0.0	0.0	0.0	0.0	0.0	0.0	0.0	0.0	0.0	0.022151	源: custom | 	2026-08-16 13:27:47	2026-08-16 13:27:47
7	bf032d2f6f0a446b84019e7512265d98	1_2_1	存放同业款项	0.014505	0.014505	0.014505	0.0	0.0	0.0	0.0	0.0	0.0	0.0	0.0	0.0	0.0	0.0	0.0	0.0	0.0	0.0	0.0	0.0	0.0	0.0	0.0	0.022954	源: line | 	2026-08-16 13:27:47	2026-08-16 13:27:47
8	2fab17571ac5462990e3dffdb3595bca	1_2_1_1	存放同业款项_金融市场部	0.013068	0.013068	0.013068	0.0	0.0	0.0	0.0	0.0	0.0	0.0	0.0	0.0	0.0	0.0	0.0	0.0	0.0	0.0	0.0	0.0	0.0	0.0	0.0	0.0	源: line | 	2026-08-16 13:27:47	2026-08-16 13:27:47
9	c6ca7ab2b1b0433986c44a2dbf37517a	1_2_1_1_1	存放同业活期款项_金融市场部_1D	0.013068	0.013068	0.013068	0.0	0.0	0.0	0.0	0.0	0.0	0.0	0.0	0.0	0.0	0.0	0.0	0.0	0.0	0.0	0.0	0.0	0.0	0.0	0.0	0.006756	源: line | 	2026-08-16 13:27:47	2026-08-16 13:27:47
10	6a0acaf861284401ac6ac485f783488e	1_2_1_1_2	存放同业定期款项_金融市场部_1M	0.0	0.0	0.0	0.0	0.0	0.0	0.0	0.0	0.0	0.0	0.0	0.0	0.0	0.0	0.0	0.0	0.0	0.0	0.0	0.0	0.0	0.0	0.0	0.046482	源: line | 	2026-08-16 13:27:47	2026-08-16 13:27:47
11	d8fc8322233942e2969cd955f04474ee	1_2_1_1_3	存放同业定期款项_金融市场部_3M	0.0	0.0	0.0	0.0	0.0	0.0	0.0	0.0	0.0	0.0	0.0	0.0	0.0	0.0	0.0	0.0	0.0	0.0	0.0	0.0	0.0	0.0	0.0	0.046482	源: line | 	2026-08-16 13:27:47	2026-08-16 13:27:47
12	cdad6f2c05434c908285194391d3ea1e	1_2_1_1_4	存放同业定期款项_金融市场部_6M	0.0	0.0	0.0	0.0	0.0	0.0	0.0	0.0	0.0	0.0	0.0	0.0	0.0	0.0	0.0	0.0	0.0	0.0	0.0	0.0	0.0	0.0	0.0	0.046482	源: line | 	2026-08-16 13:27:47	2026-08-16 13:27:47
13	e83f3aed54a3410d86bd06ad198ea4e0	1_2_1_1_5	存放同业定期款项_金融市场部_1Y	0.0	0.0	0.0	0.0	0.0	0.0	0.0	0.0	0.0	0.0	0.0	0.0	0.0	0.0	0.0	0.0	0.0	0.0	0.0	0.0	0.0	0.0	0.0	0.046482	源: line | 	2026-08-16 13:27:47	2026-08-16 13:27:47
14	6037763279014d94b7f3dc4febc49925	1_2_1_2	存放同业款项_公司金融部	0.016027	0.016027	0.016027	0.0	0.0	0.0	0.0	0.0	0.0	0.0	0.0	0.0	0.0	0.0	0.0	0.0	0.0	0.0	0.0	0.0	0.0	0.0	0.0	0.0	源: line | 	2026-08-16 13:27:47	2026-08-16 13:27:47
15	fbeb8a3b13014b5198b95c78c96965dc	1_2_1_2_1	存放同业活期款项_公司金融部_1D	0.016027	0.016027	0.016027	0.0	0.0	0.0	0.0	0.0	0.0	0.0	0.0	0.0	0.0	0.0	0.0	0.0	0.0	0.0	0.0	0.0	0.0	0.0	0.0	0.006756	源: line | 	2026-08-16 13:27:47	2026-08-16 13:27:47
16	b09d7b0d36e84c89aa20f5c1f34be619	1_2_1_2_2	存放同业定期款项_公司金融部_1M	0.0	0.0	0.0	0.0	0.0	0.0	0.0	0.0	0.0	0.0	0.0	0.0	0.0	0.0	0.0	0.0	0.0	0.0	0.0	0.0	0.0	0.0	0.0	0.046482	源: line | 	2026-08-16 13:27:47	2026-08-16 13:27:47
17	0d110cbbd6d7447a96170bfcbcf90d9a	1_2_1_2_3	存放同业定期款项_公司金融部_3M	0.0	0.0	0.0	0.0	0.0	0.0	0.0	0.0	0.0	0.0	0.0	0.0	0.0	0.0	0.0	0.0	0.0	0.0	0.0	0.0	0.0	0.0	0.0	0.046482	源: line | 	2026-08-16 13:27:47	2026-08-16 13:27:47
18	3cda782835c04a4e81636ae616f85bdc	1_2_1_2_4	存放同业定期款项_公司金融部_6M	0.0	0.0	0.0	0.0	0.0	0.0	0.0	0.0	0.0	0.0	0.0	0.0	0.0	0.0	0.0	0.0	0.0	0.0	0.0	0.0	0.0	0.0	0.0	0.046482	源: line | 	2026-08-16 13:27:47	2026-08-16 13:27:47
19	daaffbd835064eae81cba0df150c58b6	1_2_1_2_5	存放同业定期款项_公司金融部_1Y	0.0	0.0	0.0	0.0	0.0	0.0	0.0	0.0	0.0	0.0	0.0	0.0	0.0	0.0	0.0	0.0	0.0	0.0	0.0	0.0	0.0	0.0	0.0	0.046482	源: line | 	2026-08-16 13:27:47	2026-08-16 13:27:47
20	48d3fab5dc84479c85741c1297c576bc	1_2_2	拆放同业款项	0.036557	0.036557	0.036557	0.0	0.0	0.0	0.0	0.0	0.0	0.0	0.0	0.0	0.0	0.0	0.0	0.0	0.0	0.0	0.0	0.0	0.0	0.0	0.0	0.062763	源: line | 	2026-08-16 13:27:47	2026-08-16 13:27:47
21	d50a8d4d71414f779072654b5af52d40	1_2_2_1	拆放同业款项_1D	0.0	0.0	0.0	0.0	0.0	0.0	0.0	0.0	0.0	0.0	0.0	0.0	0.0	0.0	0.0	0.0	0.0	0.0	0.0	0.0	0.0	0.0	0.0	0.0	源: line | 	2026-08-16 13:27:47	2026-08-16 13:27:47
22	7e0d9df73b1e4383a7dbd9d535457038	1_2_2_2	拆放同业款项_1M	0.009125	0.009125	0.009125	0.0	0.0	0.0	0.0	0.0	0.0	0.0	0.0	0.0	0.0	0.0	0.0	0.0	0.0	0.0	0.0	0.0	0.0	0.0	0.0	0.0	源: line | 	2026-08-16 13:27:47	2026-08-16 13:27:47
23	7dee1561e9c943cc8b82769bdf4583a3	1_2_2_3	拆放同业款项_3M	0.027561	0.027561	0.027561	0.0	0.0	0.0	0.0	0.0	0.0	0.0	0.0	0.0	0.0	0.0	0.0	0.0	0.0	0.0	0.0	0.0	0.0	0.0	0.0	0.054579	源: line | 	2026-08-16 13:27:47	2026-08-16 13:27:47
24	ccf6685d97854b2f84023f751f80db75	1_2_2_4	拆放同业款项_6M	0.0	0.0	0.0	0.0	0.0	0.0	0.0	0.0	0.0	0.0	0.0	0.0	0.0	0.0	0.0	0.0	0.0	0.0	0.0	0.0	0.0	0.0	0.0	0.0	源: line | 	2026-08-16 13:27:47	2026-08-16 13:27:47
25	64c3fba5e68c4133a9b63df204062b05	1_2_2_5	拆放同业款项_1Y	0.055764	0.055764	0.055764	0.0	0.0	0.0	0.0	0.0	0.0	0.0	0.0	0.0	0.0	0.0	0.0	0.0	0.0	0.0	0.0	0.0	0.0	0.0	0.0	0.063563	源: line | 	2026-08-16 13:27:47	2026-08-16 13:27:47
26	de48b3de99334159b2adeeb369e25dc9	1_2_3	买入返售	0.035979	0.035979	0.035979	0.0	0.0	0.0	0.0	0.0	0.0	0.0	0.0	0.0	0.0	0.0	0.0	0.0	0.0	0.0	0.0	0.0	0.0	0.0	0.0	0.03735	源: line | 	2026-08-16 13:27:47	2026-08-16 13:27:47
27	490d75bd733c41fbb1b942245d2f6257	1_2_3_1	买入返售债券	0.032045	0.032045	0.032045	0.0	0.0	0.0	0.0	0.0	0.0	0.0	0.0	0.0	0.0	0.0	0.0	0.0	0.0	0.0	0.0	0.0	0.0	0.0	0.0	0.0182	源: line | 	2026-08-16 13:27:47	2026-08-16 13:27:47
28	cf3ed98cbd3a47379f1e82509b046aae	1_2_3_1_1	买入返售债券_买断式_1D	0.01466	0.01466	0.01466	0.0	0.0	0.0	0.0	0.0	0.0	0.0	0.0	0.0	0.0	0.0	0.0	0.0	0.0	0.0	0.0	0.0	0.0	0.0	0.0	0.0	源: line | 	2026-08-16 13:27:47	2026-08-16 13:27:47
29	4f38b26984354edbb0c0dcc9d021736c	1_2_3_1_2	买入返售债券_买断式_7D	0.032652	0.032652	0.032652	0.0	0.0	0.0	0.0	0.0	0.0	0.0	0.0	0.0	0.0	0.0	0.0	0.0	0.0	0.0	0.0	0.0	0.0	0.0	0.0	0.0182	源: line | 	2026-08-16 13:27:47	2026-08-16 13:27:47
30	9a8d035254df41c499be348c93559399	1_2_3_1_3	买入返售债券_质押式_1D	0.0	0.0	0.0	0.0	0.0	0.0	0.0	0.0	0.0	0.0	0.0	0.0	0.0	0.0	0.0	0.0	0.0	0.0	0.0	0.0	0.0	0.0	0.0	0.0	源: line | 	2026-08-16 13:27:47	2026-08-16 13:27:47
31	adc5d52d97ba4150aab9bcad9f1263b8	1_2_3_1_4	买入返售债券_质押式_7D	0.0	0.0	0.0	0.0	0.0	0.0	0.0	0.0	0.0	0.0	0.0	0.0	0.0	0.0	0.0	0.0	0.0	0.0	0.0	0.0	0.0	0.0	0.0	0.0	源: line | 	2026-08-16 13:27:47	2026-08-16 13:27:47
32	9687bc3ba6fb465b89251ff299b76d33	1_2_3_2	买入返售票据	0.037846	0.037846	0.037846	0.0	0.0	0.0	0.0	0.0	0.0	0.0	0.0	0.0	0.0	0.0	0.0	0.0	0.0	0.0	0.0	0.0	0.0	0.0	0.0	0.037437	源: line | 	2026-08-16 13:27:47	2026-08-16 13:27:47
33	da8fbc5f5a8c42159d2d1cc482b76290	1_2_3_2_1	买入返售票据_买断式_1D	0.0	0.0	0.0	0.0	0.0	0.0	0.0	0.0	0.0	0.0	0.0	0.0	0.0	0.0	0.0	0.0	0.0	0.0	0.0	0.0	0.0	0.0	0.0	0.0	源: line | 	2026-08-16 13:27:47	2026-08-16 13:27:47
34	69d70c78573a47b4bf14905f8d09abdd	1_2_3_2_2	买入返售票据_买断式_7D	0.037846	0.037846	0.037846	0.0	0.0	0.0	0.0	0.0	0.0	0.0	0.0	0.0	0.0	0.0	0.0	0.0	0.0	0.0	0.0	0.0	0.0	0.0	0.0	0.037437	源: line | 	2026-08-16 13:27:47	2026-08-16 13:27:47
35	e00fb15b27ca46cea1dabb322dc68bcd	1_2_3_2_3	买入返售票据_质押式_1D	0.0	0.0	0.0	0.0	0.0	0.0	0.0	0.0	0.0	0.0	0.0	0.0	0.0	0.0	0.0	0.0	0.0	0.0	0.0	0.0	0.0	0.0	0.0	0.0	源: line | 	2026-08-16 13:27:47	2026-08-16 13:27:47
36	f78d7faa7e394a5abe39de591d1f61ae	1_2_3_2_4	买入返售票据_质押式_7D	0.0	0.0	0.0	0.0	0.0	0.0	0.0	0.0	0.0	0.0	0.0	0.0	0.0	0.0	0.0	0.0	0.0	0.0	0.0	0.0	0.0	0.0	0.0	0.0	源: line | 	2026-08-16 13:27:47	2026-08-16 13:27:47
37	bdc49b00f787441aad708ecda6fd3d80	1_3	各项投资	0.023487	0.023487	0.023487	0.0	0.0	0.0	0.0	0.0	0.0	0.0	0.0	0.0	0.0	0.0	0.0	0.0	0.0	0.0	0.0	0.0	0.0	0.0	0.0	0.048792	源: custom | 	2026-08-16 13:27:47	2026-08-16 13:27:47
38	698d8f2b8eb14b9381e4c183e36ff65d	1_3_1	金融市场部投资	0.029248	0.029248	0.029248	0.0	0.0	0.0	0.0	0.0	0.0	0.0	0.0	0.0	0.0	0.0	0.0	0.0	0.0	0.0	0.0	0.0	0.0	0.0	0.0	0.029449	源: line | 	2026-08-16 13:27:47	2026-08-16 13:27:47
39	0de56c495d744d7a9fbe24b044c9597c	1_3_1_1	金融市场部_交易性金融资产	0.029234	0.029234	0.029234	0.0	0.0	0.0	0.0	0.0	0.0	0.0	0.0	0.0	0.0	0.0	0.0	0.0	0.0	0.0	0.0	0.0	0.0	0.0	0.0	0.029449	源: line | 	2026-08-16 13:27:47	2026-08-16 13:27:47
40	c2bad1fa61da4918a800f8a68bddbde9	1_3_1_1_1	金融市场部_交易性国债投资	0.024373	0.024373	0.024373	0.0	0.0	0.0	0.0	0.0	0.0	0.0	0.0	0.0	0.0	0.0	0.0	0.0	0.0	0.0	0.0	0.0	0.0	0.0	0.0	0.029449	源: line | 	2026-08-16 13:27:47	2026-08-16 13:27:47
41	8e1a182820894cc9a7faa2919b9eee40	1_3_1_1_1_1	金融市场部_交易性国债投资_司库	0.0	0.0	0.0	0.0	0.0	0.0	0.0	0.0	0.0	0.0	0.0	0.0	0.0	0.0	0.0	0.0	0.0	0.0	0.0	0.0	0.0	0.0	0.0	0.029449	源: line | 	2026-08-16 13:27:47	2026-08-16 13:27:47
42	06aa061a604645e29f7feb6ad5d869f9	1_3_1_1_1_1_1	金融市场部_交易性国债投资_司库_1Y	0.0	0.0	0.0	0.0	0.0	0.0	0.0	0.0	0.0	0.0	0.0	0.0	0.0	0.0	0.0	0.0	0.0	0.0	0.0	0.0	0.0	0.0	0.0	0.029449	源: line | 	2026-08-16 13:27:47	2026-08-16 13:27:47
43	25aaacd73bee46eb967eb9355dd596f9	1_3_1_1_1_1_2	金融市场部_交易性国债投资_司库_3Y	0.0	0.0	0.0	0.0	0.0	0.0	0.0	0.0	0.0	0.0	0.0	0.0	0.0	0.0	0.0	0.0	0.0	0.0	0.0	0.0	0.0	0.0	0.0	0.029449	源: line | 	2026-08-16 13:27:47	2026-08-16 13:27:47
44	18841d476cce4536808f40c40a1f7922	1_3_1_1_1_1_3	金融市场部_交易性国债投资_司库_5Y	0.0	0.0	0.0	0.0	0.0	0.0	0.0	0.0	0.0	0.0	0.0	0.0	0.0	0.0	0.0	0.0	0.0	0.0	0.0	0.0	0.0	0.0	0.0	0.029449	源: line | 	2026-08-16 13:27:47	2026-08-16 13:27:47
45	e3ca904f168c4383acb442fe6db36184	1_3_1_1_1_1_4	金融市场部_交易性国债投资_司库_10Y	0.0	0.0	0.0	0.0	0.0	0.0	0.0	0.0	0.0	0.0	0.0	0.0	0.0	0.0	0.0	0.0	0.0	0.0	0.0	0.0	0.0	0.0	0.0	0.029449	源: line | 	2026-08-16 13:27:47	2026-08-16 13:27:47
46	6e8f21af2a2147e9911515643a792466	1_3_1_1_1_2	金融市场部_交易性国债投资_非司库	0.024373	0.024373	0.024373	0.0	0.0	0.0	0.0	0.0	0.0	0.0	0.0	0.0	0.0	0.0	0.0	0.0	0.0	0.0	0.0	0.0	0.0	0.0	0.0	0.029449	源: line | 	2026-08-16 13:27:47	2026-08-16 13:27:47
47	db3f00dd1c074bf79fd0c9a8879a19a7	1_3_1_1_1_2_1	金融市场部_交易性国债投资_非司库_交易账户	0.024373	0.024373	0.024373	0.0	0.0	0.0	0.0	0.0	0.0	0.0	0.0	0.0	0.0	0.0	0.0	0.0	0.0	0.0	0.0	0.0	0.0	0.0	0.0	0.029449	源: line | 	2026-08-16 13:27:47	2026-08-16 13:27:47
48	87707ba7c6bf48d989eba1dd6220c7dd	1_3_1_1_1_2_1_1	金融市场部_交易性国债投资_非司库_交易账户_1Y	0.0	0.0	0.0	0.0	0.0	0.0	0.0	0.0	0.0	0.0	0.0	0.0	0.0	0.0	0.0	0.0	0.0	0.0	0.0	0.0	0.0	0.0	0.0	0.029449	源: line | 	2026-08-16 13:27:47	2026-08-16 13:27:47
49	d3bde05053f44ba39357287297c86bd0	1_3_1_1_1_2_1_2	金融市场部_交易性国债投资_非司库_交易账户_3Y	0.0	0.0	0.0	0.0	0.0	0.0	0.0	0.0	0.0	0.0	0.0	0.0	0.0	0.0	0.0	0.0	0.0	0.0	0.0	0.0	0.0	0.0	0.0	0.029449	源: line | 	2026-08-16 13:27:47	2026-08-16 13:27:47
50	e2e592ef39c04252bd7254d3adffbd79	1_3_1_1_1_2_1_3	金融市场部_交易性国债投资_非司库_交易账户_5Y	0.024373	0.024373	0.024373	0.0	0.0	0.0	0.0	0.0	0.0	0.0	0.0	0.0	0.0	0.0	0.0	0.0	0.0	0.0	0.0	0.0	0.0	0.0	0.0	0.029449	源: line | 	2026-08-16 13:27:47	2026-08-16 13:27:47
51	b1505542028c4b5dacc5b99fd11ee17f	1_3_1_1_1_2_1_4	金融市场部_交易性国债投资_非司库_交易账户_10Y	0.0	0.0	0.0	0.0	0.0	0.0	0.0	0.0	0.0	0.0	0.0	0.0	0.0	0.0	0.0	0.0	0.0	0.0	0.0	0.0	0.0	0.0	0.0	0.029449	源: line | 	2026-08-16 13:27:47	2026-08-16 13:27:47
52	7d1e811dda7b44379ca3610b61fd9049	1_3_1_1_1_2_2	金融市场部_交易性国债投资_非司库_银行账户	0.0	0.0	0.0	0.0	0.0	0.0	0.0	0.0	0.0	0.0	0.0	0.0	0.0	0.0	0.0	0.0	0.0	0.0	0.0	0.0	0.0	0.0	0.0	0.029449	源: line | 	2026-08-16 13:27:47	2026-08-16 13:27:47
53	9afecd2c85014769b7eac538f806786a	1_3_1_1_1_2_2_1	金融市场部_交易性国债投资_非司库_银行账户_1Y	0.0	0.0	0.0	0.0	0.0	0.0	0.0	0.0	0.0	0.0	0.0	0.0	0.0	0.0	0.0	0.0	0.0	0.0	0.0	0.0	0.0	0.0	0.0	0.029449	源: line | 	2026-08-16 13:27:47	2026-08-16 13:27:47
54	0407a01ccdf5440aa102bbf9ecd77621	1_3_1_1_1_2_2_2	金融市场部_交易性国债投资_非司库_银行账户_3Y	0.0	0.0	0.0	0.0	0.0	0.0	0.0	0.0	0.0	0.0	0.0	0.0	0.0	0.0	0.0	0.0	0.0	0.0	0.0	0.0	0.0	0.0	0.0	0.029449	源: line | 	2026-08-16 13:27:47	2026-08-16 13:27:47
55	56f3768ce6bf4e41bc464855b2884551	1_3_1_1_1_2_2_3	金融市场部_交易性国债投资_非司库_银行账户_5Y	0.0	0.0	0.0	0.0	0.0	0.0	0.0	0.0	0.0	0.0	0.0	0.0	0.0	0.0	0.0	0.0	0.0	0.0	0.0	0.0	0.0	0.0	0.0	0.029449	源: line | 	2026-08-16 13:27:47	2026-08-16 13:27:47
56	4c2c196532364926be5d60b50b932f02	1_3_1_1_1_2_2_4	金融市场部_交易性国债投资_非司库_银行账户_10Y	0.0	0.0	0.0	0.0	0.0	0.0	0.0	0.0	0.0	0.0	0.0	0.0	0.0	0.0	0.0	0.0	0.0	0.0	0.0	0.0	0.0	0.0	0.0	0.029449	源: line | 	2026-08-16 13:27:47	2026-08-16 13:27:47
57	9015fa5a11364a91842cd038ea0d4430	1_3_1_1_2	金融市场部_交易性央票投资	0.0	0.0	0.0	0.0	0.0	0.0	0.0	0.0	0.0	0.0	0.0	0.0	0.0	0.0	0.0	0.0	0.0	0.0	0.0	0.0	0.0	0.0	0.0	0.029449	源: line | 	2026-08-16 13:27:47	2026-08-16 13:27:47
58	f80e4b4392a74e0d874202ff04fbfff1	1_3_1_1_2_1	金融市场部_交易性央票投资_司库	0.0	0.0	0.0	0.0	0.0	0.0	0.0	0.0	0.0	0.0	0.0	0.0	0.0	0.0	0.0	0.0	0.0	0.0	0.0	0.0	0.0	0.0	0.0	0.029449	源: line | 	2026-08-16 13:27:47	2026-08-16 13:27:47
59	bc242a6b8b1a4f13b70d2c04c9166ec6	1_3_1_1_2_1_1	金融市场部_交易性央票投资_司库_1Y	0.0	0.0	0.0	0.0	0.0	0.0	0.0	0.0	0.0	0.0	0.0	0.0	0.0	0.0	0.0	0.0	0.0	0.0	0.0	0.0	0.0	0.0	0.0	0.029449	源: line | 	2026-08-16 13:27:47	2026-08-16 13:27:47
60	055095a240a748aea200248b903d89db	1_3_1_1_2_1_2	金融市场部_交易性央票投资_司库_3Y	0.0	0.0	0.0	0.0	0.0	0.0	0.0	0.0	0.0	0.0	0.0	0.0	0.0	0.0	0.0	0.0	0.0	0.0	0.0	0.0	0.0	0.0	0.0	0.029449	源: line | 	2026-08-16 13:27:47	2026-08-16 13:27:47
61	8118189955e9450d92fe339d23607b4f	1_3_1_1_2_1_3	金融市场部_交易性央票投资_司库_5Y	0.0	0.0	0.0	0.0	0.0	0.0	0.0	0.0	0.0	0.0	0.0	0.0	0.0	0.0	0.0	0.0	0.0	0.0	0.0	0.0	0.0	0.0	0.0	0.029449	源: line | 	2026-08-16 13:27:47	2026-08-16 13:27:47
62	638a36fba2fa404eb01a20467925b0c7	1_3_1_1_2_1_4	金融市场部_交易性央票投资_司库_10Y	0.0	0.0	0.0	0.0	0.0	0.0	0.0	0.0	0.0	0.0	0.0	0.0	0.0	0.0	0.0	0.0	0.0	0.0	0.0	0.0	0.0	0.0	0.0	0.029449	源: line | 	2026-08-16 13:27:47	2026-08-16 13:27:47
63	5c1d01ab0f8a4f3b86edf9a7ee027f72	1_3_1_1_2_2	金融市场部_交易性央票投资_非司库	0.0	0.0	0.0	0.0	0.0	0.0	0.0	0.0	0.0	0.0	0.0	0.0	0.0	0.0	0.0	0.0	0.0	0.0	0.0	0.0	0.0	0.0	0.0	0.029449	源: line | 	2026-08-16 13:27:47	2026-08-16 13:27:47
64	50b67ae80da94ef888d3b31b5d2cad74	1_3_1_1_2_2_1	金融市场部_交易性央票投资_非司库_交易账户	0.0	0.0	0.0	0.0	0.0	0.0	0.0	0.0	0.0	0.0	0.0	0.0	0.0	0.0	0.0	0.0	0.0	0.0	0.0	0.0	0.0	0.0	0.0	0.029449	源: line | 	2026-08-16 13:27:47	2026-08-16 13:27:47
65	5c43754303c5424192ec5651e5e5e36b	1_3_1_1_2_2_1_1	金融市场部_交易性央票投资_非司库_交易账户_1Y	0.0	0.0	0.0	0.0	0.0	0.0	0.0	0.0	0.0	0.0	0.0	0.0	0.0	0.0	0.0	0.0	0.0	0.0	0.0	0.0	0.0	0.0	0.0	0.029449	源: line | 	2026-08-16 13:27:47	2026-08-16 13:27:47
66	9329a30c9fb84f939ce74679b5411f60	1_3_1_1_2_2_1_2	金融市场部_交易性央票投资_非司库_交易账户_3Y	0.0	0.0	0.0	0.0	0.0	0.0	0.0	0.0	0.0	0.0	0.0	0.0	0.0	0.0	0.0	0.0	0.0	0.0	0.0	0.0	0.0	0.0	0.0	0.029449	源: line | 	2026-08-16 13:27:47	2026-08-16 13:27:47
67	2c380ad62df640748e2a7501260e5340	1_3_1_1_2_2_1_3	金融市场部_交易性央票投资_非司库_交易账户_5Y	0.0	0.0	0.0	0.0	0.0	0.0	0.0	0.0	0.0	0.0	0.0	0.0	0.0	0.0	0.0	0.0	0.0	0.0	0.0	0.0	0.0	0.0	0.0	0.029449	源: line | 	2026-08-16 13:27:47	2026-08-16 13:27:47
68	8dad97e2f5554e2caa05670a15fa8dee	1_3_1_1_2_2_1_4	金融市场部_交易性央票投资_非司库_交易账户_10Y	0.0	0.0	0.0	0.0	0.0	0.0	0.0	0.0	0.0	0.0	0.0	0.0	0.0	0.0	0.0	0.0	0.0	0.0	0.0	0.0	0.0	0.0	0.0	0.029449	源: line | 	2026-08-16 13:27:47	2026-08-16 13:27:47
69	80cabe7d8e454ef18798652fe36a4ead	1_3_1_1_2_2_2	金融市场部_交易性央票投资_非司库_银行账户	0.0	0.0	0.0	0.0	0.0	0.0	0.0	0.0	0.0	0.0	0.0	0.0	0.0	0.0	0.0	0.0	0.0	0.0	0.0	0.0	0.0	0.0	0.0	0.029449	源: line | 	2026-08-16 13:27:47	2026-08-16 13:27:47
70	e44502c31ebd4f2ca5828e1874ef73e7	1_3_1_1_2_2_2_1	金融市场部_交易性央票投资_非司库_银行账户_1Y	0.0	0.0	0.0	0.0	0.0	0.0	0.0	0.0	0.0	0.0	0.0	0.0	0.0	0.0	0.0	0.0	0.0	0.0	0.0	0.0	0.0	0.0	0.0	0.029449	源: line | 	2026-08-16 13:27:47	2026-08-16 13:27:47
71	50fc05bec25c424b875bf6fb6058ddda	1_3_1_1_2_2_2_2	金融市场部_交易性央票投资_非司库_银行账户_3Y	0.0	0.0	0.0	0.0	0.0	0.0	0.0	0.0	0.0	0.0	0.0	0.0	0.0	0.0	0.0	0.0	0.0	0.0	0.0	0.0	0.0	0.0	0.0	0.029449	源: line | 	2026-08-16 13:27:47	2026-08-16 13:27:47
72	e5e4e14b458047388dab9878da310cf8	1_3_1_1_2_2_2_3	金融市场部_交易性央票投资_非司库_银行账户_5Y	0.0	0.0	0.0	0.0	0.0	0.0	0.0	0.0	0.0	0.0	0.0	0.0	0.0	0.0	0.0	0.0	0.0	0.0	0.0	0.0	0.0	0.0	0.0	0.029449	源: line | 	2026-08-16 13:27:47	2026-08-16 13:27:47
73	6ce9551c183f49bd95b23c25efd9b2fb	1_3_1_1_2_2_2_4	金融市场部_交易性央票投资_非司库_银行账户_10Y	0.0	0.0	0.0	0.0	0.0	0.0	0.0	0.0	0.0	0.0	0.0	0.0	0.0	0.0	0.0	0.0	0.0	0.0	0.0	0.0	0.0	0.0	0.0	0.029449	源: line | 	2026-08-16 13:27:47	2026-08-16 13:27:47
74	76a07dd333c44fb2a352b6d73613a125	1_3_1_1_3	金融市场部_交易性地方政府债投资	0.034461	0.034461	0.034461	0.0	0.0	0.0	0.0	0.0	0.0	0.0	0.0	0.0	0.0	0.0	0.0	0.0	0.0	0.0	0.0	0.0	0.0	0.0	0.0	0.029449	源: line | 	2026-08-16 13:27:47	2026-08-16 13:27:47
75	45b0342c3a844cb28d550aad536df047	1_3_1_1_3_1	金融市场部_交易性地方政府债投资_司库	0.0	0.0	0.0	0.0	0.0	0.0	0.0	0.0	0.0	0.0	0.0	0.0	0.0	0.0	0.0	0.0	0.0	0.0	0.0	0.0	0.0	0.0	0.0	0.029449	源: line | 	2026-08-16 13:27:47	2026-08-16 13:27:47
76	63c5740233c943098387f4607e145d69	1_3_1_1_3_1_1	金融市场部_交易性地方政府债投资_司库_1Y	0.0	0.0	0.0	0.0	0.0	0.0	0.0	0.0	0.0	0.0	0.0	0.0	0.0	0.0	0.0	0.0	0.0	0.0	0.0	0.0	0.0	0.0	0.0	0.029449	源: line | 	2026-08-16 13:27:47	2026-08-16 13:27:47
77	6eaa91c0f6434750b9ab5ea5eae84040	1_3_1_1_3_1_2	金融市场部_交易性地方政府债投资_司库_3Y	0.0	0.0	0.0	0.0	0.0	0.0	0.0	0.0	0.0	0.0	0.0	0.0	0.0	0.0	0.0	0.0	0.0	0.0	0.0	0.0	0.0	0.0	0.0	0.029449	源: line | 	2026-08-16 13:27:47	2026-08-16 13:27:47
78	c9c3d591dc8a4f0ead072a21650f2a2d	1_3_1_1_3_1_3	金融市场部_交易性地方政府债投资_司库_5Y	0.0	0.0	0.0	0.0	0.0	0.0	0.0	0.0	0.0	0.0	0.0	0.0	0.0	0.0	0.0	0.0	0.0	0.0	0.0	0.0	0.0	0.0	0.0	0.029449	源: line | 	2026-08-16 13:27:47	2026-08-16 13:27:47
79	73041fd3ee41425e83a0cd7c50f95ac4	1_3_1_1_3_1_4	金融市场部_交易性地方政府债投资_司库_10Y	0.0	0.0	0.0	0.0	0.0	0.0	0.0	0.0	0.0	0.0	0.0	0.0	0.0	0.0	0.0	0.0	0.0	0.0	0.0	0.0	0.0	0.0	0.0	0.029449	源: line | 	2026-08-16 13:27:47	2026-08-16 13:27:47
80	b3f15bbdc85a4f0ba2c422e59252541b	1_3_1_1_3_2	金融市场部_交易性地方政府债投资_非司库	0.034461	0.034461	0.034461	0.0	0.0	0.0	0.0	0.0	0.0	0.0	0.0	0.0	0.0	0.0	0.0	0.0	0.0	0.0	0.0	0.0	0.0	0.0	0.0	0.029449	源: line | 	2026-08-16 13:27:47	2026-08-16 13:27:47
81	be7dee94aedc467a949c6f5415b4e174	1_3_1_1_3_2_1	金融市场部_交易性地方政府债投资_非司库_交易账户	0.034461	0.034461	0.034461	0.0	0.0	0.0	0.0	0.0	0.0	0.0	0.0	0.0	0.0	0.0	0.0	0.0	0.0	0.0	0.0	0.0	0.0	0.0	0.0	0.029449	源: line | 	2026-08-16 13:27:47	2026-08-16 13:27:47
82	a3f58f0aa6174584a443c3b9264d6e11	1_3_1_1_3_2_1_1	金融市场部_交易性地方政府债投资_非司库_交易账户_1Y	0.0	0.0	0.0	0.0	0.0	0.0	0.0	0.0	0.0	0.0	0.0	0.0	0.0	0.0	0.0	0.0	0.0	0.0	0.0	0.0	0.0	0.0	0.0	0.029449	源: line | 	2026-08-16 13:27:47	2026-08-16 13:27:47
83	d03354c4e18549f88ca72fc4dbc603a4	1_3_1_1_3_2_1_2	金融市场部_交易性地方政府债投资_非司库_交易账户_3Y	0.0	0.0	0.0	0.0	0.0	0.0	0.0	0.0	0.0	0.0	0.0	0.0	0.0	0.0	0.0	0.0	0.0	0.0	0.0	0.0	0.0	0.0	0.0	0.029449	源: line | 	2026-08-16 13:27:47	2026-08-16 13:27:47
84	45a7ad2cca0346d48e9f0e414ac8ddfd	1_3_1_1_3_2_1_3	金融市场部_交易性地方政府债投资_非司库_交易账户_5Y	0.0	0.0	0.0	0.0	0.0	0.0	0.0	0.0	0.0	0.0	0.0	0.0	0.0	0.0	0.0	0.0	0.0	0.0	0.0	0.0	0.0	0.0	0.0	0.029449	源: line | 	2026-08-16 13:27:47	2026-08-16 13:27:47
85	d93bcceaad83435fba44189f241c9920	1_3_1_1_3_2_1_4	金融市场部_交易性地方政府债投资_非司库_交易账户_10Y	0.034461	0.034461	0.034461	0.0	0.0	0.0	0.0	0.0	0.0	0.0	0.0	0.0	0.0	0.0	0.0	0.0	0.0	0.0	0.0	0.0	0.0	0.0	0.0	0.029449	源: line | 	2026-08-16 13:27:47	2026-08-16 13:27:47
86	670e65f0c16748d58ed43f83e5329d49	1_3_1_1_3_2_2	金融市场部_交易性地方政府债投资_非司库_银行账户	0.0	0.0	0.0	0.0	0.0	0.0	0.0	0.0	0.0	0.0	0.0	0.0	0.0	0.0	0.0	0.0	0.0	0.0	0.0	0.0	0.0	0.0	0.0	0.029449	源: line | 	2026-08-16 13:27:47	2026-08-16 13:27:47
87	15409a54b6d9402299c5362a522d1286	1_3_1_1_3_2_2_1	金融市场部_交易性地方政府债投资_非司库_银行账户_1Y	0.0	0.0	0.0	0.0	0.0	0.0	0.0	0.0	0.0	0.0	0.0	0.0	0.0	0.0	0.0	0.0	0.0	0.0	0.0	0.0	0.0	0.0	0.0	0.029449	源: line | 	2026-08-16 13:27:47	2026-08-16 13:27:47
88	047aa4f860364bc2ab294f56fcd7730e	1_3_1_1_3_2_2_2	金融市场部_交易性地方政府债投资_非司库_银行账户_3Y	0.0	0.0	0.0	0.0	0.0	0.0	0.0	0.0	0.0	0.0	0.0	0.0	0.0	0.0	0.0	0.0	0.0	0.0	0.0	0.0	0.0	0.0	0.0	0.029449	源: line | 	2026-08-16 13:27:47	2026-08-16 13:27:47
89	a098282349684f19b7d6fe78144e8cd3	1_3_1_1_3_2_2_3	金融市场部_交易性地方政府债投资_非司库_银行账户_5Y	0.0	0.0	0.0	0.0	0.0	0.0	0.0	0.0	0.0	0.0	0.0	0.0	0.0	0.0	0.0	0.0	0.0	0.0	0.0	0.0	0.0	0.0	0.0	0.029449	源: line | 	2026-08-16 13:27:47	2026-08-16 13:27:47
90	c01cf46b5bfc4ab4bd07be42ac9701a6	1_3_1_1_3_2_2_4	金融市场部_交易性地方政府债投资_非司库_银行账户_10Y	0.0	0.0	0.0	0.0	0.0	0.0	0.0	0.0	0.0	0.0	0.0	0.0	0.0	0.0	0.0	0.0	0.0	0.0	0.0	0.0	0.0	0.0	0.0	0.029449	源: line | 	2026-08-16 13:27:47	2026-08-16 13:27:47
91	d0f2d6075acd46dabd165d2a2f8b953b	1_3_1_1_4	金融市场部_交易性政策性金融债投资	0.029548	0.029548	0.029548	0.0	0.0	0.0	0.0	0.0	0.0	0.0	0.0	0.0	0.0	0.0	0.0	0.0	0.0	0.0	0.0	0.0	0.0	0.0	0.0	0.029449	源: line | 	2026-08-16 13:27:47	2026-08-16 13:27:47
92	c5fbfd11cc1b4a978a156dde973ddcbd	1_3_1_1_4_1	金融市场部_交易性政策性金融债投资_司库	0.0	0.0	0.0	0.0	0.0	0.0	0.0	0.0	0.0	0.0	0.0	0.0	0.0	0.0	0.0	0.0	0.0	0.0	0.0	0.0	0.0	0.0	0.0	0.029449	源: line | 	2026-08-16 13:27:47	2026-08-16 13:27:47
93	ad215398cf6a4970ba63e18173a860fb	1_3_1_1_4_1_1	金融市场部_交易性政策性金融债投资_ 司库_1Y	0.0	0.0	0.0	0.0	0.0	0.0	0.0	0.0	0.0	0.0	0.0	0.0	0.0	0.0	0.0	0.0	0.0	0.0	0.0	0.0	0.0	0.0	0.0	0.029449	源: line | 	2026-08-16 13:27:47	2026-08-16 13:27:47
94	4600cef9893d4139bd06d2703cb9a9a9	1_3_1_1_4_1_2	金融市场部_交易性政策性金融债投资_ 司库_3Y	0.0	0.0	0.0	0.0	0.0	0.0	0.0	0.0	0.0	0.0	0.0	0.0	0.0	0.0	0.0	0.0	0.0	0.0	0.0	0.0	0.0	0.0	0.0	0.029449	源: line | 	2026-08-16 13:27:47	2026-08-16 13:27:47
95	a1e71a32935f43b6ac4b2601e2df2cb9	1_3_1_1_4_1_3	金融市场部_交易性政策性金融债投资_ 司库_5Y	0.0	0.0	0.0	0.0	0.0	0.0	0.0	0.0	0.0	0.0	0.0	0.0	0.0	0.0	0.0	0.0	0.0	0.0	0.0	0.0	0.0	0.0	0.0	0.029449	源: line | 	2026-08-16 13:27:47	2026-08-16 13:27:47
96	33a4e82b784b4e64ba667cd2d8426292	1_3_1_1_4_1_4	金融市场部_交易性政策性金融债投资_ 司库_10Y	0.0	0.0	0.0	0.0	0.0	0.0	0.0	0.0	0.0	0.0	0.0	0.0	0.0	0.0	0.0	0.0	0.0	0.0	0.0	0.0	0.0	0.0	0.0	0.029449	源: line | 	2026-08-16 13:27:47	2026-08-16 13:27:47
97	69ec01f90f7c4853ae1750a0607fab3e	1_3_1_1_4_2	金融市场部_交易性政策性金融债投资_非司库	0.029548	0.029548	0.029548	0.0	0.0	0.0	0.0	0.0	0.0	0.0	0.0	0.0	0.0	0.0	0.0	0.0	0.0	0.0	0.0	0.0	0.0	0.0	0.0	0.029449	源: line | 	2026-08-16 13:27:47	2026-08-16 13:27:47
98	636eb1792f1f48cd9df83df19bb862af	1_3_1_1_4_2_1	金融市场部_交易性政策性金融债投资_非司库_交易账户	0.029548	0.029548	0.029548	0.0	0.0	0.0	0.0	0.0	0.0	0.0	0.0	0.0	0.0	0.0	0.0	0.0	0.0	0.0	0.0	0.0	0.0	0.0	0.0	0.029449	源: line | 	2026-08-16 13:27:47	2026-08-16 13:27:47
99	c33bd4d376854402b5c011bd48e5bef5	1_3_1_1_4_2_1_1	金融市场部_交易性政策性金融债投资_非司库_交易账户_1Y	0.022239	0.022239	0.022239	0.0	0.0	0.0	0.0	0.0	0.0	0.0	0.0	0.0	0.0	0.0	0.0	0.0	0.0	0.0	0.0	0.0	0.0	0.0	0.0	0.029449	源: line | 	2026-08-16 13:27:47	2026-08-16 13:27:47
100	1213267d71e44e38bf8fd75d6a2f2b23	1_3_1_1_4_2_1_2	金融市场部_交易性政策性金融债投资_非司库_交易账户_3Y	0.030357	0.030357	0.030357	0.0	0.0	0.0	0.0	0.0	0.0	0.0	0.0	0.0	0.0	0.0	0.0	0.0	0.0	0.0	0.0	0.0	0.0	0.0	0.0	0.029449	源: line | 	2026-08-16 13:27:47	2026-08-16 13:27:47
101	d0cb21af2b934622b9a84e16ccf6fdf2	1_3_1_1_4_2_1_3	金融市场部_交易性政策性金融债投资_非司库_交易账户_5Y	0.0	0.0	0.0	0.0	0.0	0.0	0.0	0.0	0.0	0.0	0.0	0.0	0.0	0.0	0.0	0.0	0.0	0.0	0.0	0.0	0.0	0.0	0.0	0.029449	源: line | 	2026-08-16 13:27:47	2026-08-16 13:27:47
102	d7074c99b6644c8b823de86bac4e17aa	1_3_1_1_4_2_1_4	金融市场部_交易性政策性金融债投资_非司库_交易账户_10Y	0.0	0.0	0.0	0.0	0.0	0.0	0.0	0.0	0.0	0.0	0.0	0.0	0.0	0.0	0.0	0.0	0.0	0.0	0.0	0.0	0.0	0.0	0.0	0.029449	源: line | 	2026-08-16 13:27:47	2026-08-16 13:27:47
103	c532349409864576a2c92e3e646c0093	1_3_1_1_4_2_2	金融市场部_交易性政策性金融债投资_非司库_银行账户	0.0	0.0	0.0	0.0	0.0	0.0	0.0	0.0	0.0	0.0	0.0	0.0	0.0	0.0	0.0	0.0	0.0	0.0	0.0	0.0	0.0	0.0	0.0	0.029449	源: line | 	2026-08-16 13:27:47	2026-08-16 13:27:47
104	2fa8579af0f2440584e60619d345058c	1_3_1_1_4_2_2_1	金融市场部_交易性政策性金融债投资_非司库_银行账户_1Y	0.0	0.0	0.0	0.0	0.0	0.0	0.0	0.0	0.0	0.0	0.0	0.0	0.0	0.0	0.0	0.0	0.0	0.0	0.0	0.0	0.0	0.0	0.0	0.029449	源: line | 	2026-08-16 13:27:47	2026-08-16 13:27:47
105	1271e4ff010e45f58d4cb0ffe89f960d	1_3_1_1_4_2_2_2	金融市场部_交易性政策性金融债投资_非司库_银行账户_3Y	0.0	0.0	0.0	0.0	0.0	0.0	0.0	0.0	0.0	0.0	0.0	0.0	0.0	0.0	0.0	0.0	0.0	0.0	0.0	0.0	0.0	0.0	0.0	0.029449	源: line | 	2026-08-16 13:27:47	2026-08-16 13:27:47
106	2cda7fe2b5ab4dd9973a5deaa7799a27	1_3_1_1_4_2_2_3	金融市场部_交易性政策性金融债投资_非司库_银行账户_5Y	0.0	0.0	0.0	0.0	0.0	0.0	0.0	0.0	0.0	0.0	0.0	0.0	0.0	0.0	0.0	0.0	0.0	0.0	0.0	0.0	0.0	0.0	0.0	0.029449	源: line | 	2026-08-16 13:27:47	2026-08-16 13:27:47
107	d83627e7db064180bec1d10c3f06d493	1_3_1_1_4_2_2_4	金融市场部_交易性政策性金融债投资_非司库_银行账户_10Y	0.0	0.0	0.0	0.0	0.0	0.0	0.0	0.0	0.0	0.0	0.0	0.0	0.0	0.0	0.0	0.0	0.0	0.0	0.0	0.0	0.0	0.0	0.0	0.029449	源: line | 	2026-08-16 13:27:47	2026-08-16 13:27:47
108	0f13def06ed5416fb93236d84a580911	1_3_1_1_5	金融市场部_交易性商业银行债投资	0.043025	0.043025	0.043025	0.0	0.0	0.0	0.0	0.0	0.0	0.0	0.0	0.0	0.0	0.0	0.0	0.0	0.0	0.0	0.0	0.0	0.0	0.0	0.0	0.029449	源: line | 	2026-08-16 13:27:47	2026-08-16 13:27:47
109	4607e77a35ab4a57b26c8f11626f1444	1_3_1_1_5_1	金融市场部_交易性商业银行债投资_司库	0.0	0.0	0.0	0.0	0.0	0.0	0.0	0.0	0.0	0.0	0.0	0.0	0.0	0.0	0.0	0.0	0.0	0.0	0.0	0.0	0.0	0.0	0.0	0.029449	源: line | 	2026-08-16 13:27:47	2026-08-16 13:27:47
110	cfa9ddb7b8eb4874bb6fb4d89fb5e372	1_3_1_1_5_1_1	金融市场部_交易性商业银行债投资_司库_1Y	0.0	0.0	0.0	0.0	0.0	0.0	0.0	0.0	0.0	0.0	0.0	0.0	0.0	0.0	0.0	0.0	0.0	0.0	0.0	0.0	0.0	0.0	0.0	0.029449	源: line | 	2026-08-16 13:27:47	2026-08-16 13:27:47
111	a41d575173034d959cb44bf1aac0b4dd	1_3_1_1_5_1_2	金融市场部_交易性商业银行债投资_司库_3Y	0.0	0.0	0.0	0.0	0.0	0.0	0.0	0.0	0.0	0.0	0.0	0.0	0.0	0.0	0.0	0.0	0.0	0.0	0.0	0.0	0.0	0.0	0.0	0.029449	源: line | 	2026-08-16 13:27:47	2026-08-16 13:27:47
112	0be5907e30c141b9b961ddf2c74e7c6c	1_3_1_1_5_1_3	金融市场部_交易性商业银行债投资_司库_5Y	0.0	0.0	0.0	0.0	0.0	0.0	0.0	0.0	0.0	0.0	0.0	0.0	0.0	0.0	0.0	0.0	0.0	0.0	0.0	0.0	0.0	0.0	0.0	0.029449	源: line | 	2026-08-16 13:27:47	2026-08-16 13:27:47
113	0d77371a1c9c4bd988cae724beebf86b	1_3_1_1_5_1_4	金融市场部_交易性商业银行债投资_司库_10Y	0.0	0.0	0.0	0.0	0.0	0.0	0.0	0.0	0.0	0.0	0.0	0.0	0.0	0.0	0.0	0.0	0.0	0.0	0.0	0.0	0.0	0.0	0.0	0.029449	源: line | 	2026-08-16 13:27:47	2026-08-16 13:27:47
114	40c958a0d35549a2808e6d2101294e79	1_3_1_1_5_2	金融市场部_交易性商业银行债投资_非司库	0.043025	0.043025	0.043025	0.0	0.0	0.0	0.0	0.0	0.0	0.0	0.0	0.0	0.0	0.0	0.0	0.0	0.0	0.0	0.0	0.0	0.0	0.0	0.0	0.029449	源: line | 	2026-08-16 13:27:47	2026-08-16 13:27:47
115	9764eaa511fc48aeaa698dc7f9779059	1_3_1_1_5_2_1	金融市场部_交易性商业银行债投资_非司库_交易账户	0.043025	0.043025	0.043025	0.0	0.0	0.0	0.0	0.0	0.0	0.0	0.0	0.0	0.0	0.0	0.0	0.0	0.0	0.0	0.0	0.0	0.0	0.0	0.0	0.029449	源: line | 	2026-08-16 13:27:47	2026-08-16 13:27:47
116	58acd4389ffa4300909de8a51093c40e	1_3_1_1_5_2_1_1	金融市场部_交易性商业银行债投资_非司库_交易账户_1Y	0.0	0.0	0.0	0.0	0.0	0.0	0.0	0.0	0.0	0.0	0.0	0.0	0.0	0.0	0.0	0.0	0.0	0.0	0.0	0.0	0.0	0.0	0.0	0.029449	源: line | 	2026-08-16 13:27:47	2026-08-16 13:27:47
117	7db6e9e85752401b96e33a080cf5a7e8	1_3_1_1_5_2_1_2	金融市场部_交易性商业银行债投资_非司库_交易账户_3Y	0.0	0.0	0.0	0.0	0.0	0.0	0.0	0.0	0.0	0.0	0.0	0.0	0.0	0.0	0.0	0.0	0.0	0.0	0.0	0.0	0.0	0.0	0.0	0.029449	源: line | 	2026-08-16 13:27:47	2026-08-16 13:27:47
118	98c16264ae564dadbfccb91c64cf2751	1_3_1_1_5_2_1_3	金融市场部_交易性商业银行债投资_非司库_交易账户_5Y	0.035563	0.035563	0.035563	0.0	0.0	0.0	0.0	0.0	0.0	0.0	0.0	0.0	0.0	0.0	0.0	0.0	0.0	0.0	0.0	0.0	0.0	0.0	0.0	0.029449	源: line | 	2026-08-16 13:27:47	2026-08-16 13:27:47
119	7dc888299b4b41778f43787ee60e426f	1_3_1_1_5_2_1_4	金融市场部_交易性商业银行债投资_非司库_交易账户_10Y	0.04432	0.04432	0.04432	0.0	0.0	0.0	0.0	0.0	0.0	0.0	0.0	0.0	0.0	0.0	0.0	0.0	0.0	0.0	0.0	0.0	0.0	0.0	0.0	0.029449	源: line | 	2026-08-16 13:27:47	2026-08-16 13:27:47
120	d835cb592c394b87a58bbc446530cc2e	1_3_1_1_5_2_2	金融市场部_交易性商业银行债投资_非司库_银行账户	0.0	0.0	0.0	0.0	0.0	0.0	0.0	0.0	0.0	0.0	0.0	0.0	0.0	0.0	0.0	0.0	0.0	0.0	0.0	0.0	0.0	0.0	0.0	0.029449	源: line | 	2026-08-16 13:27:47	2026-08-16 13:27:47
121	03cf236d881d44c18b3befc028d80daf	1_3_1_1_5_2_2_1	金融市场部_交易性商业银行债投资_非司库_银行账户_1Y	0.0	0.0	0.0	0.0	0.0	0.0	0.0	0.0	0.0	0.0	0.0	0.0	0.0	0.0	0.0	0.0	0.0	0.0	0.0	0.0	0.0	0.0	0.0	0.029449	源: line | 	2026-08-16 13:27:47	2026-08-16 13:27:47
122	7ee56f0d09d14f9f8ba4dd19e299f2ef	1_3_1_1_5_2_2_2	金融市场部_交易性商业银行债投资_非司库_银行账户_3Y	0.0	0.0	0.0	0.0	0.0	0.0	0.0	0.0	0.0	0.0	0.0	0.0	0.0	0.0	0.0	0.0	0.0	0.0	0.0	0.0	0.0	0.0	0.0	0.029449	源: line | 	2026-08-16 13:27:47	2026-08-16 13:27:47
123	93d30f5461f747c0b7ff5ec5e78b0cb6	1_3_1_1_5_2_2_3	金融市场部_交易性商业银行债投资_非司库_银行账户_5Y	0.0	0.0	0.0	0.0	0.0	0.0	0.0	0.0	0.0	0.0	0.0	0.0	0.0	0.0	0.0	0.0	0.0	0.0	0.0	0.0	0.0	0.0	0.0	0.029449	源: line | 	2026-08-16 13:27:47	2026-08-16 13:27:47
124	c1d28cad2002443a97710c7aa6161562	1_3_1_1_5_2_2_4	金融市场部_交易性商业银行债投资_非司库_银行账户_10Y	0.0	0.0	0.0	0.0	0.0	0.0	0.0	0.0	0.0	0.0	0.0	0.0	0.0	0.0	0.0	0.0	0.0	0.0	0.0	0.0	0.0	0.0	0.0	0.029449	源: line | 	2026-08-16 13:27:47	2026-08-16 13:27:47
125	10196110f0b848e0b8d5ef09248abaec	1_3_1_1_6	金融市场部_交易性金融机构债投资	0.0	0.0	0.0	0.0	0.0	0.0	0.0	0.0	0.0	0.0	0.0	0.0	0.0	0.0	0.0	0.0	0.0	0.0	0.0	0.0	0.0	0.0	0.0	0.029449	源: line | 	2026-08-16 13:27:47	2026-08-16 13:27:47
126	5489343e96424f899d869dd79412cfa0	1_3_1_1_6_1	金融市场部_交易性金融机构债投资_非司库	0.0	0.0	0.0	0.0	0.0	0.0	0.0	0.0	0.0	0.0	0.0	0.0	0.0	0.0	0.0	0.0	0.0	0.0	0.0	0.0	0.0	0.0	0.0	0.029449	源: line | 	2026-08-16 13:27:47	2026-08-16 13:27:47
127	80083ea0eecb416192593406e754fa9d	1_3_1_1_6_1_1	金融市场部_交易性金融机构债投资_非司库_交易账户	0.0	0.0	0.0	0.0	0.0	0.0	0.0	0.0	0.0	0.0	0.0	0.0	0.0	0.0	0.0	0.0	0.0	0.0	0.0	0.0	0.0	0.0	0.0	0.029449	源: line | 	2026-08-16 13:27:47	2026-08-16 13:27:47
128	0d9e1cfdbdaa46c186dde297cd2596dc	1_3_1_1_6_1_1_1	金融市场部_交易性金融机构债投资_非司库_交易账户_1Y	0.0	0.0	0.0	0.0	0.0	0.0	0.0	0.0	0.0	0.0	0.0	0.0	0.0	0.0	0.0	0.0	0.0	0.0	0.0	0.0	0.0	0.0	0.0	0.029449	源: line | 	2026-08-16 13:27:47	2026-08-16 13:27:47
129	13c0a0b8ed1b4cdf88dd46c672f2a8c2	1_3_1_1_6_1_1_2	金融市场部_交易性金融机构债投资_非司库_交易账户_3Y	0.0	0.0	0.0	0.0	0.0	0.0	0.0	0.0	0.0	0.0	0.0	0.0	0.0	0.0	0.0	0.0	0.0	0.0	0.0	0.0	0.0	0.0	0.0	0.029449	源: line | 	2026-08-16 13:27:47	2026-08-16 13:27:47
130	04a0b74c1a4a431d89bf9b2515f3e303	1_3_1_1_6_1_1_3	金融市场部_交易性金融机构债投资_非司库_交易账户_5Y	0.0	0.0	0.0	0.0	0.0	0.0	0.0	0.0	0.0	0.0	0.0	0.0	0.0	0.0	0.0	0.0	0.0	0.0	0.0	0.0	0.0	0.0	0.0	0.029449	源: line | 	2026-08-16 13:27:47	2026-08-16 13:27:47
131	cc770e41ac444e60b55997351a5d6d98	1_3_1_1_6_1_1_4	金融市场部_交易性金融机构债投资_非司库_交易账户_10Y	0.0	0.0	0.0	0.0	0.0	0.0	0.0	0.0	0.0	0.0	0.0	0.0	0.0	0.0	0.0	0.0	0.0	0.0	0.0	0.0	0.0	0.0	0.0	0.029449	源: line | 	2026-08-16 13:27:47	2026-08-16 13:27:47
132	453dc059b30d47cdb0e9b8cf675fe560	1_3_1_1_6_1_2	金融市场部_交易性金融机构债投资_非司库_银行账户	0.0	0.0	0.0	0.0	0.0	0.0	0.0	0.0	0.0	0.0	0.0	0.0	0.0	0.0	0.0	0.0	0.0	0.0	0.0	0.0	0.0	0.0	0.0	0.029449	源: line | 	2026-08-16 13:27:47	2026-08-16 13:27:47
133	22e9d818049b4bcc8ff1de8eeae672a5	1_3_1_1_6_1_2_1	金融市场部_交易性金融机构债投资_非司库_银行账户_1Y	0.0	0.0	0.0	0.0	0.0	0.0	0.0	0.0	0.0	0.0	0.0	0.0	0.0	0.0	0.0	0.0	0.0	0.0	0.0	0.0	0.0	0.0	0.0	0.029449	源: line | 	2026-08-16 13:27:47	2026-08-16 13:27:47
134	55e434ed979c4a9c8221eba24fba4886	1_3_1_1_6_1_2_2	金融市场部_交易性金融机构债投资_非司库_银行账户_3Y	0.0	0.0	0.0	0.0	0.0	0.0	0.0	0.0	0.0	0.0	0.0	0.0	0.0	0.0	0.0	0.0	0.0	0.0	0.0	0.0	0.0	0.0	0.0	0.029449	源: line | 	2026-08-16 13:27:47	2026-08-16 13:27:47
135	68f0c820dd41460c9cbc47d902ae8a64	1_3_1_1_6_1_2_3	金融市场部_交易性金融机构债投资_非司库_银行账户_5Y	0.0	0.0	0.0	0.0	0.0	0.0	0.0	0.0	0.0	0.0	0.0	0.0	0.0	0.0	0.0	0.0	0.0	0.0	0.0	0.0	0.0	0.0	0.0	0.029449	源: line | 	2026-08-16 13:27:47	2026-08-16 13:27:47
136	29399e63541340ccabd374d441c6f650	1_3_1_1_6_1_2_4	金融市场部_交易性金融机构债投资_非司库_银行账户_10Y	0.0	0.0	0.0	0.0	0.0	0.0	0.0	0.0	0.0	0.0	0.0	0.0	0.0	0.0	0.0	0.0	0.0	0.0	0.0	0.0	0.0	0.0	0.0	0.029449	源: line | 	2026-08-16 13:27:47	2026-08-16 13:27:47
137	b49fe8333590410098a43b47854813ca	1_3_1_1_7	金融市场部_交易性公司债投资	0.065416	0.065416	0.065416	0.0	0.0	0.0	0.0	0.0	0.0	0.0	0.0	0.0	0.0	0.0	0.0	0.0	0.0	0.0	0.0	0.0	0.0	0.0	0.0	0.029449	源: line | 	2026-08-16 13:27:47	2026-08-16 13:27:47
138	c4b4d5c7fa2147f2b1b6f638db0822b7	1_3_1_1_7_1	金融市场部_交易性公司债投资_非司库	0.065416	0.065416	0.065416	0.0	0.0	0.0	0.0	0.0	0.0	0.0	0.0	0.0	0.0	0.0	0.0	0.0	0.0	0.0	0.0	0.0	0.0	0.0	0.0	0.029449	源: line | 	2026-08-16 13:27:47	2026-08-16 13:27:47
139	c6c35daed645496d84aa689429c3bb5e	1_3_1_1_7_1_1	金融市场部_交易性公司债投资_非司库_交易账户	0.065416	0.065416	0.065416	0.0	0.0	0.0	0.0	0.0	0.0	0.0	0.0	0.0	0.0	0.0	0.0	0.0	0.0	0.0	0.0	0.0	0.0	0.0	0.0	0.029449	源: line | 	2026-08-16 13:27:47	2026-08-16 13:27:47
140	0bbf2f91037c4f49807907af6162307b	1_3_1_1_7_1_1_1	金融市场部_交易性公司债投资_非司库_交易账户_1Y	0.058399	0.058399	0.058399	0.0	0.0	0.0	0.0	0.0	0.0	0.0	0.0	0.0	0.0	0.0	0.0	0.0	0.0	0.0	0.0	0.0	0.0	0.0	0.0	0.029449	源: line | 	2026-08-16 13:27:47	2026-08-16 13:27:47
141	f6e339e68861462da191df117fb973c2	1_3_1_1_7_1_1_2	金融市场部_交易性公司债投资_非司库_交易账户_3Y	0.072518	0.072518	0.072518	0.0	0.0	0.0	0.0	0.0	0.0	0.0	0.0	0.0	0.0	0.0	0.0	0.0	0.0	0.0	0.0	0.0	0.0	0.0	0.0	0.029449	源: line | 	2026-08-16 13:27:47	2026-08-16 13:27:47
142	aada7d80612d45088deff08a93739bca	1_3_1_1_7_1_1_3	金融市场部_交易性公司债投资_非司库_交易账户_5Y	0.048793	0.048793	0.048793	0.0	0.0	0.0	0.0	0.0	0.0	0.0	0.0	0.0	0.0	0.0	0.0	0.0	0.0	0.0	0.0	0.0	0.0	0.0	0.0	0.029449	源: line | 	2026-08-16 13:27:47	2026-08-16 13:27:47
143	2105d46c8b6043188657f1f5c8d4bd3f	1_3_1_1_7_1_1_4	金融市场部_交易性公司债投资_非司库_交易账户_10Y	0.038918	0.038918	0.038918	0.0	0.0	0.0	0.0	0.0	0.0	0.0	0.0	0.0	0.0	0.0	0.0	0.0	0.0	0.0	0.0	0.0	0.0	0.0	0.0	0.029449	源: line | 	2026-08-16 13:27:47	2026-08-16 13:27:47
144	8d0ac451c8d841e7945106d260635bfa	1_3_1_1_7_1_2	金融市场部_交易性公司债投资_非司库_银行账户	0.0	0.0	0.0	0.0	0.0	0.0	0.0	0.0	0.0	0.0	0.0	0.0	0.0	0.0	0.0	0.0	0.0	0.0	0.0	0.0	0.0	0.0	0.0	0.029449	源: line | 	2026-08-16 13:27:47	2026-08-16 13:27:47
145	862a8b7902e24c4ca42b0b1c9996a946	1_3_1_1_7_1_2_1	金融市场部_交易性公司债投资_非司库_银行账户_1Y	0.0	0.0	0.0	0.0	0.0	0.0	0.0	0.0	0.0	0.0	0.0	0.0	0.0	0.0	0.0	0.0	0.0	0.0	0.0	0.0	0.0	0.0	0.0	0.029449	源: line | 	2026-08-16 13:27:47	2026-08-16 13:27:47
146	eb5511f1a04f40a28ea6b59d00157606	1_3_1_1_7_1_2_2	金融市场部_交易性公司债投资_非司库_银行账户_3Y	0.0	0.0	0.0	0.0	0.0	0.0	0.0	0.0	0.0	0.0	0.0	0.0	0.0	0.0	0.0	0.0	0.0	0.0	0.0	0.0	0.0	0.0	0.0	0.029449	源: line | 	2026-08-16 13:27:47	2026-08-16 13:27:47
147	ff2350ff9bf84290a01a1e89acac0bf3	1_3_1_1_7_1_2_3	金融市场部_交易性公司债投资_非司库_银行账户_5Y	0.0	0.0	0.0	0.0	0.0	0.0	0.0	0.0	0.0	0.0	0.0	0.0	0.0	0.0	0.0	0.0	0.0	0.0	0.0	0.0	0.0	0.0	0.0	0.029449	源: line | 	2026-08-16 13:27:47	2026-08-16 13:27:47
148	dc42ac9eff594020981c8f3bf8508c1a	1_3_1_1_7_1_2_4	金融市场部_交易性公司债投资_非司库_银行账户_10Y	0.0	0.0	0.0	0.0	0.0	0.0	0.0	0.0	0.0	0.0	0.0	0.0	0.0	0.0	0.0	0.0	0.0	0.0	0.0	0.0	0.0	0.0	0.0	0.029449	源: line | 	2026-08-16 13:27:47	2026-08-16 13:27:47
149	c4c8d9f9ee234491a1421553fbc74b10	1_3_1_1_8	金融市场部_交易性同业存单投资	0.029323	0.029323	0.029323	0.0	0.0	0.0	0.0	0.0	0.0	0.0	0.0	0.0	0.0	0.0	0.0	0.0	0.0	0.0	0.0	0.0	0.0	0.0	0.0	0.029449	源: line | 	2026-08-16 13:27:47	2026-08-16 13:27:47
150	173e2fa86bcb4f6497fa62cbf4bae944	1_3_1_1_8_1	金融市场部_交易性同业存单投资_非司库	0.029323	0.029323	0.029323	0.0	0.0	0.0	0.0	0.0	0.0	0.0	0.0	0.0	0.0	0.0	0.0	0.0	0.0	0.0	0.0	0.0	0.0	0.0	0.0	0.029449	源: line | 	2026-08-16 13:27:47	2026-08-16 13:27:47
151	015f1a07844d4054a758023a464a2132	1_3_1_1_8_1_1	金融市场部_交易性同业存单投资_非司库_交易账户	0.029323	0.029323	0.029323	0.0	0.0	0.0	0.0	0.0	0.0	0.0	0.0	0.0	0.0	0.0	0.0	0.0	0.0	0.0	0.0	0.0	0.0	0.0	0.0	0.029449	源: line | 	2026-08-16 13:27:47	2026-08-16 13:27:47
152	d3d72617436a4e829db692da5e0523e4	1_3_1_1_8_1_1_1	金融市场部_交易性同业存单投资_非司库_交易账户_1M	0.029323	0.029323	0.029323	0.0	0.0	0.0	0.0	0.0	0.0	0.0	0.0	0.0	0.0	0.0	0.0	0.0	0.0	0.0	0.0	0.0	0.0	0.0	0.0	0.029449	源: line | 	2026-08-16 13:27:47	2026-08-16 13:27:47
153	1494b68c3475461a836f2c47682d8378	1_3_1_1_8_1_1_2	金融市场部_交易性同业存单投资_非司库_交易账户_3M	0.0	0.0	0.0	0.0	0.0	0.0	0.0	0.0	0.0	0.0	0.0	0.0	0.0	0.0	0.0	0.0	0.0	0.0	0.0	0.0	0.0	0.0	0.0	0.029449	源: line | 	2026-08-16 13:27:47	2026-08-16 13:27:47
154	6ea4047e178d4beab47faa88edf2f323	1_3_1_1_8_1_1_3	金融市场部_交易性同业存单投资_非司库_交易账户_6M	0.0	0.0	0.0	0.0	0.0	0.0	0.0	0.0	0.0	0.0	0.0	0.0	0.0	0.0	0.0	0.0	0.0	0.0	0.0	0.0	0.0	0.0	0.0	0.029449	源: line | 	2026-08-16 13:27:47	2026-08-16 13:27:47
155	2dc12ab9373849f9a2d346b69cfa09c5	1_3_1_1_8_1_1_4	金融市场部_交易性同业存单投资_非司库_交易账户_1Y	0.0	0.0	0.0	0.0	0.0	0.0	0.0	0.0	0.0	0.0	0.0	0.0	0.0	0.0	0.0	0.0	0.0	0.0	0.0	0.0	0.0	0.0	0.0	0.029449	源: line | 	2026-08-16 13:27:47	2026-08-16 13:27:47
156	cfd7acbf83a842e79a4f5e6fac80b247	1_3_1_1_8_1_2	金融市场部_交易性同业存单投资_非司库_银行账户	0.0	0.0	0.0	0.0	0.0	0.0	0.0	0.0	0.0	0.0	0.0	0.0	0.0	0.0	0.0	0.0	0.0	0.0	0.0	0.0	0.0	0.0	0.0	0.029449	源: line | 	2026-08-16 13:27:47	2026-08-16 13:27:47
157	e62afda8ef2f4504af22c052723c88df	1_3_1_1_8_1_2_1	金融市场部_交易性同业存单投资_非司库_银行账户_1M	0.0	0.0	0.0	0.0	0.0	0.0	0.0	0.0	0.0	0.0	0.0	0.0	0.0	0.0	0.0	0.0	0.0	0.0	0.0	0.0	0.0	0.0	0.0	0.029449	源: line | 	2026-08-16 13:27:47	2026-08-16 13:27:47
158	07412038277d4414a47fa3c141c00d59	1_3_1_1_8_1_2_2	金融市场部_交易性同业存单投资_非司库_银行账户_3M	0.0	0.0	0.0	0.0	0.0	0.0	0.0	0.0	0.0	0.0	0.0	0.0	0.0	0.0	0.0	0.0	0.0	0.0	0.0	0.0	0.0	0.0	0.0	0.029449	源: line | 	2026-08-16 13:27:47	2026-08-16 13:27:47
159	ea140c04afa64003a6bd4dac4741e7fa	1_3_1_1_8_1_2_3	金融市场部_交易性同业存单投资_非司库_银行账户_6M	0.0	0.0	0.0	0.0	0.0	0.0	0.0	0.0	0.0	0.0	0.0	0.0	0.0	0.0	0.0	0.0	0.0	0.0	0.0	0.0	0.0	0.0	0.0	0.029449	源: line | 	2026-08-16 13:27:47	2026-08-16 13:27:47
160	f4bcc3d9354f47d5afd82480d391e672	1_3_1_1_8_1_2_4	金融市场部_交易性同业存单投资_非司库_银行账户_1Y	0.0	0.0	0.0	0.0	0.0	0.0	0.0	0.0	0.0	0.0	0.0	0.0	0.0	0.0	0.0	0.0	0.0	0.0	0.0	0.0	0.0	0.0	0.0	0.029449	源: line | 	2026-08-16 13:27:47	2026-08-16 13:27:47
161	acd361ce19a04917813161e31307f3e1	1_3_1_1_9	金融市场部_交易性金融资产_其他	0.027025	0.027025	0.027025	0.0	0.0	0.0	0.0	0.0	0.0	0.0	0.0	0.0	0.0	0.0	0.0	0.0	0.0	0.0	0.0	0.0	0.0	0.0	0.0	0.029449	源: line | 	2026-08-16 13:27:47	2026-08-16 13:27:47
162	589512d8b2ca43038cadb1ce21dfa527	1_3_1_1_9_1	金融市场部_交易性金融资产_其他_非司库	0.027025	0.027025	0.027025	0.0	0.0	0.0	0.0	0.0	0.0	0.0	0.0	0.0	0.0	0.0	0.0	0.0	0.0	0.0	0.0	0.0	0.0	0.0	0.0	0.029449	源: line | 	2026-08-16 13:27:47	2026-08-16 13:27:47
163	19938cde87914666828105ea1f20e1e1	1_3_1_1_9_1_1	金融市场部_交易性金融资产_其他_非司库_交易账户	0.027025	0.027025	0.027025	0.0	0.0	0.0	0.0	0.0	0.0	0.0	0.0	0.0	0.0	0.0	0.0	0.0	0.0	0.0	0.0	0.0	0.0	0.0	0.0	0.029449	源: line | 	2026-08-16 13:27:47	2026-08-16 13:27:47
164	909619d822584cafb6530ae48b3884e3	1_3_1_1_9_1_1_1	金融市场部_交易性金融资产_其他_非司库_交易账户_1Y	0.035365	0.035365	0.035365	0.0	0.0	0.0	0.0	0.0	0.0	0.0	0.0	0.0	0.0	0.0	0.0	0.0	0.0	0.0	0.0	0.0	0.0	0.0	0.0	0.029449	源: line | 	2026-08-16 13:27:47	2026-08-16 13:27:47
165	1a6b29accca74c65a5400b505dd958c9	1_3_1_1_9_1_1_2	金融市场部_交易性金融资产_其他_非司库_交易账户_3Y	0.018314	0.018314	0.018314	0.0	0.0	0.0	0.0	0.0	0.0	0.0	0.0	0.0	0.0	0.0	0.0	0.0	0.0	0.0	0.0	0.0	0.0	0.0	0.0	0.029449	源: line | 	2026-08-16 13:27:47	2026-08-16 13:27:47
166	2f78f0cb9bc2490087dd2ed11edd7a83	1_3_1_1_9_1_1_3	金融市场部_交易性金融资产_其他_非司库_交易账户_5Y	0.0	0.0	0.0	0.0	0.0	0.0	0.0	0.0	0.0	0.0	0.0	0.0	0.0	0.0	0.0	0.0	0.0	0.0	0.0	0.0	0.0	0.0	0.0	0.029449	源: line | 	2026-08-16 13:27:47	2026-08-16 13:27:47
167	0facfae11fa1429a92a02948418eb63b	1_3_1_1_9_1_2	金融市场部_交易性金融资产_其他_非司库_银行账户	0.0	0.0	0.0	0.0	0.0	0.0	0.0	0.0	0.0	0.0	0.0	0.0	0.0	0.0	0.0	0.0	0.0	0.0	0.0	0.0	0.0	0.0	0.0	0.029449	源: line | 	2026-08-16 13:27:47	2026-08-16 13:27:47
168	88231b1e96da439cbf46188688575f05	1_3_1_1_9_1_2_1	金融市场部_交易性金融资产_其他_非司库_银行账户_1Y	0.0	0.0	0.0	0.0	0.0	0.0	0.0	0.0	0.0	0.0	0.0	0.0	0.0	0.0	0.0	0.0	0.0	0.0	0.0	0.0	0.0	0.0	0.0	0.029449	源: line | 	2026-08-16 13:27:47	2026-08-16 13:27:47
169	ab31cc33ea7e48f69401cfcd346b5378	1_3_1_1_9_1_2_2	金融市场部_交易性金融资产_其他_非司库_银行账户_3Y	0.0	0.0	0.0	0.0	0.0	0.0	0.0	0.0	0.0	0.0	0.0	0.0	0.0	0.0	0.0	0.0	0.0	0.0	0.0	0.0	0.0	0.0	0.0	0.029449	源: line | 	2026-08-16 13:27:47	2026-08-16 13:27:47
170	2ba0f67f502b4eb880c66c1bab202ee9	1_3_1_1_9_1_2_3	金融市场部_交易性金融资产_其他_非司库_银行账户_5Y	0.0	0.0	0.0	0.0	0.0	0.0	0.0	0.0	0.0	0.0	0.0	0.0	0.0	0.0	0.0	0.0	0.0	0.0	0.0	0.0	0.0	0.0	0.0	0.029449	源: line | 	2026-08-16 13:27:47	2026-08-16 13:27:47
171	2f61d21fe8624dffa619b5bd193c396c	1_3_1_2	金融市场部_其他债权投资	0.025777	0.025777	0.025777	0.0	0.0	0.0	0.0	0.0	0.0	0.0	0.0	0.0	0.0	0.0	0.0	0.0	0.0	0.0	0.0	0.0	0.0	0.0	0.0	0.032233	源: line | 	2026-08-16 13:27:47	2026-08-16 13:27:47
172	0a7c018cc7cd44178d5074f5b833997f	1_3_1_2_1	金融市场部_其他债权投资_国债	0.0	0.0	0.0	0.0	0.0	0.0	0.0	0.0	0.0	0.0	0.0	0.0	0.0	0.0	0.0	0.0	0.0	0.0	0.0	0.0	0.0	0.0	0.0	0.032233	源: line | 	2026-08-16 13:27:47	2026-08-16 13:27:47
173	385dc7c4f07446afacc5d6a491527e08	1_3_1_2_1_1	金融市场部_其他债权投资_国债_司库	0.0	0.0	0.0	0.0	0.0	0.0	0.0	0.0	0.0	0.0	0.0	0.0	0.0	0.0	0.0	0.0	0.0	0.0	0.0	0.0	0.0	0.0	0.0	0.032233	源: line | 	2026-08-16 13:27:47	2026-08-16 13:27:47
174	25537573fcd842bdbe4ab4f93b42fb15	1_3_1_2_1_1_1	金融市场部_其他债权投资_国债_司库_1Y	0.0	0.0	0.0	0.0	0.0	0.0	0.0	0.0	0.0	0.0	0.0	0.0	0.0	0.0	0.0	0.0	0.0	0.0	0.0	0.0	0.0	0.0	0.0	0.032233	源: line | 	2026-08-16 13:27:47	2026-08-16 13:27:47
175	b4f849ce3f6546aab95cd28352ac27d1	1_3_1_2_1_1_2	金融市场部_其他债权投资_国债_司库_3Y	0.0	0.0	0.0	0.0	0.0	0.0	0.0	0.0	0.0	0.0	0.0	0.0	0.0	0.0	0.0	0.0	0.0	0.0	0.0	0.0	0.0	0.0	0.0	0.032233	源: line | 	2026-08-16 13:27:47	2026-08-16 13:27:47
176	9806f40185144077b105ff965f11607d	1_3_1_2_1_1_3	金融市场部_其他债权投资_国债_司库_5Y	0.0	0.0	0.0	0.0	0.0	0.0	0.0	0.0	0.0	0.0	0.0	0.0	0.0	0.0	0.0	0.0	0.0	0.0	0.0	0.0	0.0	0.0	0.0	0.032233	源: line | 	2026-08-16 13:27:47	2026-08-16 13:27:47
177	35b55b584b0e41b8bb4636ccf4c13b78	1_3_1_2_1_1_4	金融市场部_其他债权投资_国债_司库_10Y	0.0	0.0	0.0	0.0	0.0	0.0	0.0	0.0	0.0	0.0	0.0	0.0	0.0	0.0	0.0	0.0	0.0	0.0	0.0	0.0	0.0	0.0	0.0	0.032233	源: line | 	2026-08-16 13:27:47	2026-08-16 13:27:47
178	b64902e51e4d4184a04dd9e01d95b8c6	1_3_1_2_1_2	金融市场部_其他债权投资_国债_非司库	0.0	0.0	0.0	0.0	0.0	0.0	0.0	0.0	0.0	0.0	0.0	0.0	0.0	0.0	0.0	0.0	0.0	0.0	0.0	0.0	0.0	0.0	0.0	0.032233	源: line | 	2026-08-16 13:27:47	2026-08-16 13:27:47
179	e7f29bf451d34ce4a0f19664ea5eaaae	1_3_1_2_1_2_1	金融市场部_其他债权投资_国债_非司库_1Y	0.0	0.0	0.0	0.0	0.0	0.0	0.0	0.0	0.0	0.0	0.0	0.0	0.0	0.0	0.0	0.0	0.0	0.0	0.0	0.0	0.0	0.0	0.0	0.032233	源: line | 	2026-08-16 13:27:47	2026-08-16 13:27:47
180	a4af40e97df942a197244a6a6c827870	1_3_1_2_1_2_2	金融市场部_其他债权投资_国债_非司库_3Y	0.0	0.0	0.0	0.0	0.0	0.0	0.0	0.0	0.0	0.0	0.0	0.0	0.0	0.0	0.0	0.0	0.0	0.0	0.0	0.0	0.0	0.0	0.0	0.032233	源: line | 	2026-08-16 13:27:47	2026-08-16 13:27:47
181	4167c5f14f124fa39a245f05f98c88ad	1_3_1_2_1_2_3	金融市场部_其他债权投资_国债_非司库_5Y	0.0	0.0	0.0	0.0	0.0	0.0	0.0	0.0	0.0	0.0	0.0	0.0	0.0	0.0	0.0	0.0	0.0	0.0	0.0	0.0	0.0	0.0	0.0	0.032233	源: line | 	2026-08-16 13:27:47	2026-08-16 13:27:47
182	43ec2fe44a6c4c2f8fc549ecd06c9a4c	1_3_1_2_1_2_4	金融市场部_其他债权投资_国债_非司库_10Y	0.0	0.0	0.0	0.0	0.0	0.0	0.0	0.0	0.0	0.0	0.0	0.0	0.0	0.0	0.0	0.0	0.0	0.0	0.0	0.0	0.0	0.0	0.0	0.032233	源: line | 	2026-08-16 13:27:47	2026-08-16 13:27:47
183	42fe0c3931864434b0ad71e86e53c185	1_3_1_2_2	金融市场部_其他债权投资_央票	0.0	0.0	0.0	0.0	0.0	0.0	0.0	0.0	0.0	0.0	0.0	0.0	0.0	0.0	0.0	0.0	0.0	0.0	0.0	0.0	0.0	0.0	0.0	0.032233	源: line | 	2026-08-16 13:27:47	2026-08-16 13:27:47
184	0d2675dfae364556b65a50e3f58d4e1b	1_3_1_2_2_1	金融市场部_其他债权投资_央票_司库	0.0	0.0	0.0	0.0	0.0	0.0	0.0	0.0	0.0	0.0	0.0	0.0	0.0	0.0	0.0	0.0	0.0	0.0	0.0	0.0	0.0	0.0	0.0	0.032233	源: line | 	2026-08-16 13:27:47	2026-08-16 13:27:47
185	27d923c628cc4f4a8380b4d45f70e2fd	1_3_1_2_2_1_1	金融市场部_其他债权投资_央票_司库_1Y	0.0	0.0	0.0	0.0	0.0	0.0	0.0	0.0	0.0	0.0	0.0	0.0	0.0	0.0	0.0	0.0	0.0	0.0	0.0	0.0	0.0	0.0	0.0	0.032233	源: line | 	2026-08-16 13:27:47	2026-08-16 13:27:47
186	24b0a222ac7c4f519ad3a67c49e9807f	1_3_1_2_2_1_2	金融市场部_其他债权投资_央票_司库_3Y	0.0	0.0	0.0	0.0	0.0	0.0	0.0	0.0	0.0	0.0	0.0	0.0	0.0	0.0	0.0	0.0	0.0	0.0	0.0	0.0	0.0	0.0	0.0	0.032233	源: line | 	2026-08-16 13:27:47	2026-08-16 13:27:47
187	87a65cb6214245a3a4a9c8b76e7a496a	1_3_1_2_2_1_3	金融市场部_其他债权投资_央票_司库_5Y	0.0	0.0	0.0	0.0	0.0	0.0	0.0	0.0	0.0	0.0	0.0	0.0	0.0	0.0	0.0	0.0	0.0	0.0	0.0	0.0	0.0	0.0	0.0	0.032233	源: line | 	2026-08-16 13:27:47	2026-08-16 13:27:47
188	003593ec3d5b462e821d3b301f63c749	1_3_1_2_2_1_4	金融市场部_其他债权投资_央票_司库_10Y	0.0	0.0	0.0	0.0	0.0	0.0	0.0	0.0	0.0	0.0	0.0	0.0	0.0	0.0	0.0	0.0	0.0	0.0	0.0	0.0	0.0	0.0	0.0	0.032233	源: line | 	2026-08-16 13:27:47	2026-08-16 13:27:47
189	6bb716478b3144c39b83d3f51a9aa285	1_3_1_2_2_2	金融市场部_其他债权投资_央票_非司库	0.0	0.0	0.0	0.0	0.0	0.0	0.0	0.0	0.0	0.0	0.0	0.0	0.0	0.0	0.0	0.0	0.0	0.0	0.0	0.0	0.0	0.0	0.0	0.032233	源: line | 	2026-08-16 13:27:47	2026-08-16 13:27:47
190	788b6a9824b54775a736c711edff4c2e	1_3_1_2_2_2_1	金融市场部_其他债权投资_央票_非司库_1Y	0.0	0.0	0.0	0.0	0.0	0.0	0.0	0.0	0.0	0.0	0.0	0.0	0.0	0.0	0.0	0.0	0.0	0.0	0.0	0.0	0.0	0.0	0.0	0.032233	源: line | 	2026-08-16 13:27:47	2026-08-16 13:27:47
191	fb83bcecb3324a2e9da08cfd7eff51ac	1_3_1_2_2_2_2	金融市场部_其他债权投资_央票_非司库_3Y	0.0	0.0	0.0	0.0	0.0	0.0	0.0	0.0	0.0	0.0	0.0	0.0	0.0	0.0	0.0	0.0	0.0	0.0	0.0	0.0	0.0	0.0	0.0	0.032233	源: line | 	2026-08-16 13:27:47	2026-08-16 13:27:47
192	4097c8f71b3f4332bde3048eb9781286	1_3_1_2_2_2_3	金融市场部_其他债权投资_央票_非司库_5Y	0.0	0.0	0.0	0.0	0.0	0.0	0.0	0.0	0.0	0.0	0.0	0.0	0.0	0.0	0.0	0.0	0.0	0.0	0.0	0.0	0.0	0.0	0.0	0.032233	源: line | 	2026-08-16 13:27:47	2026-08-16 13:27:47
193	84e710a1bf90495c9480e78de5e7f50a	1_3_1_2_2_2_4	金融市场部_其他债权投资_央票_非司库_10Y	0.0	0.0	0.0	0.0	0.0	0.0	0.0	0.0	0.0	0.0	0.0	0.0	0.0	0.0	0.0	0.0	0.0	0.0	0.0	0.0	0.0	0.0	0.0	0.032233	源: line | 	2026-08-16 13:27:47	2026-08-16 13:27:47
194	639dd8ec53b6480e9a22110259568724	1_3_1_2_3	金融市场部_其他债权投资_地方政府债	0.0	0.0	0.0	0.0	0.0	0.0	0.0	0.0	0.0	0.0	0.0	0.0	0.0	0.0	0.0	0.0	0.0	0.0	0.0	0.0	0.0	0.0	0.0	0.032233	源: line | 	2026-08-16 13:27:47	2026-08-16 13:27:47
195	60cd6b97086f4057823b7078dc3f3c03	1_3_1_2_3_1	金融市场部_其他债权投资_地方政府债_司库	0.0	0.0	0.0	0.0	0.0	0.0	0.0	0.0	0.0	0.0	0.0	0.0	0.0	0.0	0.0	0.0	0.0	0.0	0.0	0.0	0.0	0.0	0.0	0.032233	源: line | 	2026-08-16 13:27:47	2026-08-16 13:27:47
196	d4d26d092bdf4603afc687add1e6bf1f	1_3_1_2_3_1_1	金融市场部_其他债权投资_地方政府债_司库_1Y	0.0	0.0	0.0	0.0	0.0	0.0	0.0	0.0	0.0	0.0	0.0	0.0	0.0	0.0	0.0	0.0	0.0	0.0	0.0	0.0	0.0	0.0	0.0	0.032233	源: line | 	2026-08-16 13:27:47	2026-08-16 13:27:47
197	6927d5f91e104578841d51b9359d4526	1_3_1_2_3_1_2	金融市场部_其他债权投资_地方政府债_司库_3Y	0.0	0.0	0.0	0.0	0.0	0.0	0.0	0.0	0.0	0.0	0.0	0.0	0.0	0.0	0.0	0.0	0.0	0.0	0.0	0.0	0.0	0.0	0.0	0.032233	源: line | 	2026-08-16 13:27:47	2026-08-16 13:27:47
198	9aed18596f064728bf9dcf69dfe49931	1_3_1_2_3_1_3	金融市场部_其他债权投资_地方政府债_司库_5Y	0.0	0.0	0.0	0.0	0.0	0.0	0.0	0.0	0.0	0.0	0.0	0.0	0.0	0.0	0.0	0.0	0.0	0.0	0.0	0.0	0.0	0.0	0.0	0.032233	源: line | 	2026-08-16 13:27:47	2026-08-16 13:27:47
199	bbe8d5604d864f1c88cb68ad5d2ce054	1_3_1_2_3_1_4	金融市场部_其他债权投资_地方政府债_司库_10Y	0.0	0.0	0.0	0.0	0.0	0.0	0.0	0.0	0.0	0.0	0.0	0.0	0.0	0.0	0.0	0.0	0.0	0.0	0.0	0.0	0.0	0.0	0.0	0.032233	源: line | 	2026-08-16 13:27:47	2026-08-16 13:27:47
200	fced3aa9a7834a30a26eac72ecb1c85c	1_3_1_2_3_2	金融市场部_其他债权投资_地方政府债_非司库	0.0	0.0	0.0	0.0	0.0	0.0	0.0	0.0	0.0	0.0	0.0	0.0	0.0	0.0	0.0	0.0	0.0	0.0	0.0	0.0	0.0	0.0	0.0	0.032233	源: line | 	2026-08-16 13:27:47	2026-08-16 13:27:47
201	86d4cf4294004a83930d7570a74af663	1_3_1_2_3_2_1	金融市场部_其他债权投资_地方政府债_非司库_1Y	0.0	0.0	0.0	0.0	0.0	0.0	0.0	0.0	0.0	0.0	0.0	0.0	0.0	0.0	0.0	0.0	0.0	0.0	0.0	0.0	0.0	0.0	0.0	0.032233	源: line | 	2026-08-16 13:27:47	2026-08-16 13:27:47
202	f3ca18aa1f604c77a900d2cd22171c7b	1_3_1_2_3_2_2	金融市场部_其他债权投资_地方政府债_非司库_3Y	0.0	0.0	0.0	0.0	0.0	0.0	0.0	0.0	0.0	0.0	0.0	0.0	0.0	0.0	0.0	0.0	0.0	0.0	0.0	0.0	0.0	0.0	0.0	0.032233	源: line | 	2026-08-16 13:27:47	2026-08-16 13:27:47
203	5ccaf25b9fff474b9b7eda99661c16ee	1_3_1_2_3_2_3	金融市场部_其他债权投资_地方政府债_非司库_5Y	0.0	0.0	0.0	0.0	0.0	0.0	0.0	0.0	0.0	0.0	0.0	0.0	0.0	0.0	0.0	0.0	0.0	0.0	0.0	0.0	0.0	0.0	0.0	0.032233	源: line | 	2026-08-16 13:27:47	2026-08-16 13:27:47
204	8260574244ac499089383cd983573294	1_3_1_2_3_2_4	金融市场部_其他债权投资_地方政府债_非司库_10Y	0.0	0.0	0.0	0.0	0.0	0.0	0.0	0.0	0.0	0.0	0.0	0.0	0.0	0.0	0.0	0.0	0.0	0.0	0.0	0.0	0.0	0.0	0.0	0.032233	源: line | 	2026-08-16 13:27:47	2026-08-16 13:27:47
205	40b8fe71faab43608b4446c65e63de64	1_3_1_2_4	金融市场部_其他债权投资_政策性金融债	0.0	0.0	0.0	0.0	0.0	0.0	0.0	0.0	0.0	0.0	0.0	0.0	0.0	0.0	0.0	0.0	0.0	0.0	0.0	0.0	0.0	0.0	0.0	0.032233	源: line | 	2026-08-16 13:27:47	2026-08-16 13:27:47
206	7483c9d6c7cc4156a61d0bd870113290	1_3_1_2_4_1	金融市场部_其他债权投资_政策性金融债_司库	0.0	0.0	0.0	0.0	0.0	0.0	0.0	0.0	0.0	0.0	0.0	0.0	0.0	0.0	0.0	0.0	0.0	0.0	0.0	0.0	0.0	0.0	0.0	0.032233	源: line | 	2026-08-16 13:27:47	2026-08-16 13:27:47
207	30c4bdd4e4eb471c850da3cb92efe8ff	1_3_1_2_4_1_1	金融市场部_其他债权投资_政策性金融债_司库_1Y	0.0	0.0	0.0	0.0	0.0	0.0	0.0	0.0	0.0	0.0	0.0	0.0	0.0	0.0	0.0	0.0	0.0	0.0	0.0	0.0	0.0	0.0	0.0	0.032233	源: line | 	2026-08-16 13:27:47	2026-08-16 13:27:47
208	65f4ed79ead04e949a21b824fdf8ca68	1_3_1_2_4_1_2	金融市场部_其他债权投资_政策性金融债_司库_3Y	0.0	0.0	0.0	0.0	0.0	0.0	0.0	0.0	0.0	0.0	0.0	0.0	0.0	0.0	0.0	0.0	0.0	0.0	0.0	0.0	0.0	0.0	0.0	0.032233	源: line | 	2026-08-16 13:27:47	2026-08-16 13:27:47
209	76204f6d23e14bcfb37300cf65f21cf3	1_3_1_2_4_1_3	金融市场部_其他债权投资_政策性金融债_司库_5Y	0.0	0.0	0.0	0.0	0.0	0.0	0.0	0.0	0.0	0.0	0.0	0.0	0.0	0.0	0.0	0.0	0.0	0.0	0.0	0.0	0.0	0.0	0.0	0.032233	源: line | 	2026-08-16 13:27:47	2026-08-16 13:27:47
210	761c7c4d874e4a938f4f4ec29ac54312	1_3_1_2_4_1_4	金融市场部_其他债权投资_政策性金融债_司库_10Y	0.0	0.0	0.0	0.0	0.0	0.0	0.0	0.0	0.0	0.0	0.0	0.0	0.0	0.0	0.0	0.0	0.0	0.0	0.0	0.0	0.0	0.0	0.0	0.032233	源: line | 	2026-08-16 13:27:47	2026-08-16 13:27:47
211	c9da5eae588f4530b3a614690a66ca5d	1_3_1_2_4_2	金融市场部_其他债权投资_政策性金融债_非司库	0.0	0.0	0.0	0.0	0.0	0.0	0.0	0.0	0.0	0.0	0.0	0.0	0.0	0.0	0.0	0.0	0.0	0.0	0.0	0.0	0.0	0.0	0.0	0.032233	源: line | 	2026-08-16 13:27:47	2026-08-16 13:27:47
212	84c26930909540a2b4e3a7e57bea49d3	1_3_1_2_4_2_1	金融市场部_其他债权投资_政策性金融债_非司库_1Y	0.0	0.0	0.0	0.0	0.0	0.0	0.0	0.0	0.0	0.0	0.0	0.0	0.0	0.0	0.0	0.0	0.0	0.0	0.0	0.0	0.0	0.0	0.0	0.032233	源: line | 	2026-08-16 13:27:47	2026-08-16 13:27:47
213	792dbeb63104406f82e39e5363d193a4	1_3_1_2_4_2_2	金融市场部_其他债权投资_政策性金融债_非司库_3Y	0.0	0.0	0.0	0.0	0.0	0.0	0.0	0.0	0.0	0.0	0.0	0.0	0.0	0.0	0.0	0.0	0.0	0.0	0.0	0.0	0.0	0.0	0.0	0.032233	源: line | 	2026-08-16 13:27:47	2026-08-16 13:27:47
214	0370aafb36ce48de8c1d8a440e4e019f	1_3_1_2_4_2_3	金融市场部_其他债权投资_政策性金融债_非司库_5Y	0.0	0.0	0.0	0.0	0.0	0.0	0.0	0.0	0.0	0.0	0.0	0.0	0.0	0.0	0.0	0.0	0.0	0.0	0.0	0.0	0.0	0.0	0.0	0.032233	源: line | 	2026-08-16 13:27:47	2026-08-16 13:27:47
215	1d380ffcfd6642f2bb84f3319487c1d3	1_3_1_2_4_2_4	金融市场部_其他债权投资_政策性金融债_非司库_10Y	0.0	0.0	0.0	0.0	0.0	0.0	0.0	0.0	0.0	0.0	0.0	0.0	0.0	0.0	0.0	0.0	0.0	0.0	0.0	0.0	0.0	0.0	0.0	0.032233	源: line | 	2026-08-16 13:27:47	2026-08-16 13:27:47
216	83e3632ff8184823bb4c0230efc07790	1_3_1_2_5	金融市场部_其他债权投资_商业银行债	0.0	0.0	0.0	0.0	0.0	0.0	0.0	0.0	0.0	0.0	0.0	0.0	0.0	0.0	0.0	0.0	0.0	0.0	0.0	0.0	0.0	0.0	0.0	0.032233	源: line | 	2026-08-16 13:27:47	2026-08-16 13:27:47
217	a5bd3fadee624af79451a4a977018bc5	1_3_1_2_5_1	金融市场部_其他债权投资_商业银行债_司库	0.0	0.0	0.0	0.0	0.0	0.0	0.0	0.0	0.0	0.0	0.0	0.0	0.0	0.0	0.0	0.0	0.0	0.0	0.0	0.0	0.0	0.0	0.0	0.032233	源: line | 	2026-08-16 13:27:47	2026-08-16 13:27:47
218	3b79dd46762c47f2a1c307db8b0d6705	1_3_1_2_5_1_1	金融市场部_其他债权投资_商业银行债_司库_1Y	0.0	0.0	0.0	0.0	0.0	0.0	0.0	0.0	0.0	0.0	0.0	0.0	0.0	0.0	0.0	0.0	0.0	0.0	0.0	0.0	0.0	0.0	0.0	0.032233	源: line | 	2026-08-16 13:27:47	2026-08-16 13:27:47
219	1d76d6fa44ab48a6954edc2a87789fb4	1_3_1_2_5_1_2	金融市场部_其他债权投资_商业银行债_司库_3Y	0.0	0.0	0.0	0.0	0.0	0.0	0.0	0.0	0.0	0.0	0.0	0.0	0.0	0.0	0.0	0.0	0.0	0.0	0.0	0.0	0.0	0.0	0.0	0.032233	源: line | 	2026-08-16 13:27:47	2026-08-16 13:27:47
220	70f31571c4b5404082f0b2d3bde64055	1_3_1_2_5_1_3	金融市场部_其他债权投资_商业银行债_司库_5Y	0.0	0.0	0.0	0.0	0.0	0.0	0.0	0.0	0.0	0.0	0.0	0.0	0.0	0.0	0.0	0.0	0.0	0.0	0.0	0.0	0.0	0.0	0.0	0.032233	源: line | 	2026-08-16 13:27:47	2026-08-16 13:27:47
221	ea03d41e7d9f43e09b3978878c3fd61c	1_3_1_2_5_1_4	金融市场部_其他债权投资_商业银行债_司库_10Y	0.0	0.0	0.0	0.0	0.0	0.0	0.0	0.0	0.0	0.0	0.0	0.0	0.0	0.0	0.0	0.0	0.0	0.0	0.0	0.0	0.0	0.0	0.0	0.032233	源: line | 	2026-08-16 13:27:47	2026-08-16 13:27:47
222	34a755beccfa4d5c962a0a09ddc93bb6	1_3_1_2_5_2	金融市场部_其他债权投资_商业银行债_非司库	0.0	0.0	0.0	0.0	0.0	0.0	0.0	0.0	0.0	0.0	0.0	0.0	0.0	0.0	0.0	0.0	0.0	0.0	0.0	0.0	0.0	0.0	0.0	0.032233	源: line | 	2026-08-16 13:27:47	2026-08-16 13:27:47
223	836104a5273a42c4a25ba09f47fbf456	1_3_1_2_5_2_1	金融市场部_其他债权投资_商业银行债_非司库_1Y	0.0	0.0	0.0	0.0	0.0	0.0	0.0	0.0	0.0	0.0	0.0	0.0	0.0	0.0	0.0	0.0	0.0	0.0	0.0	0.0	0.0	0.0	0.0	0.032233	源: line | 	2026-08-16 13:27:47	2026-08-16 13:27:47
224	640e1aecb27d45ad9c84b9934b636c90	1_3_1_2_5_2_2	金融市场部_其他债权投资_商业银行债_非司库_3Y	0.0	0.0	0.0	0.0	0.0	0.0	0.0	0.0	0.0	0.0	0.0	0.0	0.0	0.0	0.0	0.0	0.0	0.0	0.0	0.0	0.0	0.0	0.0	0.032233	源: line | 	2026-08-16 13:27:47	2026-08-16 13:27:47
225	71d4d6c7e4634264b9ca13846230edd4	1_3_1_2_5_2_3	金融市场部_其他债权投资_商业银行债_非司库_5Y	0.0	0.0	0.0	0.0	0.0	0.0	0.0	0.0	0.0	0.0	0.0	0.0	0.0	0.0	0.0	0.0	0.0	0.0	0.0	0.0	0.0	0.0	0.0	0.032233	源: line | 	2026-08-16 13:27:47	2026-08-16 13:27:47
226	dab58f5db06a4d91958feac74930a8ab	1_3_1_2_5_2_4	金融市场部_其他债权投资_商业银行债_非司库_10Y	0.0	0.0	0.0	0.0	0.0	0.0	0.0	0.0	0.0	0.0	0.0	0.0	0.0	0.0	0.0	0.0	0.0	0.0	0.0	0.0	0.0	0.0	0.0	0.032233	源: line | 	2026-08-16 13:27:47	2026-08-16 13:27:47
227	de46ff9cacfd4fed9e56532d18d7db83	1_3_1_2_6	金融市场部_其他债权投资_金融机构债	0.0	0.0	0.0	0.0	0.0	0.0	0.0	0.0	0.0	0.0	0.0	0.0	0.0	0.0	0.0	0.0	0.0	0.0	0.0	0.0	0.0	0.0	0.0	0.032233	源: line | 	2026-08-16 13:27:47	2026-08-16 13:27:47
228	2b099fa028ec4493a3b53db646767aa2	1_3_1_2_6_1	金融市场部_其他债权投资_金融机构债_非司库	0.0	0.0	0.0	0.0	0.0	0.0	0.0	0.0	0.0	0.0	0.0	0.0	0.0	0.0	0.0	0.0	0.0	0.0	0.0	0.0	0.0	0.0	0.0	0.032233	源: line | 	2026-08-16 13:27:47	2026-08-16 13:27:47
229	6e40f9555c254d7d8f8320e6b514c898	1_3_1_2_6_1_1	金融市场部_其他债权投资_金融机构债_非司库_1Y	0.0	0.0	0.0	0.0	0.0	0.0	0.0	0.0	0.0	0.0	0.0	0.0	0.0	0.0	0.0	0.0	0.0	0.0	0.0	0.0	0.0	0.0	0.0	0.032233	源: line | 	2026-08-16 13:27:47	2026-08-16 13:27:47
230	fbd146dc2b584ec2810d57f64575ec86	1_3_1_2_6_1_2	金融市场部_其他债权投资_金融机构债_非司库_3Y	0.0	0.0	0.0	0.0	0.0	0.0	0.0	0.0	0.0	0.0	0.0	0.0	0.0	0.0	0.0	0.0	0.0	0.0	0.0	0.0	0.0	0.0	0.0	0.032233	源: line | 	2026-08-16 13:27:47	2026-08-16 13:27:47
231	140ef70903d84f149035dea9a57a0358	1_3_1_2_6_1_3	金融市场部_其他债权投资_金融机构债_非司库_5Y	0.0	0.0	0.0	0.0	0.0	0.0	0.0	0.0	0.0	0.0	0.0	0.0	0.0	0.0	0.0	0.0	0.0	0.0	0.0	0.0	0.0	0.0	0.0	0.032233	源: line | 	2026-08-16 13:27:47	2026-08-16 13:27:47
232	97e9277d29944068966e95f5cc62c9eb	1_3_1_2_6_1_4	金融市场部_其他债权投资_金融机构债_非司库_10Y	0.0	0.0	0.0	0.0	0.0	0.0	0.0	0.0	0.0	0.0	0.0	0.0	0.0	0.0	0.0	0.0	0.0	0.0	0.0	0.0	0.0	0.0	0.0	0.032233	源: line | 	2026-08-16 13:27:47	2026-08-16 13:27:47
233	ce71d2dcf59a43b5aff4a52d3b0b560d	1_3_1_2_7	金融市场部_其他债权投资_公司债	0.0	0.0	0.0	0.0	0.0	0.0	0.0	0.0	0.0	0.0	0.0	0.0	0.0	0.0	0.0	0.0	0.0	0.0	0.0	0.0	0.0	0.0	0.0	0.032233	源: line | 	2026-08-16 13:27:47	2026-08-16 13:27:47
234	165e07e8a6374c87b4742b660be95854	1_3_1_2_7_1	金融市场部_其他债权投资_公司债_非司库	0.0	0.0	0.0	0.0	0.0	0.0	0.0	0.0	0.0	0.0	0.0	0.0	0.0	0.0	0.0	0.0	0.0	0.0	0.0	0.0	0.0	0.0	0.0	0.032233	源: line | 	2026-08-16 13:27:47	2026-08-16 13:27:47
235	ba5c77c12f5e42d2a23377041108ac13	1_3_1_2_7_1_1	金融市场部_其他债权投资_公司债_非司库_1Y	0.0	0.0	0.0	0.0	0.0	0.0	0.0	0.0	0.0	0.0	0.0	0.0	0.0	0.0	0.0	0.0	0.0	0.0	0.0	0.0	0.0	0.0	0.0	0.032233	源: line | 	2026-08-16 13:27:47	2026-08-16 13:27:47
236	b18b43e849704851bf4f0b5335eb8c25	1_3_1_2_7_1_2	金融市场部_其他债权投资_公司债_非司库_3Y	0.0	0.0	0.0	0.0	0.0	0.0	0.0	0.0	0.0	0.0	0.0	0.0	0.0	0.0	0.0	0.0	0.0	0.0	0.0	0.0	0.0	0.0	0.0	0.032233	源: line | 	2026-08-16 13:27:47	2026-08-16 13:27:47
237	69e8d1093d6d4835acc5d2d84d30e478	1_3_1_2_7_1_3	金融市场部_其他债权投资_公司债_非司库_5Y	0.0	0.0	0.0	0.0	0.0	0.0	0.0	0.0	0.0	0.0	0.0	0.0	0.0	0.0	0.0	0.0	0.0	0.0	0.0	0.0	0.0	0.0	0.0	0.032233	源: line | 	2026-08-16 13:27:47	2026-08-16 13:27:47
238	fd5271e242ec4b03b9cf01def74b4d5a	1_3_1_2_7_1_4	金融市场部_其他债权投资_公司债_非司库_10Y	0.0	0.0	0.0	0.0	0.0	0.0	0.0	0.0	0.0	0.0	0.0	0.0	0.0	0.0	0.0	0.0	0.0	0.0	0.0	0.0	0.0	0.0	0.0	0.032233	源: line | 	2026-08-16 13:27:47	2026-08-16 13:27:47
239	f16eda5989c64b038a6e14c935c72d09	1_3_1_2_8	金融市场部_其他债权投资_同业存单债	0.025777	0.025777	0.025777	0.0	0.0	0.0	0.0	0.0	0.0	0.0	0.0	0.0	0.0	0.0	0.0	0.0	0.0	0.0	0.0	0.0	0.0	0.0	0.0	0.032233	源: line | 	2026-08-16 13:27:47	2026-08-16 13:27:47
240	eaece48f963a4c5d865aca8535213b6c	1_3_1_2_8_1	金融市场部_其他债权投资_同业存单债_非司库	0.025777	0.025777	0.025777	0.0	0.0	0.0	0.0	0.0	0.0	0.0	0.0	0.0	0.0	0.0	0.0	0.0	0.0	0.0	0.0	0.0	0.0	0.0	0.0	0.032233	源: line | 	2026-08-16 13:27:47	2026-08-16 13:27:47
241	25f0a2ff334b4c579d5c7ca96e5da31e	1_3_1_2_8_1_1	金融市场部_其他债权投资_同业存单债_非司库_1M	0.025777	0.025777	0.025777	0.0	0.0	0.0	0.0	0.0	0.0	0.0	0.0	0.0	0.0	0.0	0.0	0.0	0.0	0.0	0.0	0.0	0.0	0.0	0.0	0.032233	源: line | 	2026-08-16 13:27:47	2026-08-16 13:27:47
242	e75a01f56a714a5c8d735491e1782f50	1_3_1_2_8_1_2	金融市场部_其他债权投资_同业存单债_非司库_3M	0.0	0.0	0.0	0.0	0.0	0.0	0.0	0.0	0.0	0.0	0.0	0.0	0.0	0.0	0.0	0.0	0.0	0.0	0.0	0.0	0.0	0.0	0.0	0.032233	源: line | 	2026-08-16 13:27:47	2026-08-16 13:27:47
243	11289f0b9ddc43008652036b1666966e	1_3_1_2_8_1_3	金融市场部_其他债权投资_同业存单债_非司库_6M	0.0	0.0	0.0	0.0	0.0	0.0	0.0	0.0	0.0	0.0	0.0	0.0	0.0	0.0	0.0	0.0	0.0	0.0	0.0	0.0	0.0	0.0	0.0	0.032233	源: line | 	2026-08-16 13:27:47	2026-08-16 13:27:47
244	6ad87878548e452ea71beb7fd4891daf	1_3_1_2_8_1_4	金融市场部_其他债权投资_同业存单债_非司库_1Y	0.0	0.0	0.0	0.0	0.0	0.0	0.0	0.0	0.0	0.0	0.0	0.0	0.0	0.0	0.0	0.0	0.0	0.0	0.0	0.0	0.0	0.0	0.0	0.032233	源: line | 	2026-08-16 13:27:47	2026-08-16 13:27:47
245	219bf5ee7a7d48c1aca919e6bb565738	1_3_1_2_9	金融市场部_其他债权投资_其他	0.0	0.0	0.0	0.0	0.0	0.0	0.0	0.0	0.0	0.0	0.0	0.0	0.0	0.0	0.0	0.0	0.0	0.0	0.0	0.0	0.0	0.0	0.0	0.032233	源: line | 	2026-08-16 13:27:47	2026-08-16 13:27:47
246	e93ba0749fc64f60831582b73075c5e7	1_3_1_2_9_1	金融市场部_其他债权投资_其他_非司库	0.0	0.0	0.0	0.0	0.0	0.0	0.0	0.0	0.0	0.0	0.0	0.0	0.0	0.0	0.0	0.0	0.0	0.0	0.0	0.0	0.0	0.0	0.0	0.032233	源: line | 	2026-08-16 13:27:47	2026-08-16 13:27:47
247	23fcca545f1a45faa2faee1126de7083	1_3_1_2_9_1_1	金融市场部_其他债权投资_其他_非司库_1Y	0.0	0.0	0.0	0.0	0.0	0.0	0.0	0.0	0.0	0.0	0.0	0.0	0.0	0.0	0.0	0.0	0.0	0.0	0.0	0.0	0.0	0.0	0.0	0.032233	源: line | 	2026-08-16 13:27:47	2026-08-16 13:27:47
248	697853fb82ad4b3ea1e003fb1179efc7	1_3_1_2_9_1_2	金融市场部_其他债权投资_其他_非司库_3Y	0.0	0.0	0.0	0.0	0.0	0.0	0.0	0.0	0.0	0.0	0.0	0.0	0.0	0.0	0.0	0.0	0.0	0.0	0.0	0.0	0.0	0.0	0.0	0.032233	源: line | 	2026-08-16 13:27:47	2026-08-16 13:27:47
249	6d8810c306e14acf9cb1f2000c602830	1_3_1_2_9_1_3	金融市场部_其他债权投资_其他_非司库_5Y	0.0	0.0	0.0	0.0	0.0	0.0	0.0	0.0	0.0	0.0	0.0	0.0	0.0	0.0	0.0	0.0	0.0	0.0	0.0	0.0	0.0	0.0	0.0	0.032233	源: line | 	2026-08-16 13:27:47	2026-08-16 13:27:47
250	14fdc0ef939b4292a663850436f4fb89	1_3_1_3	金融市场部_债权投资	0.043387	0.043387	0.043387	0.0	0.0	0.0	0.0	0.0	0.0	0.0	0.0	0.0	0.0	0.0	0.0	0.0	0.0	0.0	0.0	0.0	0.0	0.0	0.0	0.056156	源: line | 	2026-08-16 13:27:47	2026-08-16 13:27:47
251	3426820e17d44218b4eb2b254c7d1061	1_3_1_3_1	金融市场部_债权投资_国债	0.0	0.0	0.0	0.0	0.0	0.0	0.0	0.0	0.0	0.0	0.0	0.0	0.0	0.0	0.0	0.0	0.0	0.0	0.0	0.0	0.0	0.0	0.0	0.056156	源: line | 	2026-08-16 13:27:47	2026-08-16 13:27:47
252	e677c6757d044639aeb7d69322be7ae5	1_3_1_3_1_1	金融市场部_债权投资_国债_司库	0.0	0.0	0.0	0.0	0.0	0.0	0.0	0.0	0.0	0.0	0.0	0.0	0.0	0.0	0.0	0.0	0.0	0.0	0.0	0.0	0.0	0.0	0.0	0.056156	源: line | 	2026-08-16 13:27:47	2026-08-16 13:27:47
253	1c84b57d9f8a42e580e94cbaaf620da3	1_3_1_3_1_1_1	金融市场部_债权投资_国债_司库_1Y	0.0	0.0	0.0	0.0	0.0	0.0	0.0	0.0	0.0	0.0	0.0	0.0	0.0	0.0	0.0	0.0	0.0	0.0	0.0	0.0	0.0	0.0	0.0	0.056156	源: line | 	2026-08-16 13:27:47	2026-08-16 13:27:47
254	f63d51521b5741b291c99eeeaf6754dc	1_3_1_3_1_1_2	金融市场部_债权投资_国债_司库_3Y	0.0	0.0	0.0	0.0	0.0	0.0	0.0	0.0	0.0	0.0	0.0	0.0	0.0	0.0	0.0	0.0	0.0	0.0	0.0	0.0	0.0	0.0	0.0	0.056156	源: line | 	2026-08-16 13:27:47	2026-08-16 13:27:47
255	9f51cc5072aa4282933fa4347373c3ab	1_3_1_3_1_1_3	金融市场部_债权投资_国债_司库_5Y	0.0	0.0	0.0	0.0	0.0	0.0	0.0	0.0	0.0	0.0	0.0	0.0	0.0	0.0	0.0	0.0	0.0	0.0	0.0	0.0	0.0	0.0	0.0	0.056156	源: line | 	2026-08-16 13:27:47	2026-08-16 13:27:47
256	f56d9395afac4f079ce655cd04772d53	1_3_1_3_1_1_4	金融市场部_债权投资_国债_司库_10Y	0.0	0.0	0.0	0.0	0.0	0.0	0.0	0.0	0.0	0.0	0.0	0.0	0.0	0.0	0.0	0.0	0.0	0.0	0.0	0.0	0.0	0.0	0.0	0.056156	源: line | 	2026-08-16 13:27:47	2026-08-16 13:27:47
257	e7de3c9c6bc448ae873d39051246691c	1_3_1_3_1_2	金融市场部_债权投资_国债_非司库	0.0	0.0	0.0	0.0	0.0	0.0	0.0	0.0	0.0	0.0	0.0	0.0	0.0	0.0	0.0	0.0	0.0	0.0	0.0	0.0	0.0	0.0	0.0	0.056156	源: line | 	2026-08-16 13:27:47	2026-08-16 13:27:47
258	a8b0f1fafbfe4037b0c78f22444977bb	1_3_1_3_1_2_1	金融市场部_债权投资_国债_非司库_1Y	0.0	0.0	0.0	0.0	0.0	0.0	0.0	0.0	0.0	0.0	0.0	0.0	0.0	0.0	0.0	0.0	0.0	0.0	0.0	0.0	0.0	0.0	0.0	0.056156	源: line | 	2026-08-16 13:27:47	2026-08-16 13:27:47
259	e301d68d36d64e7597a6bd2e16904b92	1_3_1_3_1_2_2	金融市场部_债权投资_国债_非司库_3Y	0.0	0.0	0.0	0.0	0.0	0.0	0.0	0.0	0.0	0.0	0.0	0.0	0.0	0.0	0.0	0.0	0.0	0.0	0.0	0.0	0.0	0.0	0.0	0.056156	源: line | 	2026-08-16 13:27:47	2026-08-16 13:27:47
260	ba6561cb0ce049b9879cc2f95a05a303	1_3_1_3_1_2_3	金融市场部_债权投资_国债_非司库_5Y	0.0	0.0	0.0	0.0	0.0	0.0	0.0	0.0	0.0	0.0	0.0	0.0	0.0	0.0	0.0	0.0	0.0	0.0	0.0	0.0	0.0	0.0	0.0	0.056156	源: line | 	2026-08-16 13:27:47	2026-08-16 13:27:47
261	19bbf0e9456143c884f2b2bcdaf30c85	1_3_1_3_1_2_4	金融市场部_债权投资_国债_非司库_10Y	0.0	0.0	0.0	0.0	0.0	0.0	0.0	0.0	0.0	0.0	0.0	0.0	0.0	0.0	0.0	0.0	0.0	0.0	0.0	0.0	0.0	0.0	0.0	0.056156	源: line | 	2026-08-16 13:27:47	2026-08-16 13:27:47
262	a53c59a624044570a476d996ce7338cc	1_3_1_3_2	金融市场部_债权投资_央票	0.0	0.0	0.0	0.0	0.0	0.0	0.0	0.0	0.0	0.0	0.0	0.0	0.0	0.0	0.0	0.0	0.0	0.0	0.0	0.0	0.0	0.0	0.0	0.056156	源: line | 	2026-08-16 13:27:47	2026-08-16 13:27:47
263	a253a527dc714b2b889d34f70cde9cde	1_3_1_3_2_1	金融市场部_债权投资_央票_司库	0.0	0.0	0.0	0.0	0.0	0.0	0.0	0.0	0.0	0.0	0.0	0.0	0.0	0.0	0.0	0.0	0.0	0.0	0.0	0.0	0.0	0.0	0.0	0.056156	源: line | 	2026-08-16 13:27:47	2026-08-16 13:27:47
264	b1e689768adb429fade01384df0853b7	1_3_1_3_2_1_1	金融市场部_债权投资_央票_司库_1Y	0.0	0.0	0.0	0.0	0.0	0.0	0.0	0.0	0.0	0.0	0.0	0.0	0.0	0.0	0.0	0.0	0.0	0.0	0.0	0.0	0.0	0.0	0.0	0.056156	源: line | 	2026-08-16 13:27:47	2026-08-16 13:27:47
265	fafb94e6a0634592934708142398c565	1_3_1_3_2_1_2	金融市场部_债权投资_央票_司库_3Y	0.0	0.0	0.0	0.0	0.0	0.0	0.0	0.0	0.0	0.0	0.0	0.0	0.0	0.0	0.0	0.0	0.0	0.0	0.0	0.0	0.0	0.0	0.0	0.056156	源: line | 	2026-08-16 13:27:47	2026-08-16 13:27:47
266	0832006587a54761999db1eb00956ba7	1_3_1_3_2_1_3	金融市场部_债权投资_央票_司库_5Y	0.0	0.0	0.0	0.0	0.0	0.0	0.0	0.0	0.0	0.0	0.0	0.0	0.0	0.0	0.0	0.0	0.0	0.0	0.0	0.0	0.0	0.0	0.0	0.056156	源: line | 	2026-08-16 13:27:47	2026-08-16 13:27:47
267	47da54b9dae24668bd9a2580bddd5c06	1_3_1_3_2_1_4	金融市场部_债权投资_央票_司库_10Y	0.0	0.0	0.0	0.0	0.0	0.0	0.0	0.0	0.0	0.0	0.0	0.0	0.0	0.0	0.0	0.0	0.0	0.0	0.0	0.0	0.0	0.0	0.0	0.056156	源: line | 	2026-08-16 13:27:47	2026-08-16 13:27:47
268	011eb2b6821c4215aa67ba2c30d06ab3	1_3_1_3_2_2	金融市场部_债权投资_央票_非司库	0.0	0.0	0.0	0.0	0.0	0.0	0.0	0.0	0.0	0.0	0.0	0.0	0.0	0.0	0.0	0.0	0.0	0.0	0.0	0.0	0.0	0.0	0.0	0.056156	源: line | 	2026-08-16 13:27:47	2026-08-16 13:27:47
269	96f4f5df5e214df7abf150264c9a854b	1_3_1_3_2_2_1	金融市场部_债权投资_央票_非司库_1Y	0.0	0.0	0.0	0.0	0.0	0.0	0.0	0.0	0.0	0.0	0.0	0.0	0.0	0.0	0.0	0.0	0.0	0.0	0.0	0.0	0.0	0.0	0.0	0.056156	源: line | 	2026-08-16 13:27:47	2026-08-16 13:27:47
270	1d68a1e6545046a68125616c05e9f2b8	1_3_1_3_2_2_2	金融市场部_债权投资_央票_非司库_3Y	0.0	0.0	0.0	0.0	0.0	0.0	0.0	0.0	0.0	0.0	0.0	0.0	0.0	0.0	0.0	0.0	0.0	0.0	0.0	0.0	0.0	0.0	0.0	0.056156	源: line | 	2026-08-16 13:27:47	2026-08-16 13:27:47
271	fe1cc03892de44af8c3f7e034953b581	1_3_1_3_2_2_3	金融市场部_债权投资_央票_非司库_5Y	0.0	0.0	0.0	0.0	0.0	0.0	0.0	0.0	0.0	0.0	0.0	0.0	0.0	0.0	0.0	0.0	0.0	0.0	0.0	0.0	0.0	0.0	0.0	0.056156	源: line | 	2026-08-16 13:27:47	2026-08-16 13:27:47
272	2577297498ef4ee1a9b393ffa1a1125a	1_3_1_3_2_2_4	金融市场部_债权投资_央票_非司库_10Y	0.0	0.0	0.0	0.0	0.0	0.0	0.0	0.0	0.0	0.0	0.0	0.0	0.0	0.0	0.0	0.0	0.0	0.0	0.0	0.0	0.0	0.0	0.0	0.056156	源: line | 	2026-08-16 13:27:47	2026-08-16 13:27:47
273	2a702502b67340238892b66560420b3e	1_3_1_3_3	金融市场部_债权投资_地方政府债	0.0	0.0	0.0	0.0	0.0	0.0	0.0	0.0	0.0	0.0	0.0	0.0	0.0	0.0	0.0	0.0	0.0	0.0	0.0	0.0	0.0	0.0	0.0	0.056156	源: line | 	2026-08-16 13:27:47	2026-08-16 13:27:47
274	b483712052ea450bbb3e069ba8eab360	1_3_1_3_3_1	金融市场部_债权投资_地方政府债_司库	0.0	0.0	0.0	0.0	0.0	0.0	0.0	0.0	0.0	0.0	0.0	0.0	0.0	0.0	0.0	0.0	0.0	0.0	0.0	0.0	0.0	0.0	0.0	0.056156	源: line | 	2026-08-16 13:27:47	2026-08-16 13:27:47
275	f34a27b052274783a3ab1c4ea21d26d6	1_3_1_3_3_1_1	金融市场部_债权投资_地方政府债_司库_1Y	0.0	0.0	0.0	0.0	0.0	0.0	0.0	0.0	0.0	0.0	0.0	0.0	0.0	0.0	0.0	0.0	0.0	0.0	0.0	0.0	0.0	0.0	0.0	0.056156	源: line | 	2026-08-16 13:27:47	2026-08-16 13:27:47
276	149c33c254d84051bea1081bd1cccbb9	1_3_1_3_3_1_2	金融市场部_债权投资_地方政府债_司库_3Y	0.0	0.0	0.0	0.0	0.0	0.0	0.0	0.0	0.0	0.0	0.0	0.0	0.0	0.0	0.0	0.0	0.0	0.0	0.0	0.0	0.0	0.0	0.0	0.056156	源: line | 	2026-08-16 13:27:47	2026-08-16 13:27:47
277	17bc96888fe8401594e73f7fa0ce7d82	1_3_1_3_3_1_3	金融市场部_债权投资_地方政府债_司库_5Y	0.0	0.0	0.0	0.0	0.0	0.0	0.0	0.0	0.0	0.0	0.0	0.0	0.0	0.0	0.0	0.0	0.0	0.0	0.0	0.0	0.0	0.0	0.0	0.056156	源: line | 	2026-08-16 13:27:47	2026-08-16 13:27:47
278	17776a773b444ba79fecd5a8b8e3ae9b	1_3_1_3_3_1_4	金融市场部_债权投资_地方政府债_司库_10Y	0.0	0.0	0.0	0.0	0.0	0.0	0.0	0.0	0.0	0.0	0.0	0.0	0.0	0.0	0.0	0.0	0.0	0.0	0.0	0.0	0.0	0.0	0.0	0.056156	源: line | 	2026-08-16 13:27:47	2026-08-16 13:27:47
279	b31ceaa517c4411790ef3617cbee1f75	1_3_1_3_3_2	金融市场部_债权投资_地方政府债_非司库	0.0	0.0	0.0	0.0	0.0	0.0	0.0	0.0	0.0	0.0	0.0	0.0	0.0	0.0	0.0	0.0	0.0	0.0	0.0	0.0	0.0	0.0	0.0	0.056156	源: line | 	2026-08-16 13:27:47	2026-08-16 13:27:47
280	0ce6344338ec46f3a347c4033c302bba	1_3_1_3_3_2_1	金融市场部_债权投资_地方政府债_非司库_1Y	0.0	0.0	0.0	0.0	0.0	0.0	0.0	0.0	0.0	0.0	0.0	0.0	0.0	0.0	0.0	0.0	0.0	0.0	0.0	0.0	0.0	0.0	0.0	0.056156	源: line | 	2026-08-16 13:27:47	2026-08-16 13:27:47
281	cbb25afa1fde4b5d817dab95787599ea	1_3_1_3_3_2_2	金融市场部_债权投资_地方政府债_非司库_3Y	0.0	0.0	0.0	0.0	0.0	0.0	0.0	0.0	0.0	0.0	0.0	0.0	0.0	0.0	0.0	0.0	0.0	0.0	0.0	0.0	0.0	0.0	0.0	0.056156	源: line | 	2026-08-16 13:27:47	2026-08-16 13:27:47
282	07faa3ccca6145f89b1d15486f0eec24	1_3_1_3_3_2_3	金融市场部_债权投资_地方政府债_非司库_5Y	0.0	0.0	0.0	0.0	0.0	0.0	0.0	0.0	0.0	0.0	0.0	0.0	0.0	0.0	0.0	0.0	0.0	0.0	0.0	0.0	0.0	0.0	0.0	0.056156	源: line | 	2026-08-16 13:27:47	2026-08-16 13:27:47
283	e3f302cbdacf40bf9590df5935d0d499	1_3_1_3_3_2_4	金融市场部_债权投资_地方政府债_非司库_10Y	0.0	0.0	0.0	0.0	0.0	0.0	0.0	0.0	0.0	0.0	0.0	0.0	0.0	0.0	0.0	0.0	0.0	0.0	0.0	0.0	0.0	0.0	0.0	0.056156	源: line | 	2026-08-16 13:27:47	2026-08-16 13:27:47
284	a82a8d16fb7145508a2a9e7e034cb075	1_3_1_3_4	金融市场部_债权投资_政策性金融债	0.0	0.0	0.0	0.0	0.0	0.0	0.0	0.0	0.0	0.0	0.0	0.0	0.0	0.0	0.0	0.0	0.0	0.0	0.0	0.0	0.0	0.0	0.0	0.056156	源: line | 	2026-08-16 13:27:47	2026-08-16 13:27:47
285	dd643678655d41ecbf989a5e6633427c	1_3_1_3_4_1	金融市场部_债权投资_政策性金融债_司库	0.0	0.0	0.0	0.0	0.0	0.0	0.0	0.0	0.0	0.0	0.0	0.0	0.0	0.0	0.0	0.0	0.0	0.0	0.0	0.0	0.0	0.0	0.0	0.056156	源: line | 	2026-08-16 13:27:47	2026-08-16 13:27:47
286	4c82a68a08a44efcb281340ffcce591c	1_3_1_3_4_1_1	金融市场部_债权投资_政策性金融债_司库_1Y	0.0	0.0	0.0	0.0	0.0	0.0	0.0	0.0	0.0	0.0	0.0	0.0	0.0	0.0	0.0	0.0	0.0	0.0	0.0	0.0	0.0	0.0	0.0	0.056156	源: line | 	2026-08-16 13:27:47	2026-08-16 13:27:47
287	c687b6c573f34b9db85e3f8a138356ed	1_3_1_3_4_1_2	金融市场部_债权投资_政策性金融债_司库_3Y	0.0	0.0	0.0	0.0	0.0	0.0	0.0	0.0	0.0	0.0	0.0	0.0	0.0	0.0	0.0	0.0	0.0	0.0	0.0	0.0	0.0	0.0	0.0	0.056156	源: line | 	2026-08-16 13:27:47	2026-08-16 13:27:47
288	3bb768447cf84b7c8c658d72a57c8f4d	1_3_1_3_4_1_3	金融市场部_债权投资_政策性金融债_司库_5Y	0.0	0.0	0.0	0.0	0.0	0.0	0.0	0.0	0.0	0.0	0.0	0.0	0.0	0.0	0.0	0.0	0.0	0.0	0.0	0.0	0.0	0.0	0.0	0.056156	源: line | 	2026-08-16 13:27:47	2026-08-16 13:27:47
289	d79c6a92bec34283b4bac559482a1521	1_3_1_3_4_1_4	金融市场部_债权投资_政策性金融债_司库_10Y	0.0	0.0	0.0	0.0	0.0	0.0	0.0	0.0	0.0	0.0	0.0	0.0	0.0	0.0	0.0	0.0	0.0	0.0	0.0	0.0	0.0	0.0	0.0	0.056156	源: line | 	2026-08-16 13:27:47	2026-08-16 13:27:47
290	fcddc4ff15374d8a867a3f6120a9a8b8	1_3_1_3_4_2	金融市场部_债权投资_政策性金融债_非司库	0.0	0.0	0.0	0.0	0.0	0.0	0.0	0.0	0.0	0.0	0.0	0.0	0.0	0.0	0.0	0.0	0.0	0.0	0.0	0.0	0.0	0.0	0.0	0.056156	源: line | 	2026-08-16 13:27:47	2026-08-16 13:27:47
291	8b2b5a9a4a02409f9d6ba719db6c3598	1_3_1_3_4_2_1	金融市场部_债权投资_政策性金融债_非司库_1Y	0.0	0.0	0.0	0.0	0.0	0.0	0.0	0.0	0.0	0.0	0.0	0.0	0.0	0.0	0.0	0.0	0.0	0.0	0.0	0.0	0.0	0.0	0.0	0.056156	源: line | 	2026-08-16 13:27:47	2026-08-16 13:27:47
292	bac6378dbe9e4c40adf25d2053c36411	1_3_1_3_4_2_2	金融市场部_债权投资_政策性金融债_非司库_3Y	0.0	0.0	0.0	0.0	0.0	0.0	0.0	0.0	0.0	0.0	0.0	0.0	0.0	0.0	0.0	0.0	0.0	0.0	0.0	0.0	0.0	0.0	0.0	0.056156	源: line | 	2026-08-16 13:27:47	2026-08-16 13:27:47
293	73c41848316644469d0be7b82f4f88a9	1_3_1_3_4_2_3	金融市场部_债权投资_政策性金融债_非司库_5Y	0.0	0.0	0.0	0.0	0.0	0.0	0.0	0.0	0.0	0.0	0.0	0.0	0.0	0.0	0.0	0.0	0.0	0.0	0.0	0.0	0.0	0.0	0.0	0.056156	源: line | 	2026-08-16 13:27:47	2026-08-16 13:27:47
294	254a983b9b464dd48165836a71f5affc	1_3_1_3_4_2_4	金融市场部_债权投资_政策性金融债_非司库_10Y	0.0	0.0	0.0	0.0	0.0	0.0	0.0	0.0	0.0	0.0	0.0	0.0	0.0	0.0	0.0	0.0	0.0	0.0	0.0	0.0	0.0	0.0	0.0	0.056156	源: line | 	2026-08-16 13:27:47	2026-08-16 13:27:47
295	7c56d409ceae4bbabe0b29ed8cc708a9	1_3_1_3_5	金融市场部_债权投资_商业银行债	0.0	0.0	0.0	0.0	0.0	0.0	0.0	0.0	0.0	0.0	0.0	0.0	0.0	0.0	0.0	0.0	0.0	0.0	0.0	0.0	0.0	0.0	0.0	0.056156	源: line | 	2026-08-16 13:27:47	2026-08-16 13:27:47
296	565f18e1506644bdbebf66c8acc05850	1_3_1_3_5_1	金融市场部_债权投资_商业银行债_司库	0.0	0.0	0.0	0.0	0.0	0.0	0.0	0.0	0.0	0.0	0.0	0.0	0.0	0.0	0.0	0.0	0.0	0.0	0.0	0.0	0.0	0.0	0.0	0.056156	源: line | 	2026-08-16 13:27:47	2026-08-16 13:27:47
297	a2da791890214a86a700997b0712ffa3	1_3_1_3_5_1_1	金融市场部_债权投资_商业银行债_司库_1Y	0.0	0.0	0.0	0.0	0.0	0.0	0.0	0.0	0.0	0.0	0.0	0.0	0.0	0.0	0.0	0.0	0.0	0.0	0.0	0.0	0.0	0.0	0.0	0.056156	源: line | 	2026-08-16 13:27:47	2026-08-16 13:27:47
298	74fc74daa9ca448a92fd227d256fd1c0	1_3_1_3_5_1_2	金融市场部_债权投资_商业银行债_司库_3Y	0.0	0.0	0.0	0.0	0.0	0.0	0.0	0.0	0.0	0.0	0.0	0.0	0.0	0.0	0.0	0.0	0.0	0.0	0.0	0.0	0.0	0.0	0.0	0.056156	源: line | 	2026-08-16 13:27:47	2026-08-16 13:27:47
299	d4732e17b5114f2ca086ae6a4dd82913	1_3_1_3_5_1_3	金融市场部_债权投资_商业银行债_司库_5Y	0.0	0.0	0.0	0.0	0.0	0.0	0.0	0.0	0.0	0.0	0.0	0.0	0.0	0.0	0.0	0.0	0.0	0.0	0.0	0.0	0.0	0.0	0.0	0.056156	源: line | 	2026-08-16 13:27:47	2026-08-16 13:27:47
300	4a194e96eab840e698dcd5f51f0d2791	1_3_1_3_5_1_4	金融市场部_债权投资_商业银行债_司库_10Y	0.0	0.0	0.0	0.0	0.0	0.0	0.0	0.0	0.0	0.0	0.0	0.0	0.0	0.0	0.0	0.0	0.0	0.0	0.0	0.0	0.0	0.0	0.0	0.056156	源: line | 	2026-08-16 13:27:47	2026-08-16 13:27:47
301	01314d99531e45749b96d608dd53cc54	1_3_1_3_5_2	金融市场部_债权投资_商业银行债_非司库	0.0	0.0	0.0	0.0	0.0	0.0	0.0	0.0	0.0	0.0	0.0	0.0	0.0	0.0	0.0	0.0	0.0	0.0	0.0	0.0	0.0	0.0	0.0	0.056156	源: line | 	2026-08-16 13:27:47	2026-08-16 13:27:47
302	8d833318309d4892bfc121919dedd2b7	1_3_1_3_5_2_1	金融市场部_债权投资_商业银行债_非司库_1Y	0.0	0.0	0.0	0.0	0.0	0.0	0.0	0.0	0.0	0.0	0.0	0.0	0.0	0.0	0.0	0.0	0.0	0.0	0.0	0.0	0.0	0.0	0.0	0.056156	源: line | 	2026-08-16 13:27:47	2026-08-16 13:27:47
303	69973ed14c6f4f8f9e109957564c292b	1_3_1_3_5_2_2	金融市场部_债权投资_商业银行债_非司库_3Y	0.0	0.0	0.0	0.0	0.0	0.0	0.0	0.0	0.0	0.0	0.0	0.0	0.0	0.0	0.0	0.0	0.0	0.0	0.0	0.0	0.0	0.0	0.0	0.056156	源: line | 	2026-08-16 13:27:47	2026-08-16 13:27:47
304	0ff43f85b844430aacadc7656a5f00cd	1_3_1_3_5_2_3	金融市场部_债权投资_商业银行债_非司库_5Y	0.0	0.0	0.0	0.0	0.0	0.0	0.0	0.0	0.0	0.0	0.0	0.0	0.0	0.0	0.0	0.0	0.0	0.0	0.0	0.0	0.0	0.0	0.0	0.056156	源: line | 	2026-08-16 13:27:47	2026-08-16 13:27:47
305	8a7a5fa3590745d1a3d6563cc2693464	1_3_1_3_5_2_4	金融市场部_债权投资_商业银行债_非司库_10Y	0.0	0.0	0.0	0.0	0.0	0.0	0.0	0.0	0.0	0.0	0.0	0.0	0.0	0.0	0.0	0.0	0.0	0.0	0.0	0.0	0.0	0.0	0.0	0.056156	源: line | 	2026-08-16 13:27:47	2026-08-16 13:27:47
306	1c15b22125114d53b4eb28b640029396	1_3_1_3_6	金融市场部_债权投资_金融机构债	0.0	0.0	0.0	0.0	0.0	0.0	0.0	0.0	0.0	0.0	0.0	0.0	0.0	0.0	0.0	0.0	0.0	0.0	0.0	0.0	0.0	0.0	0.0	0.056156	源: line | 	2026-08-16 13:27:47	2026-08-16 13:27:47
307	cae373229c7c464997178c3147605217	1_3_1_3_6_1	金融市场部_债权投资_金融机构债_非司库	0.0	0.0	0.0	0.0	0.0	0.0	0.0	0.0	0.0	0.0	0.0	0.0	0.0	0.0	0.0	0.0	0.0	0.0	0.0	0.0	0.0	0.0	0.0	0.056156	源: line | 	2026-08-16 13:27:47	2026-08-16 13:27:47
308	f572ec62ec6a4d068817aedfce0cb7f1	1_3_1_3_6_1_1	金融市场部_债权投资_金融机构债_非司库_1Y	0.0	0.0	0.0	0.0	0.0	0.0	0.0	0.0	0.0	0.0	0.0	0.0	0.0	0.0	0.0	0.0	0.0	0.0	0.0	0.0	0.0	0.0	0.0	0.056156	源: line | 	2026-08-16 13:27:47	2026-08-16 13:27:47
309	cef814377f1940aba7a92ddf1127ad9b	1_3_1_3_6_1_2	金融市场部_债权投资_金融机构债_非司库_3Y	0.0	0.0	0.0	0.0	0.0	0.0	0.0	0.0	0.0	0.0	0.0	0.0	0.0	0.0	0.0	0.0	0.0	0.0	0.0	0.0	0.0	0.0	0.0	0.056156	源: line | 	2026-08-16 13:27:47	2026-08-16 13:27:47
310	b3a9c657b5af4d218d1c0c7377a9df8b	1_3_1_3_6_1_3	金融市场部_债权投资_金融机构债_非司库_5Y	0.0	0.0	0.0	0.0	0.0	0.0	0.0	0.0	0.0	0.0	0.0	0.0	0.0	0.0	0.0	0.0	0.0	0.0	0.0	0.0	0.0	0.0	0.0	0.056156	源: line | 	2026-08-16 13:27:47	2026-08-16 13:27:47
311	220bcce0f80b421ba3a6fa7af0777332	1_3_1_3_6_1_4	金融市场部_债权投资_金融机构债_非司库_10Y	0.0	0.0	0.0	0.0	0.0	0.0	0.0	0.0	0.0	0.0	0.0	0.0	0.0	0.0	0.0	0.0	0.0	0.0	0.0	0.0	0.0	0.0	0.0	0.056156	源: line | 	2026-08-16 13:27:47	2026-08-16 13:27:47
312	966049d367d347278c086fc7fd8b388c	1_3_1_3_7	金融市场部_债权投资_公司债	0.043387	0.043387	0.043387	0.0	0.0	0.0	0.0	0.0	0.0	0.0	0.0	0.0	0.0	0.0	0.0	0.0	0.0	0.0	0.0	0.0	0.0	0.0	0.0	0.056156	源: line | 	2026-08-16 13:27:47	2026-08-16 13:27:47
313	d65a43edb23c4f76b186ee2c3f53dcb4	1_3_1_3_7_1	金融市场部_债权投资_公司债_非司库	0.043387	0.043387	0.043387	0.0	0.0	0.0	0.0	0.0	0.0	0.0	0.0	0.0	0.0	0.0	0.0	0.0	0.0	0.0	0.0	0.0	0.0	0.0	0.0	0.056156	源: line | 	2026-08-16 13:27:47	2026-08-16 13:27:47
314	8441e6d19bdf420383e1dd7f17d78002	1_3_1_3_7_1_1	金融市场部_债权投资_公司债_非司库_1Y	0.043387	0.043387	0.043387	0.0	0.0	0.0	0.0	0.0	0.0	0.0	0.0	0.0	0.0	0.0	0.0	0.0	0.0	0.0	0.0	0.0	0.0	0.0	0.0	0.056156	源: line | 	2026-08-16 13:27:47	2026-08-16 13:27:47
315	85681dbb5e464b17a5ab74febeef1fb5	1_3_1_3_7_1_2	金融市场部_债权投资_公司债_非司库_3Y	0.0	0.0	0.0	0.0	0.0	0.0	0.0	0.0	0.0	0.0	0.0	0.0	0.0	0.0	0.0	0.0	0.0	0.0	0.0	0.0	0.0	0.0	0.0	0.056156	源: line | 	2026-08-16 13:27:47	2026-08-16 13:27:47
316	2d756d2011d84adcafbbba82471ea0f2	1_3_1_3_7_1_3	金融市场部_债权投资_公司债_非司库_5Y	0.0	0.0	0.0	0.0	0.0	0.0	0.0	0.0	0.0	0.0	0.0	0.0	0.0	0.0	0.0	0.0	0.0	0.0	0.0	0.0	0.0	0.0	0.0	0.056156	源: line | 	2026-08-16 13:27:47	2026-08-16 13:27:47
317	3aae662a53cb43a9999f63a1fbbfcb26	1_3_1_3_7_1_4	金融市场部_债权投资_公司债_非司库_10Y	0.0	0.0	0.0	0.0	0.0	0.0	0.0	0.0	0.0	0.0	0.0	0.0	0.0	0.0	0.0	0.0	0.0	0.0	0.0	0.0	0.0	0.0	0.0	0.056156	源: line | 	2026-08-16 13:27:47	2026-08-16 13:27:47
318	ed47632bf5c44789bd59f9cb5d5ea6d2	1_3_1_3_8	金融市场部_债权投资_同业存单债	0.0	0.0	0.0	0.0	0.0	0.0	0.0	0.0	0.0	0.0	0.0	0.0	0.0	0.0	0.0	0.0	0.0	0.0	0.0	0.0	0.0	0.0	0.0	0.056156	源: line | 	2026-08-16 13:27:47	2026-08-16 13:27:47
319	1253237fa7444ed6bd0a2259fac5b7d2	1_3_1_3_8_1	金融市场部_债权投资_同业存单债_非司库	0.0	0.0	0.0	0.0	0.0	0.0	0.0	0.0	0.0	0.0	0.0	0.0	0.0	0.0	0.0	0.0	0.0	0.0	0.0	0.0	0.0	0.0	0.0	0.056156	源: line | 	2026-08-16 13:27:47	2026-08-16 13:27:47
320	1fac7d37db8e465db35f38394f910e63	1_3_1_3_8_1_1	金融市场部_债权投资_同业存单债_非司库_1M	0.0	0.0	0.0	0.0	0.0	0.0	0.0	0.0	0.0	0.0	0.0	0.0	0.0	0.0	0.0	0.0	0.0	0.0	0.0	0.0	0.0	0.0	0.0	0.056156	源: line | 	2026-08-16 13:27:47	2026-08-16 13:27:47
321	e4c0b39a0c274de39519693cc0460365	1_3_1_3_8_1_2	金融市场部_债权投资_同业存单债_非司库_3M	0.0	0.0	0.0	0.0	0.0	0.0	0.0	0.0	0.0	0.0	0.0	0.0	0.0	0.0	0.0	0.0	0.0	0.0	0.0	0.0	0.0	0.0	0.0	0.056156	源: line | 	2026-08-16 13:27:47	2026-08-16 13:27:47
322	7265e37aa53f409a9d667c32cee12788	1_3_1_3_8_1_3	金融市场部_债权投资_同业存单债_非司库_6M	0.0	0.0	0.0	0.0	0.0	0.0	0.0	0.0	0.0	0.0	0.0	0.0	0.0	0.0	0.0	0.0	0.0	0.0	0.0	0.0	0.0	0.0	0.0	0.056156	源: line | 	2026-08-16 13:27:47	2026-08-16 13:27:47
323	e73a14c100564e64bb39bf1f885965a1	1_3_1_3_8_1_4	金融市场部_债权投资_同业存单债_非司库_1Y	0.0	0.0	0.0	0.0	0.0	0.0	0.0	0.0	0.0	0.0	0.0	0.0	0.0	0.0	0.0	0.0	0.0	0.0	0.0	0.0	0.0	0.0	0.0	0.056156	源: line | 	2026-08-16 13:27:47	2026-08-16 13:27:47
324	043dab88e4c84923b28d499c70d69db8	1_3_1_3_9	金融市场部_债权投资_其他	0.0	0.0	0.0	0.0	0.0	0.0	0.0	0.0	0.0	0.0	0.0	0.0	0.0	0.0	0.0	0.0	0.0	0.0	0.0	0.0	0.0	0.0	0.0	0.056156	源: line | 	2026-08-16 13:27:47	2026-08-16 13:27:47
325	cdb68f94279d4c82a7397cfa0ecb1fe8	1_3_1_3_9_1	金融市场部_债权投资_其他_非司库	0.0	0.0	0.0	0.0	0.0	0.0	0.0	0.0	0.0	0.0	0.0	0.0	0.0	0.0	0.0	0.0	0.0	0.0	0.0	0.0	0.0	0.0	0.0	0.056156	源: line | 	2026-08-16 13:27:47	2026-08-16 13:27:47
326	511fb8b76fb84083ab39f3f13b42dff7	1_3_1_3_9_1_1	金融市场部_债权投资_其他_非司库_1Y	0.0	0.0	0.0	0.0	0.0	0.0	0.0	0.0	0.0	0.0	0.0	0.0	0.0	0.0	0.0	0.0	0.0	0.0	0.0	0.0	0.0	0.0	0.0	0.056156	源: line | 	2026-08-16 13:27:47	2026-08-16 13:27:47
327	19214493916044d3b1460339dafd8d90	1_3_1_3_9_1_2	金融市场部_债权投资_其他_非司库_3Y	0.0	0.0	0.0	0.0	0.0	0.0	0.0	0.0	0.0	0.0	0.0	0.0	0.0	0.0	0.0	0.0	0.0	0.0	0.0	0.0	0.0	0.0	0.0	0.056156	源: line | 	2026-08-16 13:27:47	2026-08-16 13:27:47
328	9615f18154e14817b922d93d45ca6a6a	1_3_1_3_9_1_3	金融市场部_债权投资_其他_非司库_5Y	0.0	0.0	0.0	0.0	0.0	0.0	0.0	0.0	0.0	0.0	0.0	0.0	0.0	0.0	0.0	0.0	0.0	0.0	0.0	0.0	0.0	0.0	0.0	0.056156	源: line | 	2026-08-16 13:27:47	2026-08-16 13:27:47
329	0921f8291c9b495c9da40372121d7424	1_3_1_4	金融市场部_其他权益工具投资	0.0	0.0	0.0	0.0	0.0	0.0	0.0	0.0	0.0	0.0	0.0	0.0	0.0	0.0	0.0	0.0	0.0	0.0	0.0	0.0	0.0	0.0	0.0	0.0	源: line | 	2026-08-16 13:27:47	2026-08-16 13:27:47
330	fe2de7d23c1d43afae152f76fc18a27d	1_3_1_4_1	金融市场部_其他权益工具投资_司库_5Y	0.0	0.0	0.0	0.0	0.0	0.0	0.0	0.0	0.0	0.0	0.0	0.0	0.0	0.0	0.0	0.0	0.0	0.0	0.0	0.0	0.0	0.0	0.0	0.0	源: line | 	2026-08-16 13:27:47	2026-08-16 13:27:47
331	e9f74349298e4648b98ec3a5489fc877	1_3_1_4_2	金融市场部_其他权益工具投资_非司库_5Y	0.0	0.0	0.0	0.0	0.0	0.0	0.0	0.0	0.0	0.0	0.0	0.0	0.0	0.0	0.0	0.0	0.0	0.0	0.0	0.0	0.0	0.0	0.0	0.0	源: line | 	2026-08-16 13:27:47	2026-08-16 13:27:47
332	00d1f523057a4dd2a96da7af3cc42bf3	1_3_2	投资银行部投资	0.003645	0.003645	0.003645	0.0	0.0	0.0	0.0	0.0	0.0	0.0	0.0	0.0	0.0	0.0	0.0	0.0	0.0	0.0	0.0	0.0	0.0	0.0	0.0	0.0	源: line | 	2026-08-16 13:27:47	2026-08-16 13:27:47
333	6c0c8712c48444e29a63a7e849b04429	1_3_2_1	投资银行部_交易性金融资产	0.009233	0.009233	0.009233	0.0	0.0	0.0	0.0	0.0	0.0	0.0	0.0	0.0	0.0	0.0	0.0	0.0	0.0	0.0	0.0	0.0	0.0	0.0	0.0	0.029449	源: line | 	2026-08-16 13:27:47	2026-08-16 13:27:47
334	bb768745761d42898d2fabf512895e8a	1_3_2_1_1	投资银行部_交易性政策性金融债投资	0.0	0.0	0.0	0.0	0.0	0.0	0.0	0.0	0.0	0.0	0.0	0.0	0.0	0.0	0.0	0.0	0.0	0.0	0.0	0.0	0.0	0.0	0.0	0.029449	源: line | 	2026-08-16 13:27:47	2026-08-16 13:27:47
335	63461e99f87345a1bb2f1ae0a187f9af	1_3_2_1_1_1	投资银行部_交易性政策性金融债投资_交易账户	0.0	0.0	0.0	0.0	0.0	0.0	0.0	0.0	0.0	0.0	0.0	0.0	0.0	0.0	0.0	0.0	0.0	0.0	0.0	0.0	0.0	0.0	0.0	0.029449	源: line | 	2026-08-16 13:27:47	2026-08-16 13:27:47
336	c02877cece5b49bb9756a25e67969dc4	1_3_2_1_1_1_1	投资银行部_交易性政策性金融债投资_交易账户_1Y	0.0	0.0	0.0	0.0	0.0	0.0	0.0	0.0	0.0	0.0	0.0	0.0	0.0	0.0	0.0	0.0	0.0	0.0	0.0	0.0	0.0	0.0	0.0	0.029449	源: line | 	2026-08-16 13:27:47	2026-08-16 13:27:47
337	e7bc4ab71c4a4952ba06fa585cdf1bd2	1_3_2_1_1_1_2	投资银行部_交易性政策性金融债投资_交易账户_3Y	0.0	0.0	0.0	0.0	0.0	0.0	0.0	0.0	0.0	0.0	0.0	0.0	0.0	0.0	0.0	0.0	0.0	0.0	0.0	0.0	0.0	0.0	0.0	0.029449	源: line | 	2026-08-16 13:27:47	2026-08-16 13:27:47
338	2615f1b6415c49d6b7805ba1cab94724	1_3_2_1_1_1_3	投资银行部_交易性政策性金融债投资_交易账户_5Y	0.0	0.0	0.0	0.0	0.0	0.0	0.0	0.0	0.0	0.0	0.0	0.0	0.0	0.0	0.0	0.0	0.0	0.0	0.0	0.0	0.0	0.0	0.0	0.029449	源: line | 	2026-08-16 13:27:47	2026-08-16 13:27:47
339	0ec029d5ae694b8cbdde9bfa9df78239	1_3_2_1_1_1_4	投资银行部_交易性政策性金融债投资_交易账户_10Y	0.0	0.0	0.0	0.0	0.0	0.0	0.0	0.0	0.0	0.0	0.0	0.0	0.0	0.0	0.0	0.0	0.0	0.0	0.0	0.0	0.0	0.0	0.0	0.029449	源: line | 	2026-08-16 13:27:47	2026-08-16 13:27:47
340	0058c3954f47488aac4bb37ba5d38285	1_3_2_1_1_2	投资银行部_交易性政策性金融债投资_银行账户	0.0	0.0	0.0	0.0	0.0	0.0	0.0	0.0	0.0	0.0	0.0	0.0	0.0	0.0	0.0	0.0	0.0	0.0	0.0	0.0	0.0	0.0	0.0	0.029449	源: line | 	2026-08-16 13:27:47	2026-08-16 13:27:47
341	34e79da6c0be4f19ab73df4396aa75b1	1_3_2_1_1_2_1	投资银行部_交易性政策性金融债投资_银行账户_1Y	0.0	0.0	0.0	0.0	0.0	0.0	0.0	0.0	0.0	0.0	0.0	0.0	0.0	0.0	0.0	0.0	0.0	0.0	0.0	0.0	0.0	0.0	0.0	0.029449	源: line | 	2026-08-16 13:27:47	2026-08-16 13:27:47
342	31e210aeb59f4ecd88bd86441002fbbe	1_3_2_1_1_2_2	投资银行部_交易性政策性金融债投资_银行账户_3Y	0.0	0.0	0.0	0.0	0.0	0.0	0.0	0.0	0.0	0.0	0.0	0.0	0.0	0.0	0.0	0.0	0.0	0.0	0.0	0.0	0.0	0.0	0.0	0.029449	源: line | 	2026-08-16 13:27:47	2026-08-16 13:27:47
343	8c530dc15cd940cba1f4797a0e4e1005	1_3_2_1_1_2_3	投资银行部_交易性政策性金融债投资_银行账户_5Y	0.0	0.0	0.0	0.0	0.0	0.0	0.0	0.0	0.0	0.0	0.0	0.0	0.0	0.0	0.0	0.0	0.0	0.0	0.0	0.0	0.0	0.0	0.0	0.029449	源: line | 	2026-08-16 13:27:47	2026-08-16 13:27:47
344	b0724a2036e44c5e9b97b648d1440f9b	1_3_2_1_1_2_4	投资银行部_交易性政策性金融债投资_银行账户_10Y	0.0	0.0	0.0	0.0	0.0	0.0	0.0	0.0	0.0	0.0	0.0	0.0	0.0	0.0	0.0	0.0	0.0	0.0	0.0	0.0	0.0	0.0	0.0	0.029449	源: line | 	2026-08-16 13:27:47	2026-08-16 13:27:47
345	899d62323edc4282beb85fd60425e32c	1_3_2_1_2	投资银行部_交易性商业银行债投资	0.0	0.0	0.0	0.0	0.0	0.0	0.0	0.0	0.0	0.0	0.0	0.0	0.0	0.0	0.0	0.0	0.0	0.0	0.0	0.0	0.0	0.0	0.0	0.029449	源: line | 	2026-08-16 13:27:47	2026-08-16 13:27:47
346	3f82ff031b0441dab92c4dcaa7118f51	1_3_2_1_2_1	投资银行部_交易性商业银行债投资_交易账户	0.0	0.0	0.0	0.0	0.0	0.0	0.0	0.0	0.0	0.0	0.0	0.0	0.0	0.0	0.0	0.0	0.0	0.0	0.0	0.0	0.0	0.0	0.0	0.029449	源: line | 	2026-08-16 13:27:47	2026-08-16 13:27:47
347	01ccc4d9236046c6b1faa4e0dd84898c	1_3_2_1_2_1_1	投资银行部_交易性商业银行债投资_交易账户_1Y	0.0	0.0	0.0	0.0	0.0	0.0	0.0	0.0	0.0	0.0	0.0	0.0	0.0	0.0	0.0	0.0	0.0	0.0	0.0	0.0	0.0	0.0	0.0	0.029449	源: line | 	2026-08-16 13:27:47	2026-08-16 13:27:47
348	38f0790308a44b07b9c74e545651eddc	1_3_2_1_2_1_2	投资银行部_交易性商业银行债投资_交易账户_3Y	0.0	0.0	0.0	0.0	0.0	0.0	0.0	0.0	0.0	0.0	0.0	0.0	0.0	0.0	0.0	0.0	0.0	0.0	0.0	0.0	0.0	0.0	0.0	0.029449	源: line | 	2026-08-16 13:27:47	2026-08-16 13:27:47
349	d2ae002b7f6741c78f9de40754a26e4a	1_3_2_1_2_1_3	投资银行部_交易性商业银行债投资_交易账户_5Y	0.0	0.0	0.0	0.0	0.0	0.0	0.0	0.0	0.0	0.0	0.0	0.0	0.0	0.0	0.0	0.0	0.0	0.0	0.0	0.0	0.0	0.0	0.0	0.029449	源: line | 	2026-08-16 13:27:47	2026-08-16 13:27:47
350	d477fc38649c4fa2bfd5997b879a009a	1_3_2_1_2_1_4	投资银行部_交易性商业银行债投资_交易账户_10Y	0.0	0.0	0.0	0.0	0.0	0.0	0.0	0.0	0.0	0.0	0.0	0.0	0.0	0.0	0.0	0.0	0.0	0.0	0.0	0.0	0.0	0.0	0.0	0.029449	源: line | 	2026-08-16 13:27:47	2026-08-16 13:27:47
351	b6bc45a7c9df4c4e8f33d57d980a0cd5	1_3_2_1_2_2	投资银行部_交易性商业银行债投资_银行账户	0.0	0.0	0.0	0.0	0.0	0.0	0.0	0.0	0.0	0.0	0.0	0.0	0.0	0.0	0.0	0.0	0.0	0.0	0.0	0.0	0.0	0.0	0.0	0.029449	源: line | 	2026-08-16 13:27:47	2026-08-16 13:27:47
352	ea440823dacb4c60a785d2bd701b687d	1_3_2_1_2_2_1	投资银行部_交易性商业银行债投资_银行账户_1Y	0.0	0.0	0.0	0.0	0.0	0.0	0.0	0.0	0.0	0.0	0.0	0.0	0.0	0.0	0.0	0.0	0.0	0.0	0.0	0.0	0.0	0.0	0.0	0.029449	源: line | 	2026-08-16 13:27:47	2026-08-16 13:27:47
353	f9e633435b5d441ea0b16a85be270aba	1_3_2_1_2_2_2	投资银行部_交易性商业银行债投资_银行账户_3Y	0.0	0.0	0.0	0.0	0.0	0.0	0.0	0.0	0.0	0.0	0.0	0.0	0.0	0.0	0.0	0.0	0.0	0.0	0.0	0.0	0.0	0.0	0.0	0.029449	源: line | 	2026-08-16 13:27:47	2026-08-16 13:27:47
354	dbd625ae56044dbc9d49ddb651b4b7a5	1_3_2_1_2_2_3	投资银行部_交易性商业银行债投资_银行账户_5Y	0.0	0.0	0.0	0.0	0.0	0.0	0.0	0.0	0.0	0.0	0.0	0.0	0.0	0.0	0.0	0.0	0.0	0.0	0.0	0.0	0.0	0.0	0.0	0.029449	源: line | 	2026-08-16 13:27:47	2026-08-16 13:27:47
355	0adf60bb641b4c469b2be2a815c0d1cf	1_3_2_1_2_2_4	投资银行部_交易性商业银行债投资_银行账户_10Y	0.0	0.0	0.0	0.0	0.0	0.0	0.0	0.0	0.0	0.0	0.0	0.0	0.0	0.0	0.0	0.0	0.0	0.0	0.0	0.0	0.0	0.0	0.0	0.029449	源: line | 	2026-08-16 13:27:47	2026-08-16 13:27:47
356	5e5eb2dd228843cea8a1f3705b420323	1_3_2_1_3	投资银行部_交易性金融机构债投资	0.0	0.0	0.0	0.0	0.0	0.0	0.0	0.0	0.0	0.0	0.0	0.0	0.0	0.0	0.0	0.0	0.0	0.0	0.0	0.0	0.0	0.0	0.0	0.029449	源: line | 	2026-08-16 13:27:47	2026-08-16 13:27:47
357	102a420203b143f6ac1a59cda3034521	1_3_2_1_3_1	投资银行部_交易性金融机构债投资_交易账户	0.0	0.0	0.0	0.0	0.0	0.0	0.0	0.0	0.0	0.0	0.0	0.0	0.0	0.0	0.0	0.0	0.0	0.0	0.0	0.0	0.0	0.0	0.0	0.029449	源: line | 	2026-08-16 13:27:47	2026-08-16 13:27:47
358	7924bf6af92f48c8b57d460f7e2aad35	1_3_2_1_3_1_1	投资银行部_交易性金融机构债投资_交易账户_1Y	0.0	0.0	0.0	0.0	0.0	0.0	0.0	0.0	0.0	0.0	0.0	0.0	0.0	0.0	0.0	0.0	0.0	0.0	0.0	0.0	0.0	0.0	0.0	0.029449	源: line | 	2026-08-16 13:27:47	2026-08-16 13:27:47
359	c1446dda2bb04515b487a0e631675ad7	1_3_2_1_3_1_2	投资银行部_交易性金融机构债投资_交易账户_3Y	0.0	0.0	0.0	0.0	0.0	0.0	0.0	0.0	0.0	0.0	0.0	0.0	0.0	0.0	0.0	0.0	0.0	0.0	0.0	0.0	0.0	0.0	0.0	0.029449	源: line | 	2026-08-16 13:27:47	2026-08-16 13:27:47
360	03c1f3ab12de4114a4af23d5f444d4ca	1_3_2_1_3_1_3	投资银行部_交易性金融机构债投资_交易账户_5Y	0.0	0.0	0.0	0.0	0.0	0.0	0.0	0.0	0.0	0.0	0.0	0.0	0.0	0.0	0.0	0.0	0.0	0.0	0.0	0.0	0.0	0.0	0.0	0.029449	源: line | 	2026-08-16 13:27:47	2026-08-16 13:27:47
361	ec3c4d86a3524307a865876e7aec08de	1_3_2_1_3_1_4	投资银行部_交易性金融机构债投资_交易账户_10Y	0.0	0.0	0.0	0.0	0.0	0.0	0.0	0.0	0.0	0.0	0.0	0.0	0.0	0.0	0.0	0.0	0.0	0.0	0.0	0.0	0.0	0.0	0.0	0.029449	源: line | 	2026-08-16 13:27:47	2026-08-16 13:27:47
362	341aad5a2b4f4ce499d64d86c5f0f291	1_3_2_1_3_2	投资银行部_交易性金融机构债投资_银行账户	0.0	0.0	0.0	0.0	0.0	0.0	0.0	0.0	0.0	0.0	0.0	0.0	0.0	0.0	0.0	0.0	0.0	0.0	0.0	0.0	0.0	0.0	0.0	0.029449	源: line | 	2026-08-16 13:27:47	2026-08-16 13:27:47
363	33063e8323a04072b7356df0d397cd43	1_3_2_1_3_2_1	投资银行部_交易性金融机构债投资_银行账户_1Y	0.0	0.0	0.0	0.0	0.0	0.0	0.0	0.0	0.0	0.0	0.0	0.0	0.0	0.0	0.0	0.0	0.0	0.0	0.0	0.0	0.0	0.0	0.0	0.029449	源: line | 	2026-08-16 13:27:47	2026-08-16 13:27:47
364	34b97c30e7f54eea88e7f351c16348f9	1_3_2_1_3_2_2	投资银行部_交易性金融机构债投资_银行账户_3Y	0.0	0.0	0.0	0.0	0.0	0.0	0.0	0.0	0.0	0.0	0.0	0.0	0.0	0.0	0.0	0.0	0.0	0.0	0.0	0.0	0.0	0.0	0.0	0.029449	源: line | 	2026-08-16 13:27:47	2026-08-16 13:27:47
365	64fcd48adafe4930a813afd8a694b30e	1_3_2_1_3_2_3	投资银行部_交易性金融机构债投资_银行账户_5Y	0.0	0.0	0.0	0.0	0.0	0.0	0.0	0.0	0.0	0.0	0.0	0.0	0.0	0.0	0.0	0.0	0.0	0.0	0.0	0.0	0.0	0.0	0.0	0.029449	源: line | 	2026-08-16 13:27:47	2026-08-16 13:27:47
366	9a9b33edbc3443ea9425450431b1dcb7	1_3_2_1_3_2_4	投资银行部_交易性金融机构债投资_银行账户_10Y	0.0	0.0	0.0	0.0	0.0	0.0	0.0	0.0	0.0	0.0	0.0	0.0	0.0	0.0	0.0	0.0	0.0	0.0	0.0	0.0	0.0	0.0	0.0	0.029449	源: line | 	2026-08-16 13:27:47	2026-08-16 13:27:47
367	e27b70f7468447f58023b10705d53790	1_3_2_1_4	投资银行部_交易性公司债投资	0.065697	0.065697	0.065697	0.0	0.0	0.0	0.0	0.0	0.0	0.0	0.0	0.0	0.0	0.0	0.0	0.0	0.0	0.0	0.0	0.0	0.0	0.0	0.0	0.029449	源: line | 	2026-08-16 13:27:47	2026-08-16 13:27:47
368	75e8c33d39ee40a0ba1df8464e4ba7f0	1_3_2_1_4_1	投资银行部_交易性公司债投资_交易账户	0.065697	0.065697	0.065697	0.0	0.0	0.0	0.0	0.0	0.0	0.0	0.0	0.0	0.0	0.0	0.0	0.0	0.0	0.0	0.0	0.0	0.0	0.0	0.0	0.029449	源: line | 	2026-08-16 13:27:47	2026-08-16 13:27:47
369	4c50045cc2c74d5889323e27f529dc10	1_3_2_1_4_1_1	投资银行部_交易性公司债投资_交易账户_1Y	0.069413	0.069413	0.069413	0.0	0.0	0.0	0.0	0.0	0.0	0.0	0.0	0.0	0.0	0.0	0.0	0.0	0.0	0.0	0.0	0.0	0.0	0.0	0.0	0.029449	源: line | 	2026-08-16 13:27:47	2026-08-16 13:27:47
370	ce163d1f5a2245f0b5dcbd922b13a577	1_3_2_1_4_1_2	投资银行部_交易性公司债投资_交易账户_3Y	0.063939	0.063939	0.063939	0.0	0.0	0.0	0.0	0.0	0.0	0.0	0.0	0.0	0.0	0.0	0.0	0.0	0.0	0.0	0.0	0.0	0.0	0.0	0.0	0.029449	源: line | 	2026-08-16 13:27:47	2026-08-16 13:27:47
371	dc0fcd810bbf44c4b0074b4b33794f9f	1_3_2_1_4_1_3	投资银行部_交易性公司债投资_交易账户_5Y	0.0	0.0	0.0	0.0	0.0	0.0	0.0	0.0	0.0	0.0	0.0	0.0	0.0	0.0	0.0	0.0	0.0	0.0	0.0	0.0	0.0	0.0	0.0	0.029449	源: line | 	2026-08-16 13:27:47	2026-08-16 13:27:47
372	25511bc858d0430ba47bb12379fcf9b8	1_3_2_1_4_1_4	投资银行部_交易性公司债投资_交易账户_10Y	0.0	0.0	0.0	0.0	0.0	0.0	0.0	0.0	0.0	0.0	0.0	0.0	0.0	0.0	0.0	0.0	0.0	0.0	0.0	0.0	0.0	0.0	0.0	0.029449	源: line | 	2026-08-16 13:27:47	2026-08-16 13:27:47
373	1fd53d22c0aa4c1b81d1fb2ebbff061a	1_3_2_1_4_2	投资银行部_交易性公司债投资_银行账户	0.0	0.0	0.0	0.0	0.0	0.0	0.0	0.0	0.0	0.0	0.0	0.0	0.0	0.0	0.0	0.0	0.0	0.0	0.0	0.0	0.0	0.0	0.0	0.029449	源: line | 	2026-08-16 13:27:47	2026-08-16 13:27:47
374	e876f08a364e431eabd20a8d90dea5c3	1_3_2_1_4_2_1	投资银行部_交易性公司债投资_银行账户_1Y	0.0	0.0	0.0	0.0	0.0	0.0	0.0	0.0	0.0	0.0	0.0	0.0	0.0	0.0	0.0	0.0	0.0	0.0	0.0	0.0	0.0	0.0	0.0	0.029449	源: line | 	2026-08-16 13:27:47	2026-08-16 13:27:47
375	5d084fcf32fd4529b1b3f965b21657bd	1_3_2_1_4_2_2	投资银行部_交易性公司债投资_银行账户_3Y	0.0	0.0	0.0	0.0	0.0	0.0	0.0	0.0	0.0	0.0	0.0	0.0	0.0	0.0	0.0	0.0	0.0	0.0	0.0	0.0	0.0	0.0	0.0	0.029449	源: line | 	2026-08-16 13:27:47	2026-08-16 13:27:47
376	373c9d4f5edc4a5598bfc417eb83358d	1_3_2_1_4_2_3	投资银行部_交易性公司债投资_银行账户_5Y	0.0	0.0	0.0	0.0	0.0	0.0	0.0	0.0	0.0	0.0	0.0	0.0	0.0	0.0	0.0	0.0	0.0	0.0	0.0	0.0	0.0	0.0	0.0	0.029449	源: line | 	2026-08-16 13:27:47	2026-08-16 13:27:47
377	b49d158f3d8b4689b162de6309579820	1_3_2_1_4_2_4	投资银行部_交易性公司债投资_银行账户_10Y	0.0	0.0	0.0	0.0	0.0	0.0	0.0	0.0	0.0	0.0	0.0	0.0	0.0	0.0	0.0	0.0	0.0	0.0	0.0	0.0	0.0	0.0	0.0	0.029449	源: line | 	2026-08-16 13:27:47	2026-08-16 13:27:47
378	300a0b256239416abd33c8d956c38733	1_3_2_1_5	投资银行部_交易性信托	0.0	0.0	0.0	0.0	0.0	0.0	0.0	0.0	0.0	0.0	0.0	0.0	0.0	0.0	0.0	0.0	0.0	0.0	0.0	0.0	0.0	0.0	0.0	0.029449	源: line | 	2026-08-16 13:27:47	2026-08-16 13:27:47
379	fc967047cdef4e7a9bce693b2b0e2c50	1_3_2_1_5_1	投资银行部_交易性信托_1Y	0.0	0.0	0.0	0.0	0.0	0.0	0.0	0.0	0.0	0.0	0.0	0.0	0.0	0.0	0.0	0.0	0.0	0.0	0.0	0.0	0.0	0.0	0.0	0.029449	源: line | 	2026-08-16 13:27:47	2026-08-16 13:27:47
380	65f2ea99cf1a4fa8b65b0271d6488a2e	1_3_2_1_5_2	投资银行部_交易性信托_3Y	0.0	0.0	0.0	0.0	0.0	0.0	0.0	0.0	0.0	0.0	0.0	0.0	0.0	0.0	0.0	0.0	0.0	0.0	0.0	0.0	0.0	0.0	0.0	0.029449	源: line | 	2026-08-16 13:27:47	2026-08-16 13:27:47
381	3d8a6b252a834ec69340b93f900eff17	1_3_2_1_5_3	投资银行部_交易性信托_5Y	0.0	0.0	0.0	0.0	0.0	0.0	0.0	0.0	0.0	0.0	0.0	0.0	0.0	0.0	0.0	0.0	0.0	0.0	0.0	0.0	0.0	0.0	0.0	0.029449	源: line | 	2026-08-16 13:27:47	2026-08-16 13:27:47
382	965357c8255049c09d0c2b78e30dba3e	1_3_2_1_6	投资银行部_交易性资管计划	0.0	0.0	0.0	0.0	0.0	0.0	0.0	0.0	0.0	0.0	0.0	0.0	0.0	0.0	0.0	0.0	0.0	0.0	0.0	0.0	0.0	0.0	0.0	0.029449	源: line | 	2026-08-16 13:27:47	2026-08-16 13:27:47
383	31243b4d6e7b4907aa7fdcac1952b71c	1_3_2_1_6_1	投资银行部_交易性资管计划_1Y	0.0	0.0	0.0	0.0	0.0	0.0	0.0	0.0	0.0	0.0	0.0	0.0	0.0	0.0	0.0	0.0	0.0	0.0	0.0	0.0	0.0	0.0	0.0	0.029449	源: line | 	2026-08-16 13:27:47	2026-08-16 13:27:47
384	a923133fe1ac4eeebceaaefe1a308744	1_3_2_1_6_2	投资银行部_交易性资管计划_3Y	0.0	0.0	0.0	0.0	0.0	0.0	0.0	0.0	0.0	0.0	0.0	0.0	0.0	0.0	0.0	0.0	0.0	0.0	0.0	0.0	0.0	0.0	0.0	0.029449	源: line | 	2026-08-16 13:27:47	2026-08-16 13:27:47
385	bfec3f0631564ac6a43c7a356db70dc7	1_3_2_1_6_3	投资银行部_交易性资管计划_5Y	0.0	0.0	0.0	0.0	0.0	0.0	0.0	0.0	0.0	0.0	0.0	0.0	0.0	0.0	0.0	0.0	0.0	0.0	0.0	0.0	0.0	0.0	0.0	0.029449	源: line | 	2026-08-16 13:27:47	2026-08-16 13:27:47
386	dae4268e1ab04fe7a4da90cd493dd57d	1_3_2_1_7	投资银行部_交易性债权融资计划	0.0	0.0	0.0	0.0	0.0	0.0	0.0	0.0	0.0	0.0	0.0	0.0	0.0	0.0	0.0	0.0	0.0	0.0	0.0	0.0	0.0	0.0	0.0	0.029449	源: line | 	2026-08-16 13:27:47	2026-08-16 13:27:47
387	44239a257bad47c2ae63fc34ea0dcaa7	1_3_2_1_7_1	投资银行部_交易性债权融资计划_1Y	0.0	0.0	0.0	0.0	0.0	0.0	0.0	0.0	0.0	0.0	0.0	0.0	0.0	0.0	0.0	0.0	0.0	0.0	0.0	0.0	0.0	0.0	0.0	0.029449	源: line | 	2026-08-16 13:27:47	2026-08-16 13:27:47
388	a99e9972cff9406bb95c8b967b1ad499	1_3_2_1_7_2	投资银行部_交易性债权融资计划_3Y	0.0	0.0	0.0	0.0	0.0	0.0	0.0	0.0	0.0	0.0	0.0	0.0	0.0	0.0	0.0	0.0	0.0	0.0	0.0	0.0	0.0	0.0	0.0	0.029449	源: line | 	2026-08-16 13:27:47	2026-08-16 13:27:47
389	2686a399eadf426d8023d6710beaa6d6	1_3_2_1_7_3	投资银行部_交易性债权融资计划_5Y	0.0	0.0	0.0	0.0	0.0	0.0	0.0	0.0	0.0	0.0	0.0	0.0	0.0	0.0	0.0	0.0	0.0	0.0	0.0	0.0	0.0	0.0	0.0	0.029449	源: line | 	2026-08-16 13:27:47	2026-08-16 13:27:47
390	d9f1189159044887a8bb9cf283e44cc7	1_3_2_1_8	投资银行部_交易性私募基金	0.0	0.0	0.0	0.0	0.0	0.0	0.0	0.0	0.0	0.0	0.0	0.0	0.0	0.0	0.0	0.0	0.0	0.0	0.0	0.0	0.0	0.0	0.0	0.029449	源: line | 	2026-08-16 13:27:47	2026-08-16 13:27:47
391	8312500d78274f9bb6b65f248c7221e6	1_3_2_1_8_1	投资银行部_交易性私募基金_1Y	0.0	0.0	0.0	0.0	0.0	0.0	0.0	0.0	0.0	0.0	0.0	0.0	0.0	0.0	0.0	0.0	0.0	0.0	0.0	0.0	0.0	0.0	0.0	0.029449	源: line | 	2026-08-16 13:27:47	2026-08-16 13:27:47
392	075c2f464ba94dfcbd1624b22d689a77	1_3_2_1_8_2	投资银行部_交易性私募基金_3Y	0.0	0.0	0.0	0.0	0.0	0.0	0.0	0.0	0.0	0.0	0.0	0.0	0.0	0.0	0.0	0.0	0.0	0.0	0.0	0.0	0.0	0.0	0.0	0.029449	源: line | 	2026-08-16 13:27:47	2026-08-16 13:27:47
393	f8e4cb9ae99e4842940d02e8f1d633f2	1_3_2_1_8_3	投资银行部_交易性私募基金_5Y	0.0	0.0	0.0	0.0	0.0	0.0	0.0	0.0	0.0	0.0	0.0	0.0	0.0	0.0	0.0	0.0	0.0	0.0	0.0	0.0	0.0	0.0	0.0	0.029449	源: line | 	2026-08-16 13:27:47	2026-08-16 13:27:47
394	069c2c6de8494a5eb11a2f062bd286a6	1_3_2_1_9	投资银行部_交易性公募基金	0.0	0.0	0.0	0.0	0.0	0.0	0.0	0.0	0.0	0.0	0.0	0.0	0.0	0.0	0.0	0.0	0.0	0.0	0.0	0.0	0.0	0.0	0.0	0.029449	源: line | 	2026-08-16 13:27:47	2026-08-16 13:27:47
395	62a598fe08484fd1a69c401846986beb	1_3_2_1_9_1	投资银行部_交易性公募基金_3Y	0.0	0.0	0.0	0.0	0.0	0.0	0.0	0.0	0.0	0.0	0.0	0.0	0.0	0.0	0.0	0.0	0.0	0.0	0.0	0.0	0.0	0.0	0.0	0.029449	源: line | 	2026-08-16 13:27:47	2026-08-16 13:27:47
396	c5c8ac3fbb1649938f880fd2ddf9bca0	1_3_2_1_10	投资银行部_交易性融资租赁	0.0	0.0	0.0	0.0	0.0	0.0	0.0	0.0	0.0	0.0	0.0	0.0	0.0	0.0	0.0	0.0	0.0	0.0	0.0	0.0	0.0	0.0	0.0	0.029449	源: line | 	2026-08-16 13:27:47	2026-08-16 13:27:47
397	779597acc7c947c2af9ca915f016edb0	1_3_2_1_10_1	投资银行部_交易性融资租赁_1Y	0.0	0.0	0.0	0.0	0.0	0.0	0.0	0.0	0.0	0.0	0.0	0.0	0.0	0.0	0.0	0.0	0.0	0.0	0.0	0.0	0.0	0.0	0.0	0.029449	源: line | 	2026-08-16 13:27:47	2026-08-16 13:27:47
398	66b5baff3cba4e14b81a844c97629f87	1_3_2_1_10_2	投资银行部_交易性融资租赁_3Y	0.0	0.0	0.0	0.0	0.0	0.0	0.0	0.0	0.0	0.0	0.0	0.0	0.0	0.0	0.0	0.0	0.0	0.0	0.0	0.0	0.0	0.0	0.0	0.029449	源: line | 	2026-08-16 13:27:47	2026-08-16 13:27:47
399	19cb144b5e0f450299bf61f7112fd310	1_3_2_1_10_3	投资银行部_交易性融资租赁_5Y	0.0	0.0	0.0	0.0	0.0	0.0	0.0	0.0	0.0	0.0	0.0	0.0	0.0	0.0	0.0	0.0	0.0	0.0	0.0	0.0	0.0	0.0	0.0	0.029449	源: line | 	2026-08-16 13:27:47	2026-08-16 13:27:47
400	2789e16afc9b4b59b3e6c127d2d306ac	1_3_2_1_11	投资银行部_交易性金融资产_资产证券化产品	0.0	0.0	0.0	0.0	0.0	0.0	0.0	0.0	0.0	0.0	0.0	0.0	0.0	0.0	0.0	0.0	0.0	0.0	0.0	0.0	0.0	0.0	0.0	0.029449	源: line | 	2026-08-16 13:27:47	2026-08-16 13:27:47
401	31984349d88a43a6a7aba6c7dc3ffb5b	1_3_2_1_11_1	投资银行部_交易性金融资产_资产证券化产品_1Y	0.0	0.0	0.0	0.0	0.0	0.0	0.0	0.0	0.0	0.0	0.0	0.0	0.0	0.0	0.0	0.0	0.0	0.0	0.0	0.0	0.0	0.0	0.0	0.029449	源: line | 	2026-08-16 13:27:47	2026-08-16 13:27:47
402	fdbd6f97fcdf4a08a6b963e3ebacae6f	1_3_2_1_11_2	投资银行部_交易性金融资产_资产证券化产品_3Y	0.0	0.0	0.0	0.0	0.0	0.0	0.0	0.0	0.0	0.0	0.0	0.0	0.0	0.0	0.0	0.0	0.0	0.0	0.0	0.0	0.0	0.0	0.0	0.029449	源: line | 	2026-08-16 13:27:47	2026-08-16 13:27:47
403	e966fcd628f6421dbe4616604d5455ad	1_3_2_1_11_3	投资银行部_交易性金融资产_资产证券化产品_5Y	0.0	0.0	0.0	0.0	0.0	0.0	0.0	0.0	0.0	0.0	0.0	0.0	0.0	0.0	0.0	0.0	0.0	0.0	0.0	0.0	0.0	0.0	0.0	0.029449	源: line | 	2026-08-16 13:27:47	2026-08-16 13:27:47
404	ac1a6c0dbd5f4e6e83cc3df4466b6320	1_3_2_1_12	投资银行部_交易性其他资产	-0.022941	-0.022941	-0.022941	0.0	0.0	0.0	0.0	0.0	0.0	0.0	0.0	0.0	0.0	0.0	0.0	0.0	0.0	0.0	0.0	0.0	0.0	0.0	0.0	0.029449	源: line | 	2026-08-16 13:27:47	2026-08-16 13:27:47
405	610b0c846fb3477ba25717d37b578cdc	1_3_2_1_12_1	投资银行部_交易性其他资产_1Y	-0.022941	-0.022941	-0.022941	0.0	0.0	0.0	0.0	0.0	0.0	0.0	0.0	0.0	0.0	0.0	0.0	0.0	0.0	0.0	0.0	0.0	0.0	0.0	0.0	0.029449	源: line | 	2026-08-16 13:27:47	2026-08-16 13:27:47
406	4e29ab7d04f4472a84809edd0d4340b1	1_3_2_1_12_2	投资银行部_交易性其他资产_3Y	0.0	0.0	0.0	0.0	0.0	0.0	0.0	0.0	0.0	0.0	0.0	0.0	0.0	0.0	0.0	0.0	0.0	0.0	0.0	0.0	0.0	0.0	0.0	0.029449	源: line | 	2026-08-16 13:27:47	2026-08-16 13:27:47
407	bdee5197ac504a8f9f9e00c98a0c1c51	1_3_2_1_12_3	投资银行部_交易性其他资产_5Y	0.0	0.0	0.0	0.0	0.0	0.0	0.0	0.0	0.0	0.0	0.0	0.0	0.0	0.0	0.0	0.0	0.0	0.0	0.0	0.0	0.0	0.0	0.0	0.029449	源: line | 	2026-08-16 13:27:47	2026-08-16 13:27:47
408	a1bdd9e9ee13464897da650d434791a9	1_3_2_2	投资银行部_其他债权投资	0.0	0.0	0.0	0.0	0.0	0.0	0.0	0.0	0.0	0.0	0.0	0.0	0.0	0.0	0.0	0.0	0.0	0.0	0.0	0.0	0.0	0.0	0.0	0.032233	源: line | 	2026-08-16 13:27:47	2026-08-16 13:27:47
409	a0e0de594a7b4fe8b1a047cdcaae902e	1_3_2_2_1	投资银行部_其他债权投资_商业银行债	0.0	0.0	0.0	0.0	0.0	0.0	0.0	0.0	0.0	0.0	0.0	0.0	0.0	0.0	0.0	0.0	0.0	0.0	0.0	0.0	0.0	0.0	0.0	0.032233	源: line | 	2026-08-16 13:27:47	2026-08-16 13:27:47
410	e6f9f5f966a040338533173ab65942a3	1_3_2_2_1_1	投资银行部_其他债权投资_商业银行债_1Y	0.0	0.0	0.0	0.0	0.0	0.0	0.0	0.0	0.0	0.0	0.0	0.0	0.0	0.0	0.0	0.0	0.0	0.0	0.0	0.0	0.0	0.0	0.0	0.032233	源: line | 	2026-08-16 13:27:47	2026-08-16 13:27:47
411	e8c54c8f190d4276a0cc53e1b9abe400	1_3_2_2_1_2	投资银行部_其他债权投资_商业银行债_3Y	0.0	0.0	0.0	0.0	0.0	0.0	0.0	0.0	0.0	0.0	0.0	0.0	0.0	0.0	0.0	0.0	0.0	0.0	0.0	0.0	0.0	0.0	0.0	0.032233	源: line | 	2026-08-16 13:27:47	2026-08-16 13:27:47
412	e8961a83e53e4a81942213a44ba72394	1_3_2_2_1_3	投资银行部_其他债权投资_商业银行债_5Y	0.0	0.0	0.0	0.0	0.0	0.0	0.0	0.0	0.0	0.0	0.0	0.0	0.0	0.0	0.0	0.0	0.0	0.0	0.0	0.0	0.0	0.0	0.0	0.032233	源: line | 	2026-08-16 13:27:47	2026-08-16 13:27:47
413	a2b2321fd3da4821a209f334e80479d8	1_3_2_2_1_4	投资银行部_其他债权投资_商业银行债_10Y	0.0	0.0	0.0	0.0	0.0	0.0	0.0	0.0	0.0	0.0	0.0	0.0	0.0	0.0	0.0	0.0	0.0	0.0	0.0	0.0	0.0	0.0	0.0	0.032233	源: line | 	2026-08-16 13:27:47	2026-08-16 13:27:47
414	657e188261474e14b638cb10a237eee0	1_3_2_2_2	投资银行部_其他债权投资_金融机构债	0.0	0.0	0.0	0.0	0.0	0.0	0.0	0.0	0.0	0.0	0.0	0.0	0.0	0.0	0.0	0.0	0.0	0.0	0.0	0.0	0.0	0.0	0.0	0.032233	源: line | 	2026-08-16 13:27:47	2026-08-16 13:27:47
415	8fc0ed14fe3e415fb1b3b9ccea6130ed	1_3_2_2_2_1	投资银行部_其他债权投资_金融机构债_1Y	0.0	0.0	0.0	0.0	0.0	0.0	0.0	0.0	0.0	0.0	0.0	0.0	0.0	0.0	0.0	0.0	0.0	0.0	0.0	0.0	0.0	0.0	0.0	0.032233	源: line | 	2026-08-16 13:27:47	2026-08-16 13:27:47
416	463253012de746f8b1722e4523107e61	1_3_2_2_2_2	投资银行部_其他债权投资_金融机构债_3Y	0.0	0.0	0.0	0.0	0.0	0.0	0.0	0.0	0.0	0.0	0.0	0.0	0.0	0.0	0.0	0.0	0.0	0.0	0.0	0.0	0.0	0.0	0.0	0.032233	源: line | 	2026-08-16 13:27:47	2026-08-16 13:27:47
417	ddaf8f9759834bffbdecaff7abcf889e	1_3_2_2_2_3	投资银行部_其他债权投资_金融机构债_5Y	0.0	0.0	0.0	0.0	0.0	0.0	0.0	0.0	0.0	0.0	0.0	0.0	0.0	0.0	0.0	0.0	0.0	0.0	0.0	0.0	0.0	0.0	0.0	0.032233	源: line | 	2026-08-16 13:27:47	2026-08-16 13:27:47
418	ee0585717f874e75a270fbf8093b6c74	1_3_2_2_2_4	投资银行部_其他债权投资_金融机构债_10Y	0.0	0.0	0.0	0.0	0.0	0.0	0.0	0.0	0.0	0.0	0.0	0.0	0.0	0.0	0.0	0.0	0.0	0.0	0.0	0.0	0.0	0.0	0.0	0.032233	源: line | 	2026-08-16 13:27:47	2026-08-16 13:27:47
419	926e9457701848b4b27c53aa45cabbcf	1_3_2_2_3	投资银行部_其他债权投资_公司债	0.0	0.0	0.0	0.0	0.0	0.0	0.0	0.0	0.0	0.0	0.0	0.0	0.0	0.0	0.0	0.0	0.0	0.0	0.0	0.0	0.0	0.0	0.0	0.032233	源: line | 	2026-08-16 13:27:47	2026-08-16 13:27:47
420	70371e5fca574a87a87d5483f09fe1f6	1_3_2_2_3_1	投资银行部_其他债权投资_公司债_1Y	0.0	0.0	0.0	0.0	0.0	0.0	0.0	0.0	0.0	0.0	0.0	0.0	0.0	0.0	0.0	0.0	0.0	0.0	0.0	0.0	0.0	0.0	0.0	0.032233	源: line | 	2026-08-16 13:27:47	2026-08-16 13:27:47
421	e6ad622c8c7348a0839b2e9980a2f422	1_3_2_2_3_2	投资银行部_其他债权投资_公司债_3Y	0.0	0.0	0.0	0.0	0.0	0.0	0.0	0.0	0.0	0.0	0.0	0.0	0.0	0.0	0.0	0.0	0.0	0.0	0.0	0.0	0.0	0.0	0.0	0.032233	源: line | 	2026-08-16 13:27:47	2026-08-16 13:27:47
422	40e3c72a6deb4267a445d60815bd75b5	1_3_2_2_3_3	投资银行部_其他债权投资_公司债_5Y	0.0	0.0	0.0	0.0	0.0	0.0	0.0	0.0	0.0	0.0	0.0	0.0	0.0	0.0	0.0	0.0	0.0	0.0	0.0	0.0	0.0	0.0	0.0	0.032233	源: line | 	2026-08-16 13:27:47	2026-08-16 13:27:47
423	c056d5180f4849ccaa3b98d005403a74	1_3_2_2_3_4	投资银行部_其他债权投资_公司债_10Y	0.0	0.0	0.0	0.0	0.0	0.0	0.0	0.0	0.0	0.0	0.0	0.0	0.0	0.0	0.0	0.0	0.0	0.0	0.0	0.0	0.0	0.0	0.0	0.032233	源: line | 	2026-08-16 13:27:47	2026-08-16 13:27:47
424	c0e9a6b79ac54d39b8d5ca808b89571d	1_3_2_2_4	投资银行部_其他债权投资_信托	0.0	0.0	0.0	0.0	0.0	0.0	0.0	0.0	0.0	0.0	0.0	0.0	0.0	0.0	0.0	0.0	0.0	0.0	0.0	0.0	0.0	0.0	0.0	0.032233	源: line | 	2026-08-16 13:27:47	2026-08-16 13:27:47
425	23e76e439b4942dea8d2a7daee88c0c7	1_3_2_2_4_1	投资银行部_其他债权投资_信托_1Y	0.0	0.0	0.0	0.0	0.0	0.0	0.0	0.0	0.0	0.0	0.0	0.0	0.0	0.0	0.0	0.0	0.0	0.0	0.0	0.0	0.0	0.0	0.0	0.032233	源: line | 	2026-08-16 13:27:47	2026-08-16 13:27:47
426	c6ccbf1d969b4b4f8decdbcd9fe2657a	1_3_2_2_4_2	投资银行部_其他债权投资_信托_3Y	0.0	0.0	0.0	0.0	0.0	0.0	0.0	0.0	0.0	0.0	0.0	0.0	0.0	0.0	0.0	0.0	0.0	0.0	0.0	0.0	0.0	0.0	0.0	0.032233	源: line | 	2026-08-16 13:27:47	2026-08-16 13:27:47
427	a45296e9c8714e029246a9016c1255c7	1_3_2_2_4_3	投资银行部_其他债权投资_信托_5Y	0.0	0.0	0.0	0.0	0.0	0.0	0.0	0.0	0.0	0.0	0.0	0.0	0.0	0.0	0.0	0.0	0.0	0.0	0.0	0.0	0.0	0.0	0.0	0.032233	源: line | 	2026-08-16 13:27:47	2026-08-16 13:27:47
428	79badce362de48e0a760cc04ded152e7	1_3_2_2_5	投资银行部_其他债权投资_资管计划	0.0	0.0	0.0	0.0	0.0	0.0	0.0	0.0	0.0	0.0	0.0	0.0	0.0	0.0	0.0	0.0	0.0	0.0	0.0	0.0	0.0	0.0	0.0	0.032233	源: line | 	2026-08-16 13:27:47	2026-08-16 13:27:47
429	50116479c36f4cf48b51856eb8011f4b	1_3_2_2_5_1	投资银行部_其他债权投资_资管计划_1Y	0.0	0.0	0.0	0.0	0.0	0.0	0.0	0.0	0.0	0.0	0.0	0.0	0.0	0.0	0.0	0.0	0.0	0.0	0.0	0.0	0.0	0.0	0.0	0.032233	源: line | 	2026-08-16 13:27:47	2026-08-16 13:27:47
430	0977d9b217694eababf44f7a5a649251	1_3_2_2_5_2	投资银行部_其他债权投资_资管计划_3Y	0.0	0.0	0.0	0.0	0.0	0.0	0.0	0.0	0.0	0.0	0.0	0.0	0.0	0.0	0.0	0.0	0.0	0.0	0.0	0.0	0.0	0.0	0.0	0.032233	源: line | 	2026-08-16 13:27:47	2026-08-16 13:27:47
431	f2b9306f5d5d4ba29f7ad451402cccdd	1_3_2_2_5_3	投资银行部_其他债权投资_资管计划_5Y	0.0	0.0	0.0	0.0	0.0	0.0	0.0	0.0	0.0	0.0	0.0	0.0	0.0	0.0	0.0	0.0	0.0	0.0	0.0	0.0	0.0	0.0	0.0	0.032233	源: line | 	2026-08-16 13:27:47	2026-08-16 13:27:47
432	fafab32e4ac34353ae23a05845674cab	1_3_2_2_6	投资银行部_其他债权投资_债权融资计划	0.0	0.0	0.0	0.0	0.0	0.0	0.0	0.0	0.0	0.0	0.0	0.0	0.0	0.0	0.0	0.0	0.0	0.0	0.0	0.0	0.0	0.0	0.0	0.032233	源: line | 	2026-08-16 13:27:47	2026-08-16 13:27:47
433	227bf78b3dd5463da5b0e08e67905952	1_3_2_2_6_1	投资银行部_其他债权投资_债权融资计划_1Y	0.0	0.0	0.0	0.0	0.0	0.0	0.0	0.0	0.0	0.0	0.0	0.0	0.0	0.0	0.0	0.0	0.0	0.0	0.0	0.0	0.0	0.0	0.0	0.032233	源: line | 	2026-08-16 13:27:47	2026-08-16 13:27:47
434	febc99f8be7b4d88a5b8b0ba0c39a34f	1_3_2_2_6_2	投资银行部_其他债权投资_债权融资计划_3Y	0.0	0.0	0.0	0.0	0.0	0.0	0.0	0.0	0.0	0.0	0.0	0.0	0.0	0.0	0.0	0.0	0.0	0.0	0.0	0.0	0.0	0.0	0.0	0.032233	源: line | 	2026-08-16 13:27:47	2026-08-16 13:27:47
435	c236bf9a0c77405b99a46819bb1e00ea	1_3_2_2_6_3	投资银行部_其他债权投资_债权融资计划_5Y	0.0	0.0	0.0	0.0	0.0	0.0	0.0	0.0	0.0	0.0	0.0	0.0	0.0	0.0	0.0	0.0	0.0	0.0	0.0	0.0	0.0	0.0	0.0	0.032233	源: line | 	2026-08-16 13:27:47	2026-08-16 13:27:47
436	f6dd0f45e10749dcb012e2ebf6d93639	1_3_2_2_7	投资银行部_其他债权投资_私募基金	0.0	0.0	0.0	0.0	0.0	0.0	0.0	0.0	0.0	0.0	0.0	0.0	0.0	0.0	0.0	0.0	0.0	0.0	0.0	0.0	0.0	0.0	0.0	0.032233	源: line | 	2026-08-16 13:27:47	2026-08-16 13:27:47
437	e25ab417a1544e8e98a5a079ba254b06	1_3_2_2_7_1	投资银行部_其他债权投资_私募基金_1Y	0.0	0.0	0.0	0.0	0.0	0.0	0.0	0.0	0.0	0.0	0.0	0.0	0.0	0.0	0.0	0.0	0.0	0.0	0.0	0.0	0.0	0.0	0.0	0.032233	源: line | 	2026-08-16 13:27:47	2026-08-16 13:27:47
438	1e5551bd74f9467691355d34d2186564	1_3_2_2_7_2	投资银行部_其他债权投资_私募基金_3Y	0.0	0.0	0.0	0.0	0.0	0.0	0.0	0.0	0.0	0.0	0.0	0.0	0.0	0.0	0.0	0.0	0.0	0.0	0.0	0.0	0.0	0.0	0.0	0.032233	源: line | 	2026-08-16 13:27:47	2026-08-16 13:27:47
439	7a318f9c43d44b8daa74ef1e72e07ef8	1_3_2_2_7_3	投资银行部_其他债权投资_私募基金_5Y	0.0	0.0	0.0	0.0	0.0	0.0	0.0	0.0	0.0	0.0	0.0	0.0	0.0	0.0	0.0	0.0	0.0	0.0	0.0	0.0	0.0	0.0	0.0	0.032233	源: line | 	2026-08-16 13:27:47	2026-08-16 13:27:47
440	840eade80e5d4850bc1c82ed1d799651	1_3_2_2_8	投资银行部_其他债权投资_公募基金	0.0	0.0	0.0	0.0	0.0	0.0	0.0	0.0	0.0	0.0	0.0	0.0	0.0	0.0	0.0	0.0	0.0	0.0	0.0	0.0	0.0	0.0	0.0	0.032233	源: line | 	2026-08-16 13:27:47	2026-08-16 13:27:47
441	eb23bc1e47f34c018a7a3c93ccaf0399	1_3_2_2_8_1	投资银行部_其他债权投资_公募基金_3Y	0.0	0.0	0.0	0.0	0.0	0.0	0.0	0.0	0.0	0.0	0.0	0.0	0.0	0.0	0.0	0.0	0.0	0.0	0.0	0.0	0.0	0.0	0.0	0.032233	源: line | 	2026-08-16 13:27:47	2026-08-16 13:27:47
442	7af248d1b09a48289ea44eb02ad142ee	1_3_2_2_9	投资银行部_其他债权投资_融资租赁	0.0	0.0	0.0	0.0	0.0	0.0	0.0	0.0	0.0	0.0	0.0	0.0	0.0	0.0	0.0	0.0	0.0	0.0	0.0	0.0	0.0	0.0	0.0	0.032233	源: line | 	2026-08-16 13:27:47	2026-08-16 13:27:47
443	19e3e8843f254174b2ed81e3af7867a2	1_3_2_2_9_1	投资银行部_其他债权投资_融资租赁_1Y	0.0	0.0	0.0	0.0	0.0	0.0	0.0	0.0	0.0	0.0	0.0	0.0	0.0	0.0	0.0	0.0	0.0	0.0	0.0	0.0	0.0	0.0	0.0	0.032233	源: line | 	2026-08-16 13:27:47	2026-08-16 13:27:47
444	cc4cc1496f064948b53d8b81cb38d62a	1_3_2_2_9_2	投资银行部_其他债权投资_融资租赁_3Y	0.0	0.0	0.0	0.0	0.0	0.0	0.0	0.0	0.0	0.0	0.0	0.0	0.0	0.0	0.0	0.0	0.0	0.0	0.0	0.0	0.0	0.0	0.0	0.032233	源: line | 	2026-08-16 13:27:47	2026-08-16 13:27:47
445	238b92098ef8452793748eb387db2290	1_3_2_2_9_3	投资银行部_其他债权投资_融资租赁_5Y	0.0	0.0	0.0	0.0	0.0	0.0	0.0	0.0	0.0	0.0	0.0	0.0	0.0	0.0	0.0	0.0	0.0	0.0	0.0	0.0	0.0	0.0	0.0	0.032233	源: line | 	2026-08-16 13:27:47	2026-08-16 13:27:47
446	64ae29185e7d4c36a119e53aaee16ba2	1_3_2_2_10	投资银行部_其他债权投资_其他	0.0	0.0	0.0	0.0	0.0	0.0	0.0	0.0	0.0	0.0	0.0	0.0	0.0	0.0	0.0	0.0	0.0	0.0	0.0	0.0	0.0	0.0	0.0	0.032233	源: line | 	2026-08-16 13:27:47	2026-08-16 13:27:47
447	7b1e4d93cb64469da1830c71b67d88ee	1_3_2_2_10_1	投资银行部_其他债权投资_其他_1Y	0.0	0.0	0.0	0.0	0.0	0.0	0.0	0.0	0.0	0.0	0.0	0.0	0.0	0.0	0.0	0.0	0.0	0.0	0.0	0.0	0.0	0.0	0.0	0.032233	源: line | 	2026-08-16 13:27:47	2026-08-16 13:27:47
448	c11238305f2d48a3a0b292af24ca2cc1	1_3_2_2_10_2	投资银行部_其他债权投资_其他_3Y	0.0	0.0	0.0	0.0	0.0	0.0	0.0	0.0	0.0	0.0	0.0	0.0	0.0	0.0	0.0	0.0	0.0	0.0	0.0	0.0	0.0	0.0	0.0	0.032233	源: line | 	2026-08-16 13:27:47	2026-08-16 13:27:47
449	c62b72174d51487d94baa241dc8dbee5	1_3_2_2_10_3	投资银行部_其他债权投资_其他_5Y	0.0	0.0	0.0	0.0	0.0	0.0	0.0	0.0	0.0	0.0	0.0	0.0	0.0	0.0	0.0	0.0	0.0	0.0	0.0	0.0	0.0	0.0	0.0	0.032233	源: line | 	2026-08-16 13:27:47	2026-08-16 13:27:47
450	e069f0b109de4fbfa37c3954dd8874fd	1_3_2_3	投资银行部_债权投资	0.0	0.0	0.0	0.0	0.0	0.0	0.0	0.0	0.0	0.0	0.0	0.0	0.0	0.0	0.0	0.0	0.0	0.0	0.0	0.0	0.0	0.0	0.0	0.056156	源: line | 	2026-08-16 13:27:47	2026-08-16 13:27:47
451	825bc5d9cd584e5ab16d799dd27072c5	1_3_2_3_1	投资银行部_债权投资_商业银行债	0.0	0.0	0.0	0.0	0.0	0.0	0.0	0.0	0.0	0.0	0.0	0.0	0.0	0.0	0.0	0.0	0.0	0.0	0.0	0.0	0.0	0.0	0.0	0.056156	源: line | 	2026-08-16 13:27:47	2026-08-16 13:27:47
452	42e3a49b69d54fc3a317afe2b21ae714	1_3_2_3_1_1	投资银行部_债权投资_商业银行债_1Y	0.0	0.0	0.0	0.0	0.0	0.0	0.0	0.0	0.0	0.0	0.0	0.0	0.0	0.0	0.0	0.0	0.0	0.0	0.0	0.0	0.0	0.0	0.0	0.056156	源: line | 	2026-08-16 13:27:47	2026-08-16 13:27:47
453	753d4dd78f804a639a6aa41d6a551dc6	1_3_2_3_1_2	投资银行部_债权投资_商业银行债_3Y	0.0	0.0	0.0	0.0	0.0	0.0	0.0	0.0	0.0	0.0	0.0	0.0	0.0	0.0	0.0	0.0	0.0	0.0	0.0	0.0	0.0	0.0	0.0	0.056156	源: line | 	2026-08-16 13:27:47	2026-08-16 13:27:47
454	9ae0ef5dbcb84d3e94ac44a59767b4e1	1_3_2_3_1_3	投资银行部_债权投资_商业银行债_5Y	0.0	0.0	0.0	0.0	0.0	0.0	0.0	0.0	0.0	0.0	0.0	0.0	0.0	0.0	0.0	0.0	0.0	0.0	0.0	0.0	0.0	0.0	0.0	0.056156	源: line | 	2026-08-16 13:27:47	2026-08-16 13:27:47
455	33e4a23e3f55411ca226823de4652953	1_3_2_3_1_4	投资银行部_债权投资_商业银行债_10Y	0.0	0.0	0.0	0.0	0.0	0.0	0.0	0.0	0.0	0.0	0.0	0.0	0.0	0.0	0.0	0.0	0.0	0.0	0.0	0.0	0.0	0.0	0.0	0.056156	源: line | 	2026-08-16 13:27:47	2026-08-16 13:27:47
456	be5e0b6879bd4c44a6c3982fa3163268	1_3_2_3_2	投资银行部_债权投资_金融机构债	0.0	0.0	0.0	0.0	0.0	0.0	0.0	0.0	0.0	0.0	0.0	0.0	0.0	0.0	0.0	0.0	0.0	0.0	0.0	0.0	0.0	0.0	0.0	0.056156	源: line | 	2026-08-16 13:27:47	2026-08-16 13:27:47
457	348e6e2ced7f4af1bf549ce02223ab68	1_3_2_3_2_1	投资银行部_债权投资_金融机构债_1Y	0.0	0.0	0.0	0.0	0.0	0.0	0.0	0.0	0.0	0.0	0.0	0.0	0.0	0.0	0.0	0.0	0.0	0.0	0.0	0.0	0.0	0.0	0.0	0.056156	源: line | 	2026-08-16 13:27:47	2026-08-16 13:27:47
458	b0c04a46892148c78170be10981b40a0	1_3_2_3_2_2	投资银行部_债权投资_金融机构债_3Y	0.0	0.0	0.0	0.0	0.0	0.0	0.0	0.0	0.0	0.0	0.0	0.0	0.0	0.0	0.0	0.0	0.0	0.0	0.0	0.0	0.0	0.0	0.0	0.056156	源: line | 	2026-08-16 13:27:47	2026-08-16 13:27:47
459	df76dbbd5b334223bfd82b07504c2a84	1_3_2_3_2_3	投资银行部_债权投资_金融机构债_5Y	0.0	0.0	0.0	0.0	0.0	0.0	0.0	0.0	0.0	0.0	0.0	0.0	0.0	0.0	0.0	0.0	0.0	0.0	0.0	0.0	0.0	0.0	0.0	0.056156	源: line | 	2026-08-16 13:27:47	2026-08-16 13:27:47
460	2df79128fd2c4bdd8b03a5de9019f15d	1_3_2_3_2_4	投资银行部_债权投资_金融机构债_10Y	0.0	0.0	0.0	0.0	0.0	0.0	0.0	0.0	0.0	0.0	0.0	0.0	0.0	0.0	0.0	0.0	0.0	0.0	0.0	0.0	0.0	0.0	0.0	0.056156	源: line | 	2026-08-16 13:27:47	2026-08-16 13:27:47
461	249b9fa8a2a04028b4f50484c1fe894c	1_3_2_3_3	投资银行部_债权投资_公司债	0.0	0.0	0.0	0.0	0.0	0.0	0.0	0.0	0.0	0.0	0.0	0.0	0.0	0.0	0.0	0.0	0.0	0.0	0.0	0.0	0.0	0.0	0.0	0.056156	源: line | 	2026-08-16 13:27:47	2026-08-16 13:27:47
462	8a2fcec312ff43db96b3ea150efb9bc0	1_3_2_3_3_1	投资银行部_债权投资_公司债_1Y	0.0	0.0	0.0	0.0	0.0	0.0	0.0	0.0	0.0	0.0	0.0	0.0	0.0	0.0	0.0	0.0	0.0	0.0	0.0	0.0	0.0	0.0	0.0	0.056156	源: line | 	2026-08-16 13:27:47	2026-08-16 13:27:47
463	822a92c4f80f463f9b196609fe075aca	1_3_2_3_3_2	投资银行部_债权投资_公司债_3Y	0.0	0.0	0.0	0.0	0.0	0.0	0.0	0.0	0.0	0.0	0.0	0.0	0.0	0.0	0.0	0.0	0.0	0.0	0.0	0.0	0.0	0.0	0.0	0.056156	源: line | 	2026-08-16 13:27:47	2026-08-16 13:27:47
464	acaad4e565064ffaa03d0edda18fdcad	1_3_2_3_3_3	投资银行部_债权投资_公司债_5Y	0.0	0.0	0.0	0.0	0.0	0.0	0.0	0.0	0.0	0.0	0.0	0.0	0.0	0.0	0.0	0.0	0.0	0.0	0.0	0.0	0.0	0.0	0.0	0.056156	源: line | 	2026-08-16 13:27:47	2026-08-16 13:27:47
465	c700de8d3d3a4d5c88b7863e2180cba9	1_3_2_3_3_4	投资银行部_债权投资_公司债_10Y	0.0	0.0	0.0	0.0	0.0	0.0	0.0	0.0	0.0	0.0	0.0	0.0	0.0	0.0	0.0	0.0	0.0	0.0	0.0	0.0	0.0	0.0	0.0	0.056156	源: line | 	2026-08-16 13:27:47	2026-08-16 13:27:47
466	148778a1150c4a8eacc0031813870b2c	1_3_2_3_4	投资银行部_债权投资_信托	0.0	0.0	0.0	0.0	0.0	0.0	0.0	0.0	0.0	0.0	0.0	0.0	0.0	0.0	0.0	0.0	0.0	0.0	0.0	0.0	0.0	0.0	0.0	0.056156	源: line | 	2026-08-16 13:27:47	2026-08-16 13:27:47
467	ad34f7af67d6475a9331eac85d168c32	1_3_2_3_4_1	投资银行部_债权投资_信托_1Y	0.0	0.0	0.0	0.0	0.0	0.0	0.0	0.0	0.0	0.0	0.0	0.0	0.0	0.0	0.0	0.0	0.0	0.0	0.0	0.0	0.0	0.0	0.0	0.056156	源: line | 	2026-08-16 13:27:47	2026-08-16 13:27:47
468	1a1c83a6daaf49de8fe32d578c851e64	1_3_2_3_4_2	投资银行部_债权投资_信托_3Y	0.0	0.0	0.0	0.0	0.0	0.0	0.0	0.0	0.0	0.0	0.0	0.0	0.0	0.0	0.0	0.0	0.0	0.0	0.0	0.0	0.0	0.0	0.0	0.056156	源: line | 	2026-08-16 13:27:47	2026-08-16 13:27:47
469	f1661ef01c4c46bc92efa23cab6b4d5a	1_3_2_3_4_3	投资银行部_债权投资_信托_5Y	0.0	0.0	0.0	0.0	0.0	0.0	0.0	0.0	0.0	0.0	0.0	0.0	0.0	0.0	0.0	0.0	0.0	0.0	0.0	0.0	0.0	0.0	0.0	0.056156	源: line | 	2026-08-16 13:27:47	2026-08-16 13:27:47
470	29937653a105486bae307fd8f1e81f90	1_3_2_3_5	投资银行部_债权投资_资管计划	0.0	0.0	0.0	0.0	0.0	0.0	0.0	0.0	0.0	0.0	0.0	0.0	0.0	0.0	0.0	0.0	0.0	0.0	0.0	0.0	0.0	0.0	0.0	0.056156	源: line | 	2026-08-16 13:27:47	2026-08-16 13:27:47
471	3c48bc76e6d348518c65b3b5c6a0647c	1_3_2_3_5_1	投资银行部_债权投资_资管计划_1Y	0.0	0.0	0.0	0.0	0.0	0.0	0.0	0.0	0.0	0.0	0.0	0.0	0.0	0.0	0.0	0.0	0.0	0.0	0.0	0.0	0.0	0.0	0.0	0.056156	源: line | 	2026-08-16 13:27:47	2026-08-16 13:27:47
472	ba774e62fbb24aa293bf02e2958bfc55	1_3_2_3_5_2	投资银行部_债权投资_资管计划_3Y	0.0	0.0	0.0	0.0	0.0	0.0	0.0	0.0	0.0	0.0	0.0	0.0	0.0	0.0	0.0	0.0	0.0	0.0	0.0	0.0	0.0	0.0	0.0	0.056156	源: line | 	2026-08-16 13:27:47	2026-08-16 13:27:47
473	5d5fd8ce7e93407daa397cd0cbc40ed4	1_3_2_3_5_3	投资银行部_债权投资_资管计划_5Y	0.0	0.0	0.0	0.0	0.0	0.0	0.0	0.0	0.0	0.0	0.0	0.0	0.0	0.0	0.0	0.0	0.0	0.0	0.0	0.0	0.0	0.0	0.0	0.056156	源: line | 	2026-08-16 13:27:47	2026-08-16 13:27:47
474	134c030a85934ce49583418eef3c5a06	1_3_2_3_6	投资银行部_债权投资_债权融资计划	0.0	0.0	0.0	0.0	0.0	0.0	0.0	0.0	0.0	0.0	0.0	0.0	0.0	0.0	0.0	0.0	0.0	0.0	0.0	0.0	0.0	0.0	0.0	0.056156	源: line | 	2026-08-16 13:27:47	2026-08-16 13:27:47
475	eba8435c5a8040d29ab34dff44bd1cff	1_3_2_3_6_1	投资银行部_债权投资_债权融资计划_1Y	0.0	0.0	0.0	0.0	0.0	0.0	0.0	0.0	0.0	0.0	0.0	0.0	0.0	0.0	0.0	0.0	0.0	0.0	0.0	0.0	0.0	0.0	0.0	0.056156	源: line | 	2026-08-16 13:27:47	2026-08-16 13:27:47
476	990ae928953c42b681e6ea4ba1fddf74	1_3_2_3_6_2	投资银行部_债权投资_债权融资计划_3Y	0.0	0.0	0.0	0.0	0.0	0.0	0.0	0.0	0.0	0.0	0.0	0.0	0.0	0.0	0.0	0.0	0.0	0.0	0.0	0.0	0.0	0.0	0.0	0.056156	源: line | 	2026-08-16 13:27:47	2026-08-16 13:27:47
477	a067e25beaa049e195632a4864e10af6	1_3_2_3_6_3	投资银行部_债权投资_债权融资计划_5Y	0.0	0.0	0.0	0.0	0.0	0.0	0.0	0.0	0.0	0.0	0.0	0.0	0.0	0.0	0.0	0.0	0.0	0.0	0.0	0.0	0.0	0.0	0.0	0.056156	源: line | 	2026-08-16 13:27:47	2026-08-16 13:27:47
478	2b72f52f59d94d99abdcbd45ff9e589b	1_3_2_3_7	投资银行部_债权投资_私募基金	0.0	0.0	0.0	0.0	0.0	0.0	0.0	0.0	0.0	0.0	0.0	0.0	0.0	0.0	0.0	0.0	0.0	0.0	0.0	0.0	0.0	0.0	0.0	0.056156	源: line | 	2026-08-16 13:27:47	2026-08-16 13:27:47
479	d2acda9aabdb493aa3546e536ffc2b85	1_3_2_3_7_1	投资银行部_债权投资_私募基金_1Y	0.0	0.0	0.0	0.0	0.0	0.0	0.0	0.0	0.0	0.0	0.0	0.0	0.0	0.0	0.0	0.0	0.0	0.0	0.0	0.0	0.0	0.0	0.0	0.056156	源: line | 	2026-08-16 13:27:47	2026-08-16 13:27:47
480	0196bd29fc5649d4904f71dc2b1c999d	1_3_2_3_7_2	投资银行部_债权投资_私募基金_3Y	0.0	0.0	0.0	0.0	0.0	0.0	0.0	0.0	0.0	0.0	0.0	0.0	0.0	0.0	0.0	0.0	0.0	0.0	0.0	0.0	0.0	0.0	0.0	0.056156	源: line | 	2026-08-16 13:27:47	2026-08-16 13:27:47
481	8cb7ab159aff4541ad4950b28e418ffc	1_3_2_3_7_3	投资银行部_债权投资_私募基金_5Y	0.0	0.0	0.0	0.0	0.0	0.0	0.0	0.0	0.0	0.0	0.0	0.0	0.0	0.0	0.0	0.0	0.0	0.0	0.0	0.0	0.0	0.0	0.0	0.056156	源: line | 	2026-08-16 13:27:47	2026-08-16 13:27:47
482	fdb0905d00524b0eb8cdee6ddc9b7644	1_3_2_3_8	投资银行部_债权投资_公募基金	0.0	0.0	0.0	0.0	0.0	0.0	0.0	0.0	0.0	0.0	0.0	0.0	0.0	0.0	0.0	0.0	0.0	0.0	0.0	0.0	0.0	0.0	0.0	0.056156	源: line | 	2026-08-16 13:27:47	2026-08-16 13:27:47
483	6ba8cd10ded7450180077841da07bf61	1_3_2_3_8_1	投资银行部_债权投资_公募基金_3Y	0.0	0.0	0.0	0.0	0.0	0.0	0.0	0.0	0.0	0.0	0.0	0.0	0.0	0.0	0.0	0.0	0.0	0.0	0.0	0.0	0.0	0.0	0.0	0.056156	源: line | 	2026-08-16 13:27:47	2026-08-16 13:27:47
484	28b3e1426f17443085d6f3d41698c05b	1_3_2_3_9	投资银行部_债权投资_融资租赁	0.0	0.0	0.0	0.0	0.0	0.0	0.0	0.0	0.0	0.0	0.0	0.0	0.0	0.0	0.0	0.0	0.0	0.0	0.0	0.0	0.0	0.0	0.0	0.056156	源: line | 	2026-08-16 13:27:47	2026-08-16 13:27:47
485	a600d681db054c0fb89d377a6eb255f4	1_3_2_3_9_1	投资银行部_债权投资_融资租赁_1Y	0.0	0.0	0.0	0.0	0.0	0.0	0.0	0.0	0.0	0.0	0.0	0.0	0.0	0.0	0.0	0.0	0.0	0.0	0.0	0.0	0.0	0.0	0.0	0.056156	源: line | 	2026-08-16 13:27:47	2026-08-16 13:27:47
486	cd6459d6b0654d08858968baad9f2ac5	1_3_2_3_9_2	投资银行部_债权投资_融资租赁_3Y	0.0	0.0	0.0	0.0	0.0	0.0	0.0	0.0	0.0	0.0	0.0	0.0	0.0	0.0	0.0	0.0	0.0	0.0	0.0	0.0	0.0	0.0	0.0	0.056156	源: line | 	2026-08-16 13:27:47	2026-08-16 13:27:47
487	0c625518796d4af2889c2bb6015ba410	1_3_2_3_9_3	投资银行部_债权投资_融资租赁_5Y	0.0	0.0	0.0	0.0	0.0	0.0	0.0	0.0	0.0	0.0	0.0	0.0	0.0	0.0	0.0	0.0	0.0	0.0	0.0	0.0	0.0	0.0	0.0	0.056156	源: line | 	2026-08-16 13:27:47	2026-08-16 13:27:47
488	0de15be7855243e5b9ba09e1d549080f	1_3_2_3_10	投资银行部_债权投资_其他	0.0	0.0	0.0	0.0	0.0	0.0	0.0	0.0	0.0	0.0	0.0	0.0	0.0	0.0	0.0	0.0	0.0	0.0	0.0	0.0	0.0	0.0	0.0	0.056156	源: line | 	2026-08-16 13:27:47	2026-08-16 13:27:47
489	ec742c660c404d84a397f5dd83cef0ad	1_3_2_3_10_1	投资银行部_债权投资_其他_1Y	0.0	0.0	0.0	0.0	0.0	0.0	0.0	0.0	0.0	0.0	0.0	0.0	0.0	0.0	0.0	0.0	0.0	0.0	0.0	0.0	0.0	0.0	0.0	0.056156	源: line | 	2026-08-16 13:27:47	2026-08-16 13:27:47
490	d030acf68e4d4d15bf90d9f7c6c55353	1_3_2_3_10_2	投资银行部_债权投资_其他_3Y	0.0	0.0	0.0	0.0	0.0	0.0	0.0	0.0	0.0	0.0	0.0	0.0	0.0	0.0	0.0	0.0	0.0	0.0	0.0	0.0	0.0	0.0	0.0	0.056156	源: line | 	2026-08-16 13:27:47	2026-08-16 13:27:47
491	231a6e8c76e742bc97bc9e109f831b67	1_3_2_3_10_3	投资银行部_债权投资_其他_5Y	0.0	0.0	0.0	0.0	0.0	0.0	0.0	0.0	0.0	0.0	0.0	0.0	0.0	0.0	0.0	0.0	0.0	0.0	0.0	0.0	0.0	0.0	0.0	0.056156	源: line | 	2026-08-16 13:27:47	2026-08-16 13:27:47
492	56929b8a016142a0ac354f987f0e5089	1_3_2_4	投资银行部_其他权益工具投资	0.0	0.0	0.0	0.0	0.0	0.0	0.0	0.0	0.0	0.0	0.0	0.0	0.0	0.0	0.0	0.0	0.0	0.0	0.0	0.0	0.0	0.0	0.0	0.0	源: line | 	2026-08-16 13:27:47	2026-08-16 13:27:47
493	50d223207419434c8c61ccf04694f1a6	1_3_2_4_1	投资银行部_其他权益工具投资_5Y	0.0	0.0	0.0	0.0	0.0	0.0	0.0	0.0	0.0	0.0	0.0	0.0	0.0	0.0	0.0	0.0	0.0	0.0	0.0	0.0	0.0	0.0	0.0	0.0	源: line | 	2026-08-16 13:27:47	2026-08-16 13:27:47
494	33b4be85560f4084aec8a12605867ee3	1_4	发放贷款	0.031925	0.031925	0.031925	0.0	0.0	0.0	0.0	0.0	0.0	0.0	0.0	0.0	0.0	0.0	0.0	0.0	0.0	0.0	0.0	0.0	0.0	0.0	0.0	0.034529	源: custom | 	2026-08-16 13:27:47	2026-08-16 13:27:47
495	f57ef6b0847c4c44a3090791155337f3	1_4_1	个金条线贷款	0.003858	0.003858	0.003858	0.0	0.0	0.0	0.0	0.0	0.0	0.0	0.0	0.0	0.0	0.0	0.0	0.0	0.0	0.0	0.0	0.0	0.0	0.0	0.0	0.005611	源: line | 	2026-08-16 13:27:47	2026-08-16 13:27:47
496	a8fece397ad845518b31feff98b50c52	1_4_1_1	个金条线_个人经营贷款	0.057804	0.057804	0.057804	0.0	0.0	0.0	0.0	0.0	0.0	0.0	0.0	0.0	0.0	0.0	0.0	0.0	0.0	0.0	0.0	0.0	0.0	0.0	0.0	0.065935	源: line | 	2026-08-16 13:27:47	2026-08-16 13:27:47
497	abad36a933d347af95c94ac05eecc414	1_4_1_1_1	个金条线_个人经营贷款_3M	0.0	0.0	0.0	0.0	0.0	0.0	0.0	0.0	0.0	0.0	0.0	0.0	0.0	0.0	0.0	0.0	0.0	0.0	0.0	0.0	0.0	0.0	0.0	0.0	源: line | 	2026-08-16 13:27:47	2026-08-16 13:27:47
498	2ef0d149f6184b5fb9dd59b63db39855	1_4_1_1_2	个金条线_个人经营贷款_6M	0.0	0.0	0.0	0.0	0.0	0.0	0.0	0.0	0.0	0.0	0.0	0.0	0.0	0.0	0.0	0.0	0.0	0.0	0.0	0.0	0.0	0.0	0.0	0.0	源: line | 	2026-08-16 13:27:47	2026-08-16 13:27:47
499	e011aa793ccc45ff965c55e676d1466d	1_4_1_1_3	个金条线_个人经营贷款_1Y	0.051394	0.051394	0.051394	0.0	0.0	0.0	0.0	0.0	0.0	0.0	0.0	0.0	0.0	0.0	0.0	0.0	0.0	0.0	0.0	0.0	0.0	0.0	0.0	0.082685	源: line | 	2026-08-16 13:27:47	2026-08-16 13:27:47
500	ee5d408fedd74c4ea7cfe7793bc4216d	1_4_1_1_4	个金条线_个人经营贷款_2Y	0.0	0.0	0.0	0.0	0.0	0.0	0.0	0.0	0.0	0.0	0.0	0.0	0.0	0.0	0.0	0.0	0.0	0.0	0.0	0.0	0.0	0.0	0.0	0.063821	源: line | 	2026-08-16 13:27:47	2026-08-16 13:27:47
501	0631cec80625485b843e113535375ebd	1_4_1_1_5	个金条线_个人经营贷款_3Y	0.083293	0.083293	0.083293	0.0	0.0	0.0	0.0	0.0	0.0	0.0	0.0	0.0	0.0	0.0	0.0	0.0	0.0	0.0	0.0	0.0	0.0	0.0	0.0	0.067209	源: line | 	2026-08-16 13:27:47	2026-08-16 13:27:47
502	491fd7ddce594113a6f836ba7ffc4230	1_4_1_2	个金条线_个人消费贷款	0.058599	0.058599	0.058599	0.0	0.0	0.0	0.0	0.0	0.0	0.0	0.0	0.0	0.0	0.0	0.0	0.0	0.0	0.0	0.0	0.0	0.0	0.0	0.0	0.057343	源: line | 	2026-08-16 13:27:47	2026-08-16 13:27:47
503	4c333effc274486281d7059897e59df5	1_4_1_2_1	个金条线_便民贷	0.100429	0.100429	0.100429	0.0	0.0	0.0	0.0	0.0	0.0	0.0	0.0	0.0	0.0	0.0	0.0	0.0	0.0	0.0	0.0	0.0	0.0	0.0	0.0	0.094337	源: line | 	2026-08-16 13:27:47	2026-08-16 13:27:47
504	cbfa78b647de4505a05fab93af5575f5	1_4_1_2_1_1	个金条线_便民贷_3M	0.134328	0.134328	0.134328	0.0	0.0	0.0	0.0	0.0	0.0	0.0	0.0	0.0	0.0	0.0	0.0	0.0	0.0	0.0	0.0	0.0	0.0	0.0	0.0	0.120905	源: line | 	2026-08-16 13:27:47	2026-08-16 13:27:47
505	c3f8ba3320b545ed8bdcc3e358618c3f	1_4_1_2_1_2	个金条线_便民贷_6M	0.09998	0.09998	0.09998	0.0	0.0	0.0	0.0	0.0	0.0	0.0	0.0	0.0	0.0	0.0	0.0	0.0	0.0	0.0	0.0	0.0	0.0	0.0	0.0	0.115501	源: line | 	2026-08-16 13:27:47	2026-08-16 13:27:47
506	7b4205a8a909401593e5485ae4231779	1_4_1_2_1_3	个金条线_便民贷_1Y	0.088659	0.088659	0.088659	0.0	0.0	0.0	0.0	0.0	0.0	0.0	0.0	0.0	0.0	0.0	0.0	0.0	0.0	0.0	0.0	0.0	0.0	0.0	0.0	0.078468	源: line | 	2026-08-16 13:27:47	2026-08-16 13:27:47
507	8f0458aae7604ba89b51ccd4619de0fb	1_4_1_2_1_4	个金条线_便民贷_2Y	0.091767	0.091767	0.091767	0.0	0.0	0.0	0.0	0.0	0.0	0.0	0.0	0.0	0.0	0.0	0.0	0.0	0.0	0.0	0.0	0.0	0.0	0.0	0.0	0.093529	源: line | 	2026-08-16 13:27:47	2026-08-16 13:27:47
508	e0879f80de104a36b093bada045d6af7	1_4_1_2_1_5	个金条线_便民贷_3Y	0.0	0.0	0.0	0.0	0.0	0.0	0.0	0.0	0.0	0.0	0.0	0.0	0.0	0.0	0.0	0.0	0.0	0.0	0.0	0.0	0.0	0.0	0.0	0.0	源: line | 	2026-08-16 13:27:47	2026-08-16 13:27:47
509	fe5b309607204a27846d57f14cc7d2d2	1_4_1_2_2	个金条线_公积金秒贷	0.05574	0.05574	0.05574	0.0	0.0	0.0	0.0	0.0	0.0	0.0	0.0	0.0	0.0	0.0	0.0	0.0	0.0	0.0	0.0	0.0	0.0	0.0	0.0	0.054841	源: line | 	2026-08-16 13:27:47	2026-08-16 13:27:47
510	0b2d13556c314966ba1f5fe12ae1edb8	1_4_1_2_2_1	个金条线_公积金秒贷_3M	0.0	0.0	0.0	0.0	0.0	0.0	0.0	0.0	0.0	0.0	0.0	0.0	0.0	0.0	0.0	0.0	0.0	0.0	0.0	0.0	0.0	0.0	0.0	0.0	源: line | 	2026-08-16 13:27:47	2026-08-16 13:27:47
511	109fb71acb2b4c35bf0e2e5437648f33	1_4_1_2_2_2	个金条线_公积金秒贷_6M	0.0	0.0	0.0	0.0	0.0	0.0	0.0	0.0	0.0	0.0	0.0	0.0	0.0	0.0	0.0	0.0	0.0	0.0	0.0	0.0	0.0	0.0	0.0	0.0	源: line | 	2026-08-16 13:27:47	2026-08-16 13:27:47
512	2e0dc42a21954104998d9d0b73885eec	1_4_1_2_2_3	个金条线_公积金秒贷_1Y	0.055843	0.055843	0.055843	0.0	0.0	0.0	0.0	0.0	0.0	0.0	0.0	0.0	0.0	0.0	0.0	0.0	0.0	0.0	0.0	0.0	0.0	0.0	0.0	0.0	源: line | 	2026-08-16 13:27:47	2026-08-16 13:27:47
513	e1a2a2caa58043f787ee38785257c938	1_4_1_2_2_4	个金条线_公积金秒贷_2Y	0.0	0.0	0.0	0.0	0.0	0.0	0.0	0.0	0.0	0.0	0.0	0.0	0.0	0.0	0.0	0.0	0.0	0.0	0.0	0.0	0.0	0.0	0.0	0.054878	源: line | 	2026-08-16 13:27:47	2026-08-16 13:27:47
514	e8d823fc1b5141f0bc410927d1a5c521	1_4_1_2_2_5	个金条线_公积金秒贷_3Y	0.039761	0.039761	0.039761	0.0	0.0	0.0	0.0	0.0	0.0	0.0	0.0	0.0	0.0	0.0	0.0	0.0	0.0	0.0	0.0	0.0	0.0	0.0	0.0	0.043584	源: line | 	2026-08-16 13:27:47	2026-08-16 13:27:47
515	57147cab009a4d538660b6c973798b66	1_4_1_2_3	个金条线_其他个人消费贷款	0.056455	0.056455	0.056455	0.0	0.0	0.0	0.0	0.0	0.0	0.0	0.0	0.0	0.0	0.0	0.0	0.0	0.0	0.0	0.0	0.0	0.0	0.0	0.0	0.060229	源: line | 	2026-08-16 13:27:47	2026-08-16 13:27:47
516	c7d960e4c0be47d98b17c8b2c31e3ab8	1_4_1_2_3_1	个金条线_其他个人消费贷款_3M	0.0	0.0	0.0	0.0	0.0	0.0	0.0	0.0	0.0	0.0	0.0	0.0	0.0	0.0	0.0	0.0	0.0	0.0	0.0	0.0	0.0	0.0	0.0	0.0	源: line | 	2026-08-16 13:27:47	2026-08-16 13:27:47
517	5b694f36f1f34ff284b5397beed079c6	1_4_1_2_3_2	个金条线_其他个人消费贷款_6M	0.0	0.0	0.0	0.0	0.0	0.0	0.0	0.0	0.0	0.0	0.0	0.0	0.0	0.0	0.0	0.0	0.0	0.0	0.0	0.0	0.0	0.0	0.0	0.0	源: line | 	2026-08-16 13:27:47	2026-08-16 13:27:47
518	cdeef079b17e4a4c95e41bede7f0525e	1_4_1_2_3_3	个金条线_其他个人消费贷款_1Y	0.055608	0.055608	0.055608	0.0	0.0	0.0	0.0	0.0	0.0	0.0	0.0	0.0	0.0	0.0	0.0	0.0	0.0	0.0	0.0	0.0	0.0	0.0	0.0	0.0	源: line | 	2026-08-16 13:27:47	2026-08-16 13:27:47
519	bcd48b228a3448d595f2086e405e46ec	1_4_1_2_3_4	个金条线_其他个人消费贷款_2Y	0.0	0.0	0.0	0.0	0.0	0.0	0.0	0.0	0.0	0.0	0.0	0.0	0.0	0.0	0.0	0.0	0.0	0.0	0.0	0.0	0.0	0.0	0.0	0.059791	源: line | 	2026-08-16 13:27:47	2026-08-16 13:27:47
520	50f5cc4c8c7f441ebf76ef2aec404534	1_4_1_2_3_5	个金条线_其他个人消费贷款_3Y	0.061422	0.061422	0.061422	0.0	0.0	0.0	0.0	0.0	0.0	0.0	0.0	0.0	0.0	0.0	0.0	0.0	0.0	0.0	0.0	0.0	0.0	0.0	0.0	0.063805	源: line | 	2026-08-16 13:27:47	2026-08-16 13:27:47
521	7b038c372dac4602835718c086082960	1_4_1_3	个金条线_个人住房贷款	0.041612	0.041612	0.041612	0.0	0.0	0.0	0.0	0.0	0.0	0.0	0.0	0.0	0.0	0.0	0.0	0.0	0.0	0.0	0.0	0.0	0.0	0.0	0.0	0.04073	源: line | 	2026-08-16 13:27:47	2026-08-16 13:27:47
522	b9fa2ac61a5744a299922154d4da4c4b	1_4_1_3_1	个金条线_个人住房贷款_1Y	0.0	0.0	0.0	0.0	0.0	0.0	0.0	0.0	0.0	0.0	0.0	0.0	0.0	0.0	0.0	0.0	0.0	0.0	0.0	0.0	0.0	0.0	0.0	0.0	源: line | 	2026-08-16 13:27:47	2026-08-16 13:27:47
523	9e933a4e58df451ea7d43e4b46192d76	1_4_1_3_2	个金条线_个人住房贷款_2Y	0.0	0.0	0.0	0.0	0.0	0.0	0.0	0.0	0.0	0.0	0.0	0.0	0.0	0.0	0.0	0.0	0.0	0.0	0.0	0.0	0.0	0.0	0.0	0.0	源: line | 	2026-08-16 13:27:47	2026-08-16 13:27:47
524	96f757b6453a4206a10081cf773eb65f	1_4_1_3_3	个金条线_个人住房贷款_3Y	0.0	0.0	0.0	0.0	0.0	0.0	0.0	0.0	0.0	0.0	0.0	0.0	0.0	0.0	0.0	0.0	0.0	0.0	0.0	0.0	0.0	0.0	0.0	0.0	源: line | 	2026-08-16 13:27:47	2026-08-16 13:27:47
525	47fb2aa1b5884b18bdee9947488a3fb6	1_4_1_3_4	个金条线_个人住房贷款_5Y	0.064606	0.064606	0.064606	0.0	0.0	0.0	0.0	0.0	0.0	0.0	0.0	0.0	0.0	0.0	0.0	0.0	0.0	0.0	0.0	0.0	0.0	0.0	0.0	0.058702	源: line | 	2026-08-16 13:27:47	2026-08-16 13:27:47
526	f6ae669f360e444f871dccddd9c33260	1_4_1_3_5	个金条线_个人住房贷款_10Y	0.04033	0.04033	0.04033	0.0	0.0	0.0	0.0	0.0	0.0	0.0	0.0	0.0	0.0	0.0	0.0	0.0	0.0	0.0	0.0	0.0	0.0	0.0	0.0	0.038086	源: line | 	2026-08-16 13:27:47	2026-08-16 13:27:47
527	a15d83c40f3a489fbc12d500e46dbdc5	1_4_1_4	个金条线_个人贷记卡透支	0.0	0.0	0.0	0.0	0.0	0.0	0.0	0.0	0.0	0.0	0.0	0.0	0.0	0.0	0.0	0.0	0.0	0.0	0.0	0.0	0.0	0.0	0.0	0.0	源: line | 	2026-08-16 13:27:47	2026-08-16 13:27:47
528	10220ec6444043b8817b30b8802a669f	1_4_1_4_1	个金条线_个人贷记卡透支_3M	0.0	0.0	0.0	0.0	0.0	0.0	0.0	0.0	0.0	0.0	0.0	0.0	0.0	0.0	0.0	0.0	0.0	0.0	0.0	0.0	0.0	0.0	0.0	0.0	源: line | 	2026-08-16 13:27:47	2026-08-16 13:27:47
529	a27911c7109f450ea3eba7be192bcffb	1_4_1_4_2	个金条线_个人贷记卡透支_6M	0.0	0.0	0.0	0.0	0.0	0.0	0.0	0.0	0.0	0.0	0.0	0.0	0.0	0.0	0.0	0.0	0.0	0.0	0.0	0.0	0.0	0.0	0.0	0.0	源: line | 	2026-08-16 13:27:47	2026-08-16 13:27:47
530	fc8597759e7c40d5ad32f8f48617991b	1_4_1_4_3	个金条线_个人贷记卡透支_1Y	0.0	0.0	0.0	0.0	0.0	0.0	0.0	0.0	0.0	0.0	0.0	0.0	0.0	0.0	0.0	0.0	0.0	0.0	0.0	0.0	0.0	0.0	0.0	0.0	源: line | 	2026-08-16 13:27:47	2026-08-16 13:27:47
531	68dab4a061cb47aab4d1e9cfe33f06c9	1_4_1_4_4	个金条线_个人贷记卡透支_2Y	0.0	0.0	0.0	0.0	0.0	0.0	0.0	0.0	0.0	0.0	0.0	0.0	0.0	0.0	0.0	0.0	0.0	0.0	0.0	0.0	0.0	0.0	0.0	0.0	源: line | 	2026-08-16 13:27:47	2026-08-16 13:27:47
532	0bbed2cc1e484362b289f4fd86a1c07f	1_4_1_4_5	个金条线_个人贷记卡透支_3Y	0.0	0.0	0.0	0.0	0.0	0.0	0.0	0.0	0.0	0.0	0.0	0.0	0.0	0.0	0.0	0.0	0.0	0.0	0.0	0.0	0.0	0.0	0.0	0.0	源: line | 	2026-08-16 13:27:47	2026-08-16 13:27:47
533	54ed8b11b9b342e7acd2e5be0defd1fd	1_4_1_5	个金条线_其他贷款	0.0	0.0	0.0	0.0	0.0	0.0	0.0	0.0	0.0	0.0	0.0	0.0	0.0	0.0	0.0	0.0	0.0	0.0	0.0	0.0	0.0	0.0	0.0	0.0	源: line | 	2026-08-16 13:27:47	2026-08-16 13:27:47
534	d5c0fadd1e6044178eef5064bcae0c55	1_4_1_5_1	个金条线_其他贷款_3M	0.0	0.0	0.0	0.0	0.0	0.0	0.0	0.0	0.0	0.0	0.0	0.0	0.0	0.0	0.0	0.0	0.0	0.0	0.0	0.0	0.0	0.0	0.0	0.0	源: line | 	2026-08-16 13:27:47	2026-08-16 13:27:47
535	f2ca4def58c2446c816722f5f0a799e0	1_4_1_5_2	个金条线_其他贷款_6M	0.0	0.0	0.0	0.0	0.0	0.0	0.0	0.0	0.0	0.0	0.0	0.0	0.0	0.0	0.0	0.0	0.0	0.0	0.0	0.0	0.0	0.0	0.0	0.0	源: line | 	2026-08-16 13:27:47	2026-08-16 13:27:47
536	3e8eb19d3e9b45d4b5eb8b3682c8a58c	1_4_1_5_3	个金条线_其他贷款_1Y	0.0	0.0	0.0	0.0	0.0	0.0	0.0	0.0	0.0	0.0	0.0	0.0	0.0	0.0	0.0	0.0	0.0	0.0	0.0	0.0	0.0	0.0	0.0	0.0	源: line | 	2026-08-16 13:27:47	2026-08-16 13:27:47
537	84d5a40573cf4533960d62dabbee35a8	1_4_1_5_4	个金条线_其他贷款_2Y	0.0	0.0	0.0	0.0	0.0	0.0	0.0	0.0	0.0	0.0	0.0	0.0	0.0	0.0	0.0	0.0	0.0	0.0	0.0	0.0	0.0	0.0	0.0	0.0	源: line | 	2026-08-16 13:27:47	2026-08-16 13:27:47
538	75359b48fbed4093b4254add4ef32843	1_4_1_5_5	个金条线_其他贷款_3Y	0.0	0.0	0.0	0.0	0.0	0.0	0.0	0.0	0.0	0.0	0.0	0.0	0.0	0.0	0.0	0.0	0.0	0.0	0.0	0.0	0.0	0.0	0.0	0.0	源: line | 	2026-08-16 13:27:47	2026-08-16 13:27:47
539	7be45f48bf864022b325b0105a68e140	1_4_2	小微条线贷款	0.063009	0.063009	0.063009	0.0	0.0	0.0	0.0	0.0	0.0	0.0	0.0	0.0	0.0	0.0	0.0	0.0	0.0	0.0	0.0	0.0	0.0	0.0	0.0	0.072291	源: line | 	2026-08-16 13:27:47	2026-08-16 13:27:47
540	9e7fc68a781149b1b49273007229108e	1_4_2_1	小微条线_单位流动资金贷款	0.063009	0.063009	0.063009	0.0	0.0	0.0	0.0	0.0	0.0	0.0	0.0	0.0	0.0	0.0	0.0	0.0	0.0	0.0	0.0	0.0	0.0	0.0	0.0	0.070708	源: line | 	2026-08-16 13:27:47	2026-08-16 13:27:47
541	a4cb6da14ce94de986be702b5beda1dc	1_4_2_1_1	小微条线_单位流动资金贷款_3M	0.0	0.0	0.0	0.0	0.0	0.0	0.0	0.0	0.0	0.0	0.0	0.0	0.0	0.0	0.0	0.0	0.0	0.0	0.0	0.0	0.0	0.0	0.0	0.0	源: line | 	2026-08-16 13:27:47	2026-08-16 13:27:47
542	e4b880a6e27c4ecdbb325fb43cc6265d	1_4_2_1_2	小微条线_单位流动资金贷款_6M	0.0	0.0	0.0	0.0	0.0	0.0	0.0	0.0	0.0	0.0	0.0	0.0	0.0	0.0	0.0	0.0	0.0	0.0	0.0	0.0	0.0	0.0	0.0	0.038151	源: line | 	2026-08-16 13:27:47	2026-08-16 13:27:47
543	09979865da5c4970a5c5447f19e47ed9	1_4_2_1_3	小微条线_单位流动资金贷款_1Y	0.062481	0.062481	0.062481	0.0	0.0	0.0	0.0	0.0	0.0	0.0	0.0	0.0	0.0	0.0	0.0	0.0	0.0	0.0	0.0	0.0	0.0	0.0	0.0	0.062046	源: line | 	2026-08-16 13:27:47	2026-08-16 13:27:47
544	a52d24463e23413bbed1f60ef99596f6	1_4_2_1_4	小微条线_单位流动资金贷款_2Y	0.046132	0.046132	0.046132	0.0	0.0	0.0	0.0	0.0	0.0	0.0	0.0	0.0	0.0	0.0	0.0	0.0	0.0	0.0	0.0	0.0	0.0	0.0	0.0	0.071343	源: line | 	2026-08-16 13:27:47	2026-08-16 13:27:47
545	8265575607d04d479df488f9077d5ba6	1_4_2_1_5	小微条线_单位流动资金贷款_3Y	0.103851	0.103851	0.103851	0.0	0.0	0.0	0.0	0.0	0.0	0.0	0.0	0.0	0.0	0.0	0.0	0.0	0.0	0.0	0.0	0.0	0.0	0.0	0.0	0.074748	源: line | 	2026-08-16 13:27:47	2026-08-16 13:27:47
546	9989bfe2bb214cd18f4d7aef5d32b7a7	1_4_2_2	小微条线_单位其他固定资产贷款	0.0	0.0	0.0	0.0	0.0	0.0	0.0	0.0	0.0	0.0	0.0	0.0	0.0	0.0	0.0	0.0	0.0	0.0	0.0	0.0	0.0	0.0	0.0	0.0	源: line | 	2026-08-16 13:27:47	2026-08-16 13:27:47
547	baa5f486a67a435fa01eb46407aae111	1_4_2_2_1	小微条线_单位其他固定资产贷款_1Y	0.0	0.0	0.0	0.0	0.0	0.0	0.0	0.0	0.0	0.0	0.0	0.0	0.0	0.0	0.0	0.0	0.0	0.0	0.0	0.0	0.0	0.0	0.0	0.0	源: line | 	2026-08-16 13:27:47	2026-08-16 13:27:47
548	39404e1ccf6b4c3c9bb4ac0fee8bccf5	1_4_2_2_2	小微条线_单位其他固定资产贷款_3Y	0.0	0.0	0.0	0.0	0.0	0.0	0.0	0.0	0.0	0.0	0.0	0.0	0.0	0.0	0.0	0.0	0.0	0.0	0.0	0.0	0.0	0.0	0.0	0.0	源: line | 	2026-08-16 13:27:47	2026-08-16 13:27:47
549	ddb535b44b75462da88c30250a1937d3	1_4_2_2_3	小微条线_单位其他固定资产贷款_5Y	0.0	0.0	0.0	0.0	0.0	0.0	0.0	0.0	0.0	0.0	0.0	0.0	0.0	0.0	0.0	0.0	0.0	0.0	0.0	0.0	0.0	0.0	0.0	0.0	源: line | 	2026-08-16 13:27:47	2026-08-16 13:27:47
550	de0198901a244b059a745c4611d491f4	1_4_2_2_4	小微条线_单位其他固定资产贷款_10Y	0.0	0.0	0.0	0.0	0.0	0.0	0.0	0.0	0.0	0.0	0.0	0.0	0.0	0.0	0.0	0.0	0.0	0.0	0.0	0.0	0.0	0.0	0.0	0.0	源: line | 	2026-08-16 13:27:47	2026-08-16 13:27:47
551	98b80dfd29c646a59992c07905de777b	1_4_2_3	小微条线_个人经营贷款	0.0	0.0	0.0	0.0	0.0	0.0	0.0	0.0	0.0	0.0	0.0	0.0	0.0	0.0	0.0	0.0	0.0	0.0	0.0	0.0	0.0	0.0	0.0	0.075025	源: line | 	2026-08-16 13:27:47	2026-08-16 13:27:47
552	5f83462e86064eb0bb062c101ee7214e	1_4_2_3_1	小微条线_个人经营贷款_线上	0.0	0.0	0.0	0.0	0.0	0.0	0.0	0.0	0.0	0.0	0.0	0.0	0.0	0.0	0.0	0.0	0.0	0.0	0.0	0.0	0.0	0.0	0.0	0.077124	源: line | 	2026-08-16 13:27:47	2026-08-16 13:27:47
553	d47a5acb4d534d3f90001c3a7fd96028	1_4_2_3_1_1	小微条线_个人经营贷款_线上_3M	0.0	0.0	0.0	0.0	0.0	0.0	0.0	0.0	0.0	0.0	0.0	0.0	0.0	0.0	0.0	0.0	0.0	0.0	0.0	0.0	0.0	0.0	0.0	0.0	源: line | 	2026-08-16 13:27:47	2026-08-16 13:27:47
554	ad5e2fbf7f9e4bebb45b63e821132ec9	1_4_2_3_1_2	小微条线_个人经营贷款_线上_6M	0.0	0.0	0.0	0.0	0.0	0.0	0.0	0.0	0.0	0.0	0.0	0.0	0.0	0.0	0.0	0.0	0.0	0.0	0.0	0.0	0.0	0.0	0.0	0.076552	源: line | 	2026-08-16 13:27:47	2026-08-16 13:27:47
555	585a59b6c98a4641865092287c79ee9e	1_4_2_3_1_3	小微条线_个人经营贷款_线上_1Y	0.0	0.0	0.0	0.0	0.0	0.0	0.0	0.0	0.0	0.0	0.0	0.0	0.0	0.0	0.0	0.0	0.0	0.0	0.0	0.0	0.0	0.0	0.0	0.075817	源: line | 	2026-08-16 13:27:47	2026-08-16 13:27:47
556	b3749b73c3b14059b074e626ac5748f4	1_4_2_3_1_4	小微条线_个人经营贷款_线上_2Y	0.0	0.0	0.0	0.0	0.0	0.0	0.0	0.0	0.0	0.0	0.0	0.0	0.0	0.0	0.0	0.0	0.0	0.0	0.0	0.0	0.0	0.0	0.0	0.077083	源: line | 	2026-08-16 13:27:47	2026-08-16 13:27:47
557	f4c9ba1a20d647639e0a8bf25e503db5	1_4_2_3_1_5	小微条线_个人经营贷款_线上_3Y	0.0	0.0	0.0	0.0	0.0	0.0	0.0	0.0	0.0	0.0	0.0	0.0	0.0	0.0	0.0	0.0	0.0	0.0	0.0	0.0	0.0	0.0	0.0	0.097043	源: line | 	2026-08-16 13:27:47	2026-08-16 13:27:47
558	ebbc4516752648b6b32bd800f5f021a3	1_4_2_3_2	小微条线_个人经营贷款_线下	0.0	0.0	0.0	0.0	0.0	0.0	0.0	0.0	0.0	0.0	0.0	0.0	0.0	0.0	0.0	0.0	0.0	0.0	0.0	0.0	0.0	0.0	0.0	0.073699	源: line | 	2026-08-16 13:27:47	2026-08-16 13:27:47
559	7085701724f84b8e9faadc66b0e8d9bb	1_4_2_3_2_1	小微条线_个人经营贷款_线下_3M	0.0	0.0	0.0	0.0	0.0	0.0	0.0	0.0	0.0	0.0	0.0	0.0	0.0	0.0	0.0	0.0	0.0	0.0	0.0	0.0	0.0	0.0	0.0	0.0	源: line | 	2026-08-16 13:27:47	2026-08-16 13:27:47
560	51bb06112c1d4ae4ae44ef2fb59e28b7	1_4_2_3_2_2	小微条线_个人经营贷款_线下_6M	0.0	0.0	0.0	0.0	0.0	0.0	0.0	0.0	0.0	0.0	0.0	0.0	0.0	0.0	0.0	0.0	0.0	0.0	0.0	0.0	0.0	0.0	0.0	0.039791	源: line | 	2026-08-16 13:27:47	2026-08-16 13:27:47
561	e3afb4e7538e45e9b8212f5eab676abe	1_4_2_3_2_3	小微条线_个人经营贷款_线下_1Y	0.0	0.0	0.0	0.0	0.0	0.0	0.0	0.0	0.0	0.0	0.0	0.0	0.0	0.0	0.0	0.0	0.0	0.0	0.0	0.0	0.0	0.0	0.0	0.069984	源: line | 	2026-08-16 13:27:47	2026-08-16 13:27:47
562	9e8f7f5646414b5eb78bb19ea3e4091a	1_4_2_3_2_4	小微条线_个人经营贷款_线下_2Y	0.0	0.0	0.0	0.0	0.0	0.0	0.0	0.0	0.0	0.0	0.0	0.0	0.0	0.0	0.0	0.0	0.0	0.0	0.0	0.0	0.0	0.0	0.0	0.073703	源: line | 	2026-08-16 13:27:47	2026-08-16 13:27:47
563	4996b3951055473da0fc1339bb30cfb3	1_4_2_3_2_5	小微条线_个人经营贷款_线下_3Y	0.0	0.0	0.0	0.0	0.0	0.0	0.0	0.0	0.0	0.0	0.0	0.0	0.0	0.0	0.0	0.0	0.0	0.0	0.0	0.0	0.0	0.0	0.0	0.078424	源: line | 	2026-08-16 13:27:47	2026-08-16 13:27:47
564	2d8110f6104b428e929d1b522ae7f6d4	1_4_2_4	小微条线_个人消费贷款	0.0	0.0	0.0	0.0	0.0	0.0	0.0	0.0	0.0	0.0	0.0	0.0	0.0	0.0	0.0	0.0	0.0	0.0	0.0	0.0	0.0	0.0	0.0	0.062182	源: line | 	2026-08-16 13:27:47	2026-08-16 13:27:47
565	8f2f2c61709d4d49aa151f7df67b48a1	1_4_2_4_1	小微条线_个人消费贷款_3M	0.0	0.0	0.0	0.0	0.0	0.0	0.0	0.0	0.0	0.0	0.0	0.0	0.0	0.0	0.0	0.0	0.0	0.0	0.0	0.0	0.0	0.0	0.0	0.0	源: line | 	2026-08-16 13:27:47	2026-08-16 13:27:47
566	8c6e9970c9934fee8c5c6edb15d2e5da	1_4_2_4_2	小微条线_个人消费贷款_6M	0.0	0.0	0.0	0.0	0.0	0.0	0.0	0.0	0.0	0.0	0.0	0.0	0.0	0.0	0.0	0.0	0.0	0.0	0.0	0.0	0.0	0.0	0.0	0.0	源: line | 	2026-08-16 13:27:47	2026-08-16 13:27:47
567	efb73b8047594e97a31ed31116a2982f	1_4_2_4_3	小微条线_个人消费贷款_1Y	0.0	0.0	0.0	0.0	0.0	0.0	0.0	0.0	0.0	0.0	0.0	0.0	0.0	0.0	0.0	0.0	0.0	0.0	0.0	0.0	0.0	0.0	0.0	0.0	源: line | 	2026-08-16 13:27:47	2026-08-16 13:27:47
568	48191899d8c64159987301f887cb3864	1_4_2_4_4	小微条线_个人消费贷款_2Y	0.0	0.0	0.0	0.0	0.0	0.0	0.0	0.0	0.0	0.0	0.0	0.0	0.0	0.0	0.0	0.0	0.0	0.0	0.0	0.0	0.0	0.0	0.0	0.0	源: line | 	2026-08-16 13:27:47	2026-08-16 13:27:47
569	81c552bad30446d79b867960b591e04a	1_4_2_4_5	小微条线_个人消费贷款_3Y	0.0	0.0	0.0	0.0	0.0	0.0	0.0	0.0	0.0	0.0	0.0	0.0	0.0	0.0	0.0	0.0	0.0	0.0	0.0	0.0	0.0	0.0	0.0	0.062182	源: line | 	2026-08-16 13:27:47	2026-08-16 13:27:47
570	0c15f1e5108f444a9b7d539dc4feb478	1_4_3	对公条线贷款	0.048407	0.048407	0.048407	0.0	0.0	0.0	0.0	0.0	0.0	0.0	0.0	0.0	0.0	0.0	0.0	0.0	0.0	0.0	0.0	0.0	0.0	0.0	0.0	0.049352	源: line | 	2026-08-16 13:27:47	2026-08-16 13:27:47
571	0d2d41c72a554f97869ab4e37098be67	1_4_3_1	对公条线_单位房地产贷款	0.057888	0.057888	0.057888	0.0	0.0	0.0	0.0	0.0	0.0	0.0	0.0	0.0	0.0	0.0	0.0	0.0	0.0	0.0	0.0	0.0	0.0	0.0	0.0	0.058117	源: line | 	2026-08-16 13:27:47	2026-08-16 13:27:47
572	73e9e65fe6a74ea297610df73557fc25	1_4_3_1_1	对公条线_单位房地产贷款_1Y	0.059064	0.059064	0.059064	0.0	0.0	0.0	0.0	0.0	0.0	0.0	0.0	0.0	0.0	0.0	0.0	0.0	0.0	0.0	0.0	0.0	0.0	0.0	0.0	0.059064	源: line | 	2026-08-16 13:27:47	2026-08-16 13:27:47
573	0d668b04700b4cfdb6cd178fe9abec9e	1_4_3_1_2	对公条线_单位房地产贷款_3Y	0.05922	0.05922	0.05922	0.0	0.0	0.0	0.0	0.0	0.0	0.0	0.0	0.0	0.0	0.0	0.0	0.0	0.0	0.0	0.0	0.0	0.0	0.0	0.0	0.057595	源: line | 	2026-08-16 13:27:47	2026-08-16 13:27:47
574	1386e826d00b45099b7e2771828113e7	1_4_3_1_3	对公条线_单位房地产贷款_5Y	0.056792	0.056792	0.056792	0.0	0.0	0.0	0.0	0.0	0.0	0.0	0.0	0.0	0.0	0.0	0.0	0.0	0.0	0.0	0.0	0.0	0.0	0.0	0.0	0.0	源: line | 	2026-08-16 13:27:47	2026-08-16 13:27:47
575	b835d3f0316340499764f26e8046400e	1_4_3_1_4	对公条线_单位房地产贷款_10Y	0.0	0.0	0.0	0.0	0.0	0.0	0.0	0.0	0.0	0.0	0.0	0.0	0.0	0.0	0.0	0.0	0.0	0.0	0.0	0.0	0.0	0.0	0.0	0.0	源: line | 	2026-08-16 13:27:47	2026-08-16 13:27:47
576	29d048d58ccd4fc78edc8b3ff099ba42	1_4_3_2	对公条线_单位项目融资贷款	0.0	0.0	0.0	0.0	0.0	0.0	0.0	0.0	0.0	0.0	0.0	0.0	0.0	0.0	0.0	0.0	0.0	0.0	0.0	0.0	0.0	0.0	0.0	0.0	源: line | 	2026-08-16 13:27:47	2026-08-16 13:27:47
577	860a253c268a48c8b0ae71a8b9236937	1_4_3_2_1	对公条线_单位项目融资贷款_3M	0.0	0.0	0.0	0.0	0.0	0.0	0.0	0.0	0.0	0.0	0.0	0.0	0.0	0.0	0.0	0.0	0.0	0.0	0.0	0.0	0.0	0.0	0.0	0.0	源: line | 	2026-08-16 13:27:47	2026-08-16 13:27:47
578	d61ab8b615fc486e8cd039e0bd1cf1a5	1_4_3_2_2	对公条线_单位项目融资贷款_6M	0.0	0.0	0.0	0.0	0.0	0.0	0.0	0.0	0.0	0.0	0.0	0.0	0.0	0.0	0.0	0.0	0.0	0.0	0.0	0.0	0.0	0.0	0.0	0.0	源: line | 	2026-08-16 13:27:47	2026-08-16 13:27:47
579	5154e09f83c9402a97482e513eb7dcf9	1_4_3_2_3	对公条线_单位项目融资贷款_1Y	0.0	0.0	0.0	0.0	0.0	0.0	0.0	0.0	0.0	0.0	0.0	0.0	0.0	0.0	0.0	0.0	0.0	0.0	0.0	0.0	0.0	0.0	0.0	0.0	源: line | 	2026-08-16 13:27:47	2026-08-16 13:27:47
580	aac962dcb9ab4c4c89d5fbe5d22e92ca	1_4_3_2_4	对公条线_单位项目融资贷款_2Y	0.0	0.0	0.0	0.0	0.0	0.0	0.0	0.0	0.0	0.0	0.0	0.0	0.0	0.0	0.0	0.0	0.0	0.0	0.0	0.0	0.0	0.0	0.0	0.0	源: line | 	2026-08-16 13:27:47	2026-08-16 13:27:47
581	14cd9733c4a741e9911f8f9833568e1d	1_4_3_2_5	对公条线_单位项目融资贷款_3Y	0.0	0.0	0.0	0.0	0.0	0.0	0.0	0.0	0.0	0.0	0.0	0.0	0.0	0.0	0.0	0.0	0.0	0.0	0.0	0.0	0.0	0.0	0.0	0.0	源: line | 	2026-08-16 13:27:47	2026-08-16 13:27:47
582	8f53717e4c4a4a20bcbc2272d5efdc41	1_4_3_3	对公条线_单位其他固定资产贷款	0.0	0.0	0.0	0.0	0.0	0.0	0.0	0.0	0.0	0.0	0.0	0.0	0.0	0.0	0.0	0.0	0.0	0.0	0.0	0.0	0.0	0.0	0.0	0.087959	源: line | 	2026-08-16 13:27:47	2026-08-16 13:27:47
583	efb833245d5e4cc689883711c60a6f17	1_4_3_3_1	对公条线_单位其他固定资产贷款_1Y	0.0	0.0	0.0	0.0	0.0	0.0	0.0	0.0	0.0	0.0	0.0	0.0	0.0	0.0	0.0	0.0	0.0	0.0	0.0	0.0	0.0	0.0	0.0	0.0	源: line | 	2026-08-16 13:27:47	2026-08-16 13:27:47
584	b4a1a491c01e49eb8f795b428c662e26	1_4_3_3_2	对公条线_单位其他固定资产贷款_3Y	0.0	0.0	0.0	0.0	0.0	0.0	0.0	0.0	0.0	0.0	0.0	0.0	0.0	0.0	0.0	0.0	0.0	0.0	0.0	0.0	0.0	0.0	0.0	0.087959	源: line | 	2026-08-16 13:27:47	2026-08-16 13:27:47
585	6643ddac83e740cbbdeab99e5f06c9c9	1_4_3_3_3	对公条线_单位其他固定资产贷款_5Y	0.0	0.0	0.0	0.0	0.0	0.0	0.0	0.0	0.0	0.0	0.0	0.0	0.0	0.0	0.0	0.0	0.0	0.0	0.0	0.0	0.0	0.0	0.0	0.0	源: line | 	2026-08-16 13:27:47	2026-08-16 13:27:47
586	73923b4d793246d08125c6c4d1a5df9d	1_4_3_3_4	对公条线_单位其他固定资产贷款_10Y	0.0	0.0	0.0	0.0	0.0	0.0	0.0	0.0	0.0	0.0	0.0	0.0	0.0	0.0	0.0	0.0	0.0	0.0	0.0	0.0	0.0	0.0	0.0	0.0	源: line | 	2026-08-16 13:27:47	2026-08-16 13:27:47
587	2c4a38541ae34aefbab8526902daaefd	1_4_3_4	对公条线_单位流动资金贷款	0.049967	0.049967	0.049967	0.0	0.0	0.0	0.0	0.0	0.0	0.0	0.0	0.0	0.0	0.0	0.0	0.0	0.0	0.0	0.0	0.0	0.0	0.0	0.0	0.051062	源: line | 	2026-08-16 13:27:47	2026-08-16 13:27:47
588	b7e4851db5594e03a6927264974d1f1f	1_4_3_4_1	对公条线_单位流动资金贷款_3M	0.026304	0.026304	0.026304	0.0	0.0	0.0	0.0	0.0	0.0	0.0	0.0	0.0	0.0	0.0	0.0	0.0	0.0	0.0	0.0	0.0	0.0	0.0	0.0	0.026304	源: line | 	2026-08-16 13:27:47	2026-08-16 13:27:47
589	099244458689488a99af2aab102681c1	1_4_3_4_2	对公条线_单位流动资金贷款_6M	0.0	0.0	0.0	0.0	0.0	0.0	0.0	0.0	0.0	0.0	0.0	0.0	0.0	0.0	0.0	0.0	0.0	0.0	0.0	0.0	0.0	0.0	0.0	0.0	源: line | 	2026-08-16 13:27:47	2026-08-16 13:27:47
590	d98143b3f9634d1bb72e9df08a712fca	1_4_3_4_3	对公条线_单位流动资金贷款_1Y	0.04903	0.04903	0.04903	0.0	0.0	0.0	0.0	0.0	0.0	0.0	0.0	0.0	0.0	0.0	0.0	0.0	0.0	0.0	0.0	0.0	0.0	0.0	0.0	0.051839	源: line | 	2026-08-16 13:27:47	2026-08-16 13:27:47
591	1cc775f774da4d39a03de6d86597e597	1_4_3_4_4	对公条线_单位流动资金贷款_2Y	0.063296	0.063296	0.063296	0.0	0.0	0.0	0.0	0.0	0.0	0.0	0.0	0.0	0.0	0.0	0.0	0.0	0.0	0.0	0.0	0.0	0.0	0.0	0.0	0.052165	源: line | 	2026-08-16 13:27:47	2026-08-16 13:27:47
592	2ffe5b251a8b4a0fbf1ee1f7b26b6719	1_4_3_4_5	对公条线_单位流动资金贷款_3Y	0.052178	0.052178	0.052178	0.0	0.0	0.0	0.0	0.0	0.0	0.0	0.0	0.0	0.0	0.0	0.0	0.0	0.0	0.0	0.0	0.0	0.0	0.0	0.0	0.044841	源: line | 	2026-08-16 13:27:47	2026-08-16 13:27:47
593	2f99199291a14216bc82f7b1121e8287	1_4_3_5	对公条线_其他贷款	0.014015	0.014015	0.014015	0.0	0.0	0.0	0.0	0.0	0.0	0.0	0.0	0.0	0.0	0.0	0.0	0.0	0.0	0.0	0.0	0.0	0.0	0.0	0.0	0.016286	源: line | 	2026-08-16 13:27:47	2026-08-16 13:27:47
594	e6401a6d40db4ba2b18a19d08c301902	1_4_3_5_1	对公条线_其他贷款_3M	0.03513	0.03513	0.03513	0.0	0.0	0.0	0.0	0.0	0.0	0.0	0.0	0.0	0.0	0.0	0.0	0.0	0.0	0.0	0.0	0.0	0.0	0.0	0.0	0.041655	源: line | 	2026-08-16 13:27:47	2026-08-16 13:27:47
595	972a98b8683c4c159b45f3d580828800	1_4_3_5_2	对公条线_其他贷款_6M	0.0	0.0	0.0	0.0	0.0	0.0	0.0	0.0	0.0	0.0	0.0	0.0	0.0	0.0	0.0	0.0	0.0	0.0	0.0	0.0	0.0	0.0	0.0	0.0	源: line | 	2026-08-16 13:27:47	2026-08-16 13:27:47
596	5416b28cb7ba4762a26a1115e55a4ba4	1_4_3_5_3	对公条线_其他贷款_1Y	0.0	0.0	0.0	0.0	0.0	0.0	0.0	0.0	0.0	0.0	0.0	0.0	0.0	0.0	0.0	0.0	0.0	0.0	0.0	0.0	0.0	0.0	0.0	0.0	源: line | 	2026-08-16 13:27:47	2026-08-16 13:27:47
597	a2b1794a86484ebf86cfd1634a0d3b39	1_4_3_5_4	对公条线_其他贷款_2Y	0.0	0.0	0.0	0.0	0.0	0.0	0.0	0.0	0.0	0.0	0.0	0.0	0.0	0.0	0.0	0.0	0.0	0.0	0.0	0.0	0.0	0.0	0.0	0.0	源: line | 	2026-08-16 13:27:47	2026-08-16 13:27:47
598	20941292631a4bf6b3d6f908366469ee	1_4_3_5_5	对公条线_其他贷款_3Y	0.008677	0.008677	0.008677	0.0	0.0	0.0	0.0	0.0	0.0	0.0	0.0	0.0	0.0	0.0	0.0	0.0	0.0	0.0	0.0	0.0	0.0	0.0	0.0	0.009866	源: line | 	2026-08-16 13:27:47	2026-08-16 13:27:47
599	255666178cb24c8ca0392737f66baeab	1_4_4	数金条线贷款	0.111479	0.111479	0.111479	0.0	0.0	0.0	0.0	0.0	0.0	0.0	0.0	0.0	0.0	0.0	0.0	0.0	0.0	0.0	0.0	0.0	0.0	0.0	0.0	0.080468	源: line | 	2026-08-16 13:27:47	2026-08-16 13:27:47
600	10624be3a48544a6aa6638d5bcb9f674	1_4_4_1	数金条线_个人经营贷款	0.0	0.0	0.0	0.0	0.0	0.0	0.0	0.0	0.0	0.0	0.0	0.0	0.0	0.0	0.0	0.0	0.0	0.0	0.0	0.0	0.0	0.0	0.0	0.078754	源: line | 	2026-08-16 13:27:47	2026-08-16 13:27:47
601	1e8ab369c668498cadf58497d452ffb6	1_4_4_1_1	数金条线_个人经营贷款_线上	0.0	0.0	0.0	0.0	0.0	0.0	0.0	0.0	0.0	0.0	0.0	0.0	0.0	0.0	0.0	0.0	0.0	0.0	0.0	0.0	0.0	0.0	0.0	0.078754	源: line | 	2026-08-16 13:27:47	2026-08-16 13:27:47
602	9b54b8ef36874ab0b07d5b975c5c8467	1_4_4_1_1_1	数金条线_个人经营贷款_线上_3M	0.0	0.0	0.0	0.0	0.0	0.0	0.0	0.0	0.0	0.0	0.0	0.0	0.0	0.0	0.0	0.0	0.0	0.0	0.0	0.0	0.0	0.0	0.0	0.078754	源: line | 	2026-08-16 13:27:47	2026-08-16 13:27:47
603	b7f39d92a03a4c82900c2edeacd3236e	1_4_4_1_1_2	数金条线_个人经营贷款_线上_6M	0.0	0.0	0.0	0.0	0.0	0.0	0.0	0.0	0.0	0.0	0.0	0.0	0.0	0.0	0.0	0.0	0.0	0.0	0.0	0.0	0.0	0.0	0.0	0.078754	源: line | 	2026-08-16 13:27:47	2026-08-16 13:27:47
604	9079cb650dbe45fb9e9f568c2657b042	1_4_4_1_1_3	数金条线_个人经营贷款_线上_1Y	0.0	0.0	0.0	0.0	0.0	0.0	0.0	0.0	0.0	0.0	0.0	0.0	0.0	0.0	0.0	0.0	0.0	0.0	0.0	0.0	0.0	0.0	0.0	0.078754	源: line | 	2026-08-16 13:27:47	2026-08-16 13:27:47
605	cfa4c9b399dc40108fce08fd254b4357	1_4_4_1_1_4	数金条线_个人经营贷款_线上_2Y	0.0	0.0	0.0	0.0	0.0	0.0	0.0	0.0	0.0	0.0	0.0	0.0	0.0	0.0	0.0	0.0	0.0	0.0	0.0	0.0	0.0	0.0	0.0	0.078754	源: line | 	2026-08-16 13:27:47	2026-08-16 13:27:47
606	df4226886f5f411f98787508fa95952c	1_4_4_1_1_5	数金条线_个人经营贷款_线上_3Y	0.0	0.0	0.0	0.0	0.0	0.0	0.0	0.0	0.0	0.0	0.0	0.0	0.0	0.0	0.0	0.0	0.0	0.0	0.0	0.0	0.0	0.0	0.0	0.078754	源: line | 	2026-08-16 13:27:47	2026-08-16 13:27:47
607	3762efad5ae343af94a0d3e32307f5bd	1_4_4_1_2	数金条线_个人经营贷款_线下	0.0	0.0	0.0	0.0	0.0	0.0	0.0	0.0	0.0	0.0	0.0	0.0	0.0	0.0	0.0	0.0	0.0	0.0	0.0	0.0	0.0	0.0	0.0	0.078754	源: line | 	2026-08-16 13:27:47	2026-08-16 13:27:47
608	4ab9510b829a4dc3bbd5a74f7cb9daa0	1_4_4_1_2_1	数金条线_个人经营贷款_线下_3M	0.0	0.0	0.0	0.0	0.0	0.0	0.0	0.0	0.0	0.0	0.0	0.0	0.0	0.0	0.0	0.0	0.0	0.0	0.0	0.0	0.0	0.0	0.0	0.078754	源: line | 	2026-08-16 13:27:47	2026-08-16 13:27:47
609	50c557252e94487492cfa416615043b4	1_4_4_1_2_2	数金条线_个人经营贷款_线下_6M	0.0	0.0	0.0	0.0	0.0	0.0	0.0	0.0	0.0	0.0	0.0	0.0	0.0	0.0	0.0	0.0	0.0	0.0	0.0	0.0	0.0	0.0	0.0	0.078754	源: line | 	2026-08-16 13:27:47	2026-08-16 13:27:47
610	5e94c5294fd44f11bd81c8e039d06d00	1_4_4_1_2_3	数金条线_个人经营贷款_线下_1Y	0.0	0.0	0.0	0.0	0.0	0.0	0.0	0.0	0.0	0.0	0.0	0.0	0.0	0.0	0.0	0.0	0.0	0.0	0.0	0.0	0.0	0.0	0.0	0.078754	源: line | 	2026-08-16 13:27:47	2026-08-16 13:27:47
611	bfb9928edc6f413492e4fe7ceef26e56	1_4_4_1_2_4	数金条线_个人经营贷款_线下_2Y	0.0	0.0	0.0	0.0	0.0	0.0	0.0	0.0	0.0	0.0	0.0	0.0	0.0	0.0	0.0	0.0	0.0	0.0	0.0	0.0	0.0	0.0	0.0	0.078754	源: line | 	2026-08-16 13:27:47	2026-08-16 13:27:47
612	d9aa7e4c10694c2f9796bc4f8a370d00	1_4_4_1_2_5	数金条线_个人经营贷款_线下_3Y	0.0	0.0	0.0	0.0	0.0	0.0	0.0	0.0	0.0	0.0	0.0	0.0	0.0	0.0	0.0	0.0	0.0	0.0	0.0	0.0	0.0	0.0	0.0	0.078754	源: line | 	2026-08-16 13:27:47	2026-08-16 13:27:47
613	5bf9689e058d4fffabd6a5758c90725a	1_4_4_2	数金条线_个人消费贷款	0.111479	0.111479	0.111479	0.0	0.0	0.0	0.0	0.0	0.0	0.0	0.0	0.0	0.0	0.0	0.0	0.0	0.0	0.0	0.0	0.0	0.0	0.0	0.0	0.080496	源: line | 	2026-08-16 13:27:47	2026-08-16 13:27:47
614	acc1fb66712946ab978544299bb0ab8b	1_4_4_2_1	数金条线_个人消费贷款_3M	0.107915	0.107915	0.107915	0.0	0.0	0.0	0.0	0.0	0.0	0.0	0.0	0.0	0.0	0.0	0.0	0.0	0.0	0.0	0.0	0.0	0.0	0.0	0.0	0.080496	源: line | 	2026-08-16 13:27:47	2026-08-16 13:27:47
615	b68a45ebd6254ac584f278f4e759653f	1_4_4_2_2	数金条线_个人消费贷款_6M	0.090859	0.090859	0.090859	0.0	0.0	0.0	0.0	0.0	0.0	0.0	0.0	0.0	0.0	0.0	0.0	0.0	0.0	0.0	0.0	0.0	0.0	0.0	0.0	0.080496	源: line | 	2026-08-16 13:27:47	2026-08-16 13:27:47
616	7c29cc72d1024fc588507072b9acd678	1_4_4_2_3	数金条线_个人消费贷款_1Y	0.118779	0.118779	0.118779	0.0	0.0	0.0	0.0	0.0	0.0	0.0	0.0	0.0	0.0	0.0	0.0	0.0	0.0	0.0	0.0	0.0	0.0	0.0	0.0	0.080496	源: line | 	2026-08-16 13:27:47	2026-08-16 13:27:47
617	bd87087f5a4f4c2f8231f7783e20c902	1_4_4_2_4	数金条线_个人消费贷款_2Y	0.13714	0.13714	0.13714	0.0	0.0	0.0	0.0	0.0	0.0	0.0	0.0	0.0	0.0	0.0	0.0	0.0	0.0	0.0	0.0	0.0	0.0	0.0	0.0	0.080496	源: line | 	2026-08-16 13:27:47	2026-08-16 13:27:47
618	c7323d0b646044b9ad87413417b291f2	1_4_4_2_5	数金条线_个人消费贷款_3Y	0.0	0.0	0.0	0.0	0.0	0.0	0.0	0.0	0.0	0.0	0.0	0.0	0.0	0.0	0.0	0.0	0.0	0.0	0.0	0.0	0.0	0.0	0.0	0.080496	源: line | 	2026-08-16 13:27:47	2026-08-16 13:27:47
619	fbb871069cc84ff1a47f5b31afe27022	1_4_5	贸易融资	0.01572	0.01572	0.01572	0.0	0.0	0.0	0.0	0.0	0.0	0.0	0.0	0.0	0.0	0.0	0.0	0.0	0.0	0.0	0.0	0.0	0.0	0.0	0.0	0.020028	源: line | 	2026-08-16 13:27:47	2026-08-16 13:27:47
620	9562aff38b684f9bac4cde491796c704	1_4_5_1	贸易融资_3M	0.01572	0.01572	0.01572	0.0	0.0	0.0	0.0	0.0	0.0	0.0	0.0	0.0	0.0	0.0	0.0	0.0	0.0	0.0	0.0	0.0	0.0	0.0	0.0	0.020028	源: line | 	2026-08-16 13:27:47	2026-08-16 13:27:47
621	3821c9705a8e42fcb8b4673c2d6767de	1_4_5_2	贸易融资_6M	0.0	0.0	0.0	0.0	0.0	0.0	0.0	0.0	0.0	0.0	0.0	0.0	0.0	0.0	0.0	0.0	0.0	0.0	0.0	0.0	0.0	0.0	0.0	0.02637	源: line | 	2026-08-16 13:27:47	2026-08-16 13:27:47
622	f4758f2c415f4a6ab47df4dcb826e93b	1_4_5_3	贸易融资_1Y	0.0	0.0	0.0	0.0	0.0	0.0	0.0	0.0	0.0	0.0	0.0	0.0	0.0	0.0	0.0	0.0	0.0	0.0	0.0	0.0	0.0	0.0	0.0	0.020028	源: line | 	2026-08-16 13:27:47	2026-08-16 13:27:47
623	6284231fa6524bb08a516fce9e385d13	1_4_5_4	贸易融资_2Y	0.0	0.0	0.0	0.0	0.0	0.0	0.0	0.0	0.0	0.0	0.0	0.0	0.0	0.0	0.0	0.0	0.0	0.0	0.0	0.0	0.0	0.0	0.0	0.020028	源: line | 	2026-08-16 13:27:47	2026-08-16 13:27:47
624	85403c2ca58d42a2948e38d2215e9c70	1_4_5_5	贸易融资_3Y	0.0	0.0	0.0	0.0	0.0	0.0	0.0	0.0	0.0	0.0	0.0	0.0	0.0	0.0	0.0	0.0	0.0	0.0	0.0	0.0	0.0	0.0	0.0	0.020028	源: line | 	2026-08-16 13:27:47	2026-08-16 13:27:47
625	4c190f317c304935b59f2e4fb5f2009a	1_4_6	贴现	0.028662	0.028662	0.028662	0.0	0.0	0.0	0.0	0.0	0.0	0.0	0.0	0.0	0.0	0.0	0.0	0.0	0.0	0.0	0.0	0.0	0.0	0.0	0.0	0.029133	源: line | 	2026-08-16 13:27:47	2026-08-16 13:27:47
626	c6bd79f62b47402ead4dfe75da912357	1_4_6_1	直贴_3M	0.012473	0.012473	0.012473	0.0	0.0	0.0	0.0	0.0	0.0	0.0	0.0	0.0	0.0	0.0	0.0	0.0	0.0	0.0	0.0	0.0	0.0	0.0	0.0	0.0	源: line | 	2026-08-16 13:27:47	2026-08-16 13:27:47
627	19d25e9c8a7d44f9aff8dc390f56cae7	1_4_6_2	转贴_6M	0.041188	0.041188	0.041188	0.0	0.0	0.0	0.0	0.0	0.0	0.0	0.0	0.0	0.0	0.0	0.0	0.0	0.0	0.0	0.0	0.0	0.0	0.0	0.0	0.038337	源: line | 	2026-08-16 13:27:47	2026-08-16 13:27:47
628	c1d9cfaa260742b1bc845ff96fa11808	1_4_6_3	福费廷_3M	0.036233	0.036233	0.036233	0.0	0.0	0.0	0.0	0.0	0.0	0.0	0.0	0.0	0.0	0.0	0.0	0.0	0.0	0.0	0.0	0.0	0.0	0.0	0.0	0.032552	源: line | 	2026-08-16 13:27:47	2026-08-16 13:27:47
629	8dfe01e9191041eb852a24dc1f993bfe	1_4_6_4	应收款买断_3M	0.0	0.0	0.0	0.0	0.0	0.0	0.0	0.0	0.0	0.0	0.0	0.0	0.0	0.0	0.0	0.0	0.0	0.0	0.0	0.0	0.0	0.0	0.0	0.0	源: line | 	2026-08-16 13:27:47	2026-08-16 13:27:47
630	9ee926d3d5de4752a860f46324795efe	1_5	其他资产	0.0	0.0	0.0	0.0	0.0	0.0	0.0	0.0	0.0	0.0	0.0	0.0	0.0	0.0	0.0	0.0	0.0	0.0	0.0	0.0	0.0	0.0	0.0	0.0	源: line | 	2026-08-16 13:27:47	2026-08-16 13:27:47
631	544987c5ae264c6183ae02aec57497ea	1_5_1	贵金属_30Y	0.0	0.0	0.0	0.0	0.0	0.0	0.0	0.0	0.0	0.0	0.0	0.0	0.0	0.0	0.0	0.0	0.0	0.0	0.0	0.0	0.0	0.0	0.0	0.0	源: line | 	2026-08-16 13:27:47	2026-08-16 13:27:47
632	7071c2bc9c8748b7ac3fcc0e36951e7c	1_5_1_1	贵金属_黄金_1D	0.0	0.0	0.0	0.0	0.0	0.0	0.0	0.0	0.0	0.0	0.0	0.0	0.0	0.0	0.0	0.0	0.0	0.0	0.0	0.0	0.0	0.0	0.0	0.0	源: line | 	2026-08-16 13:27:47	2026-08-16 13:27:47
633	b8d1721718154a6cbdeef02cb7a664dc	1_5_1_2	贵金属_非黄金_30Y	0.0	0.0	0.0	0.0	0.0	0.0	0.0	0.0	0.0	0.0	0.0	0.0	0.0	0.0	0.0	0.0	0.0	0.0	0.0	0.0	0.0	0.0	0.0	0.0	源: line | 	2026-08-16 13:27:47	2026-08-16 13:27:47
634	774f2b6bef4346f5a882f15212258a57	1_5_2	各类应收款_30Y	0.0	0.0	0.0	0.0	0.0	0.0	0.0	0.0	0.0	0.0	0.0	0.0	0.0	0.0	0.0	0.0	0.0	0.0	0.0	0.0	0.0	0.0	0.0	0.0	源: line | 	2026-08-16 13:27:47	2026-08-16 13:27:47
635	c041e2258ea44e4eb1324ccfd2c571bc	1_5_3	其他资产_30Y	0.0	0.0	0.0	0.0	0.0	0.0	0.0	0.0	0.0	0.0	0.0	0.0	0.0	0.0	0.0	0.0	0.0	0.0	0.0	0.0	0.0	0.0	0.0	0.0	源: line | 	2026-08-16 13:27:47	2026-08-16 13:27:47
636	0260741e22a54e1189acaa5965f4ca42	2_1	向中央银行借款	0.020497	0.020497	0.020497	0.0	0.0	0.0	0.0	0.0	0.0	0.0	0.0	0.0	0.0	0.0	0.0	0.0	0.0	0.0	0.0	0.0	0.0	0.0	0.0	0.020473	源: line | 	2026-08-16 13:27:47	2026-08-16 13:27:47
637	96f54d074aac4e808c7330491bba843c	2_1_1	再贴现_1Y	0.020497	0.020497	0.020497	0.0	0.0	0.0	0.0	0.0	0.0	0.0	0.0	0.0	0.0	0.0	0.0	0.0	0.0	0.0	0.0	0.0	0.0	0.0	0.0	0.020473	源: custom | 	2026-08-16 13:27:47	2026-08-16 13:27:47
638	61639a43aeb549ccbf741190ac58e92e	2_1_2	再贷款_1Y	0.0	0.0	0.0	0.0	0.0	0.0	0.0	0.0	0.0	0.0	0.0	0.0	0.0	0.0	0.0	0.0	0.0	0.0	0.0	0.0	0.0	0.0	0.0	0.0	源: custom | 	2026-08-16 13:27:47	2026-08-16 13:27:47
639	69a6d873489f4716bd54272bcff8800c	2_2	同业负债	0.014128	0.014128	0.014128	0.0	0.0	0.0	0.0	0.0	0.0	0.0	0.0	0.0	0.0	0.0	0.0	0.0	0.0	0.0	0.0	0.0	0.0	0.0	0.0	0.013932	源: line | 	2026-08-16 13:27:47	2026-08-16 13:27:47
640	37574e5bf64744978a1db9021846d1e1	2_2_1	同业存放款项	0.012378	0.012378	0.012378	0.0	0.0	0.0	0.0	0.0	0.0	0.0	0.0	0.0	0.0	0.0	0.0	0.0	0.0	0.0	0.0	0.0	0.0	0.0	0.0	0.013016	源: custom | 	2026-08-16 13:27:47	2026-08-16 13:27:47
641	284b4da7975e4171ae01a766982e6e35	2_2_1_1	同业存放活期款项	0.012378	0.012378	0.012378	0.0	0.0	0.0	0.0	0.0	0.0	0.0	0.0	0.0	0.0	0.0	0.0	0.0	0.0	0.0	0.0	0.0	0.0	0.0	0.0	0.005671	源: line | 	2026-08-16 13:27:47	2026-08-16 13:27:47
642	7418861442c74505badbd27ade98c3a2	2_2_1_1_1	同业存放活期款项_1D	0.012378	0.012378	0.012378	0.0	0.0	0.0	0.0	0.0	0.0	0.0	0.0	0.0	0.0	0.0	0.0	0.0	0.0	0.0	0.0	0.0	0.0	0.0	0.0	0.005671	源: line | 	2026-08-16 13:27:47	2026-08-16 13:27:47
643	48cb0ca730c2410984216d5cd6b4651f	2_2_1_2	同业存放定期款项	0.0	0.0	0.0	0.0	0.0	0.0	0.0	0.0	0.0	0.0	0.0	0.0	0.0	0.0	0.0	0.0	0.0	0.0	0.0	0.0	0.0	0.0	0.0	0.033458	源: line | 	2026-08-16 13:27:47	2026-08-16 13:27:47
644	16ae096ed9ec4b78ab42195dd6ecf374	2_2_1_2_1	同业存放定期款项_1M	0.0	0.0	0.0	0.0	0.0	0.0	0.0	0.0	0.0	0.0	0.0	0.0	0.0	0.0	0.0	0.0	0.0	0.0	0.0	0.0	0.0	0.0	0.0	0.033458	源: line | 	2026-08-16 13:27:47	2026-08-16 13:27:47
645	b61396ca538644f49699ce055c0a48a7	2_2_1_2_2	同业存放定期款项_3M	0.0	0.0	0.0	0.0	0.0	0.0	0.0	0.0	0.0	0.0	0.0	0.0	0.0	0.0	0.0	0.0	0.0	0.0	0.0	0.0	0.0	0.0	0.0	0.033458	源: line | 	2026-08-16 13:27:47	2026-08-16 13:27:47
646	592e96a1fa3a43ad9a1aa0e6dade1d0f	2_2_1_2_3	同业存放定期款项_6M	0.0	0.0	0.0	0.0	0.0	0.0	0.0	0.0	0.0	0.0	0.0	0.0	0.0	0.0	0.0	0.0	0.0	0.0	0.0	0.0	0.0	0.0	0.0	0.033458	源: line | 	2026-08-16 13:27:47	2026-08-16 13:27:47
647	ca7a6673ed0d44dd9fcc63275376f689	2_2_1_2_4	同业存放定期款项_1Y	0.0	0.0	0.0	0.0	0.0	0.0	0.0	0.0	0.0	0.0	0.0	0.0	0.0	0.0	0.0	0.0	0.0	0.0	0.0	0.0	0.0	0.0	0.0	0.033458	源: line | 	2026-08-16 13:27:47	2026-08-16 13:27:47
648	10ea1eff02734fac8c8f4faf8b0e54ec	2_2_2	同业拆入	0.005821	0.005821	0.005821	0.0	0.0	0.0	0.0	0.0	0.0	0.0	0.0	0.0	0.0	0.0	0.0	0.0	0.0	0.0	0.0	0.0	0.0	0.0	0.0	0.002661	源: custom | 	2026-08-16 13:27:47	2026-08-16 13:27:47
649	b8570f6bc1024e8cab402cbff4be33f8	2_2_2_1	同业拆入_1D	0.005821	0.005821	0.005821	0.0	0.0	0.0	0.0	0.0	0.0	0.0	0.0	0.0	0.0	0.0	0.0	0.0	0.0	0.0	0.0	0.0	0.0	0.0	0.0	0.002661	源: line | 	2026-08-16 13:27:47	2026-08-16 13:27:47
650	d3b8aaa49f2c454fbcc398ae26bc990b	2_2_3	同业借款借入	0.0	0.0	0.0	0.0	0.0	0.0	0.0	0.0	0.0	0.0	0.0	0.0	0.0	0.0	0.0	0.0	0.0	0.0	0.0	0.0	0.0	0.0	0.0	0.0	源: custom | 	2026-08-16 13:27:47	2026-08-16 13:27:47
651	36ff3292560b4a1c87204c40b89bbb6c	2_2_3_1	同业借款借入_1D	0.0	0.0	0.0	0.0	0.0	0.0	0.0	0.0	0.0	0.0	0.0	0.0	0.0	0.0	0.0	0.0	0.0	0.0	0.0	0.0	0.0	0.0	0.0	0.0	源: line | 	2026-08-16 13:27:47	2026-08-16 13:27:47
652	a94e6a9c86424c65b21a749e6ad285aa	2_2_4	卖出回购	0.021084	0.021084	0.021084	0.0	0.0	0.0	0.0	0.0	0.0	0.0	0.0	0.0	0.0	0.0	0.0	0.0	0.0	0.0	0.0	0.0	0.0	0.0	0.0	0.022839	源: custom | 	2026-08-16 13:27:47	2026-08-16 13:27:47
653	a99393b46dd143e7ab4485ded1fda25e	2_2_4_1	卖出回购债券	0.021084	0.021084	0.021084	0.0	0.0	0.0	0.0	0.0	0.0	0.0	0.0	0.0	0.0	0.0	0.0	0.0	0.0	0.0	0.0	0.0	0.0	0.0	0.0	0.0194	源: line | 	2026-08-16 13:27:47	2026-08-16 13:27:47
654	1ab3b6ef36084eefa00f9952db732d34	2_2_4_1_1	卖出回购债券_买断式_1D	0.014916	0.014916	0.014916	0.0	0.0	0.0	0.0	0.0	0.0	0.0	0.0	0.0	0.0	0.0	0.0	0.0	0.0	0.0	0.0	0.0	0.0	0.0	0.0	0.0194	源: line | 	2026-08-16 13:27:47	2026-08-16 13:27:47
655	df7636ebe71b489d9e67b79b6c8f2a63	2_2_4_1_2	卖出回购债券_买断式_7D	0.022935	0.022935	0.022935	0.0	0.0	0.0	0.0	0.0	0.0	0.0	0.0	0.0	0.0	0.0	0.0	0.0	0.0	0.0	0.0	0.0	0.0	0.0	0.0	0.0194	源: line | 	2026-08-16 13:27:47	2026-08-16 13:27:47
656	6a2ae1c411d4408e8907d5624bb5fa72	2_2_4_1_3	卖出回购债券_质押式_1D	0.0	0.0	0.0	0.0	0.0	0.0	0.0	0.0	0.0	0.0	0.0	0.0	0.0	0.0	0.0	0.0	0.0	0.0	0.0	0.0	0.0	0.0	0.0	0.0194	源: line | 	2026-08-16 13:27:47	2026-08-16 13:27:47
657	acdbbcc5b15a4ae2848943ed4e951996	2_2_4_1_4	卖出回购债券_质押式_7D	0.0	0.0	0.0	0.0	0.0	0.0	0.0	0.0	0.0	0.0	0.0	0.0	0.0	0.0	0.0	0.0	0.0	0.0	0.0	0.0	0.0	0.0	0.0	0.0194	源: line | 	2026-08-16 13:27:47	2026-08-16 13:27:47
658	e0c982bbc0a446bb874b7a483b8fef82	2_2_4_2	卖出回购票据	0.0	0.0	0.0	0.0	0.0	0.0	0.0	0.0	0.0	0.0	0.0	0.0	0.0	0.0	0.0	0.0	0.0	0.0	0.0	0.0	0.0	0.0	0.0	0.025625	源: line | 	2026-08-16 13:27:47	2026-08-16 13:27:47
659	ba1756f93aa04ea7b6e2240cd598d25b	2_2_4_2_1	卖出回购票据_买断式_1D	0.0	0.0	0.0	0.0	0.0	0.0	0.0	0.0	0.0	0.0	0.0	0.0	0.0	0.0	0.0	0.0	0.0	0.0	0.0	0.0	0.0	0.0	0.0	0.025625	源: line | 	2026-08-16 13:27:47	2026-08-16 13:27:47
660	67eb6430e4594b5c9343aa04f0394575	2_2_4_2_2	卖出回购票据_买断式_7D	0.0	0.0	0.0	0.0	0.0	0.0	0.0	0.0	0.0	0.0	0.0	0.0	0.0	0.0	0.0	0.0	0.0	0.0	0.0	0.0	0.0	0.0	0.0	0.025625	源: line | 	2026-08-16 13:27:47	2026-08-16 13:27:47
661	3e1d05b25192406a98bb97d1e925beab	2_2_4_2_3	卖出回购票据_质押式_1D	0.0	0.0	0.0	0.0	0.0	0.0	0.0	0.0	0.0	0.0	0.0	0.0	0.0	0.0	0.0	0.0	0.0	0.0	0.0	0.0	0.0	0.0	0.0	0.025625	源: line | 	2026-08-16 13:27:47	2026-08-16 13:27:47
662	1af10d69d9da4b7382f73bf348721908	2_2_4_2_4	卖出回购票据_质押式_7D	0.0	0.0	0.0	0.0	0.0	0.0	0.0	0.0	0.0	0.0	0.0	0.0	0.0	0.0	0.0	0.0	0.0	0.0	0.0	0.0	0.0	0.0	0.0	0.025625	源: line | 	2026-08-16 13:27:47	2026-08-16 13:27:47
663	3c03f766d5f04d469f70247260d4a347	2_3	发行同业存单	0.032292	0.032292	0.032292	0.0	0.0	0.0	0.0	0.0	0.0	0.0	0.0	0.0	0.0	0.0	0.0	0.0	0.0	0.0	0.0	0.0	0.0	0.0	0.0	0.031865	源: custom | 	2026-08-16 13:27:47	2026-08-16 13:27:47
664	6e0c7fce2ebd491c82b24647ca800080	2_3_1	发行同业存单_1M	0.027434	0.027434	0.027434	0.0	0.0	0.0	0.0	0.0	0.0	0.0	0.0	0.0	0.0	0.0	0.0	0.0	0.0	0.0	0.0	0.0	0.0	0.0	0.0	0.0	源: line | 	2026-08-16 13:27:47	2026-08-16 13:27:47
665	3b794915ff6444a1b90c1756f212afcc	2_3_2	发行同业存单_3M	0.026599	0.026599	0.026599	0.0	0.0	0.0	0.0	0.0	0.0	0.0	0.0	0.0	0.0	0.0	0.0	0.0	0.0	0.0	0.0	0.0	0.0	0.0	0.0	0.0	源: line | 	2026-08-16 13:27:47	2026-08-16 13:27:47
666	79d7831c70984b188e147bb839b5995b	2_3_3	发行同业存单_6M	0.0	0.0	0.0	0.0	0.0	0.0	0.0	0.0	0.0	0.0	0.0	0.0	0.0	0.0	0.0	0.0	0.0	0.0	0.0	0.0	0.0	0.0	0.0	0.026951	源: line | 	2026-08-16 13:27:47	2026-08-16 13:27:47
667	fd2b51b960cc4e4e90bb95eb27ce3ab0	2_3_4	发行同业存单_9M	0.030761	0.030761	0.030761	0.0	0.0	0.0	0.0	0.0	0.0	0.0	0.0	0.0	0.0	0.0	0.0	0.0	0.0	0.0	0.0	0.0	0.0	0.0	0.0	0.032017	源: line | 	2026-08-16 13:27:47	2026-08-16 13:27:47
668	8f056285972a441c8f4d6d8f310040b5	2_3_5	发行同业存单_1Y	0.034018	0.034018	0.034018	0.0	0.0	0.0	0.0	0.0	0.0	0.0	0.0	0.0	0.0	0.0	0.0	0.0	0.0	0.0	0.0	0.0	0.0	0.0	0.0	0.033853	源: line | 	2026-08-16 13:27:47	2026-08-16 13:27:47
669	3357498ab68d400facc9609bfd4ea1bc	2_4	发行债券	0.0	0.0	0.0	0.0	0.0	0.0	0.0	0.0	0.0	0.0	0.0	0.0	0.0	0.0	0.0	0.0	0.0	0.0	0.0	0.0	0.0	0.0	0.0	0.042153	源: custom | 	2026-08-16 13:27:47	2026-08-16 13:27:47
670	0a462e3b8d0d41c9bd7f536101f88cfe	2_4_1	发行债券_3Y	0.0	0.0	0.0	0.0	0.0	0.0	0.0	0.0	0.0	0.0	0.0	0.0	0.0	0.0	0.0	0.0	0.0	0.0	0.0	0.0	0.0	0.0	0.0	0.042153	源: line | 	2026-08-16 13:27:47	2026-08-16 13:27:47
671	ed18989e8eb847d6b713e0fff7ec44ac	2_4_2	发行债券_5Y	0.0	0.0	0.0	0.0	0.0	0.0	0.0	0.0	0.0	0.0	0.0	0.0	0.0	0.0	0.0	0.0	0.0	0.0	0.0	0.0	0.0	0.0	0.0	0.042153	源: line | 	2026-08-16 13:27:47	2026-08-16 13:27:47
672	bca145b1aa6d49acb3300f50d19c8ea3	2_4_3	发行债券_10Y	0.0	0.0	0.0	0.0	0.0	0.0	0.0	0.0	0.0	0.0	0.0	0.0	0.0	0.0	0.0	0.0	0.0	0.0	0.0	0.0	0.0	0.0	0.0	0.042153	源: line | 	2026-08-16 13:27:47	2026-08-16 13:27:47
673	a6eb01fe4eb94297aabe26b383124c7f	2_5	吸收存款	0.019534	0.019534	0.019534	0.0	0.0	0.0	0.0	0.0	0.0	0.0	0.0	0.0	0.0	0.0	0.0	0.0	0.0	0.0	0.0	0.0	0.0	0.0	0.0	0.035	源: line | 	2026-08-16 13:27:47	2026-08-16 13:27:47
674	afbbed8efbc44d319909dc34fa2c02d8	2_5_1	单位存款	0.021655	0.021655	0.021655	0.0	0.0	0.0	0.0	0.0	0.0	0.0	0.0	0.0	0.0	0.0	0.0	0.0	0.0	0.0	0.0	0.0	0.0	0.0	0.0	0.0	源: line | 	2026-08-16 13:27:47	2026-08-16 13:27:47
675	d4800580bd1242898dfd7427f600f8a3	2_5_1_1	单位活期存款	0.01669	0.01669	0.01669	0.0	0.0	0.0	0.0	0.0	0.0	0.0	0.0	0.0	0.0	0.0	0.0	0.0	0.0	0.0	0.0	0.0	0.0	0.0	0.0	0.0	源: custom | 	2026-08-16 13:27:47	2026-08-16 13:27:47
676	d01df547f9ce4270a7b78c47a00bee7f	2_5_1_1_1	单位普通活期存款_1D	0.01669	0.01669	0.01669	0.0	0.0	0.0	0.0	0.0	0.0	0.0	0.0	0.0	0.0	0.0	0.0	0.0	0.0	0.0	0.0	0.0	0.0	0.0	0.0	0.0	源: line | 	2026-08-16 13:27:47	2026-08-16 13:27:47
677	7ce3e78eb5684048ad15151e3f7bd073	2_5_1_1_2	单位协议活期存款_1D	0.0	0.0	0.0	0.0	0.0	0.0	0.0	0.0	0.0	0.0	0.0	0.0	0.0	0.0	0.0	0.0	0.0	0.0	0.0	0.0	0.0	0.0	0.0	0.0	源: line | 	2026-08-16 13:27:47	2026-08-16 13:27:47
678	61e1740dd3d8405a90b71dce65df3ce1	2_5_1_2	单位协议存款	0.035486	0.035486	0.035486	0.0	0.0	0.0	0.0	0.0	0.0	0.0	0.0	0.0	0.0	0.0	0.0	0.0	0.0	0.0	0.0	0.0	0.0	0.0	0.0	0.0	源: custom | 	2026-08-16 13:27:47	2026-08-16 13:27:47
679	86c0b7a90bf340629d2ce57fd20c63fe	2_5_1_2_1	单位协议存款_1Y	0.035486	0.035486	0.035486	0.0	0.0	0.0	0.0	0.0	0.0	0.0	0.0	0.0	0.0	0.0	0.0	0.0	0.0	0.0	0.0	0.0	0.0	0.0	0.0	0.0	源: line | 	2026-08-16 13:27:47	2026-08-16 13:27:47
680	45d94140a3314e91b22f1872f255b602	2_5_1_2_2	单位协议存款_3Y	0.0	0.0	0.0	0.0	0.0	0.0	0.0	0.0	0.0	0.0	0.0	0.0	0.0	0.0	0.0	0.0	0.0	0.0	0.0	0.0	0.0	0.0	0.0	0.0	源: line | 	2026-08-16 13:27:47	2026-08-16 13:27:47
681	0b123c5a492945cf9d2a5f3e7f13fcc3	2_5_1_2_3	单位协议存款_5Y	0.0	0.0	0.0	0.0	0.0	0.0	0.0	0.0	0.0	0.0	0.0	0.0	0.0	0.0	0.0	0.0	0.0	0.0	0.0	0.0	0.0	0.0	0.0	0.0	源: line | 	2026-08-16 13:27:47	2026-08-16 13:27:47
682	15732055e4d04b89a29879c6a93cb8b0	2_5_1_3	单位定期	0.034664	0.034664	0.034664	0.0	0.0	0.0	0.0	0.0	0.0	0.0	0.0	0.0	0.0	0.0	0.0	0.0	0.0	0.0	0.0	0.0	0.0	0.0	0.0	0.0	源: line | 	2026-08-16 13:27:47	2026-08-16 13:27:47
683	df5c03f6a3aa4a04aced45aa4463c46f	2_5_1_3_1	单位定期_3M	0.049822	0.049822	0.049822	0.0	0.0	0.0	0.0	0.0	0.0	0.0	0.0	0.0	0.0	0.0	0.0	0.0	0.0	0.0	0.0	0.0	0.0	0.0	0.0	0.0	源: line | 	2026-08-16 13:27:47	2026-08-16 13:27:47
684	ef15290789ca4212a15eab21fa960ffe	2_5_1_3_2	单位定期_6M	0.0	0.0	0.0	0.0	0.0	0.0	0.0	0.0	0.0	0.0	0.0	0.0	0.0	0.0	0.0	0.0	0.0	0.0	0.0	0.0	0.0	0.0	0.0	0.0	源: line | 	2026-08-16 13:27:47	2026-08-16 13:27:47
685	e3bde6d24bdd401f842a2268a1b448e3	2_5_1_3_3	单位定期_1Y	0.033847	0.033847	0.033847	0.0	0.0	0.0	0.0	0.0	0.0	0.0	0.0	0.0	0.0	0.0	0.0	0.0	0.0	0.0	0.0	0.0	0.0	0.0	0.0	0.0	源: line | 	2026-08-16 13:27:47	2026-08-16 13:27:47
686	75fc44969ddf4ea49f8ea50ae07b0d3b	2_5_1_3_4	单位定期_2Y	0.0	0.0	0.0	0.0	0.0	0.0	0.0	0.0	0.0	0.0	0.0	0.0	0.0	0.0	0.0	0.0	0.0	0.0	0.0	0.0	0.0	0.0	0.0	0.0	源: line | 	2026-08-16 13:27:47	2026-08-16 13:27:47
687	17e06eed7ead4b26be5dd6365b33d02c	2_5_1_3_5	单位定期_3Y	0.0	0.0	0.0	0.0	0.0	0.0	0.0	0.0	0.0	0.0	0.0	0.0	0.0	0.0	0.0	0.0	0.0	0.0	0.0	0.0	0.0	0.0	0.0	0.0	源: line | 	2026-08-16 13:27:47	2026-08-16 13:27:47
688	07a1fcddfc744ef68bf5f043d5c87856	2_5_1_3_6	单位定期_5Y	0.036247	0.036247	0.036247	0.0	0.0	0.0	0.0	0.0	0.0	0.0	0.0	0.0	0.0	0.0	0.0	0.0	0.0	0.0	0.0	0.0	0.0	0.0	0.0	0.0	源: line | 	2026-08-16 13:27:47	2026-08-16 13:27:47
689	ed06fcb1973e4e3c84dd139712acab84	2_5_1_4	单位通知存款	0.016581	0.016581	0.016581	0.0	0.0	0.0	0.0	0.0	0.0	0.0	0.0	0.0	0.0	0.0	0.0	0.0	0.0	0.0	0.0	0.0	0.0	0.0	0.0	0.0	源: line | 	2026-08-16 13:27:47	2026-08-16 13:27:47
690	01cca9b14cf143fc9d68da530120ef9b	2_5_1_4_1	单位通知存款_1D	0.012848	0.012848	0.012848	0.0	0.0	0.0	0.0	0.0	0.0	0.0	0.0	0.0	0.0	0.0	0.0	0.0	0.0	0.0	0.0	0.0	0.0	0.0	0.0	0.0	源: line | 	2026-08-16 13:27:47	2026-08-16 13:27:47
691	117bdfb36cec435bb79bc57df5da64df	2_5_1_4_2	单位通知存款_7D	0.016687	0.016687	0.016687	0.0	0.0	0.0	0.0	0.0	0.0	0.0	0.0	0.0	0.0	0.0	0.0	0.0	0.0	0.0	0.0	0.0	0.0	0.0	0.0	0.0	源: line | 	2026-08-16 13:27:47	2026-08-16 13:27:47
692	0b3629bb30844686ba9808cd6b2aef83	2_5_1_5	单位保本理财	0.0	0.0	0.0	0.0	0.0	0.0	0.0	0.0	0.0	0.0	0.0	0.0	0.0	0.0	0.0	0.0	0.0	0.0	0.0	0.0	0.0	0.0	0.0	0.0	源: line | 	2026-08-16 13:27:47	2026-08-16 13:27:47
693	f2626fa3cff04f219612313afb5e7a57	2_5_1_5_1	单位保本理财_1Y	0.0	0.0	0.0	0.0	0.0	0.0	0.0	0.0	0.0	0.0	0.0	0.0	0.0	0.0	0.0	0.0	0.0	0.0	0.0	0.0	0.0	0.0	0.0	0.0	源: line | 	2026-08-16 13:27:47	2026-08-16 13:27:47
694	d051a9a0cae740618524444d354031b7	2_5_1_6	单位大额存单存款	0.029403	0.029403	0.029403	0.0	0.0	0.0	0.0	0.0	0.0	0.0	0.0	0.0	0.0	0.0	0.0	0.0	0.0	0.0	0.0	0.0	0.0	0.0	0.0	0.0	源: line | 	2026-08-16 13:27:47	2026-08-16 13:27:47
695	9a65b3840cab434194cd63d4e2565e6f	2_5_1_6_1	单位大额存单存款_1Y	0.0	0.0	0.0	0.0	0.0	0.0	0.0	0.0	0.0	0.0	0.0	0.0	0.0	0.0	0.0	0.0	0.0	0.0	0.0	0.0	0.0	0.0	0.0	0.0	源: line | 	2026-08-16 13:27:47	2026-08-16 13:27:47
696	9a05acfac3034bd9b0b88a0a535fd351	2_5_1_6_2	单位大额存单存款_2Y	0.029403	0.029403	0.029403	0.0	0.0	0.0	0.0	0.0	0.0	0.0	0.0	0.0	0.0	0.0	0.0	0.0	0.0	0.0	0.0	0.0	0.0	0.0	0.0	0.0	源: line | 	2026-08-16 13:27:47	2026-08-16 13:27:47
697	b434039191344a1da9204815fd0e5e76	2_5_1_6_3	单位大额存单存款_3Y	0.0	0.0	0.0	0.0	0.0	0.0	0.0	0.0	0.0	0.0	0.0	0.0	0.0	0.0	0.0	0.0	0.0	0.0	0.0	0.0	0.0	0.0	0.0	0.0	源: line | 	2026-08-16 13:27:47	2026-08-16 13:27:47
698	6c8727a42c664f9db96d7489ea8af291	2_5_1_7	单位保证金存款	0.037839	0.037839	0.037839	0.0	0.0	0.0	0.0	0.0	0.0	0.0	0.0	0.0	0.0	0.0	0.0	0.0	0.0	0.0	0.0	0.0	0.0	0.0	0.0	0.0	源: line | 	2026-08-16 13:27:47	2026-08-16 13:27:47
699	eef248c774754f4c92f704ca8ce91b4f	2_5_1_7_1	单位活期保证金存款_1D	0.038957	0.038957	0.038957	0.0	0.0	0.0	0.0	0.0	0.0	0.0	0.0	0.0	0.0	0.0	0.0	0.0	0.0	0.0	0.0	0.0	0.0	0.0	0.0	0.0	源: line | 	2026-08-16 13:27:47	2026-08-16 13:27:47
700	9c0cd9267f1c4834bfb6dcb38cadb7a7	2_5_1_7_2	单位定期保证金存款	0.036095	0.036095	0.036095	0.0	0.0	0.0	0.0	0.0	0.0	0.0	0.0	0.0	0.0	0.0	0.0	0.0	0.0	0.0	0.0	0.0	0.0	0.0	0.0	0.0	源: line | 	2026-08-16 13:27:47	2026-08-16 13:27:47
701	070313fa440c4a308c12645d7e194f9d	2_5_1_7_2_1	单位定期保证金存款_3M	0.01708	0.01708	0.01708	0.0	0.0	0.0	0.0	0.0	0.0	0.0	0.0	0.0	0.0	0.0	0.0	0.0	0.0	0.0	0.0	0.0	0.0	0.0	0.0	0.0	源: line | 	2026-08-16 13:27:47	2026-08-16 13:27:47
702	7fa53c13ed174ca3b8cede9e235a8893	2_5_1_7_2_2	单位定期保证金存款_6M	0.025485	0.025485	0.025485	0.0	0.0	0.0	0.0	0.0	0.0	0.0	0.0	0.0	0.0	0.0	0.0	0.0	0.0	0.0	0.0	0.0	0.0	0.0	0.0	0.0	源: line | 	2026-08-16 13:27:47	2026-08-16 13:27:47
703	c3054de3294740ecb0306f4f1a4231c9	2_5_1_7_2_3	单位定期保证金存款_1Y	0.036904	0.036904	0.036904	0.0	0.0	0.0	0.0	0.0	0.0	0.0	0.0	0.0	0.0	0.0	0.0	0.0	0.0	0.0	0.0	0.0	0.0	0.0	0.0	0.0	源: line | 	2026-08-16 13:27:47	2026-08-16 13:27:47
704	2c9e81bbcd0c4b36ab08489bedabc890	2_5_1_7_2_4	单位定期保证金存款_2Y	0.0	0.0	0.0	0.0	0.0	0.0	0.0	0.0	0.0	0.0	0.0	0.0	0.0	0.0	0.0	0.0	0.0	0.0	0.0	0.0	0.0	0.0	0.0	0.0	源: line | 	2026-08-16 13:27:47	2026-08-16 13:27:47
705	32f452f2638d4eab89b2dd0168a318c5	2_5_1_7_2_5	单位定期保证金存款_3Y	0.0	0.0	0.0	0.0	0.0	0.0	0.0	0.0	0.0	0.0	0.0	0.0	0.0	0.0	0.0	0.0	0.0	0.0	0.0	0.0	0.0	0.0	0.0	0.0	源: line | 	2026-08-16 13:27:47	2026-08-16 13:27:47
706	2ae74effbc0e48d99b6e1cd7323b0287	2_5_2	个人存款	0.013368	0.013368	0.013368	0.0	0.0	0.0	0.0	0.0	0.0	0.0	0.0	0.0	0.0	0.0	0.0	0.0	0.0	0.0	0.0	0.0	0.0	0.0	0.0	0.0	源: line | 	2026-08-16 13:27:47	2026-08-16 13:27:47
707	1ae554a5585e4f89bb7bec7fc95b8b2b	2_5_2_1	个人活期存款	0.012479	0.012479	0.012479	0.0	0.0	0.0	0.0	0.0	0.0	0.0	0.0	0.0	0.0	0.0	0.0	0.0	0.0	0.0	0.0	0.0	0.0	0.0	0.0	0.0	源: custom | 	2026-08-16 13:27:47	2026-08-16 13:27:47
708	5db51c8969c5440b8ee753e8d709b095	2_5_2_1_1	个人普通活期存款_1D	0.012479	0.012479	0.012479	0.0	0.0	0.0	0.0	0.0	0.0	0.0	0.0	0.0	0.0	0.0	0.0	0.0	0.0	0.0	0.0	0.0	0.0	0.0	0.0	0.0	源: line | 	2026-08-16 13:27:47	2026-08-16 13:27:47
709	a642b703add547ccadcdedf2cfd0103e	2_5_2_1_2	个人协议活期存款_1D	0.0	0.0	0.0	0.0	0.0	0.0	0.0	0.0	0.0	0.0	0.0	0.0	0.0	0.0	0.0	0.0	0.0	0.0	0.0	0.0	0.0	0.0	0.0	0.0	源: line | 	2026-08-16 13:27:47	2026-08-16 13:27:47
710	7716b13c874f4b59bd3296e40bf5b813	2_5_2_2	个人定期存款	0.03109	0.03109	0.03109	0.0	0.0	0.0	0.0	0.0	0.0	0.0	0.0	0.0	0.0	0.0	0.0	0.0	0.0	0.0	0.0	0.0	0.0	0.0	0.0	0.0	源: custom | 	2026-08-16 13:27:47	2026-08-16 13:27:47
711	d15dbcee2bff4ac1a4c987ad9cb4e8c2	2_5_2_2_1	高兴存	0.0	0.0	0.0	0.0	0.0	0.0	0.0	0.0	0.0	0.0	0.0	0.0	0.0	0.0	0.0	0.0	0.0	0.0	0.0	0.0	0.0	0.0	0.0	0.0	源: line | 	2026-08-16 13:27:47	2026-08-16 13:27:47
712	05952c80e46445d8ae3a734a0f96d016	2_5_2_2_1_1	高兴存	0.0	0.0	0.0	0.0	0.0	0.0	0.0	0.0	0.0	0.0	0.0	0.0	0.0	0.0	0.0	0.0	0.0	0.0	0.0	0.0	0.0	0.0	0.0	0.0	源: line | 	2026-08-16 13:27:47	2026-08-16 13:27:47
713	85719cfa2bb34e3887294c225f359bee	2_5_2_2_1_1_1	高兴存_3Y	0.0	0.0	0.0	0.0	0.0	0.0	0.0	0.0	0.0	0.0	0.0	0.0	0.0	0.0	0.0	0.0	0.0	0.0	0.0	0.0	0.0	0.0	0.0	0.0	源: line | 	2026-08-16 13:27:47	2026-08-16 13:27:47
714	12dd83ce840344c689b63bd73916a173	2_5_2_2_1_1_2	高兴存_5Y	0.0	0.0	0.0	0.0	0.0	0.0	0.0	0.0	0.0	0.0	0.0	0.0	0.0	0.0	0.0	0.0	0.0	0.0	0.0	0.0	0.0	0.0	0.0	0.0	源: line | 	2026-08-16 13:27:47	2026-08-16 13:27:47
715	6547bab682814b2d9d8b17090218aedd	2_5_2_2_1_2	高兴存（节庆专属）_3Y	0.0	0.0	0.0	0.0	0.0	0.0	0.0	0.0	0.0	0.0	0.0	0.0	0.0	0.0	0.0	0.0	0.0	0.0	0.0	0.0	0.0	0.0	0.0	0.0	源: line | 	2026-08-16 13:27:47	2026-08-16 13:27:47
716	8810223f6437427a951500a9c3b0d588	2_5_2_2_1_3	高兴存（村镇银行专属）	0.0	0.0	0.0	0.0	0.0	0.0	0.0	0.0	0.0	0.0	0.0	0.0	0.0	0.0	0.0	0.0	0.0	0.0	0.0	0.0	0.0	0.0	0.0	0.0	源: line | 	2026-08-16 13:27:47	2026-08-16 13:27:47
717	c4ad5455a6c64fbbb7a5f239488183d8	2_5_2_2_1_3_1	高兴存（村镇银行专属）_3Y	0.0	0.0	0.0	0.0	0.0	0.0	0.0	0.0	0.0	0.0	0.0	0.0	0.0	0.0	0.0	0.0	0.0	0.0	0.0	0.0	0.0	0.0	0.0	0.0	源: line | 	2026-08-16 13:27:47	2026-08-16 13:27:47
718	f64f7a080b254b7d85a0f1aed25e46b4	2_5_2_2_1_3_2	高兴存（村镇银行专属）_5Y	0.0	0.0	0.0	0.0	0.0	0.0	0.0	0.0	0.0	0.0	0.0	0.0	0.0	0.0	0.0	0.0	0.0	0.0	0.0	0.0	0.0	0.0	0.0	0.0	源: line | 	2026-08-16 13:27:47	2026-08-16 13:27:47
719	8a6d0b3465ab4e80a20f4cec238a2b48	2_5_2_2_2	富桂存	0.753049	0.753049	0.753049	0.0	0.0	0.0	0.0	0.0	0.0	0.0	0.0	0.0	0.0	0.0	0.0	0.0	0.0	0.0	0.0	0.0	0.0	0.0	0.0	0.0	源: line | 	2026-08-16 13:27:47	2026-08-16 13:27:47
720	fe261aedbe014568b517fc4adf5ea952	2_5_2_2_2_1	富桂存_月得利	0.293852	0.293852	0.293852	0.0	0.0	0.0	0.0	0.0	0.0	0.0	0.0	0.0	0.0	0.0	0.0	0.0	0.0	0.0	0.0	0.0	0.0	0.0	0.0	0.0	源: line | 	2026-08-16 13:27:47	2026-08-16 13:27:47
721	015e8fc8423a45d5b5da63e9fdc281f1	2_5_2_2_2_1_1	富桂存_月得利_3Y	0.0	0.0	0.0	0.0	0.0	0.0	0.0	0.0	0.0	0.0	0.0	0.0	0.0	0.0	0.0	0.0	0.0	0.0	0.0	0.0	0.0	0.0	0.0	0.0	源: line | 	2026-08-16 13:27:47	2026-08-16 13:27:47
722	48f5f3c7de5b4426bfc3595d436495f3	2_5_2_2_2_1_2	富桂存_月得利_5Y	0.040289	0.040289	0.040289	0.0	0.0	0.0	0.0	0.0	0.0	0.0	0.0	0.0	0.0	0.0	0.0	0.0	0.0	0.0	0.0	0.0	0.0	0.0	0.0	0.0	源: line | 	2026-08-16 13:27:47	2026-08-16 13:27:47
723	b64f03f74b014439ab3616023971bf57	2_5_2_2_2_2	富桂存_月得利（二期）	0.0	0.0	0.0	0.0	0.0	0.0	0.0	0.0	0.0	0.0	0.0	0.0	0.0	0.0	0.0	0.0	0.0	0.0	0.0	0.0	0.0	0.0	0.0	0.0	源: line | 	2026-08-16 13:27:47	2026-08-16 13:27:47
724	3ad392855eda4823a8b0aca7236737a0	2_5_2_2_2_2_1	富桂存_月得利（二期）_3Y	0.0	0.0	0.0	0.0	0.0	0.0	0.0	0.0	0.0	0.0	0.0	0.0	0.0	0.0	0.0	0.0	0.0	0.0	0.0	0.0	0.0	0.0	0.0	0.0	源: line | 	2026-08-16 13:27:47	2026-08-16 13:27:47
725	8b3dfea9840e4e3d96bf6e60e38d2fc8	2_5_2_2_2_2_2	富桂存_月得利（二期）_5Y	0.0	0.0	0.0	0.0	0.0	0.0	0.0	0.0	0.0	0.0	0.0	0.0	0.0	0.0	0.0	0.0	0.0	0.0	0.0	0.0	0.0	0.0	0.0	0.0	源: line | 	2026-08-16 13:27:47	2026-08-16 13:27:47
726	ade3eaae6dfe47b298dd0c3d3d992c07	2_5_2_2_2_3	富桂存_月得利(尊享版)_5Y	0.0	0.0	0.0	0.0	0.0	0.0	0.0	0.0	0.0	0.0	0.0	0.0	0.0	0.0	0.0	0.0	0.0	0.0	0.0	0.0	0.0	0.0	0.0	0.0	源: line | 	2026-08-16 13:27:47	2026-08-16 13:27:47
727	a0e09533d3254a7caa2bc4bb75ed7d70	2_5_2_2_2_4	富桂存_月得利（E版三年）_3Y	0.0	0.0	0.0	0.0	0.0	0.0	0.0	0.0	0.0	0.0	0.0	0.0	0.0	0.0	0.0	0.0	0.0	0.0	0.0	0.0	0.0	0.0	0.0	0.0	源: line | 	2026-08-16 13:27:47	2026-08-16 13:27:47
728	feef1bb2a6dc49b2867334680dd4370a	2_5_2_2_2_5	富桂存_月得利（县域专属）	0.0	0.0	0.0	0.0	0.0	0.0	0.0	0.0	0.0	0.0	0.0	0.0	0.0	0.0	0.0	0.0	0.0	0.0	0.0	0.0	0.0	0.0	0.0	0.0	源: line | 	2026-08-16 13:27:47	2026-08-16 13:27:47
729	98708181b4334b009d3ba26c0ef1e20f	2_5_2_2_2_5_1	富桂存_月得利（县域专属）_3Y	0.0	0.0	0.0	0.0	0.0	0.0	0.0	0.0	0.0	0.0	0.0	0.0	0.0	0.0	0.0	0.0	0.0	0.0	0.0	0.0	0.0	0.0	0.0	0.0	源: line | 	2026-08-16 13:27:47	2026-08-16 13:27:47
730	688e513d57be449a9ace56fcf09d5b55	2_5_2_2_2_5_2	富桂存_月得利（县域专属）_5Y	0.0	0.0	0.0	0.0	0.0	0.0	0.0	0.0	0.0	0.0	0.0	0.0	0.0	0.0	0.0	0.0	0.0	0.0	0.0	0.0	0.0	0.0	0.0	0.0	源: line | 	2026-08-16 13:27:47	2026-08-16 13:27:47
731	8035458e88bc44bd83d37bfdf4bb3d73	2_5_2_2_2_6	富桂存_月得利（E版五年）_5Y	0.0	0.0	0.0	0.0	0.0	0.0	0.0	0.0	0.0	0.0	0.0	0.0	0.0	0.0	0.0	0.0	0.0	0.0	0.0	0.0	0.0	0.0	0.0	0.0	源: line | 	2026-08-16 13:27:47	2026-08-16 13:27:47
732	ba719f1504634b258bb99607a33437dd	2_5_2_2_2_7	行庆专属存款_5Y	0.0	0.0	0.0	0.0	0.0	0.0	0.0	0.0	0.0	0.0	0.0	0.0	0.0	0.0	0.0	0.0	0.0	0.0	0.0	0.0	0.0	0.0	0.0	0.0	源: line | 	2026-08-16 13:27:47	2026-08-16 13:27:47
733	fa5dbded79ff4de09bc13f514bf2f527	2_5_2_2_2_8	区庆专属存款	0.0	0.0	0.0	0.0	0.0	0.0	0.0	0.0	0.0	0.0	0.0	0.0	0.0	0.0	0.0	0.0	0.0	0.0	0.0	0.0	0.0	0.0	0.0	0.0	源: line | 	2026-08-16 13:27:47	2026-08-16 13:27:47
734	f8b4781318a14ac3a42babb04de7609a	2_5_2_2_2_8_1	区庆专属存款_3Y	0.0	0.0	0.0	0.0	0.0	0.0	0.0	0.0	0.0	0.0	0.0	0.0	0.0	0.0	0.0	0.0	0.0	0.0	0.0	0.0	0.0	0.0	0.0	0.0	源: line | 	2026-08-16 13:27:47	2026-08-16 13:27:47
735	4af73c61941b4c8683f83c0e3d858972	2_5_2_2_2_8_2	区庆专属存款_5Y	0.0	0.0	0.0	0.0	0.0	0.0	0.0	0.0	0.0	0.0	0.0	0.0	0.0	0.0	0.0	0.0	0.0	0.0	0.0	0.0	0.0	0.0	0.0	0.0	源: line | 	2026-08-16 13:27:47	2026-08-16 13:27:47
736	98674b02da194c0fa17cb1aff6c970c3	2_5_2_2_3	其他个人定期存款	0.028831	0.028831	0.028831	0.0	0.0	0.0	0.0	0.0	0.0	0.0	0.0	0.0	0.0	0.0	0.0	0.0	0.0	0.0	0.0	0.0	0.0	0.0	0.0	0.0	源: line | 	2026-08-16 13:27:47	2026-08-16 13:27:47
737	83862eea32b64b6fb000377b57b8f19d	2_5_2_2_3_1	其他个人定期存款_3M	0.021117	0.021117	0.021117	0.0	0.0	0.0	0.0	0.0	0.0	0.0	0.0	0.0	0.0	0.0	0.0	0.0	0.0	0.0	0.0	0.0	0.0	0.0	0.0	0.0	源: line | 	2026-08-16 13:27:47	2026-08-16 13:27:47
738	d398e003dbed41bba43094feb9a6717c	2_5_2_2_3_2	其他个人定期存款_6M	0.0	0.0	0.0	0.0	0.0	0.0	0.0	0.0	0.0	0.0	0.0	0.0	0.0	0.0	0.0	0.0	0.0	0.0	0.0	0.0	0.0	0.0	0.0	0.0	源: line | 	2026-08-16 13:27:47	2026-08-16 13:27:47
739	7e7d23d4a4004bdc89f828b7326a7c2b	2_5_2_2_3_3	其他个人定期存款_1Y	0.028741	0.028741	0.028741	0.0	0.0	0.0	0.0	0.0	0.0	0.0	0.0	0.0	0.0	0.0	0.0	0.0	0.0	0.0	0.0	0.0	0.0	0.0	0.0	0.0	源: line | 	2026-08-16 13:27:47	2026-08-16 13:27:47
740	b330608b8f2c4b4fac02b981c792b85e	2_5_2_2_3_4	其他个人定期存款_2Y	0.0	0.0	0.0	0.0	0.0	0.0	0.0	0.0	0.0	0.0	0.0	0.0	0.0	0.0	0.0	0.0	0.0	0.0	0.0	0.0	0.0	0.0	0.0	0.0	源: line | 	2026-08-16 13:27:47	2026-08-16 13:27:47
741	18c2d7c1621742d99d05bd55db4e53d0	2_5_2_2_3_5	其他个人定期存款_3Y	0.029791	0.029791	0.029791	0.0	0.0	0.0	0.0	0.0	0.0	0.0	0.0	0.0	0.0	0.0	0.0	0.0	0.0	0.0	0.0	0.0	0.0	0.0	0.0	0.0	源: line | 	2026-08-16 13:27:47	2026-08-16 13:27:47
742	5b3f161b50ba4317a87fa734ead05815	2_5_2_2_3_6	其他个人定期存款_5Y	0.037472	0.037472	0.037472	0.0	0.0	0.0	0.0	0.0	0.0	0.0	0.0	0.0	0.0	0.0	0.0	0.0	0.0	0.0	0.0	0.0	0.0	0.0	0.0	0.0	源: line | 	2026-08-16 13:27:47	2026-08-16 13:27:47
743	ca755a201ffb4dd4a78db30ff6269927	2_5_2_3	个人通知存款	0.019814	0.019814	0.019814	0.0	0.0	0.0	0.0	0.0	0.0	0.0	0.0	0.0	0.0	0.0	0.0	0.0	0.0	0.0	0.0	0.0	0.0	0.0	0.0	0.0	源: line | 	2026-08-16 13:27:47	2026-08-16 13:27:47
744	84a710b8ed6d4b79a897379e34d3e433	2_5_2_3_1	个人通知存款_1D	0.008943	0.008943	0.008943	0.0	0.0	0.0	0.0	0.0	0.0	0.0	0.0	0.0	0.0	0.0	0.0	0.0	0.0	0.0	0.0	0.0	0.0	0.0	0.0	0.0	源: line | 	2026-08-16 13:27:47	2026-08-16 13:27:47
745	27549f3dd87449adb87e6ad9b41e1d81	2_5_2_3_2	个人通知存款_7D	0.019972	0.019972	0.019972	0.0	0.0	0.0	0.0	0.0	0.0	0.0	0.0	0.0	0.0	0.0	0.0	0.0	0.0	0.0	0.0	0.0	0.0	0.0	0.0	0.0	源: line | 	2026-08-16 13:27:47	2026-08-16 13:27:47
746	cfd46ed5ff6542778d4ba3790d933e86	2_5_2_4	个人保本理财	0.0	0.0	0.0	0.0	0.0	0.0	0.0	0.0	0.0	0.0	0.0	0.0	0.0	0.0	0.0	0.0	0.0	0.0	0.0	0.0	0.0	0.0	0.0	0.0	源: line | 	2026-08-16 13:27:47	2026-08-16 13:27:47
747	c46378aa11194724ad22625c90dddf6a	2_5_2_4_1	个人保本理财_1Y	0.0	0.0	0.0	0.0	0.0	0.0	0.0	0.0	0.0	0.0	0.0	0.0	0.0	0.0	0.0	0.0	0.0	0.0	0.0	0.0	0.0	0.0	0.0	0.0	源: line | 	2026-08-16 13:27:47	2026-08-16 13:27:47
748	641bba7080e640edb73e5d19778b5e06	2_5_2_5	个人大额存单存款	0.045209	0.045209	0.045209	0.0	0.0	0.0	0.0	0.0	0.0	0.0	0.0	0.0	0.0	0.0	0.0	0.0	0.0	0.0	0.0	0.0	0.0	0.0	0.0	0.0	源: line | 	2026-08-16 13:27:47	2026-08-16 13:27:47
749	531510bc95e046a9a0b6e48a97261d9b	2_5_2_5_1	个人大额存单存款_3M	0.028693	0.028693	0.028693	0.0	0.0	0.0	0.0	0.0	0.0	0.0	0.0	0.0	0.0	0.0	0.0	0.0	0.0	0.0	0.0	0.0	0.0	0.0	0.0	0.0	源: line | 	2026-08-16 13:27:47	2026-08-16 13:27:47
750	9b47f1d2b3e947c39161769039d6136d	2_5_2_5_2	个人大额存单存款_6M	0.0	0.0	0.0	0.0	0.0	0.0	0.0	0.0	0.0	0.0	0.0	0.0	0.0	0.0	0.0	0.0	0.0	0.0	0.0	0.0	0.0	0.0	0.0	0.0	源: line | 	2026-08-16 13:27:47	2026-08-16 13:27:47
751	1319b11aa6dd409492d7b30c67ec505f	2_5_2_5_3	个人大额存单存款_1Y	0.049471	0.049471	0.049471	0.0	0.0	0.0	0.0	0.0	0.0	0.0	0.0	0.0	0.0	0.0	0.0	0.0	0.0	0.0	0.0	0.0	0.0	0.0	0.0	0.0	源: line | 	2026-08-16 13:27:47	2026-08-16 13:27:47
752	941329624df3494fae68d048d1e3ce3b	2_5_2_5_4	个人大额存单存款_3Y	0.032114	0.032114	0.032114	0.0	0.0	0.0	0.0	0.0	0.0	0.0	0.0	0.0	0.0	0.0	0.0	0.0	0.0	0.0	0.0	0.0	0.0	0.0	0.0	0.0	源: line | 	2026-08-16 13:27:47	2026-08-16 13:27:47
753	e67c2f28ab9d427ebc6138cb962a826c	2_5_2_5_5	个人大额存单存款_5Y	0.0	0.0	0.0	0.0	0.0	0.0	0.0	0.0	0.0	0.0	0.0	0.0	0.0	0.0	0.0	0.0	0.0	0.0	0.0	0.0	0.0	0.0	0.0	0.0	源: line | 	2026-08-16 13:27:47	2026-08-16 13:27:47
754	a1faf3782953470babf6215f73b08c8e	2_5_2_6	个人协议存款	0.039935	0.039935	0.039935	0.0	0.0	0.0	0.0	0.0	0.0	0.0	0.0	0.0	0.0	0.0	0.0	0.0	0.0	0.0	0.0	0.0	0.0	0.0	0.0	0.0	源: line | 	2026-08-16 13:27:47	2026-08-16 13:27:47
755	878ee9d789634f3e95c11d12b74435bc	2_5_2_6_1	个人协议存款_1Y	0.039935	0.039935	0.039935	0.0	0.0	0.0	0.0	0.0	0.0	0.0	0.0	0.0	0.0	0.0	0.0	0.0	0.0	0.0	0.0	0.0	0.0	0.0	0.0	0.0	源: line | 	2026-08-16 13:27:47	2026-08-16 13:27:47
756	184f12dfde294708adae10705295a05e	2_5_2_6_2	个人协议存款_5Y	0.0	0.0	0.0	0.0	0.0	0.0	0.0	0.0	0.0	0.0	0.0	0.0	0.0	0.0	0.0	0.0	0.0	0.0	0.0	0.0	0.0	0.0	0.0	0.0	源: line | 	2026-08-16 13:27:47	2026-08-16 13:27:47
757	bc16b05878ac4b6fab5225fc6dd8ac0e	2_5_2_7	个人定活两便	0.002174	0.002174	0.002174	0.0	0.0	0.0	0.0	0.0	0.0	0.0	0.0	0.0	0.0	0.0	0.0	0.0	0.0	0.0	0.0	0.0	0.0	0.0	0.0	0.0	源: line | 	2026-08-16 13:27:47	2026-08-16 13:27:47
758	82eabb7ebad64d138bf42b408e82781e	2_5_2_7_1	个人定活两便_1D	0.002174	0.002174	0.002174	0.0	0.0	0.0	0.0	0.0	0.0	0.0	0.0	0.0	0.0	0.0	0.0	0.0	0.0	0.0	0.0	0.0	0.0	0.0	0.0	0.0	源: line | 	2026-08-16 13:27:47	2026-08-16 13:27:47
759	fa529b14c41141c9b505efc765ddd6f7	2_5_3	国库定期存款	0.0	0.0	0.0	0.0	0.0	0.0	0.0	0.0	0.0	0.0	0.0	0.0	0.0	0.0	0.0	0.0	0.0	0.0	0.0	0.0	0.0	0.0	0.0	0.0	源: custom | 	2026-08-16 13:27:47	2026-08-16 13:27:47
760	90b4799649194d869c4a6dca2090c9f1	2_5_3_1	国库定期存款_1Y	0.0	0.0	0.0	0.0	0.0	0.0	0.0	0.0	0.0	0.0	0.0	0.0	0.0	0.0	0.0	0.0	0.0	0.0	0.0	0.0	0.0	0.0	0.0	0.0	源: line | 	2026-08-16 13:27:47	2026-08-16 13:27:47
761	6301f473c41545d38dd9dbd169952912	2_5_4	财政性存款	0.0	0.0	0.0	0.0	0.0	0.0	0.0	0.0	0.0	0.0	0.0	0.0	0.0	0.0	0.0	0.0	0.0	0.0	0.0	0.0	0.0	0.0	0.0	0.0	源: custom | 	2026-08-16 13:27:47	2026-08-16 13:27:47
762	bd3031ff5fce49a9a578d40aa08aa8a9	2_5_4_1	财政性存款_1Y	0.0	0.0	0.0	0.0	0.0	0.0	0.0	0.0	0.0	0.0	0.0	0.0	0.0	0.0	0.0	0.0	0.0	0.0	0.0	0.0	0.0	0.0	0.0	0.0	源: line | 	2026-08-16 13:27:47	2026-08-16 13:27:47
763	790aab54820e4ae2b1494e37597038e9	2_5_5	其他存款	0.0	0.0	0.0	0.0	0.0	0.0	0.0	0.0	0.0	0.0	0.0	0.0	0.0	0.0	0.0	0.0	0.0	0.0	0.0	0.0	0.0	0.0	0.0	0.0	源: line | 	2026-08-16 13:27:47	2026-08-16 13:27:47
764	3cc1543a69974b399129d4a2f36b3351	2_5_5_1	应解汇款机临时存款_1D	0.0	0.0	0.0	0.0	0.0	0.0	0.0	0.0	0.0	0.0	0.0	0.0	0.0	0.0	0.0	0.0	0.0	0.0	0.0	0.0	0.0	0.0	0.0	0.0	源: line | 	2026-08-16 13:27:47	2026-08-16 13:27:47
765	d58b5b5bf4a046dc91b0413aa7793311	2_5_5_2	开出银行汇票_1D	0.0	0.0	0.0	0.0	0.0	0.0	0.0	0.0	0.0	0.0	0.0	0.0	0.0	0.0	0.0	0.0	0.0	0.0	0.0	0.0	0.0	0.0	0.0	0.0	源: line | 	2026-08-16 13:27:47	2026-08-16 13:27:47
766	0fc66c95dcb348599d714d46a3836cf3	2_5_5_3	开出银行本票_1D	0.0	0.0	0.0	0.0	0.0	0.0	0.0	0.0	0.0	0.0	0.0	0.0	0.0	0.0	0.0	0.0	0.0	0.0	0.0	0.0	0.0	0.0	0.0	0.0	源: line | 	2026-08-16 13:27:47	2026-08-16 13:27:47
767	f9bf94c3a5ae418f85631685f80281c4	2_5_5_4	转股协议存款_1D	0.0	0.0	0.0	0.0	0.0	0.0	0.0	0.0	0.0	0.0	0.0	0.0	0.0	0.0	0.0	0.0	0.0	0.0	0.0	0.0	0.0	0.0	0.0	0.0	源: line | 	2026-08-16 13:27:47	2026-08-16 13:27:47
768	d8a5b3459b90479a96415017a6ced0ca	2_6	其他负债	0.0	0.0	0.0	0.0	0.0	0.0	0.0	0.0	0.0	0.0	0.0	0.0	0.0	0.0	0.0	0.0	0.0	0.0	0.0	0.0	0.0	0.0	0.0	0.0	源: line | 	2026-08-16 13:27:47	2026-08-16 13:27:47
769	93ce7584a4a341c79c7dc2e0790859df	2_6_1	代理类负债_1Y	0.0	0.0	0.0	0.0	0.0	0.0	0.0	0.0	0.0	0.0	0.0	0.0	0.0	0.0	0.0	0.0	0.0	0.0	0.0	0.0	0.0	0.0	0.0	0.0	源: custom | 	2026-08-16 13:27:47	2026-08-16 13:27:47
770	e633734cf6984c09bb269be076bee0bb	2_6_2	转贴现负债_3M	0.0	0.0	0.0	0.0	0.0	0.0	0.0	0.0	0.0	0.0	0.0	0.0	0.0	0.0	0.0	0.0	0.0	0.0	0.0	0.0	0.0	0.0	0.0	0.0	源: custom | 	2026-08-16 13:27:47	2026-08-16 13:27:47
771	16411839c2464689bc88753fc98c0fef	2_6_3	其他负债_30Y	0.0	0.0	0.0	0.0	0.0	0.0	0.0	0.0	0.0	0.0	0.0	0.0	0.0	0.0	0.0	0.0	0.0	0.0	0.0	0.0	0.0	0.0	0.0	0.0	源: line | 	2026-08-16 13:27:47	2026-08-16 13:27:47
772	37bf69e491be49af92f16516c8798af3	3_1	所有者权益	0.0	0.0	0.0	0.0	0.0	0.0	0.0	0.0	0.0	0.0	0.0	0.0	0.0	0.0	0.0	0.0	0.0	0.0	0.0	0.0	0.0	0.0	0.0	0.0	源: line | 	2026-08-16 13:27:47	2026-08-16 13:27:47
773	bde67a8670744b969f5381430b79786d	3_1_1	所有者权益_10Y	0.0	0.0	0.0	0.0	0.0	0.0	0.0	0.0	0.0	0.0	0.0	0.0	0.0	0.0	0.0	0.0	0.0	0.0	0.0	0.0	0.0	0.0	0.0	0.0	源: line | 	2026-08-16 13:27:47	2026-08-16 13:27:47
774	Stretagy9	2_1_3	存放同业定期款项_3M	0.0	0.0	0.0	0.0	0.0	0.0	0.0	0.0	0.0	0.0	0.0	0.0	0.0	0.0	0.0	0.0	0.0	0.0	0.0	0.0	0.0	0.0	0.0	0.0	源: custom | 	2026-08-16 13:27:47	2026-08-16 13:27:47
775	Stretagy10	2_1_4	存放同业定期款项_6M	0.0	0.0	0.0	0.0	0.0	0.0	0.0	0.0	0.0	0.0	0.0	0.0	0.0	0.0	0.0	0.0	0.0	0.0	0.0	0.0	0.0	0.0	0.0	0.0	源: custom | 	2026-08-16 13:27:47	2026-08-16 13:27:47
776	Stretagy11	2_1_5	存放同业定期款项_1Y	0.0	0.0	0.0	0.0	0.0	0.0	0.0	0.0	0.0	0.0	0.0	0.0	0.0	0.0	0.0	0.0	0.0	0.0	0.0	0.0	0.0	0.0	0.0	0.0	源: custom | 	2026-08-16 13:27:47	2026-08-16 13:27:47
777	Stretagy16	2_2_5	存放系统内定期款项_1Y	0.0	0.0	0.0	0.0	0.0	0.0	0.0	0.0	0.0	0.0	0.0	0.0	0.0	0.0	0.0	0.0	0.0	0.0	0.0	0.0	0.0	0.0	0.0	0.0	源: custom | 	2026-08-16 13:27:47	2026-08-16 13:27:47
778	Stretagy27	3_1_1_1	交易性国债投资_1Y	0.0	0.0	0.0	0.0	0.0	0.0	0.0	0.0	0.0	0.0	0.0	0.0	0.0	0.0	0.0	0.0	0.0	0.0	0.0	0.0	0.0	0.0	0.0	0.0	源: custom | 	2026-08-16 13:27:47	2026-08-16 13:27:47
779	Stretagy28	3_1_1_2	交易性国债投资_3Y	0.0	0.0	0.0	0.0	0.0	0.0	0.0	0.0	0.0	0.0	0.0	0.0	0.0	0.0	0.0	0.0	0.0	0.0	0.0	0.0	0.0	0.0	0.0	0.0	源: custom | 	2026-08-16 13:27:47	2026-08-16 13:27:47
780	Stretagy29	3_1_1_3	交易性国债投资_5Y	0.0	0.0	0.0	0.0	0.0	0.0	0.0	0.0	0.0	0.0	0.0	0.0	0.0	0.0	0.0	0.0	0.0	0.0	0.0	0.0	0.0	0.0	0.0	0.0	源: custom | 	2026-08-16 13:27:47	2026-08-16 13:27:47
781	Stretagy30	3_1_1_4	交易性国债投资_10Y	0.0	0.0	0.0	0.0	0.0	0.0	0.0	0.0	0.0	0.0	0.0	0.0	0.0	0.0	0.0	0.0	0.0	0.0	0.0	0.0	0.0	0.0	0.0	0.0	源: custom | 	2026-08-16 13:27:47	2026-08-16 13:27:47
782	Stretagy31	3_1_2_1	交易性地方政府债投资_1Y	0.0	0.0	0.0	0.0	0.0	0.0	0.0	0.0	0.0	0.0	0.0	0.0	0.0	0.0	0.0	0.0	0.0	0.0	0.0	0.0	0.0	0.0	0.0	0.0	源: custom | 	2026-08-16 13:27:47	2026-08-16 13:27:47
783	Stretagy32	3_1_2_2	交易性地方政府债投资_3Y	0.0	0.0	0.0	0.0	0.0	0.0	0.0	0.0	0.0	0.0	0.0	0.0	0.0	0.0	0.0	0.0	0.0	0.0	0.0	0.0	0.0	0.0	0.0	0.0	源: custom | 	2026-08-16 13:27:47	2026-08-16 13:27:47
784	Stretagy33	3_1_2_3	交易性地方政府债投资_5Y	0.0	0.0	0.0	0.0	0.0	0.0	0.0	0.0	0.0	0.0	0.0	0.0	0.0	0.0	0.0	0.0	0.0	0.0	0.0	0.0	0.0	0.0	0.0	0.0	源: custom | 	2026-08-16 13:27:47	2026-08-16 13:27:47
785	Stretagy34	3_1_2_4	交易性地方政府债投资_10Y	0.0	0.0	0.0	0.0	0.0	0.0	0.0	0.0	0.0	0.0	0.0	0.0	0.0	0.0	0.0	0.0	0.0	0.0	0.0	0.0	0.0	0.0	0.0	0.0	源: custom | 	2026-08-16 13:27:47	2026-08-16 13:27:47
786	Stretagy35	3_1_3_1	交易性政策性金融债投资_1Y	0.0	0.0	0.0	0.0	0.0	0.0	0.0	0.0	0.0	0.0	0.0	0.0	0.0	0.0	0.0	0.0	0.0	0.0	0.0	0.0	0.0	0.0	0.0	0.0	源: custom | 	2026-08-16 13:27:47	2026-08-16 13:27:47
787	Stretagy36	3_1_3_2	交易性政策性金融债投资_3Y	0.0	0.0	0.0	0.0	0.0	0.0	0.0	0.0	0.0	0.0	0.0	0.0	0.0	0.0	0.0	0.0	0.0	0.0	0.0	0.0	0.0	0.0	0.0	0.0	源: custom | 	2026-08-16 13:27:47	2026-08-16 13:27:47
788	Stretagy37	3_1_3_3	交易性政策性金融债投资_5Y	0.0	0.0	0.0	0.0	0.0	0.0	0.0	0.0	0.0	0.0	0.0	0.0	0.0	0.0	0.0	0.0	0.0	0.0	0.0	0.0	0.0	0.0	0.0	0.0	源: custom | 	2026-08-16 13:27:47	2026-08-16 13:27:47
789	Stretagy38	3_1_3_4	交易性政策性金融债投资_10Y	0.0	0.0	0.0	0.0	0.0	0.0	0.0	0.0	0.0	0.0	0.0	0.0	0.0	0.0	0.0	0.0	0.0	0.0	0.0	0.0	0.0	0.0	0.0	0.0	源: custom | 	2026-08-16 13:27:47	2026-08-16 13:27:47
790	Stretagy39	3_1_4_1	交易性普通金融债投资_1Y	0.0	0.0	0.0	0.0	0.0	0.0	0.0	0.0	0.0	0.0	0.0	0.0	0.0	0.0	0.0	0.0	0.0	0.0	0.0	0.0	0.0	0.0	0.0	0.0	源: custom | 	2026-08-16 13:27:47	2026-08-16 13:27:47
791	Stretagy40	3_1_4_2	交易性普通金融债投资_3Y	0.0	0.0	0.0	0.0	0.0	0.0	0.0	0.0	0.0	0.0	0.0	0.0	0.0	0.0	0.0	0.0	0.0	0.0	0.0	0.0	0.0	0.0	0.0	0.0	源: custom | 	2026-08-16 13:27:47	2026-08-16 13:27:47
792	Stretagy41	3_1_4_3	交易性普通金融债投资_5Y	0.0	0.0	0.0	0.0	0.0	0.0	0.0	0.0	0.0	0.0	0.0	0.0	0.0	0.0	0.0	0.0	0.0	0.0	0.0	0.0	0.0	0.0	0.0	0.0	源: custom | 	2026-08-16 13:27:47	2026-08-16 13:27:47
793	Stretagy42	3_1_4_4	交易性普通金融债投资_10Y	0.0	0.0	0.0	0.0	0.0	0.0	0.0	0.0	0.0	0.0	0.0	0.0	0.0	0.0	0.0	0.0	0.0	0.0	0.0	0.0	0.0	0.0	0.0	0.0	源: custom | 	2026-08-16 13:27:47	2026-08-16 13:27:47
794	Stretagy43	3_1_5_1	交易性企业债投资_1Y	0.0	0.0	0.0	0.0	0.0	0.0	0.0	0.0	0.0	0.0	0.0	0.0	0.0	0.0	0.0	0.0	0.0	0.0	0.0	0.0	0.0	0.0	0.0	0.0	源: custom | 	2026-08-16 13:27:47	2026-08-16 13:27:47
795	Stretagy44	3_1_5_2	交易性企业债投资_3Y	0.0	0.0	0.0	0.0	0.0	0.0	0.0	0.0	0.0	0.0	0.0	0.0	0.0	0.0	0.0	0.0	0.0	0.0	0.0	0.0	0.0	0.0	0.0	0.0	源: custom | 	2026-08-16 13:27:47	2026-08-16 13:27:47
796	Stretagy45	3_1_5_3	交易性企业债投资_5Y	0.0	0.0	0.0	0.0	0.0	0.0	0.0	0.0	0.0	0.0	0.0	0.0	0.0	0.0	0.0	0.0	0.0	0.0	0.0	0.0	0.0	0.0	0.0	0.0	源: custom | 	2026-08-16 13:27:47	2026-08-16 13:27:47
797	Stretagy46	3_1_5_4	交易性企业债投资_10Y	0.0	0.0	0.0	0.0	0.0	0.0	0.0	0.0	0.0	0.0	0.0	0.0	0.0	0.0	0.0	0.0	0.0	0.0	0.0	0.0	0.0	0.0	0.0	0.0	源: custom | 	2026-08-16 13:27:47	2026-08-16 13:27:47
798	Stretagy47	3_1_6_1	交易性金融资产-资产支持证券_1Y	0.0	0.0	0.0	0.0	0.0	0.0	0.0	0.0	0.0	0.0	0.0	0.0	0.0	0.0	0.0	0.0	0.0	0.0	0.0	0.0	0.0	0.0	0.0	0.0	源: custom | 	2026-08-16 13:27:47	2026-08-16 13:27:47
799	Stretagy48	3_1_6_2	交易性金融资产-资产支持证券_3Y	0.0	0.0	0.0	0.0	0.0	0.0	0.0	0.0	0.0	0.0	0.0	0.0	0.0	0.0	0.0	0.0	0.0	0.0	0.0	0.0	0.0	0.0	0.0	0.0	源: custom | 	2026-08-16 13:27:47	2026-08-16 13:27:47
800	Stretagy49	3_1_6_3	交易性金融资产-资产支持证券_5Y	0.0	0.0	0.0	0.0	0.0	0.0	0.0	0.0	0.0	0.0	0.0	0.0	0.0	0.0	0.0	0.0	0.0	0.0	0.0	0.0	0.0	0.0	0.0	0.0	源: custom | 	2026-08-16 13:27:47	2026-08-16 13:27:47
801	Stretagy50	3_1_6_4	交易性金融资产-资产支持证券_10Y	0.0	0.0	0.0	0.0	0.0	0.0	0.0	0.0	0.0	0.0	0.0	0.0	0.0	0.0	0.0	0.0	0.0	0.0	0.0	0.0	0.0	0.0	0.0	0.0	源: custom | 	2026-08-16 13:27:47	2026-08-16 13:27:47
802	Stretagy51	3_1_7_1	交易性同业存单投资_1M	0.0	0.0	0.0	0.0	0.0	0.0	0.0	0.0	0.0	0.0	0.0	0.0	0.0	0.0	0.0	0.0	0.0	0.0	0.0	0.0	0.0	0.0	0.0	0.0	源: custom | 	2026-08-16 13:27:47	2026-08-16 13:27:47
803	Stretagy52	3_1_7_2	交易性同业存单投资_3M	0.0	0.0	0.0	0.0	0.0	0.0	0.0	0.0	0.0	0.0	0.0	0.0	0.0	0.0	0.0	0.0	0.0	0.0	0.0	0.0	0.0	0.0	0.0	0.0	源: custom | 	2026-08-16 13:27:47	2026-08-16 13:27:47
804	Stretagy53	3_1_7_3	交易性同业存单投资_6M	0.0	0.0	0.0	0.0	0.0	0.0	0.0	0.0	0.0	0.0	0.0	0.0	0.0	0.0	0.0	0.0	0.0	0.0	0.0	0.0	0.0	0.0	0.0	0.0	源: custom | 	2026-08-16 13:27:47	2026-08-16 13:27:47
805	Stretagy54	3_1_7_4	交易性同业存单投资_1Y	0.0	0.0	0.0	0.0	0.0	0.0	0.0	0.0	0.0	0.0	0.0	0.0	0.0	0.0	0.0	0.0	0.0	0.0	0.0	0.0	0.0	0.0	0.0	0.0	源: custom | 	2026-08-16 13:27:47	2026-08-16 13:27:47
806	Stretagy55	3_1_8_1	交易性金融资产-其他_5Y	0.0	0.0	0.0	0.0	0.0	0.0	0.0	0.0	0.0	0.0	0.0	0.0	0.0	0.0	0.0	0.0	0.0	0.0	0.0	0.0	0.0	0.0	0.0	0.0	源: custom | 	2026-08-16 13:27:47	2026-08-16 13:27:47
807	Stretagy56	3_1_8_2	交易性金融资产-公允价值变动_5Y	0.0	0.0	0.0	0.0	0.0	0.0	0.0	0.0	0.0	0.0	0.0	0.0	0.0	0.0	0.0	0.0	0.0	0.0	0.0	0.0	0.0	0.0	0.0	0.0	源: custom | 	2026-08-16 13:27:47	2026-08-16 13:27:47
808	Stretagy57	3_2_1_1	持有至到期国债投资_1Y	0.0	0.0	0.0	0.0	0.0	0.0	0.0	0.0	0.0	0.0	0.0	0.0	0.0	0.0	0.0	0.0	0.0	0.0	0.0	0.0	0.0	0.0	0.0	0.0	源: custom | 	2026-08-16 13:27:47	2026-08-16 13:27:47
809	Stretagy58	3_2_1_2	持有至到期国债投资_3Y	0.0	0.0	0.0	0.0	0.0	0.0	0.0	0.0	0.0	0.0	0.0	0.0	0.0	0.0	0.0	0.0	0.0	0.0	0.0	0.0	0.0	0.0	0.0	0.0	源: custom | 	2026-08-16 13:27:47	2026-08-16 13:27:47
810	Stretagy59	3_2_1_3	持有至到期国债投资_5Y	0.0	0.0	0.0	0.0	0.0	0.0	0.0	0.0	0.0	0.0	0.0	0.0	0.0	0.0	0.0	0.0	0.0	0.0	0.0	0.0	0.0	0.0	0.0	0.0	源: custom | 	2026-08-16 13:27:47	2026-08-16 13:27:47
811	Stretagy60	3_2_1_4	持有至到期国债投资_10Y	0.0	0.0	0.0	0.0	0.0	0.0	0.0	0.0	0.0	0.0	0.0	0.0	0.0	0.0	0.0	0.0	0.0	0.0	0.0	0.0	0.0	0.0	0.0	0.0	源: custom | 	2026-08-16 13:27:47	2026-08-16 13:27:47
812	Stretagy61	3_2_2_1	持有至到期地方政府债投资_1Y	0.0	0.0	0.0	0.0	0.0	0.0	0.0	0.0	0.0	0.0	0.0	0.0	0.0	0.0	0.0	0.0	0.0	0.0	0.0	0.0	0.0	0.0	0.0	0.0	源: custom | 	2026-08-16 13:27:47	2026-08-16 13:27:47
813	Stretagy62	3_2_2_2	持有至到期地方政府债投资_3Y	0.0	0.0	0.0	0.0	0.0	0.0	0.0	0.0	0.0	0.0	0.0	0.0	0.0	0.0	0.0	0.0	0.0	0.0	0.0	0.0	0.0	0.0	0.0	0.0	源: custom | 	2026-08-16 13:27:47	2026-08-16 13:27:47
814	Stretagy63	3_2_2_3	持有至到期地方政府债投资_5Y	0.0	0.0	0.0	0.0	0.0	0.0	0.0	0.0	0.0	0.0	0.0	0.0	0.0	0.0	0.0	0.0	0.0	0.0	0.0	0.0	0.0	0.0	0.0	0.0	源: custom | 	2026-08-16 13:27:47	2026-08-16 13:27:47
815	Stretagy64	3_2_2_4	持有至到期地方政府债投资_10Y	0.0	0.0	0.0	0.0	0.0	0.0	0.0	0.0	0.0	0.0	0.0	0.0	0.0	0.0	0.0	0.0	0.0	0.0	0.0	0.0	0.0	0.0	0.0	0.0	源: custom | 	2026-08-16 13:27:47	2026-08-16 13:27:47
816	Stretagy65	3_2_3_1	持有至到期政策性金融债投资_1Y	0.0	0.0	0.0	0.0	0.0	0.0	0.0	0.0	0.0	0.0	0.0	0.0	0.0	0.0	0.0	0.0	0.0	0.0	0.0	0.0	0.0	0.0	0.0	0.0	源: custom | 	2026-08-16 13:27:47	2026-08-16 13:27:47
817	Stretagy66	3_2_3_2	持有至到期政策性金融债投资_3Y	0.0	0.0	0.0	0.0	0.0	0.0	0.0	0.0	0.0	0.0	0.0	0.0	0.0	0.0	0.0	0.0	0.0	0.0	0.0	0.0	0.0	0.0	0.0	0.0	源: custom | 	2026-08-16 13:27:47	2026-08-16 13:27:47
818	Stretagy67	3_2_3_3	持有至到期政策性金融债投资_5Y	0.0	0.0	0.0	0.0	0.0	0.0	0.0	0.0	0.0	0.0	0.0	0.0	0.0	0.0	0.0	0.0	0.0	0.0	0.0	0.0	0.0	0.0	0.0	0.0	源: custom | 	2026-08-16 13:27:47	2026-08-16 13:27:47
819	Stretagy68	3_2_3_4	持有至到期政策性金融债投资_10Y	0.0	0.0	0.0	0.0	0.0	0.0	0.0	0.0	0.0	0.0	0.0	0.0	0.0	0.0	0.0	0.0	0.0	0.0	0.0	0.0	0.0	0.0	0.0	0.0	源: custom | 	2026-08-16 13:27:47	2026-08-16 13:27:47
820	Stretagy69	3_2_4_1	持有至到期普通金融债投资_1Y	0.0	0.0	0.0	0.0	0.0	0.0	0.0	0.0	0.0	0.0	0.0	0.0	0.0	0.0	0.0	0.0	0.0	0.0	0.0	0.0	0.0	0.0	0.0	0.0	源: custom | 	2026-08-16 13:27:47	2026-08-16 13:27:47
821	Stretagy70	3_2_4_2	持有至到期普通金融债投资_3Y	0.0	0.0	0.0	0.0	0.0	0.0	0.0	0.0	0.0	0.0	0.0	0.0	0.0	0.0	0.0	0.0	0.0	0.0	0.0	0.0	0.0	0.0	0.0	0.0	源: custom | 	2026-08-16 13:27:47	2026-08-16 13:27:47
822	Stretagy71	3_2_4_3	持有至到期普通金融债投资_5Y	0.0	0.0	0.0	0.0	0.0	0.0	0.0	0.0	0.0	0.0	0.0	0.0	0.0	0.0	0.0	0.0	0.0	0.0	0.0	0.0	0.0	0.0	0.0	0.0	源: custom | 	2026-08-16 13:27:47	2026-08-16 13:27:47
823	Stretagy72	3_2_4_4	持有至到期普通金融债投资_10Y	0.0	0.0	0.0	0.0	0.0	0.0	0.0	0.0	0.0	0.0	0.0	0.0	0.0	0.0	0.0	0.0	0.0	0.0	0.0	0.0	0.0	0.0	0.0	0.0	源: custom | 	2026-08-16 13:27:47	2026-08-16 13:27:47
824	Stretagy73	3_2_5_1	持有至到期企业债投资_1Y	0.0	0.0	0.0	0.0	0.0	0.0	0.0	0.0	0.0	0.0	0.0	0.0	0.0	0.0	0.0	0.0	0.0	0.0	0.0	0.0	0.0	0.0	0.0	0.0	源: custom | 	2026-08-16 13:27:47	2026-08-16 13:27:47
825	Stretagy74	3_2_5_2	持有至到期企业债投资_3Y	0.0	0.0	0.0	0.0	0.0	0.0	0.0	0.0	0.0	0.0	0.0	0.0	0.0	0.0	0.0	0.0	0.0	0.0	0.0	0.0	0.0	0.0	0.0	0.0	源: custom | 	2026-08-16 13:27:47	2026-08-16 13:27:47
826	Stretagy75	3_2_5_3	持有至到期企业债投资_5Y	0.0	0.0	0.0	0.0	0.0	0.0	0.0	0.0	0.0	0.0	0.0	0.0	0.0	0.0	0.0	0.0	0.0	0.0	0.0	0.0	0.0	0.0	0.0	0.0	源: custom | 	2026-08-16 13:27:47	2026-08-16 13:27:47
827	Stretagy76	3_2_5_4	持有至到期企业债投资_10Y	0.0	0.0	0.0	0.0	0.0	0.0	0.0	0.0	0.0	0.0	0.0	0.0	0.0	0.0	0.0	0.0	0.0	0.0	0.0	0.0	0.0	0.0	0.0	0.0	源: custom | 	2026-08-16 13:27:47	2026-08-16 13:27:47
828	Stretagy77	3_2_6_1	持有至到期投资-资产支持证券_1Y	0.0	0.0	0.0	0.0	0.0	0.0	0.0	0.0	0.0	0.0	0.0	0.0	0.0	0.0	0.0	0.0	0.0	0.0	0.0	0.0	0.0	0.0	0.0	0.0	源: custom | 	2026-08-16 13:27:47	2026-08-16 13:27:47
829	Stretagy78	3_2_6_2	持有至到期投资-资产支持证券_3Y	0.0	0.0	0.0	0.0	0.0	0.0	0.0	0.0	0.0	0.0	0.0	0.0	0.0	0.0	0.0	0.0	0.0	0.0	0.0	0.0	0.0	0.0	0.0	0.0	源: custom | 	2026-08-16 13:27:47	2026-08-16 13:27:47
830	Stretagy79	3_2_6_3	持有至到期投资-资产支持证券_5Y	0.0	0.0	0.0	0.0	0.0	0.0	0.0	0.0	0.0	0.0	0.0	0.0	0.0	0.0	0.0	0.0	0.0	0.0	0.0	0.0	0.0	0.0	0.0	0.0	源: custom | 	2026-08-16 13:27:47	2026-08-16 13:27:47
831	Stretagy80	3_2_6_4	持有至到期投资-资产支持证券_10Y	0.0	0.0	0.0	0.0	0.0	0.0	0.0	0.0	0.0	0.0	0.0	0.0	0.0	0.0	0.0	0.0	0.0	0.0	0.0	0.0	0.0	0.0	0.0	0.0	源: custom | 	2026-08-16 13:27:47	2026-08-16 13:27:47
832	Stretagy81	3_2_7_1	持有至到期同业存单投资_1M	0.0	0.0	0.0	0.0	0.0	0.0	0.0	0.0	0.0	0.0	0.0	0.0	0.0	0.0	0.0	0.0	0.0	0.0	0.0	0.0	0.0	0.0	0.0	0.0	源: custom | 	2026-08-16 13:27:47	2026-08-16 13:27:47
833	Stretagy82	3_2_7_2	持有至到期同业存单投资_3M	0.0	0.0	0.0	0.0	0.0	0.0	0.0	0.0	0.0	0.0	0.0	0.0	0.0	0.0	0.0	0.0	0.0	0.0	0.0	0.0	0.0	0.0	0.0	0.0	源: custom | 	2026-08-16 13:27:47	2026-08-16 13:27:47
834	Stretagy83	3_2_7_3	持有至到期同业存单投资_6M	0.0	0.0	0.0	0.0	0.0	0.0	0.0	0.0	0.0	0.0	0.0	0.0	0.0	0.0	0.0	0.0	0.0	0.0	0.0	0.0	0.0	0.0	0.0	0.0	源: custom | 	2026-08-16 13:27:47	2026-08-16 13:27:47
835	Stretagy84	3_2_7_4	持有至到期同业存单投资_1Y	0.0	0.0	0.0	0.0	0.0	0.0	0.0	0.0	0.0	0.0	0.0	0.0	0.0	0.0	0.0	0.0	0.0	0.0	0.0	0.0	0.0	0.0	0.0	0.0	源: custom | 	2026-08-16 13:27:47	2026-08-16 13:27:47
836	Stretagy85	3_2_8_1	持有至到期投资-其他_5Y	0.0	0.0	0.0	0.0	0.0	0.0	0.0	0.0	0.0	0.0	0.0	0.0	0.0	0.0	0.0	0.0	0.0	0.0	0.0	0.0	0.0	0.0	0.0	0.0	源: custom | 	2026-08-16 13:27:47	2026-08-16 13:27:47
837	Stretagy86	3_2_8_2	持有至到期投资-利息调整_5Y	0.0	0.0	0.0	0.0	0.0	0.0	0.0	0.0	0.0	0.0	0.0	0.0	0.0	0.0	0.0	0.0	0.0	0.0	0.0	0.0	0.0	0.0	0.0	0.0	源: custom | 	2026-08-16 13:27:47	2026-08-16 13:27:47
838	Stretagy87	3_2_8_3	持有至到期投资-应计利息_5Y	0.0	0.0	0.0	0.0	0.0	0.0	0.0	0.0	0.0	0.0	0.0	0.0	0.0	0.0	0.0	0.0	0.0	0.0	0.0	0.0	0.0	0.0	0.0	0.0	源: custom | 	2026-08-16 13:27:47	2026-08-16 13:27:47
839	Stretagy88	3_3_1_1	可供出售国债投资_1Y	0.0	0.0	0.0	0.0	0.0	0.0	0.0	0.0	0.0	0.0	0.0	0.0	0.0	0.0	0.0	0.0	0.0	0.0	0.0	0.0	0.0	0.0	0.0	0.0	源: custom | 	2026-08-16 13:27:47	2026-08-16 13:27:47
840	Stretagy89	3_3_1_2	可供出售国债投资_3Y	0.0	0.0	0.0	0.0	0.0	0.0	0.0	0.0	0.0	0.0	0.0	0.0	0.0	0.0	0.0	0.0	0.0	0.0	0.0	0.0	0.0	0.0	0.0	0.0	源: custom | 	2026-08-16 13:27:47	2026-08-16 13:27:47
841	Stretagy90	3_3_1_3	可供出售国债投资_5Y	0.0	0.0	0.0	0.0	0.0	0.0	0.0	0.0	0.0	0.0	0.0	0.0	0.0	0.0	0.0	0.0	0.0	0.0	0.0	0.0	0.0	0.0	0.0	0.0	源: custom | 	2026-08-16 13:27:47	2026-08-16 13:27:47
842	Stretagy91	3_3_1_4	可供出售国债投资_10Y	0.0	0.0	0.0	0.0	0.0	0.0	0.0	0.0	0.0	0.0	0.0	0.0	0.0	0.0	0.0	0.0	0.0	0.0	0.0	0.0	0.0	0.0	0.0	0.0	源: custom | 	2026-08-16 13:27:47	2026-08-16 13:27:47
843	Stretagy92	3_3_2_1	可供出售地方政府债投资_1Y	0.0	0.0	0.0	0.0	0.0	0.0	0.0	0.0	0.0	0.0	0.0	0.0	0.0	0.0	0.0	0.0	0.0	0.0	0.0	0.0	0.0	0.0	0.0	0.0	源: custom | 	2026-08-16 13:27:47	2026-08-16 13:27:47
844	Stretagy93	3_3_2_2	可供出售地方政府债投资_3Y	0.0	0.0	0.0	0.0	0.0	0.0	0.0	0.0	0.0	0.0	0.0	0.0	0.0	0.0	0.0	0.0	0.0	0.0	0.0	0.0	0.0	0.0	0.0	0.0	源: custom | 	2026-08-16 13:27:47	2026-08-16 13:27:47
845	Stretagy94	3_3_2_3	可供出售地方政府债投资_5Y	0.0	0.0	0.0	0.0	0.0	0.0	0.0	0.0	0.0	0.0	0.0	0.0	0.0	0.0	0.0	0.0	0.0	0.0	0.0	0.0	0.0	0.0	0.0	0.0	源: custom | 	2026-08-16 13:27:47	2026-08-16 13:27:47
846	Stretagy95	3_3_2_4	可供出售地方政府债投资_10Y	0.0	0.0	0.0	0.0	0.0	0.0	0.0	0.0	0.0	0.0	0.0	0.0	0.0	0.0	0.0	0.0	0.0	0.0	0.0	0.0	0.0	0.0	0.0	0.0	源: custom | 	2026-08-16 13:27:47	2026-08-16 13:27:47
847	Stretagy96	3_3_3_1	可供出售政策性金融债投资_1Y	0.0	0.0	0.0	0.0	0.0	0.0	0.0	0.0	0.0	0.0	0.0	0.0	0.0	0.0	0.0	0.0	0.0	0.0	0.0	0.0	0.0	0.0	0.0	0.0	源: custom | 	2026-08-16 13:27:47	2026-08-16 13:27:47
848	Stretagy97	3_3_3_2	可供出售政策性金融债投资_3Y	0.0	0.0	0.0	0.0	0.0	0.0	0.0	0.0	0.0	0.0	0.0	0.0	0.0	0.0	0.0	0.0	0.0	0.0	0.0	0.0	0.0	0.0	0.0	0.0	源: custom | 	2026-08-16 13:27:47	2026-08-16 13:27:47
849	Stretagy98	3_3_3_3	可供出售政策性金融债投资_5Y	0.0	0.0	0.0	0.0	0.0	0.0	0.0	0.0	0.0	0.0	0.0	0.0	0.0	0.0	0.0	0.0	0.0	0.0	0.0	0.0	0.0	0.0	0.0	0.0	源: custom | 	2026-08-16 13:27:47	2026-08-16 13:27:47
850	Stretagy99	3_3_3_4	可供出售政策性金融债投资_10Y	0.0	0.0	0.0	0.0	0.0	0.0	0.0	0.0	0.0	0.0	0.0	0.0	0.0	0.0	0.0	0.0	0.0	0.0	0.0	0.0	0.0	0.0	0.0	0.0	源: custom | 	2026-08-16 13:27:47	2026-08-16 13:27:47
851	Stretagy100	3_3_4_1	可供出售普通金融债投资_1Y	0.0	0.0	0.0	0.0	0.0	0.0	0.0	0.0	0.0	0.0	0.0	0.0	0.0	0.0	0.0	0.0	0.0	0.0	0.0	0.0	0.0	0.0	0.0	0.0	源: custom | 	2026-08-16 13:27:47	2026-08-16 13:27:47
852	Stretagy101	3_3_4_2	可供出售普通金融债投资_3Y	0.0	0.0	0.0	0.0	0.0	0.0	0.0	0.0	0.0	0.0	0.0	0.0	0.0	0.0	0.0	0.0	0.0	0.0	0.0	0.0	0.0	0.0	0.0	0.0	源: custom | 	2026-08-16 13:27:47	2026-08-16 13:27:47
853	Stretagy102	3_3_4_3	可供出售普通金融债投资_5Y	0.0	0.0	0.0	0.0	0.0	0.0	0.0	0.0	0.0	0.0	0.0	0.0	0.0	0.0	0.0	0.0	0.0	0.0	0.0	0.0	0.0	0.0	0.0	0.0	源: custom | 	2026-08-16 13:27:47	2026-08-16 13:27:47
854	Stretagy103	3_3_4_4	可供出售普通金融债投资_10Y	0.0	0.0	0.0	0.0	0.0	0.0	0.0	0.0	0.0	0.0	0.0	0.0	0.0	0.0	0.0	0.0	0.0	0.0	0.0	0.0	0.0	0.0	0.0	0.0	源: custom | 	2026-08-16 13:27:47	2026-08-16 13:27:47
855	Stretagy104	3_3_5_1	可供出售企业债投资_1Y	0.0	0.0	0.0	0.0	0.0	0.0	0.0	0.0	0.0	0.0	0.0	0.0	0.0	0.0	0.0	0.0	0.0	0.0	0.0	0.0	0.0	0.0	0.0	0.0	源: custom | 	2026-08-16 13:27:47	2026-08-16 13:27:47
856	Stretagy105	3_3_5_2	可供出售企业债投资_3Y	0.0	0.0	0.0	0.0	0.0	0.0	0.0	0.0	0.0	0.0	0.0	0.0	0.0	0.0	0.0	0.0	0.0	0.0	0.0	0.0	0.0	0.0	0.0	0.0	源: custom | 	2026-08-16 13:27:47	2026-08-16 13:27:47
857	Stretagy106	3_3_5_3	可供出售企业债投资_5Y	0.0	0.0	0.0	0.0	0.0	0.0	0.0	0.0	0.0	0.0	0.0	0.0	0.0	0.0	0.0	0.0	0.0	0.0	0.0	0.0	0.0	0.0	0.0	0.0	源: custom | 	2026-08-16 13:27:47	2026-08-16 13:27:47
858	Stretagy107	3_3_5_4	可供出售企业债投资_10Y	0.0	0.0	0.0	0.0	0.0	0.0	0.0	0.0	0.0	0.0	0.0	0.0	0.0	0.0	0.0	0.0	0.0	0.0	0.0	0.0	0.0	0.0	0.0	0.0	源: custom | 	2026-08-16 13:27:47	2026-08-16 13:27:47
859	Stretagy108	3_3_6_1	可供出售金融资产-资产支持证券_1Y	0.0	0.0	0.0	0.0	0.0	0.0	0.0	0.0	0.0	0.0	0.0	0.0	0.0	0.0	0.0	0.0	0.0	0.0	0.0	0.0	0.0	0.0	0.0	0.0	源: custom | 	2026-08-16 13:27:47	2026-08-16 13:27:47
860	Stretagy109	3_3_6_2	可供出售金融资产-资产支持证券_3Y	0.0	0.0	0.0	0.0	0.0	0.0	0.0	0.0	0.0	0.0	0.0	0.0	0.0	0.0	0.0	0.0	0.0	0.0	0.0	0.0	0.0	0.0	0.0	0.0	源: custom | 	2026-08-16 13:27:47	2026-08-16 13:27:47
861	Stretagy110	3_3_6_3	可供出售金融资产-资产支持证券_5Y	0.0	0.0	0.0	0.0	0.0	0.0	0.0	0.0	0.0	0.0	0.0	0.0	0.0	0.0	0.0	0.0	0.0	0.0	0.0	0.0	0.0	0.0	0.0	0.0	源: custom | 	2026-08-16 13:27:47	2026-08-16 13:27:47
862	Stretagy111	3_3_6_4	可供出售金融资产-资产支持证券_10Y	0.0	0.0	0.0	0.0	0.0	0.0	0.0	0.0	0.0	0.0	0.0	0.0	0.0	0.0	0.0	0.0	0.0	0.0	0.0	0.0	0.0	0.0	0.0	0.0	源: custom | 	2026-08-16 13:27:47	2026-08-16 13:27:47
863	Stretagy112	3_3_7_1	可供出售同业存单投资_1M	0.0	0.0	0.0	0.0	0.0	0.0	0.0	0.0	0.0	0.0	0.0	0.0	0.0	0.0	0.0	0.0	0.0	0.0	0.0	0.0	0.0	0.0	0.0	0.0	源: custom | 	2026-08-16 13:27:47	2026-08-16 13:27:47
864	Stretagy113	3_3_7_2	可供出售同业存单投资_3M	0.0	0.0	0.0	0.0	0.0	0.0	0.0	0.0	0.0	0.0	0.0	0.0	0.0	0.0	0.0	0.0	0.0	0.0	0.0	0.0	0.0	0.0	0.0	0.0	源: custom | 	2026-08-16 13:27:47	2026-08-16 13:27:47
865	Stretagy114	3_3_7_3	可供出售同业存单投资_6M	0.0	0.0	0.0	0.0	0.0	0.0	0.0	0.0	0.0	0.0	0.0	0.0	0.0	0.0	0.0	0.0	0.0	0.0	0.0	0.0	0.0	0.0	0.0	0.0	源: custom | 	2026-08-16 13:27:47	2026-08-16 13:27:47
866	Stretagy115	3_3_7_4	可供出售同业存单投资_1Y	0.0	0.0	0.0	0.0	0.0	0.0	0.0	0.0	0.0	0.0	0.0	0.0	0.0	0.0	0.0	0.0	0.0	0.0	0.0	0.0	0.0	0.0	0.0	0.0	源: custom | 	2026-08-16 13:27:47	2026-08-16 13:27:47
867	Stretagy116	3_3_8_1	其他可供出售金融资产银行保本理财投资_3M	1.0	1.0	1.0	1.0	1.0	1.0	1.0	1.0	1.0	1.0	1.0	1.0	1.0	1.0	1.0	1.0	1.0	1.0	1.0	1.0	1.0	1.0	1.0	1.0	源: custom | 	2026-08-16 13:27:47	2026-08-16 13:27:47
868	Stretagy117	3_3_8_2	其他可供出售金融资产银行非保本理财投资_1Y	1.0	1.0	1.0	1.0	1.0	1.0	1.0	1.0	1.0	1.0	1.0	1.0	1.0	1.0	1.0	1.0	1.0	1.0	1.0	1.0	1.0	1.0	1.0	1.0	源: custom | 	2026-08-16 13:27:47	2026-08-16 13:27:47
869	Stretagy118	3_3_9_1	其他可供出售金融资产信托公司产品投资_1M	1.0	1.0	1.0	1.0	1.0	1.0	1.0	1.0	1.0	1.0	1.0	1.0	1.0	1.0	1.0	1.0	1.0	1.0	1.0	1.0	1.0	1.0	1.0	1.0	源: custom | 	2026-08-16 13:27:47	2026-08-16 13:27:47
870	Stretagy119	3_3_9_2	其他可供出售金融资产证券机构产品投资_3M	1.0	1.0	1.0	1.0	1.0	1.0	1.0	1.0	1.0	1.0	1.0	1.0	1.0	1.0	1.0	1.0	1.0	1.0	1.0	1.0	1.0	1.0	1.0	1.0	源: custom | 	2026-08-16 13:27:47	2026-08-16 13:27:47
871	Stretagy120	3_3_9_3	其他可供出售金融资产保险机构产品投资_6M	1.0	1.0	1.0	1.0	1.0	1.0	1.0	1.0	1.0	1.0	1.0	1.0	1.0	1.0	1.0	1.0	1.0	1.0	1.0	1.0	1.0	1.0	1.0	1.0	源: custom | 	2026-08-16 13:27:47	2026-08-16 13:27:47
872	Stretagy121	3_3_9_4	其他可供出售金融资产基金公司产品投资_1Y	1.0	1.0	1.0	1.0	1.0	1.0	1.0	1.0	1.0	1.0	1.0	1.0	1.0	1.0	1.0	1.0	1.0	1.0	1.0	1.0	1.0	1.0	1.0	1.0	源: custom | 	2026-08-16 13:27:47	2026-08-16 13:27:47
873	Stretagy122	3_3_9_5	其他可供出售金融资产其他机构产品投资_2Y	1.0	1.0	1.0	1.0	1.0	1.0	1.0	1.0	1.0	1.0	1.0	1.0	1.0	1.0	1.0	1.0	1.0	1.0	1.0	1.0	1.0	1.0	1.0	1.0	源: custom | 	2026-08-16 13:27:47	2026-08-16 13:27:47
874	Stretagy123	3_3_10_1	可供出售金融资产-公允价值变动_5Y	0.0	0.0	0.0	0.0	0.0	0.0	0.0	0.0	0.0	0.0	0.0	0.0	0.0	0.0	0.0	0.0	0.0	0.0	0.0	0.0	0.0	0.0	0.0	0.0	源: custom | 	2026-08-16 13:27:47	2026-08-16 13:27:47
875	Stretagy124	3_3_10_2	可供出售金融资产-利息调整_5Y	0.0	0.0	0.0	0.0	0.0	0.0	0.0	0.0	0.0	0.0	0.0	0.0	0.0	0.0	0.0	0.0	0.0	0.0	0.0	0.0	0.0	0.0	0.0	0.0	源: custom | 	2026-08-16 13:27:47	2026-08-16 13:27:47
876	Stretagy125	3_3_10_3	可供出售金融资产-应计利息_5Y	0.0	0.0	0.0	0.0	0.0	0.0	0.0	0.0	0.0	0.0	0.0	0.0	0.0	0.0	0.0	0.0	0.0	0.0	0.0	0.0	0.0	0.0	0.0	0.0	源: custom | 	2026-08-16 13:27:47	2026-08-16 13:27:47
877	Stretagy126	3_3_11	可供出售股权投资_30Y	0.0	0.0	0.0	0.0	0.0	0.0	0.0	0.0	0.0	0.0	0.0	0.0	0.0	0.0	0.0	0.0	0.0	0.0	0.0	0.0	0.0	0.0	0.0	0.0	源: custom | 	2026-08-16 13:27:47	2026-08-16 13:27:47
878	Stretagy127	3_4_1_1	应收款项类银行保本理财投资_1M	1.0	1.0	1.0	1.0	1.0	1.0	1.0	1.0	1.0	1.0	1.0	1.0	1.0	1.0	1.0	1.0	1.0	1.0	1.0	1.0	1.0	1.0	1.0	1.0	源: custom | 	2026-08-16 13:27:47	2026-08-16 13:27:47
879	Stretagy128	3_4_1_2	应收款项类银行非保本理财投资_3M	1.0	1.0	1.0	1.0	1.0	1.0	1.0	1.0	1.0	1.0	1.0	1.0	1.0	1.0	1.0	1.0	1.0	1.0	1.0	1.0	1.0	1.0	1.0	1.0	源: custom | 	2026-08-16 13:27:47	2026-08-16 13:27:47
880	Stretagy129	3_4_2_1	应收款项类信托公司产品投资_1M	1.0	1.0	1.0	1.0	1.0	1.0	1.0	1.0	1.0	1.0	1.0	1.0	1.0	1.0	1.0	1.0	1.0	1.0	1.0	1.0	1.0	1.0	1.0	1.0	源: custom | 	2026-08-16 13:27:47	2026-08-16 13:27:47
881	Stretagy130	3_4_2_2	应收款项类证券机构产品投资_3M	1.0	1.0	1.0	1.0	1.0	1.0	1.0	1.0	1.0	1.0	1.0	1.0	1.0	1.0	1.0	1.0	1.0	1.0	1.0	1.0	1.0	1.0	1.0	1.0	源: custom | 	2026-08-16 13:27:47	2026-08-16 13:27:47
882	Stretagy131	3_4_2_3	应收款项类保险机构产品投资_6M	1.0	1.0	1.0	1.0	1.0	1.0	1.0	1.0	1.0	1.0	1.0	1.0	1.0	1.0	1.0	1.0	1.0	1.0	1.0	1.0	1.0	1.0	1.0	1.0	源: custom | 	2026-08-16 13:27:47	2026-08-16 13:27:47
883	Stretagy132	3_4_2_4	应收款项类基金公司产品投资_1Y	1.0	1.0	1.0	1.0	1.0	1.0	1.0	1.0	1.0	1.0	1.0	1.0	1.0	1.0	1.0	1.0	1.0	1.0	1.0	1.0	1.0	1.0	1.0	1.0	源: custom | 	2026-08-16 13:27:47	2026-08-16 13:27:47
884	Stretagy133	3_4_2_5	应收款项类其他机构产品投资_2Y	1.0	1.0	1.0	1.0	1.0	1.0	1.0	1.0	1.0	1.0	1.0	1.0	1.0	1.0	1.0	1.0	1.0	1.0	1.0	1.0	1.0	1.0	1.0	1.0	源: custom | 	2026-08-16 13:27:47	2026-08-16 13:27:47
885	Stretagy134	3_4_3_1	应收款项类投资-利息调整_1Y	0.0	0.0	0.0	0.0	0.0	0.0	0.0	0.0	0.0	0.0	0.0	0.0	0.0	0.0	0.0	0.0	0.0	0.0	0.0	0.0	0.0	0.0	0.0	0.0	源: custom | 	2026-08-16 13:27:47	2026-08-16 13:27:47
886	Stretagy135	3_4_3_2	应收款项类投资-应计利息_1Y	0.0	0.0	0.0	0.0	0.0	0.0	0.0	0.0	0.0	0.0	0.0	0.0	0.0	0.0	0.0	0.0	0.0	0.0	0.0	0.0	0.0	0.0	0.0	0.0	源: custom | 	2026-08-16 13:27:47	2026-08-16 13:27:47
887	Stretagy136	3_5	长期股权投资_30Y	0.0	0.0	0.0	0.0	0.0	0.0	0.0	0.0	0.0	0.0	0.0	0.0	0.0	0.0	0.0	0.0	0.0	0.0	0.0	0.0	0.0	0.0	0.0	0.0	源: custom | 	2026-08-16 13:27:47	2026-08-16 13:27:47
888	Stretagy137	4_1_1_1	抵押类小微贷款_3M	0.17	0.13	0.1	0.07	0.03	0.0	0.0	0.0	0.0	0.0	0.0	0.0	0.0	0.0	0.0	0.0	0.0	0.0	0.0	0.0	0.0	0.0	0.0	0.0	源: custom | 	2026-08-16 13:27:47	2026-08-16 13:27:47
889	Stretagy138	4_1_1_2	抵押类小微贷款_6M	0.17	0.13	0.1	0.07	0.03	0.0	0.0	0.0	0.0	0.0	0.0	0.0	0.0	0.0	0.0	0.0	0.0	0.0	0.0	0.0	0.0	0.0	0.0	0.0	源: custom | 	2026-08-16 13:27:47	2026-08-16 13:27:47
890	Stretagy139	4_1_1_3	抵押类小微贷款_1Y	0.27	0.23	0.2	0.17	0.13	0.1	0.07	0.03	0.0	0.0	0.0	0.0	0.0	0.0	0.0	0.0	0.0	0.0	0.0	0.0	0.0	0.0	0.0	0.0	源: custom | 	2026-08-16 13:27:47	2026-08-16 13:27:47
891	Stretagy140	4_1_1_4	抵押类小微贷款_2Y	0.37	0.33	0.3	0.27	0.23	0.2	0.17	0.13	0.1	0.07	0.03	0.0	0.0	0.0	0.0	0.0	0.0	0.0	0.0	0.0	0.0	0.0	0.0	0.0	源: custom | 	2026-08-16 13:27:47	2026-08-16 13:27:47
892	Stretagy141	4_1_1_5	抵押类小微贷款_3Y	0.37	0.33	0.3	0.27	0.23	0.2	0.17	0.13	0.1	0.07	0.03	0.0	0.0	0.0	0.0	0.0	0.0	0.0	0.0	0.0	0.0	0.0	0.0	0.0	源: custom | 	2026-08-16 13:27:47	2026-08-16 13:27:47
893	Stretagy142	4_1_2_1	信用类小微贷款_3M	2.47	2.43	2.4	2.37	2.33	2.3	2.27	2.23	2.2	2.17	2.13	2.1	2.07	2.03	2.0	1.97	1.93	1.9	1.87	1.83	1.8	1.77	1.73	1.7	源: custom | 	2026-08-16 13:27:47	2026-08-16 13:27:47
894	Stretagy143	4_1_2_2	信用类小微贷款_6M	1.97	1.93	1.9	1.87	1.83	1.8	1.77	1.73	1.7	1.67	1.63	1.6	1.57	1.53	1.5	1.47	1.43	1.4	1.37	1.33	1.3	1.27	1.23	1.2	源: custom | 	2026-08-16 13:27:47	2026-08-16 13:27:47
895	Stretagy144	4_1_2_3	信用类小微贷款_1Y	2.97	2.93	2.9	2.87	2.83	2.8	2.77	2.73	2.7	2.67	2.63	2.6	2.57	2.53	2.5	2.47	2.43	2.4	2.37	2.33	2.3	2.27	2.23	2.2	源: custom | 	2026-08-16 13:27:47	2026-08-16 13:27:47
896	Stretagy145	4_1_2_4	信用类小微贷款_2Y	3.47	3.43	3.4	3.37	3.33	3.3	3.27	3.23	3.2	3.17	3.13	3.1	3.07	3.03	3.0	2.97	2.93	2.9	2.87	2.83	2.8	2.77	2.73	2.7	源: custom | 	2026-08-16 13:27:47	2026-08-16 13:27:47
897	Stretagy146	4_1_2_5	信用类小微贷款_3Y	3.97	3.93	3.9	3.87	3.83	3.8	3.77	3.73	3.7	3.67	3.63	3.6	3.57	3.53	3.5	3.47	3.43	3.4	3.37	3.33	3.3	3.27	3.23	3.2	源: custom | 	2026-08-16 13:27:47	2026-08-16 13:27:47
898	Stretagy147	4_1_3_1	住房按揭贷款_10Y	0.0	0.0	0.0	0.0	0.0	0.0	0.0	0.0	0.0	0.0	0.0	0.0	0.0	0.0	0.0	0.0	0.0	0.0	0.0	0.0	0.0	0.0	0.0	0.0	源: custom | 	2026-08-16 13:27:47	2026-08-16 13:27:47
899	Stretagy148	4_1_3_2	住房按揭贷款_20Y	0.0	0.0	0.0	0.0	0.0	0.0	0.0	0.0	0.0	0.0	0.0	0.0	0.0	0.0	0.0	0.0	0.0	0.0	0.0	0.0	0.0	0.0	0.0	0.0	源: custom | 	2026-08-16 13:27:47	2026-08-16 13:27:47
900	Stretagy149	4_1_3_3	住房按揭贷款_30Y	0.0	0.0	0.0	0.0	0.0	0.0	0.0	0.0	0.0	0.0	0.0	0.0	0.0	0.0	0.0	0.0	0.0	0.0	0.0	0.0	0.0	0.0	0.0	0.0	源: custom | 	2026-08-16 13:27:47	2026-08-16 13:27:47
901	Stretagy150	4_1_4_1	逾期贷款_1Y	0.0	0.0	0.0	0.0	0.0	0.0	0.0	0.0	0.0	0.0	0.0	0.0	0.0	0.0	0.0	0.0	0.0	0.0	0.0	0.0	0.0	0.0	0.0	0.0	源: custom | 	2026-08-16 13:27:47	2026-08-16 13:27:47
902	Stretagy151	4_1_4_2	其他零售贷款_1Y	0.0	0.0	0.0	0.0	0.0	0.0	0.0	0.0	0.0	0.0	0.0	0.0	0.0	0.0	0.0	0.0	0.0	0.0	0.0	0.0	0.0	0.0	0.0	0.0	源: custom | 	2026-08-16 13:27:47	2026-08-16 13:27:47
903	Stretagy152	4_2_1_1	对公贷款_3M	1.47	1.43	1.4	1.37	1.33	1.3	1.27	1.23	1.2	1.17	1.13	1.1	1.2	1.2	1.2	1.2	1.2	1.2	1.2	1.2	1.2	1.2	1.2	1.2	源: custom | 	2026-08-16 13:27:47	2026-08-16 13:27:47
904	Stretagy153	4_2_1_2	对公贷款_6M	1.97	1.93	1.9	1.87	1.83	1.8	1.77	1.73	1.7	1.67	1.63	1.6	1.7	1.7	1.7	1.7	1.7	1.7	1.7	1.7	1.7	1.7	1.7	1.7	源: custom | 	2026-08-16 13:27:47	2026-08-16 13:27:47
905	Stretagy154	4_2_1_3	对公贷款_1Y	2.47	2.43	2.4	2.37	2.33	2.3	2.27	2.23	2.2	2.17	2.13	2.1	2.2	2.2	2.2	2.2	2.2	2.2	2.2	2.2	2.2	2.2	2.2	2.2	源: custom | 	2026-08-16 13:27:47	2026-08-16 13:27:47
906	Stretagy155	4_2_1_4	对公贷款_2Y	2.97	2.93	2.9	2.87	2.83	2.8	2.77	2.73	2.7	2.67	2.63	2.6	2.7	2.7	2.7	2.7	2.7	2.7	2.7	2.7	2.7	2.7	2.7	2.7	源: custom | 	2026-08-16 13:27:47	2026-08-16 13:27:47
907	Stretagy156	4_2_1_5	对公贷款_3Y	3.47	3.43	3.4	3.37	3.33	3.3	3.27	3.23	3.2	3.17	3.13	3.1	3.2	3.2	3.2	3.2	3.2	3.2	3.2	3.2	3.2	3.2	3.2	3.2	源: custom | 	2026-08-16 13:27:47	2026-08-16 13:27:47
908	Stretagy157	4_2_2_1	对公逾期贷款_30Y	-1.0	-1.0	-1.0	-1.0	-1.0	-1.0	-1.0	-1.0	-1.0	-1.0	-1.0	-1.0	-1.0	-1.0	-1.0	-1.0	-1.0	-1.0	-1.0	-1.0	-1.0	-1.0	-1.0	-1.0	源: custom | 	2026-08-16 13:27:47	2026-08-16 13:27:47
909	Stretagy158	4_2_2_2	其他对公贷款_1Y	0.0	0.0	0.0	0.0	0.0	0.0	0.0	0.0	0.0	0.0	0.0	0.0	0.0	0.0	0.0	0.0	0.0	0.0	0.0	0.0	0.0	0.0	0.0	0.0	源: custom | 	2026-08-16 13:27:47	2026-08-16 13:27:47
910	Stretagy159	4_3_1	直贴_3M	0.0	0.0	0.0	0.0	0.0	0.0	0.0	0.0	0.0	0.0	0.0	0.0	0.0	0.0	0.0	0.0	0.0	0.0	0.0	0.0	0.0	0.0	0.0	0.0	源: custom | 	2026-08-16 13:27:47	2026-08-16 13:27:47
911	Stretagy160	4_3_2	转贴_6M	0.0	0.0	0.0	0.0	0.0	0.0	0.0	0.0	0.0	0.0	0.0	0.0	0.0	0.0	0.0	0.0	0.0	0.0	0.0	0.0	0.0	0.0	0.0	0.0	源: custom | 	2026-08-16 13:27:47	2026-08-16 13:27:47
912	Stretagy161	4_4	贸易融资_1Y	0.0	0.0	0.0	0.0	0.0	0.0	0.0	0.0	0.0	0.0	0.0	0.0	0.0	0.0	0.0	0.0	0.0	0.0	0.0	0.0	0.0	0.0	0.0	0.0	源: custom | 	2026-08-16 13:27:47	2026-08-16 13:27:47
913	Stretagy162	4_5	垫款_30Y	0.0	0.0	0.0	0.0	0.0	0.0	0.0	0.0	0.0	0.0	0.0	0.0	0.0	0.0	0.0	0.0	0.0	0.0	0.0	0.0	0.0	0.0	0.0	0.0	源: custom | 	2026-08-16 13:27:47	2026-08-16 13:27:47
914	Stretagy163	4_6_1	单位信用卡透支_1M	0.0	0.0	0.0	0.0	0.0	0.0	0.0	0.0	0.0	0.0	0.0	0.0	0.0	0.0	0.0	0.0	0.0	0.0	0.0	0.0	0.0	0.0	0.0	0.0	源: custom | 	2026-08-16 13:27:47	2026-08-16 13:27:47
915	Stretagy164	4_6_2	个人信用卡透支_1M	0.0	0.0	0.0	0.0	0.0	0.0	0.0	0.0	0.0	0.0	0.0	0.0	0.0	0.0	0.0	0.0	0.0	0.0	0.0	0.0	0.0	0.0	0.0	0.0	源: custom | 	2026-08-16 13:27:47	2026-08-16 13:27:47
916	Stretagy165	4_6_3	个人信用卡分期_1Y	0.0	0.0	0.0	0.0	0.0	0.0	0.0	0.0	0.0	0.0	0.0	0.0	0.0	0.0	0.0	0.0	0.0	0.0	0.0	0.0	0.0	0.0	0.0	0.0	源: custom | 	2026-08-16 13:27:47	2026-08-16 13:27:47
917	Stretagy166	5_1	贵金属_30Y	0.0	0.0	0.0	0.0	0.0	0.0	0.0	0.0	0.0	0.0	0.0	0.0	0.0	0.0	0.0	0.0	0.0	0.0	0.0	0.0	0.0	0.0	0.0	0.0	源: custom | 	2026-08-16 13:27:47	2026-08-16 13:27:47
918	Stretagy167	5_2	各项资产减值准备_30Y	0.0	0.0	0.0	0.0	0.0	0.0	0.0	0.0	0.0	0.0	0.0	0.0	0.0	0.0	0.0	0.0	0.0	0.0	0.0	0.0	0.0	0.0	0.0	0.0	源: custom | 	2026-08-16 13:27:47	2026-08-16 13:27:47
919	Stretagy168	5_3	应收款项_30Y	0.0	0.0	0.0	0.0	0.0	0.0	0.0	0.0	0.0	0.0	0.0	0.0	0.0	0.0	0.0	0.0	0.0	0.0	0.0	0.0	0.0	0.0	0.0	0.0	源: custom | 	2026-08-16 13:27:47	2026-08-16 13:27:47
920	Stretagy169	5_4	代理类资产_30Y	0.0	0.0	0.0	0.0	0.0	0.0	0.0	0.0	0.0	0.0	0.0	0.0	0.0	0.0	0.0	0.0	0.0	0.0	0.0	0.0	0.0	0.0	0.0	0.0	源: custom | 	2026-08-16 13:27:47	2026-08-16 13:27:47
921	Stretagy170	5_5	其他资产_30Y	0.0	0.0	0.0	0.0	0.0	0.0	0.0	0.0	0.0	0.0	0.0	0.0	0.0	0.0	0.0	0.0	0.0	0.0	0.0	0.0	0.0	0.0	0.0	0.0	源: custom | 	2026-08-16 13:27:47	2026-08-16 13:27:47
922	Stretagy171	6_1	向中央银行借款_1Y	0.0	0.0	0.0	0.0	0.0	0.0	0.0	0.0	0.0	0.0	0.0	0.0	0.0	0.0	0.0	0.0	0.0	0.0	0.0	0.0	0.0	0.0	0.0	0.0	源: custom | 	2026-08-16 13:27:47	2026-08-16 13:27:47
923	Stretagy172	6_2	央行拨付专项票据资金_1Y	0.0	0.0	0.0	0.0	0.0	0.0	0.0	0.0	0.0	0.0	0.0	0.0	0.0	0.0	0.0	0.0	0.0	0.0	0.0	0.0	0.0	0.0	0.0	0.0	源: custom | 	2026-08-16 13:27:47	2026-08-16 13:27:47
924	Stretagy173	6_3	再贴现_1Y	0.0	0.0	0.0	0.0	0.0	0.0	0.0	0.0	0.0	0.0	0.0	0.0	0.0	0.0	0.0	0.0	0.0	0.0	0.0	0.0	0.0	0.0	0.0	0.0	源: custom | 	2026-08-16 13:27:47	2026-08-16 13:27:47
925	Stretagy174	7_1_1	同业存放活期款项_1D	0.2	0.2	0.2	0.2	0.2	0.2	0.2	0.2	0.2	0.2	0.2	0.2	0.2	0.2	0.2	0.2	0.2	0.2	0.2	0.2	0.2	0.2	0.2	0.2	源: custom | 	2026-08-16 13:27:47	2026-08-16 13:27:47
926	Stretagy175	7_1_2_1	同业存放定期款项_1M	0.2	0.2	0.2	0.2	0.2	0.2	0.2	0.2	0.2	0.2	0.2	0.2	0.2	0.2	0.2	0.2	0.2	0.2	0.2	0.2	0.2	0.2	0.2	0.2	源: custom | 	2026-08-16 13:27:47	2026-08-16 13:27:47
927	Stretagy176	7_1_2_2	同业存放定期款项_3M	0.2	0.2	0.2	0.2	0.2	0.2	0.2	0.2	0.2	0.2	0.2	0.2	0.2	0.2	0.2	0.2	0.2	0.2	0.2	0.2	0.2	0.2	0.2	0.2	源: custom | 	2026-08-16 13:27:47	2026-08-16 13:27:47
928	Stretagy177	7_1_2_3	同业存放定期款项_6M	0.2	0.2	0.2	0.2	0.2	0.2	0.2	0.2	0.2	0.2	0.2	0.2	0.2	0.2	0.2	0.2	0.2	0.2	0.2	0.2	0.2	0.2	0.2	0.2	源: custom | 	2026-08-16 13:27:47	2026-08-16 13:27:47
929	Stretagy178	7_1_2_4	同业存放定期款项_1Y	0.2	0.2	0.2	0.2	0.2	0.2	0.2	0.2	0.2	0.2	0.2	0.2	0.2	0.2	0.2	0.2	0.2	0.2	0.2	0.2	0.2	0.2	0.2	0.2	源: custom | 	2026-08-16 13:27:47	2026-08-16 13:27:47
930	Stretagy179	7_2_1	系统内存放活期款项_1D	0.2	0.2	0.2	0.2	0.2	0.2	0.2	0.2	0.2	0.2	0.2	0.2	0.2	0.2	0.2	0.2	0.2	0.2	0.2	0.2	0.2	0.2	0.2	0.2	源: custom | 	2026-08-16 13:27:47	2026-08-16 13:27:47
931	Stretagy180	7_2_2	系统内存放定期款项_3M	0.2	0.2	0.2	0.2	0.2	0.2	0.2	0.2	0.2	0.2	0.2	0.2	0.2	0.2	0.2	0.2	0.2	0.2	0.2	0.2	0.2	0.2	0.2	0.2	源: custom | 	2026-08-16 13:27:47	2026-08-16 13:27:47
932	Stretagy181	7_3	同业拆入_1D	0.2	0.2	0.2	0.2	0.2	0.2	0.2	0.2	0.2	0.2	0.2	0.2	0.2	0.2	0.2	0.2	0.2	0.2	0.2	0.2	0.2	0.2	0.2	0.2	源: custom | 	2026-08-16 13:27:47	2026-08-16 13:27:47
933	Stretagy182	7_4	系统内拆入_1D	0.2	0.2	0.2	0.2	0.2	0.2	0.2	0.2	0.2	0.2	0.2	0.2	0.2	0.2	0.2	0.2	0.2	0.2	0.2	0.2	0.2	0.2	0.2	0.2	源: custom | 	2026-08-16 13:27:47	2026-08-16 13:27:47
934	Stretagy183	7_5_1_1	卖出回购债券-买断式_1D	0.2	0.2	0.2	0.2	0.2	0.2	0.2	0.2	0.2	0.2	0.2	0.2	0.2	0.2	0.2	0.2	0.2	0.2	0.2	0.2	0.2	0.2	0.2	0.2	源: custom | 	2026-08-16 13:27:47	2026-08-16 13:27:47
935	Stretagy184	7_5_1_2	卖出回购债券-质押式_1D	0.2	0.2	0.2	0.2	0.2	0.2	0.2	0.2	0.2	0.2	0.2	0.2	0.2	0.2	0.2	0.2	0.2	0.2	0.2	0.2	0.2	0.2	0.2	0.2	源: custom | 	2026-08-16 13:27:47	2026-08-16 13:27:47
936	Stretagy185	7_5_2_1	卖出回购票据-买断式_1D	0.2	0.2	0.2	0.2	0.2	0.2	0.2	0.2	0.2	0.2	0.2	0.2	0.2	0.2	0.2	0.2	0.2	0.2	0.2	0.2	0.2	0.2	0.2	0.2	源: custom | 	2026-08-16 13:27:47	2026-08-16 13:27:47
937	Stretagy186	7_5_2_2	卖出回购票据-质押式_1D	0.2	0.2	0.2	0.2	0.2	0.2	0.2	0.2	0.2	0.2	0.2	0.2	0.2	0.2	0.2	0.2	0.2	0.2	0.2	0.2	0.2	0.2	0.2	0.2	源: custom | 	2026-08-16 13:27:47	2026-08-16 13:27:47
938	Stretagy187	7_5_3	卖出回购同业存单_1D	0.2	0.2	0.2	0.2	0.2	0.2	0.2	0.2	0.2	0.2	0.2	0.2	0.2	0.2	0.2	0.2	0.2	0.2	0.2	0.2	0.2	0.2	0.2	0.2	源: custom | 	2026-08-16 13:27:47	2026-08-16 13:27:47
939	Stretagy188	7_5_4	其他卖出回购金融资产_1D	0.2	0.2	0.2	0.2	0.2	0.2	0.2	0.2	0.2	0.2	0.2	0.2	0.2	0.2	0.2	0.2	0.2	0.2	0.2	0.2	0.2	0.2	0.2	0.2	源: custom | 	2026-08-16 13:27:47	2026-08-16 13:27:47
940	Stretagy189	8_1_1	应付债券_10Y	0.2	0.2	0.2	0.2	0.2	0.2	0.2	0.2	0.2	0.2	0.2	0.2	0.2	0.2	0.2	0.2	0.2	0.2	0.2	0.2	0.2	0.2	0.2	0.2	源: custom | 	2026-08-16 13:27:47	2026-08-16 13:27:47
941	Stretagy190	8_1_2	应付债券-利息调整_10Y	0.0	0.0	0.0	0.0	0.0	0.0	0.0	0.0	0.0	0.0	0.0	0.0	0.0	0.0	0.0	0.0	0.0	0.0	0.0	0.0	0.0	0.0	0.0	0.0	源: custom | 	2026-08-16 13:27:47	2026-08-16 13:27:47
942	Stretagy191	8_1_3	应付债券-应计利息_10Y	0.0	0.0	0.0	0.0	0.0	0.0	0.0	0.0	0.0	0.0	0.0	0.0	0.0	0.0	0.0	0.0	0.0	0.0	0.0	0.0	0.0	0.0	0.0	0.0	源: custom | 	2026-08-16 13:27:47	2026-08-16 13:27:47
943	Stretagy192	8_2_1	发行同业存单_1M	0.2	0.2	0.2	0.2	0.2	0.2	0.2	0.2	0.2	0.2	0.2	0.2	0.2	0.2	0.2	0.2	0.2	0.2	0.2	0.2	0.2	0.2	0.2	0.2	源: custom | 	2026-08-16 13:27:47	2026-08-16 13:27:47
944	Stretagy193	8_2_2	发行同业存单_3M	0.2	0.2	0.2	0.2	0.2	0.2	0.2	0.2	0.2	0.2	0.2	0.2	0.2	0.2	0.2	0.2	0.2	0.2	0.2	0.2	0.2	0.2	0.2	0.2	源: custom | 	2026-08-16 13:27:47	2026-08-16 13:27:47
945	Stretagy194	8_2_3	发行同业存单_6M	0.2	0.2	0.2	0.2	0.2	0.2	0.2	0.2	0.2	0.2	0.2	0.2	0.2	0.2	0.2	0.2	0.2	0.2	0.2	0.2	0.2	0.2	0.2	0.2	源: custom | 	2026-08-16 13:27:47	2026-08-16 13:27:47
946	Stretagy195	8_2_4	发行同业存单_1Y	0.2	0.2	0.2	0.2	0.2	0.2	0.2	0.2	0.2	0.2	0.2	0.2	0.2	0.2	0.2	0.2	0.2	0.2	0.2	0.2	0.2	0.2	0.2	0.2	源: custom | 	2026-08-16 13:27:47	2026-08-16 13:27:47
947	Stretagy196	8_2_5	发行同业存单-利息调整_3M	0.0	0.0	0.0	0.0	0.0	0.0	0.0	0.0	0.0	0.0	0.0	0.0	0.0	0.0	0.0	0.0	0.0	0.0	0.0	0.0	0.0	0.0	0.0	0.0	源: custom | 	2026-08-16 13:27:47	2026-08-16 13:27:47
948	Stretagy197	8_2_6	发行同业存单-应计利息_3M	0.0	0.0	0.0	0.0	0.0	0.0	0.0	0.0	0.0	0.0	0.0	0.0	0.0	0.0	0.0	0.0	0.0	0.0	0.0	0.0	0.0	0.0	0.0	0.0	源: custom | 	2026-08-16 13:27:47	2026-08-16 13:27:47
949	Stretagy198	9_1_1	单位活期_1D	0.0	0.0	0.0	0.0	0.0	0.0	0.0	0.0	0.0	0.0	0.0	0.0	0.0	0.0	0.0	0.0	0.0	0.0	0.0	0.0	0.0	0.0	0.0	0.0	源: custom | 	2026-08-16 13:27:47	2026-08-16 13:27:47
950	Stretagy199	9_1_2	单位银行卡存款_1D	0.0	0.0	0.0	0.0	0.0	0.0	0.0	0.0	0.0	0.0	0.0	0.0	0.0	0.0	0.0	0.0	0.0	0.0	0.0	0.0	0.0	0.0	0.0	0.0	源: custom | 	2026-08-16 13:27:47	2026-08-16 13:27:47
951	Stretagy200	9_1_3	单位协定存款_1D	0.0	0.0	0.0	0.0	0.0	0.0	0.0	0.0	0.0	0.0	0.0	0.0	0.0	0.0	0.0	0.0	0.0	0.0	0.0	0.0	0.0	0.0	0.0	0.0	源: custom | 	2026-08-16 13:27:47	2026-08-16 13:27:47
952	Stretagy201	9_1_4_1	单位定期_3M	40.0	40.0	40.0	40.0	40.0	40.0	40.0	40.0	40.0	40.0	40.0	40.0	40.0	40.0	40.0	40.0	40.0	40.0	40.0	40.0	40.0	40.0	40.0	40.0	源: custom | 	2026-08-16 13:27:47	2026-08-16 13:27:47
953	Stretagy202	9_1_4_2	单位定期_6M	40.0	40.0	40.0	40.0	40.0	40.0	40.0	40.0	40.0	40.0	40.0	40.0	40.0	40.0	40.0	40.0	40.0	40.0	40.0	40.0	40.0	40.0	40.0	40.0	源: custom | 	2026-08-16 13:27:47	2026-08-16 13:27:47
954	Stretagy203	9_1_4_3	单位定期_1Y	40.0	40.0	40.0	40.0	40.0	40.0	40.0	40.0	40.0	40.0	40.0	40.0	40.0	40.0	40.0	40.0	40.0	40.0	40.0	40.0	40.0	40.0	40.0	40.0	源: custom | 	2026-08-16 13:27:47	2026-08-16 13:27:47
955	Stretagy204	9_1_4_4	单位定期_2Y	40.0	40.0	40.0	40.0	40.0	40.0	40.0	40.0	40.0	40.0	40.0	40.0	40.0	40.0	40.0	40.0	40.0	40.0	40.0	40.0	40.0	40.0	40.0	40.0	源: custom | 	2026-08-16 13:27:47	2026-08-16 13:27:47
956	Stretagy205	9_1_4_5	单位定期_3Y	40.0	40.0	40.0	40.0	40.0	40.0	40.0	40.0	40.0	40.0	40.0	40.0	40.0	40.0	40.0	40.0	40.0	40.0	40.0	40.0	40.0	40.0	40.0	40.0	源: custom | 	2026-08-16 13:27:47	2026-08-16 13:27:47
957	Stretagy206	9_1_5_1	单位通知存款_1D	0.0	0.0	0.0	0.0	0.0	0.0	0.0	0.0	0.0	0.0	0.0	0.0	0.0	0.0	0.0	0.0	0.0	0.0	0.0	0.0	0.0	0.0	0.0	0.0	源: custom | 	2026-08-16 13:27:47	2026-08-16 13:27:47
958	Stretagy207	9_1_5_2	单位通知存款_7D	0.0	0.0	0.0	0.0	0.0	0.0	0.0	0.0	0.0	0.0	0.0	0.0	0.0	0.0	0.0	0.0	0.0	0.0	0.0	0.0	0.0	0.0	0.0	0.0	源: custom | 	2026-08-16 13:27:47	2026-08-16 13:27:47
959	Stretagy208	9_1_6	单位结构性存款_1Y	1.0	1.0	1.0	1.0	1.0	1.0	1.0	1.0	1.0	1.0	1.0	1.0	1.0	1.0	1.0	1.0	1.0	1.0	1.0	1.0	1.0	1.0	1.0	1.0	源: custom | 	2026-08-16 13:27:47	2026-08-16 13:27:47
960	Stretagy209	9_1_7	单位大额存单_3Y	55.0	55.0	55.0	55.0	55.0	55.0	55.0	55.0	55.0	55.0	55.0	55.0	55.0	55.0	55.0	55.0	55.0	55.0	55.0	55.0	55.0	55.0	55.0	55.0	源: custom | 	2026-08-16 13:27:47	2026-08-16 13:27:47
961	Stretagy210	9_1_8	单位其他存款_1D	0.0	0.0	0.0	0.0	0.0	0.0	0.0	0.0	0.0	0.0	0.0	0.0	0.0	0.0	0.0	0.0	0.0	0.0	0.0	0.0	0.0	0.0	0.0	0.0	源: custom | 	2026-08-16 13:27:47	2026-08-16 13:27:47
962	Stretagy211	9_1_9_1	保证金存款-活期_1D	0.0	0.0	0.0	0.0	0.0	0.0	0.0	0.0	0.0	0.0	0.0	0.0	0.0	0.0	0.0	0.0	0.0	0.0	0.0	0.0	0.0	0.0	0.0	0.0	源: custom | 	2026-08-16 13:27:47	2026-08-16 13:27:47
963	Stretagy212	9_1_9_2	保证金存款-定期_3M	40.0	40.0	40.0	40.0	40.0	40.0	40.0	40.0	40.0	40.0	40.0	40.0	40.0	40.0	40.0	40.0	40.0	40.0	40.0	40.0	40.0	40.0	40.0	40.0	源: custom | 	2026-08-16 13:27:47	2026-08-16 13:27:47
964	Stretagy213	9_2_1	个人活期存款_1D	0.0	0.0	0.0	0.0	0.0	0.0	0.0	0.0	0.0	0.0	0.0	0.0	0.0	0.0	0.0	0.0	0.0	0.0	0.0	0.0	0.0	0.0	0.0	0.0	源: custom | 	2026-08-16 13:27:47	2026-08-16 13:27:47
965	Stretagy214	9_2_2_1	个人定期存款_3M	40.0	40.0	40.0	40.0	40.0	40.0	40.0	40.0	40.0	40.0	40.0	40.0	40.0	40.0	40.0	40.0	40.0	40.0	40.0	40.0	40.0	40.0	40.0	40.0	源: custom | 	2026-08-16 13:27:47	2026-08-16 13:27:47
966	Stretagy215	9_2_2_2	个人定期存款_6M	40.0	40.0	40.0	40.0	40.0	40.0	40.0	40.0	40.0	40.0	40.0	40.0	40.0	40.0	40.0	40.0	40.0	40.0	40.0	40.0	40.0	40.0	40.0	40.0	源: custom | 	2026-08-16 13:27:47	2026-08-16 13:27:47
967	Stretagy216	9_2_2_3	个人定期存款_1Y	40.0	40.0	40.0	40.0	40.0	40.0	40.0	40.0	40.0	40.0	40.0	40.0	40.0	40.0	40.0	40.0	40.0	40.0	40.0	40.0	40.0	40.0	40.0	40.0	源: custom | 	2026-08-16 13:27:47	2026-08-16 13:27:47
968	Stretagy217	9_2_2_4	个人定期存款_2Y	40.0	40.0	40.0	40.0	40.0	40.0	40.0	40.0	40.0	40.0	40.0	40.0	40.0	40.0	40.0	40.0	40.0	40.0	40.0	40.0	40.0	40.0	40.0	40.0	源: custom | 	2026-08-16 13:27:47	2026-08-16 13:27:47
969	Stretagy218	9_2_2_5	个人定期存款_3Y	40.0	40.0	40.0	40.0	40.0	40.0	40.0	40.0	40.0	40.0	40.0	40.0	40.0	40.0	40.0	40.0	40.0	40.0	40.0	40.0	40.0	40.0	40.0	40.0	源: custom | 	2026-08-16 13:27:47	2026-08-16 13:27:47
970	Stretagy219	9_2_2_6	个人定期存款_5Y	40.0	40.0	40.0	40.0	40.0	40.0	40.0	40.0	40.0	40.0	40.0	40.0	40.0	40.0	40.0	40.0	40.0	40.0	40.0	40.0	40.0	40.0	40.0	40.0	源: custom | 	2026-08-16 13:27:47	2026-08-16 13:27:47
971	Stretagy220	9_2_3_1	个人通知存款_1D	0.0	0.0	0.0	0.0	0.0	0.0	0.0	0.0	0.0	0.0	0.0	0.0	0.0	0.0	0.0	0.0	0.0	0.0	0.0	0.0	0.0	0.0	0.0	0.0	源: custom | 	2026-08-16 13:27:47	2026-08-16 13:27:47
972	Stretagy221	9_2_3_2	个人通知存款_7D	0.0	0.0	0.0	0.0	0.0	0.0	0.0	0.0	0.0	0.0	0.0	0.0	0.0	0.0	0.0	0.0	0.0	0.0	0.0	0.0	0.0	0.0	0.0	0.0	源: custom | 	2026-08-16 13:27:47	2026-08-16 13:27:47
973	Stretagy222	9_2_4	个人结构性存款_1Y	1.0	1.0	1.0	1.0	1.0	1.0	1.0	1.0	1.0	1.0	1.0	1.0	1.0	1.0	1.0	1.0	1.0	1.0	1.0	1.0	1.0	1.0	1.0	1.0	源: custom | 	2026-08-16 13:27:47	2026-08-16 13:27:47
974	Stretagy223	9_2_5	个人大额存单_3Y	55.0	55.0	55.0	55.0	55.0	55.0	55.0	55.0	55.0	55.0	55.0	55.0	55.0	55.0	55.0	55.0	55.0	55.0	55.0	55.0	55.0	55.0	55.0	55.0	源: custom | 	2026-08-16 13:27:47	2026-08-16 13:27:47
975	Stretagy224	9_2_6	个人其他存款_1D	0.0	0.0	0.0	0.0	0.0	0.0	0.0	0.0	0.0	0.0	0.0	0.0	0.0	0.0	0.0	0.0	0.0	0.0	0.0	0.0	0.0	0.0	0.0	0.0	源: custom | 	2026-08-16 13:27:47	2026-08-16 13:27:47
976	Stretagy225	9_3	国库定期存款_1Y	0.0	0.0	0.0	0.0	0.0	0.0	0.0	0.0	0.0	0.0	0.0	0.0	0.0	0.0	0.0	0.0	0.0	0.0	0.0	0.0	0.0	0.0	0.0	0.0	源: custom | 	2026-08-16 13:27:47	2026-08-16 13:27:47
977	Stretagy226	9_4_1	财政性存款_1Y	0.0	0.0	0.0	0.0	0.0	0.0	0.0	0.0	0.0	0.0	0.0	0.0	0.0	0.0	0.0	0.0	0.0	0.0	0.0	0.0	0.0	0.0	0.0	0.0	源: custom | 	2026-08-16 13:27:47	2026-08-16 13:27:47
978	Stretagy227	9_4_2	待结算财政款项_1D	0.0	0.0	0.0	0.0	0.0	0.0	0.0	0.0	0.0	0.0	0.0	0.0	0.0	0.0	0.0	0.0	0.0	0.0	0.0	0.0	0.0	0.0	0.0	0.0	源: custom | 	2026-08-16 13:27:47	2026-08-16 13:27:47
979	Stretagy228	9_5_1	应解汇款_1D	0.0	0.0	0.0	0.0	0.0	0.0	0.0	0.0	0.0	0.0	0.0	0.0	0.0	0.0	0.0	0.0	0.0	0.0	0.0	0.0	0.0	0.0	0.0	0.0	源: custom | 	2026-08-16 13:27:47	2026-08-16 13:27:47
980	Stretagy229	9_5_2	汇出汇款_1D	0.0	0.0	0.0	0.0	0.0	0.0	0.0	0.0	0.0	0.0	0.0	0.0	0.0	0.0	0.0	0.0	0.0	0.0	0.0	0.0	0.0	0.0	0.0	0.0	源: custom | 	2026-08-16 13:27:47	2026-08-16 13:27:47
981	Stretagy230	9_5_3	开出本票_1D	0.0	0.0	0.0	0.0	0.0	0.0	0.0	0.0	0.0	0.0	0.0	0.0	0.0	0.0	0.0	0.0	0.0	0.0	0.0	0.0	0.0	0.0	0.0	0.0	源: custom | 	2026-08-16 13:27:47	2026-08-16 13:27:47
982	Stretagy231	10	长期借款_30Y	0.0	0.0	0.0	0.0	0.0	0.0	0.0	0.0	0.0	0.0	0.0	0.0	0.0	0.0	0.0	0.0	0.0	0.0	0.0	0.0	0.0	0.0	0.0	0.0	源: custom | 	2026-08-16 13:27:47	2026-08-16 13:27:47
983	Stretagy232	11_1	转贴现负债_30Y	0.0	0.0	0.0	0.0	0.0	0.0	0.0	0.0	0.0	0.0	0.0	0.0	0.0	0.0	0.0	0.0	0.0	0.0	0.0	0.0	0.0	0.0	0.0	0.0	源: custom | 	2026-08-16 13:27:47	2026-08-16 13:27:47
984	Stretagy233	11_2	转贴现负债-利息调整_30Y	0.0	0.0	0.0	0.0	0.0	0.0	0.0	0.0	0.0	0.0	0.0	0.0	0.0	0.0	0.0	0.0	0.0	0.0	0.0	0.0	0.0	0.0	0.0	0.0	源: custom | 	2026-08-16 13:27:47	2026-08-16 13:27:47
985	Stretagy234	12_1	应付款项_30Y	0.0	0.0	0.0	0.0	0.0	0.0	0.0	0.0	0.0	0.0	0.0	0.0	0.0	0.0	0.0	0.0	0.0	0.0	0.0	0.0	0.0	0.0	0.0	0.0	源: custom | 	2026-08-16 13:27:47	2026-08-16 13:27:47
986	Stretagy235	12_2	交易性金融负债_30Y	0.0	0.0	0.0	0.0	0.0	0.0	0.0	0.0	0.0	0.0	0.0	0.0	0.0	0.0	0.0	0.0	0.0	0.0	0.0	0.0	0.0	0.0	0.0	0.0	源: custom | 	2026-08-16 13:27:47	2026-08-16 13:27:47
987	Stretagy236	12_3	代理类负债_30Y	0.0	0.0	0.0	0.0	0.0	0.0	0.0	0.0	0.0	0.0	0.0	0.0	0.0	0.0	0.0	0.0	0.0	0.0	0.0	0.0	0.0	0.0	0.0	0.0	源: custom | 	2026-08-16 13:27:47	2026-08-16 13:27:47
988	Stretagy237	12_4	其他负债_30Y	0.0	0.0	0.0	0.0	0.0	0.0	0.0	0.0	0.0	0.0	0.0	0.0	0.0	0.0	0.0	0.0	0.0	0.0	0.0	0.0	0.0	0.0	0.0	0.0	源: custom | 	2026-08-16 13:27:47	2026-08-16 13:27:47
989	Stretagy238	13	所有者权益	0.0	0.0	0.0	0.0	0.0	0.0	0.0	0.0	0.0	0.0	0.0	0.0	0.0	0.0	0.0	0.0	0.0	0.0	0.0	0.0	0.0	0.0	0.0	0.0	源: custom | 	2026-08-16 13:27:47	2026-08-16 13:27:47
