id	task_id	data_date	coa_cd	coa_name	total_balance	average_balance	avg_rate	created_at
3064	manual-test-001	2026-08-16 00:00:00	ROOT	资产负债账户册	\N	\N	\N	2026-08-16 09:54:17
3065	manual-test-001	2026-08-16 00:00:00	1_1	现金及存放央行	\N	\N	\N	2026-08-16 09:54:17
3066	manual-test-001	2026-08-16 00:00:00	1_1_1	现金_1D	\N	\N	\N	2026-08-16 09:54:17
3067	manual-test-001	2026-08-16 00:00:00	1_1_2	存放央行法定准备金_30Y	\N	\N	\N	2026-08-16 09:54:17
3068	manual-test-001	2026-08-16 00:00:00	1_1_3	存放央行超额准备金_1D	\N	\N	\N	2026-08-16 09:54:17
3069	manual-test-001	2026-08-16 00:00:00	1_1_4	存放央行其他款项_30Y	\N	\N	\N	2026-08-16 09:54:17
3070	manual-test-001	2026-08-16 00:00:00	1_2	同业资产	\N	\N	\N	2026-08-16 09:54:17
3071	manual-test-001	2026-08-16 00:00:00	1_2_1	存放同业款项	\N	\N	\N	2026-08-16 09:54:17
3072	manual-test-001	2026-08-16 00:00:00	1_2_1_1	存放同业款项_金融市场部	\N	\N	\N	2026-08-16 09:54:17
3073	manual-test-001	2026-08-16 00:00:00	1_2_1_1_1	存放同业活期款项_金融市场部_1D	\N	\N	\N	2026-08-16 09:54:17
3074	manual-test-001	2026-08-16 00:00:00	1_2_1_1_2	存放同业定期款项_金融市场部_1M	\N	\N	\N	2026-08-16 09:54:17
3075	manual-test-001	2026-08-16 00:00:00	1_2_1_1_3	存放同业定期款项_金融市场部_3M	\N	\N	\N	2026-08-16 09:54:17
3076	manual-test-001	2026-08-16 00:00:00	1_2_1_1_4	存放同业定期款项_金融市场部_6M	\N	\N	\N	2026-08-16 09:54:17
3077	manual-test-001	2026-08-16 00:00:00	1_2_1_1_5	存放同业定期款项_金融市场部_1Y	\N	\N	\N	2026-08-16 09:54:17
3078	manual-test-001	2026-08-16 00:00:00	1_2_1_2	存放同业款项_公司金融部	\N	\N	\N	2026-08-16 09:54:17
3079	manual-test-001	2026-08-16 00:00:00	1_2_1_2_1	存放同业活期款项_公司金融部_1D	\N	\N	\N	2026-08-16 09:54:17
3080	manual-test-001	2026-08-16 00:00:00	1_2_1_2_2	存放同业定期款项_公司金融部_1M	\N	\N	\N	2026-08-16 09:54:17
3081	manual-test-001	2026-08-16 00:00:00	1_2_1_2_3	存放同业定期款项_公司金融部_3M	\N	\N	\N	2026-08-16 09:54:17
3082	manual-test-001	2026-08-16 00:00:00	1_2_1_2_4	存放同业定期款项_公司金融部_6M	\N	\N	\N	2026-08-16 09:54:17
3083	manual-test-001	2026-08-16 00:00:00	1_2_1_2_5	存放同业定期款项_公司金融部_1Y	\N	\N	\N	2026-08-16 09:54:17
3084	manual-test-001	2026-08-16 00:00:00	1_2_2	拆放同业款项	\N	\N	\N	2026-08-16 09:54:17
3085	manual-test-001	2026-08-16 00:00:00	1_2_2_1	拆放同业款项_1D	\N	\N	\N	2026-08-16 09:54:17
3086	manual-test-001	2026-08-16 00:00:00	1_2_2_2	拆放同业款项_1M	\N	\N	\N	2026-08-16 09:54:17
3087	manual-test-001	2026-08-16 00:00:00	1_2_2_3	拆放同业款项_3M	\N	\N	\N	2026-08-16 09:54:17
3088	manual-test-001	2026-08-16 00:00:00	1_2_2_4	拆放同业款项_6M	\N	\N	\N	2026-08-16 09:54:17
3089	manual-test-001	2026-08-16 00:00:00	1_2_2_5	拆放同业款项_1Y	\N	\N	\N	2026-08-16 09:54:17
3090	manual-test-001	2026-08-16 00:00:00	1_2_3	买入返售	\N	\N	\N	2026-08-16 09:54:17
3091	manual-test-001	2026-08-16 00:00:00	1_2_3_1	买入返售债券	\N	\N	\N	2026-08-16 09:54:17
3092	manual-test-001	2026-08-16 00:00:00	1_2_3_1_1	买入返售债券_买断式_1D	\N	\N	\N	2026-08-16 09:54:17
3093	manual-test-001	2026-08-16 00:00:00	1_2_3_1_2	买入返售债券_买断式_7D	\N	\N	\N	2026-08-16 09:54:17
3094	manual-test-001	2026-08-16 00:00:00	1_2_3_1_3	买入返售债券_质押式_1D	\N	\N	\N	2026-08-16 09:54:17
3095	manual-test-001	2026-08-16 00:00:00	1_2_3_1_4	买入返售债券_质押式_7D	\N	\N	\N	2026-08-16 09:54:17
3096	manual-test-001	2026-08-16 00:00:00	1_2_3_2	买入返售票据	\N	\N	\N	2026-08-16 09:54:17
3097	manual-test-001	2026-08-16 00:00:00	1_2_3_2_1	买入返售票据_买断式_1D	\N	\N	\N	2026-08-16 09:54:17
3098	manual-test-001	2026-08-16 00:00:00	1_2_3_2_2	买入返售票据_买断式_7D	\N	\N	\N	2026-08-16 09:54:17
3099	manual-test-001	2026-08-16 00:00:00	1_2_3_2_3	买入返售票据_质押式_1D	\N	\N	\N	2026-08-16 09:54:17
3100	manual-test-001	2026-08-16 00:00:00	1_2_3_2_4	买入返售票据_质押式_7D	\N	\N	\N	2026-08-16 09:54:17
3101	manual-test-001	2026-08-16 00:00:00	1_3	各项投资	\N	\N	\N	2026-08-16 09:54:17
3102	manual-test-001	2026-08-16 00:00:00	1_3_1	金融市场部投资	\N	\N	\N	2026-08-16 09:54:17
3103	manual-test-001	2026-08-16 00:00:00	1_3_1_1	金融市场部_交易性金融资产	\N	\N	\N	2026-08-16 09:54:17
3104	manual-test-001	2026-08-16 00:00:00	1_3_1_1_1	金融市场部_交易性国债投资	\N	\N	\N	2026-08-16 09:54:17
3105	manual-test-001	2026-08-16 00:00:00	1_3_1_1_1_1	金融市场部_交易性国债投资_司库	\N	\N	\N	2026-08-16 09:54:17
3106	manual-test-001	2026-08-16 00:00:00	1_3_1_1_1_1_1	金融市场部_交易性国债投资_司库_1Y	\N	\N	\N	2026-08-16 09:54:17
3107	manual-test-001	2026-08-16 00:00:00	1_3_1_1_1_1_2	金融市场部_交易性国债投资_司库_3Y	\N	\N	\N	2026-08-16 09:54:17
3108	manual-test-001	2026-08-16 00:00:00	1_3_1_1_1_1_3	金融市场部_交易性国债投资_司库_5Y	\N	\N	\N	2026-08-16 09:54:17
3109	manual-test-001	2026-08-16 00:00:00	1_3_1_1_1_1_4	金融市场部_交易性国债投资_司库_10Y	\N	\N	\N	2026-08-16 09:54:17
3110	manual-test-001	2026-08-16 00:00:00	1_3_1_1_1_2	金融市场部_交易性国债投资_非司库	\N	\N	\N	2026-08-16 09:54:17
3111	manual-test-001	2026-08-16 00:00:00	1_3_1_1_1_2_1	金融市场部_交易性国债投资_非司库_交易账户	\N	\N	\N	2026-08-16 09:54:17
3112	manual-test-001	2026-08-16 00:00:00	1_3_1_1_1_2_1_1	金融市场部_交易性国债投资_非司库_交易账户_1Y	\N	\N	\N	2026-08-16 09:54:17
3113	manual-test-001	2026-08-16 00:00:00	1_3_1_1_1_2_1_2	金融市场部_交易性国债投资_非司库_交易账户_3Y	\N	\N	\N	2026-08-16 09:54:17
3114	manual-test-001	2026-08-16 00:00:00	1_3_1_1_1_2_1_3	金融市场部_交易性国债投资_非司库_交易账户_5Y	\N	\N	\N	2026-08-16 09:54:17
3115	manual-test-001	2026-08-16 00:00:00	1_3_1_1_1_2_1_4	金融市场部_交易性国债投资_非司库_交易账户_10Y	\N	\N	\N	2026-08-16 09:54:17
3116	manual-test-001	2026-08-16 00:00:00	1_3_1_1_1_2_2	金融市场部_交易性国债投资_非司库_银行账户	\N	\N	\N	2026-08-16 09:54:17
3117	manual-test-001	2026-08-16 00:00:00	1_3_1_1_1_2_2_1	金融市场部_交易性国债投资_非司库_银行账户_1Y	\N	\N	\N	2026-08-16 09:54:17
3118	manual-test-001	2026-08-16 00:00:00	1_3_1_1_1_2_2_2	金融市场部_交易性国债投资_非司库_银行账户_3Y	\N	\N	\N	2026-08-16 09:54:17
3119	manual-test-001	2026-08-16 00:00:00	1_3_1_1_1_2_2_3	金融市场部_交易性国债投资_非司库_银行账户_5Y	\N	\N	\N	2026-08-16 09:54:17
3120	manual-test-001	2026-08-16 00:00:00	1_3_1_1_1_2_2_4	金融市场部_交易性国债投资_非司库_银行账户_10Y	\N	\N	\N	2026-08-16 09:54:17
3121	manual-test-001	2026-08-16 00:00:00	1_3_1_1_2	金融市场部_交易性央票投资	\N	\N	\N	2026-08-16 09:54:17
3122	manual-test-001	2026-08-16 00:00:00	1_3_1_1_2_1	金融市场部_交易性央票投资_司库	\N	\N	\N	2026-08-16 09:54:17
3123	manual-test-001	2026-08-16 00:00:00	1_3_1_1_2_1_1	金融市场部_交易性央票投资_司库_1Y	\N	\N	\N	2026-08-16 09:54:17
3124	manual-test-001	2026-08-16 00:00:00	1_3_1_1_2_1_2	金融市场部_交易性央票投资_司库_3Y	\N	\N	\N	2026-08-16 09:54:17
3125	manual-test-001	2026-08-16 00:00:00	1_3_1_1_2_1_3	金融市场部_交易性央票投资_司库_5Y	\N	\N	\N	2026-08-16 09:54:17
3126	manual-test-001	2026-08-16 00:00:00	1_3_1_1_2_1_4	金融市场部_交易性央票投资_司库_10Y	\N	\N	\N	2026-08-16 09:54:17
3127	manual-test-001	2026-08-16 00:00:00	1_3_1_1_2_2	金融市场部_交易性央票投资_非司库	\N	\N	\N	2026-08-16 09:54:17
3128	manual-test-001	2026-08-16 00:00:00	1_3_1_1_2_2_1	金融市场部_交易性央票投资_非司库_交易账户	\N	\N	\N	2026-08-16 09:54:17
3129	manual-test-001	2026-08-16 00:00:00	1_3_1_1_2_2_1_1	金融市场部_交易性央票投资_非司库_交易账户_1Y	\N	\N	\N	2026-08-16 09:54:17
3130	manual-test-001	2026-08-16 00:00:00	1_3_1_1_2_2_1_2	金融市场部_交易性央票投资_非司库_交易账户_3Y	\N	\N	\N	2026-08-16 09:54:17
3131	manual-test-001	2026-08-16 00:00:00	1_3_1_1_2_2_1_3	金融市场部_交易性央票投资_非司库_交易账户_5Y	\N	\N	\N	2026-08-16 09:54:17
3132	manual-test-001	2026-08-16 00:00:00	1_3_1_1_2_2_1_4	金融市场部_交易性央票投资_非司库_交易账户_10Y	\N	\N	\N	2026-08-16 09:54:17
3133	manual-test-001	2026-08-16 00:00:00	1_3_1_1_2_2_2	金融市场部_交易性央票投资_非司库_银行账户	\N	\N	\N	2026-08-16 09:54:17
3134	manual-test-001	2026-08-16 00:00:00	1_3_1_1_2_2_2_1	金融市场部_交易性央票投资_非司库_银行账户_1Y	\N	\N	\N	2026-08-16 09:54:17
3135	manual-test-001	2026-08-16 00:00:00	1_3_1_1_2_2_2_2	金融市场部_交易性央票投资_非司库_银行账户_3Y	\N	\N	\N	2026-08-16 09:54:17
3136	manual-test-001	2026-08-16 00:00:00	1_3_1_1_2_2_2_3	金融市场部_交易性央票投资_非司库_银行账户_5Y	\N	\N	\N	2026-08-16 09:54:17
3137	manual-test-001	2026-08-16 00:00:00	1_3_1_1_2_2_2_4	金融市场部_交易性央票投资_非司库_银行账户_10Y	\N	\N	\N	2026-08-16 09:54:17
3138	manual-test-001	2026-08-16 00:00:00	1_3_1_1_3	金融市场部_交易性地方政府债投资	\N	\N	\N	2026-08-16 09:54:17
3139	manual-test-001	2026-08-16 00:00:00	1_3_1_1_3_1	金融市场部_交易性地方政府债投资_司库	\N	\N	\N	2026-08-16 09:54:17
3140	manual-test-001	2026-08-16 00:00:00	1_3_1_1_3_1_1	金融市场部_交易性地方政府债投资_司库_1Y	\N	\N	\N	2026-08-16 09:54:17
3141	manual-test-001	2026-08-16 00:00:00	1_3_1_1_3_1_2	金融市场部_交易性地方政府债投资_司库_3Y	\N	\N	\N	2026-08-16 09:54:17
3142	manual-test-001	2026-08-16 00:00:00	1_3_1_1_3_1_3	金融市场部_交易性地方政府债投资_司库_5Y	\N	\N	\N	2026-08-16 09:54:17
3143	manual-test-001	2026-08-16 00:00:00	1_3_1_1_3_1_4	金融市场部_交易性地方政府债投资_司库_10Y	\N	\N	\N	2026-08-16 09:54:17
3144	manual-test-001	2026-08-16 00:00:00	1_3_1_1_3_2	金融市场部_交易性地方政府债投资_非司库	\N	\N	\N	2026-08-16 09:54:17
3145	manual-test-001	2026-08-16 00:00:00	1_3_1_1_3_2_1	金融市场部_交易性地方政府债投资_非司库_交易账户	\N	\N	\N	2026-08-16 09:54:17
3146	manual-test-001	2026-08-16 00:00:00	1_3_1_1_3_2_1_1	金融市场部_交易性地方政府债投资_非司库_交易账户_1Y	\N	\N	\N	2026-08-16 09:54:17
3147	manual-test-001	2026-08-16 00:00:00	1_3_1_1_3_2_1_2	金融市场部_交易性地方政府债投资_非司库_交易账户_3Y	\N	\N	\N	2026-08-16 09:54:17
3148	manual-test-001	2026-08-16 00:00:00	1_3_1_1_3_2_1_3	金融市场部_交易性地方政府债投资_非司库_交易账户_5Y	\N	\N	\N	2026-08-16 09:54:17
3149	manual-test-001	2026-08-16 00:00:00	1_3_1_1_3_2_1_4	金融市场部_交易性地方政府债投资_非司库_交易账户_10Y	\N	\N	\N	2026-08-16 09:54:17
3150	manual-test-001	2026-08-16 00:00:00	1_3_1_1_3_2_2	金融市场部_交易性地方政府债投资_非司库_银行账户	\N	\N	\N	2026-08-16 09:54:17
3151	manual-test-001	2026-08-16 00:00:00	1_3_1_1_3_2_2_1	金融市场部_交易性地方政府债投资_非司库_银行账户_1Y	\N	\N	\N	2026-08-16 09:54:17
3152	manual-test-001	2026-08-16 00:00:00	1_3_1_1_3_2_2_2	金融市场部_交易性地方政府债投资_非司库_银行账户_3Y	\N	\N	\N	2026-08-16 09:54:17
3153	manual-test-001	2026-08-16 00:00:00	1_3_1_1_3_2_2_3	金融市场部_交易性地方政府债投资_非司库_银行账户_5Y	\N	\N	\N	2026-08-16 09:54:17
3154	manual-test-001	2026-08-16 00:00:00	1_3_1_1_3_2_2_4	金融市场部_交易性地方政府债投资_非司库_银行账户_10Y	\N	\N	\N	2026-08-16 09:54:17
3155	manual-test-001	2026-08-16 00:00:00	1_3_1_1_4	金融市场部_交易性政策性金融债投资	\N	\N	\N	2026-08-16 09:54:17
3156	manual-test-001	2026-08-16 00:00:00	1_3_1_1_4_1	金融市场部_交易性政策性金融债投资_司库	\N	\N	\N	2026-08-16 09:54:17
3157	manual-test-001	2026-08-16 00:00:00	1_3_1_1_4_1_1	金融市场部_交易性政策性金融债投资_ 司库_1Y	\N	\N	\N	2026-08-16 09:54:17
3158	manual-test-001	2026-08-16 00:00:00	1_3_1_1_4_1_2	金融市场部_交易性政策性金融债投资_ 司库_3Y	\N	\N	\N	2026-08-16 09:54:17
3159	manual-test-001	2026-08-16 00:00:00	1_3_1_1_4_1_3	金融市场部_交易性政策性金融债投资_ 司库_5Y	\N	\N	\N	2026-08-16 09:54:17
3160	manual-test-001	2026-08-16 00:00:00	1_3_1_1_4_1_4	金融市场部_交易性政策性金融债投资_ 司库_10Y	\N	\N	\N	2026-08-16 09:54:17
3161	manual-test-001	2026-08-16 00:00:00	1_3_1_1_4_2	金融市场部_交易性政策性金融债投资_非司库	\N	\N	\N	2026-08-16 09:54:17
3162	manual-test-001	2026-08-16 00:00:00	1_3_1_1_4_2_1	金融市场部_交易性政策性金融债投资_非司库_交易账户	\N	\N	\N	2026-08-16 09:54:17
3163	manual-test-001	2026-08-16 00:00:00	1_3_1_1_4_2_1_1	金融市场部_交易性政策性金融债投资_非司库_交易账户_1Y	\N	\N	\N	2026-08-16 09:54:17
3164	manual-test-001	2026-08-16 00:00:00	1_3_1_1_4_2_1_2	金融市场部_交易性政策性金融债投资_非司库_交易账户_3Y	\N	\N	\N	2026-08-16 09:54:17
3165	manual-test-001	2026-08-16 00:00:00	1_3_1_1_4_2_1_3	金融市场部_交易性政策性金融债投资_非司库_交易账户_5Y	\N	\N	\N	2026-08-16 09:54:17
3166	manual-test-001	2026-08-16 00:00:00	1_3_1_1_4_2_1_4	金融市场部_交易性政策性金融债投资_非司库_交易账户_10Y	\N	\N	\N	2026-08-16 09:54:17
3167	manual-test-001	2026-08-16 00:00:00	1_3_1_1_4_2_2	金融市场部_交易性政策性金融债投资_非司库_银行账户	\N	\N	\N	2026-08-16 09:54:17
3168	manual-test-001	2026-08-16 00:00:00	1_3_1_1_4_2_2_1	金融市场部_交易性政策性金融债投资_非司库_银行账户_1Y	\N	\N	\N	2026-08-16 09:54:17
3169	manual-test-001	2026-08-16 00:00:00	1_3_1_1_4_2_2_2	金融市场部_交易性政策性金融债投资_非司库_银行账户_3Y	\N	\N	\N	2026-08-16 09:54:17
3170	manual-test-001	2026-08-16 00:00:00	1_3_1_1_4_2_2_3	金融市场部_交易性政策性金融债投资_非司库_银行账户_5Y	\N	\N	\N	2026-08-16 09:54:17
3171	manual-test-001	2026-08-16 00:00:00	1_3_1_1_4_2_2_4	金融市场部_交易性政策性金融债投资_非司库_银行账户_10Y	\N	\N	\N	2026-08-16 09:54:17
3172	manual-test-001	2026-08-16 00:00:00	1_3_1_1_5	金融市场部_交易性商业银行债投资	\N	\N	\N	2026-08-16 09:54:17
3173	manual-test-001	2026-08-16 00:00:00	1_3_1_1_5_1	金融市场部_交易性商业银行债投资_司库	\N	\N	\N	2026-08-16 09:54:17
3174	manual-test-001	2026-08-16 00:00:00	1_3_1_1_5_1_1	金融市场部_交易性商业银行债投资_司库_1Y	\N	\N	\N	2026-08-16 09:54:17
3175	manual-test-001	2026-08-16 00:00:00	1_3_1_1_5_1_2	金融市场部_交易性商业银行债投资_司库_3Y	\N	\N	\N	2026-08-16 09:54:17
3176	manual-test-001	2026-08-16 00:00:00	1_3_1_1_5_1_3	金融市场部_交易性商业银行债投资_司库_5Y	\N	\N	\N	2026-08-16 09:54:17
3177	manual-test-001	2026-08-16 00:00:00	1_3_1_1_5_1_4	金融市场部_交易性商业银行债投资_司库_10Y	\N	\N	\N	2026-08-16 09:54:17
3178	manual-test-001	2026-08-16 00:00:00	1_3_1_1_5_2	金融市场部_交易性商业银行债投资_非司库	\N	\N	\N	2026-08-16 09:54:17
3179	manual-test-001	2026-08-16 00:00:00	1_3_1_1_5_2_1	金融市场部_交易性商业银行债投资_非司库_交易账户	\N	\N	\N	2026-08-16 09:54:17
3180	manual-test-001	2026-08-16 00:00:00	1_3_1_1_5_2_1_1	金融市场部_交易性商业银行债投资_非司库_交易账户_1Y	\N	\N	\N	2026-08-16 09:54:17
3181	manual-test-001	2026-08-16 00:00:00	1_3_1_1_5_2_1_2	金融市场部_交易性商业银行债投资_非司库_交易账户_3Y	\N	\N	\N	2026-08-16 09:54:17
3182	manual-test-001	2026-08-16 00:00:00	1_3_1_1_5_2_1_3	金融市场部_交易性商业银行债投资_非司库_交易账户_5Y	\N	\N	\N	2026-08-16 09:54:17
3183	manual-test-001	2026-08-16 00:00:00	1_3_1_1_5_2_1_4	金融市场部_交易性商业银行债投资_非司库_交易账户_10Y	\N	\N	\N	2026-08-16 09:54:17
3184	manual-test-001	2026-08-16 00:00:00	1_3_1_1_5_2_2	金融市场部_交易性商业银行债投资_非司库_银行账户	\N	\N	\N	2026-08-16 09:54:17
3185	manual-test-001	2026-08-16 00:00:00	1_3_1_1_5_2_2_1	金融市场部_交易性商业银行债投资_非司库_银行账户_1Y	\N	\N	\N	2026-08-16 09:54:17
3186	manual-test-001	2026-08-16 00:00:00	1_3_1_1_5_2_2_2	金融市场部_交易性商业银行债投资_非司库_银行账户_3Y	\N	\N	\N	2026-08-16 09:54:17
3187	manual-test-001	2026-08-16 00:00:00	1_3_1_1_5_2_2_3	金融市场部_交易性商业银行债投资_非司库_银行账户_5Y	\N	\N	\N	2026-08-16 09:54:17
3188	manual-test-001	2026-08-16 00:00:00	1_3_1_1_5_2_2_4	金融市场部_交易性商业银行债投资_非司库_银行账户_10Y	\N	\N	\N	2026-08-16 09:54:17
3189	manual-test-001	2026-08-16 00:00:00	1_3_1_1_6	金融市场部_交易性金融机构债投资	\N	\N	\N	2026-08-16 09:54:17
3190	manual-test-001	2026-08-16 00:00:00	1_3_1_1_6_1	金融市场部_交易性金融机构债投资_非司库	\N	\N	\N	2026-08-16 09:54:17
3191	manual-test-001	2026-08-16 00:00:00	1_3_1_1_6_1_1	金融市场部_交易性金融机构债投资_非司库_交易账户	\N	\N	\N	2026-08-16 09:54:17
3192	manual-test-001	2026-08-16 00:00:00	1_3_1_1_6_1_1_1	金融市场部_交易性金融机构债投资_非司库_交易账户_1Y	\N	\N	\N	2026-08-16 09:54:17
3193	manual-test-001	2026-08-16 00:00:00	1_3_1_1_6_1_1_2	金融市场部_交易性金融机构债投资_非司库_交易账户_3Y	\N	\N	\N	2026-08-16 09:54:17
3194	manual-test-001	2026-08-16 00:00:00	1_3_1_1_6_1_1_3	金融市场部_交易性金融机构债投资_非司库_交易账户_5Y	\N	\N	\N	2026-08-16 09:54:17
3195	manual-test-001	2026-08-16 00:00:00	1_3_1_1_6_1_1_4	金融市场部_交易性金融机构债投资_非司库_交易账户_10Y	\N	\N	\N	2026-08-16 09:54:17
3196	manual-test-001	2026-08-16 00:00:00	1_3_1_1_6_1_2	金融市场部_交易性金融机构债投资_非司库_银行账户	\N	\N	\N	2026-08-16 09:54:17
3197	manual-test-001	2026-08-16 00:00:00	1_3_1_1_6_1_2_1	金融市场部_交易性金融机构债投资_非司库_银行账户_1Y	\N	\N	\N	2026-08-16 09:54:17
3198	manual-test-001	2026-08-16 00:00:00	1_3_1_1_6_1_2_2	金融市场部_交易性金融机构债投资_非司库_银行账户_3Y	\N	\N	\N	2026-08-16 09:54:17
3199	manual-test-001	2026-08-16 00:00:00	1_3_1_1_6_1_2_3	金融市场部_交易性金融机构债投资_非司库_银行账户_5Y	\N	\N	\N	2026-08-16 09:54:17
3200	manual-test-001	2026-08-16 00:00:00	1_3_1_1_6_1_2_4	金融市场部_交易性金融机构债投资_非司库_银行账户_10Y	\N	\N	\N	2026-08-16 09:54:17
3201	manual-test-001	2026-08-16 00:00:00	1_3_1_1_7	金融市场部_交易性公司债投资	\N	\N	\N	2026-08-16 09:54:17
3202	manual-test-001	2026-08-16 00:00:00	1_3_1_1_7_1	金融市场部_交易性公司债投资_非司库	\N	\N	\N	2026-08-16 09:54:17
3203	manual-test-001	2026-08-16 00:00:00	1_3_1_1_7_1_1	金融市场部_交易性公司债投资_非司库_交易账户	\N	\N	\N	2026-08-16 09:54:17
3204	manual-test-001	2026-08-16 00:00:00	1_3_1_1_7_1_1_1	金融市场部_交易性公司债投资_非司库_交易账户_1Y	\N	\N	\N	2026-08-16 09:54:17
3205	manual-test-001	2026-08-16 00:00:00	1_3_1_1_7_1_1_2	金融市场部_交易性公司债投资_非司库_交易账户_3Y	\N	\N	\N	2026-08-16 09:54:17
3206	manual-test-001	2026-08-16 00:00:00	1_3_1_1_7_1_1_3	金融市场部_交易性公司债投资_非司库_交易账户_5Y	\N	\N	\N	2026-08-16 09:54:17
3207	manual-test-001	2026-08-16 00:00:00	1_3_1_1_7_1_1_4	金融市场部_交易性公司债投资_非司库_交易账户_10Y	\N	\N	\N	2026-08-16 09:54:17
3208	manual-test-001	2026-08-16 00:00:00	1_3_1_1_7_1_2	金融市场部_交易性公司债投资_非司库_银行账户	\N	\N	\N	2026-08-16 09:54:17
3209	manual-test-001	2026-08-16 00:00:00	1_3_1_1_7_1_2_1	金融市场部_交易性公司债投资_非司库_银行账户_1Y	\N	\N	\N	2026-08-16 09:54:17
3210	manual-test-001	2026-08-16 00:00:00	1_3_1_1_7_1_2_2	金融市场部_交易性公司债投资_非司库_银行账户_3Y	\N	\N	\N	2026-08-16 09:54:17
3211	manual-test-001	2026-08-16 00:00:00	1_3_1_1_7_1_2_3	金融市场部_交易性公司债投资_非司库_银行账户_5Y	\N	\N	\N	2026-08-16 09:54:17
3212	manual-test-001	2026-08-16 00:00:00	1_3_1_1_7_1_2_4	金融市场部_交易性公司债投资_非司库_银行账户_10Y	\N	\N	\N	2026-08-16 09:54:17
3213	manual-test-001	2026-08-16 00:00:00	1_3_1_1_8	金融市场部_交易性同业存单投资	\N	\N	\N	2026-08-16 09:54:17
3214	manual-test-001	2026-08-16 00:00:00	1_3_1_1_8_1	金融市场部_交易性同业存单投资_非司库	\N	\N	\N	2026-08-16 09:54:17
3215	manual-test-001	2026-08-16 00:00:00	1_3_1_1_8_1_1	金融市场部_交易性同业存单投资_非司库_交易账户	\N	\N	\N	2026-08-16 09:54:17
3216	manual-test-001	2026-08-16 00:00:00	1_3_1_1_8_1_1_1	金融市场部_交易性同业存单投资_非司库_交易账户_1M	\N	\N	\N	2026-08-16 09:54:17
3217	manual-test-001	2026-08-16 00:00:00	1_3_1_1_8_1_1_2	金融市场部_交易性同业存单投资_非司库_交易账户_3M	\N	\N	\N	2026-08-16 09:54:17
3218	manual-test-001	2026-08-16 00:00:00	1_3_1_1_8_1_1_3	金融市场部_交易性同业存单投资_非司库_交易账户_6M	\N	\N	\N	2026-08-16 09:54:17
3219	manual-test-001	2026-08-16 00:00:00	1_3_1_1_8_1_1_4	金融市场部_交易性同业存单投资_非司库_交易账户_1Y	\N	\N	\N	2026-08-16 09:54:17
3220	manual-test-001	2026-08-16 00:00:00	1_3_1_1_8_1_2	金融市场部_交易性同业存单投资_非司库_银行账户	\N	\N	\N	2026-08-16 09:54:17
3221	manual-test-001	2026-08-16 00:00:00	1_3_1_1_8_1_2_1	金融市场部_交易性同业存单投资_非司库_银行账户_1M	\N	\N	\N	2026-08-16 09:54:17
3222	manual-test-001	2026-08-16 00:00:00	1_3_1_1_8_1_2_2	金融市场部_交易性同业存单投资_非司库_银行账户_3M	\N	\N	\N	2026-08-16 09:54:17
3223	manual-test-001	2026-08-16 00:00:00	1_3_1_1_8_1_2_3	金融市场部_交易性同业存单投资_非司库_银行账户_6M	\N	\N	\N	2026-08-16 09:54:17
3224	manual-test-001	2026-08-16 00:00:00	1_3_1_1_8_1_2_4	金融市场部_交易性同业存单投资_非司库_银行账户_1Y	\N	\N	\N	2026-08-16 09:54:17
3225	manual-test-001	2026-08-16 00:00:00	1_3_1_1_9	金融市场部_交易性金融资产_其他	\N	\N	\N	2026-08-16 09:54:17
3226	manual-test-001	2026-08-16 00:00:00	1_3_1_1_9_1	金融市场部_交易性金融资产_其他_非司库	\N	\N	\N	2026-08-16 09:54:17
3227	manual-test-001	2026-08-16 00:00:00	1_3_1_1_9_1_1	金融市场部_交易性金融资产_其他_非司库_交易账户	\N	\N	\N	2026-08-16 09:54:17
3228	manual-test-001	2026-08-16 00:00:00	1_3_1_1_9_1_1_1	金融市场部_交易性金融资产_其他_非司库_交易账户_1Y	\N	\N	\N	2026-08-16 09:54:17
3229	manual-test-001	2026-08-16 00:00:00	1_3_1_1_9_1_1_2	金融市场部_交易性金融资产_其他_非司库_交易账户_3Y	\N	\N	\N	2026-08-16 09:54:17
3230	manual-test-001	2026-08-16 00:00:00	1_3_1_1_9_1_1_3	金融市场部_交易性金融资产_其他_非司库_交易账户_5Y	\N	\N	\N	2026-08-16 09:54:17
3231	manual-test-001	2026-08-16 00:00:00	1_3_1_1_9_1_2	金融市场部_交易性金融资产_其他_非司库_银行账户	\N	\N	\N	2026-08-16 09:54:17
3232	manual-test-001	2026-08-16 00:00:00	1_3_1_1_9_1_2_1	金融市场部_交易性金融资产_其他_非司库_银行账户_1Y	\N	\N	\N	2026-08-16 09:54:17
3233	manual-test-001	2026-08-16 00:00:00	1_3_1_1_9_1_2_2	金融市场部_交易性金融资产_其他_非司库_银行账户_3Y	\N	\N	\N	2026-08-16 09:54:17
3234	manual-test-001	2026-08-16 00:00:00	1_3_1_1_9_1_2_3	金融市场部_交易性金融资产_其他_非司库_银行账户_5Y	\N	\N	\N	2026-08-16 09:54:17
3235	manual-test-001	2026-08-16 00:00:00	1_3_1_2	金融市场部_其他债权投资	\N	\N	\N	2026-08-16 09:54:17
3236	manual-test-001	2026-08-16 00:00:00	1_3_1_2_1	金融市场部_其他债权投资_国债	\N	\N	\N	2026-08-16 09:54:17
3237	manual-test-001	2026-08-16 00:00:00	1_3_1_2_1_1	金融市场部_其他债权投资_国债_司库	\N	\N	\N	2026-08-16 09:54:17
3238	manual-test-001	2026-08-16 00:00:00	1_3_1_2_1_1_1	金融市场部_其他债权投资_国债_司库_1Y	\N	\N	\N	2026-08-16 09:54:17
3239	manual-test-001	2026-08-16 00:00:00	1_3_1_2_1_1_2	金融市场部_其他债权投资_国债_司库_3Y	\N	\N	\N	2026-08-16 09:54:17
3240	manual-test-001	2026-08-16 00:00:00	1_3_1_2_1_1_3	金融市场部_其他债权投资_国债_司库_5Y	\N	\N	\N	2026-08-16 09:54:17
3241	manual-test-001	2026-08-16 00:00:00	1_3_1_2_1_1_4	金融市场部_其他债权投资_国债_司库_10Y	\N	\N	\N	2026-08-16 09:54:17
3242	manual-test-001	2026-08-16 00:00:00	1_3_1_2_1_2	金融市场部_其他债权投资_国债_非司库	\N	\N	\N	2026-08-16 09:54:17
3243	manual-test-001	2026-08-16 00:00:00	1_3_1_2_1_2_1	金融市场部_其他债权投资_国债_非司库_1Y	\N	\N	\N	2026-08-16 09:54:17
3244	manual-test-001	2026-08-16 00:00:00	1_3_1_2_1_2_2	金融市场部_其他债权投资_国债_非司库_3Y	\N	\N	\N	2026-08-16 09:54:17
3245	manual-test-001	2026-08-16 00:00:00	1_3_1_2_1_2_3	金融市场部_其他债权投资_国债_非司库_5Y	\N	\N	\N	2026-08-16 09:54:17
3246	manual-test-001	2026-08-16 00:00:00	1_3_1_2_1_2_4	金融市场部_其他债权投资_国债_非司库_10Y	\N	\N	\N	2026-08-16 09:54:17
3247	manual-test-001	2026-08-16 00:00:00	1_3_1_2_2	金融市场部_其他债权投资_央票	\N	\N	\N	2026-08-16 09:54:17
3248	manual-test-001	2026-08-16 00:00:00	1_3_1_2_2_1	金融市场部_其他债权投资_央票_司库	\N	\N	\N	2026-08-16 09:54:17
3249	manual-test-001	2026-08-16 00:00:00	1_3_1_2_2_1_1	金融市场部_其他债权投资_央票_司库_1Y	\N	\N	\N	2026-08-16 09:54:17
3250	manual-test-001	2026-08-16 00:00:00	1_3_1_2_2_1_2	金融市场部_其他债权投资_央票_司库_3Y	\N	\N	\N	2026-08-16 09:54:17
3251	manual-test-001	2026-08-16 00:00:00	1_3_1_2_2_1_3	金融市场部_其他债权投资_央票_司库_5Y	\N	\N	\N	2026-08-16 09:54:17
3252	manual-test-001	2026-08-16 00:00:00	1_3_1_2_2_1_4	金融市场部_其他债权投资_央票_司库_10Y	\N	\N	\N	2026-08-16 09:54:17
3253	manual-test-001	2026-08-16 00:00:00	1_3_1_2_2_2	金融市场部_其他债权投资_央票_非司库	\N	\N	\N	2026-08-16 09:54:17
3254	manual-test-001	2026-08-16 00:00:00	1_3_1_2_2_2_1	金融市场部_其他债权投资_央票_非司库_1Y	\N	\N	\N	2026-08-16 09:54:17
3255	manual-test-001	2026-08-16 00:00:00	1_3_1_2_2_2_2	金融市场部_其他债权投资_央票_非司库_3Y	\N	\N	\N	2026-08-16 09:54:17
3256	manual-test-001	2026-08-16 00:00:00	1_3_1_2_2_2_3	金融市场部_其他债权投资_央票_非司库_5Y	\N	\N	\N	2026-08-16 09:54:17
3257	manual-test-001	2026-08-16 00:00:00	1_3_1_2_2_2_4	金融市场部_其他债权投资_央票_非司库_10Y	\N	\N	\N	2026-08-16 09:54:17
3258	manual-test-001	2026-08-16 00:00:00	1_3_1_2_3	金融市场部_其他债权投资_地方政府债	\N	\N	\N	2026-08-16 09:54:17
3259	manual-test-001	2026-08-16 00:00:00	1_3_1_2_3_1	金融市场部_其他债权投资_地方政府债_司库	\N	\N	\N	2026-08-16 09:54:17
3260	manual-test-001	2026-08-16 00:00:00	1_3_1_2_3_1_1	金融市场部_其他债权投资_地方政府债_司库_1Y	\N	\N	\N	2026-08-16 09:54:17
3261	manual-test-001	2026-08-16 00:00:00	1_3_1_2_3_1_2	金融市场部_其他债权投资_地方政府债_司库_3Y	\N	\N	\N	2026-08-16 09:54:17
3262	manual-test-001	2026-08-16 00:00:00	1_3_1_2_3_1_3	金融市场部_其他债权投资_地方政府债_司库_5Y	\N	\N	\N	2026-08-16 09:54:17
3263	manual-test-001	2026-08-16 00:00:00	1_3_1_2_3_1_4	金融市场部_其他债权投资_地方政府债_司库_10Y	\N	\N	\N	2026-08-16 09:54:17
3264	manual-test-001	2026-08-16 00:00:00	1_3_1_2_3_2	金融市场部_其他债权投资_地方政府债_非司库	\N	\N	\N	2026-08-16 09:54:17
3265	manual-test-001	2026-08-16 00:00:00	1_3_1_2_3_2_1	金融市场部_其他债权投资_地方政府债_非司库_1Y	\N	\N	\N	2026-08-16 09:54:17
3266	manual-test-001	2026-08-16 00:00:00	1_3_1_2_3_2_2	金融市场部_其他债权投资_地方政府债_非司库_3Y	\N	\N	\N	2026-08-16 09:54:17
3267	manual-test-001	2026-08-16 00:00:00	1_3_1_2_3_2_3	金融市场部_其他债权投资_地方政府债_非司库_5Y	\N	\N	\N	2026-08-16 09:54:17
3268	manual-test-001	2026-08-16 00:00:00	1_3_1_2_3_2_4	金融市场部_其他债权投资_地方政府债_非司库_10Y	\N	\N	\N	2026-08-16 09:54:17
3269	manual-test-001	2026-08-16 00:00:00	1_3_1_2_4	金融市场部_其他债权投资_政策性金融债	\N	\N	\N	2026-08-16 09:54:17
3270	manual-test-001	2026-08-16 00:00:00	1_3_1_2_4_1	金融市场部_其他债权投资_政策性金融债_司库	\N	\N	\N	2026-08-16 09:54:17
3271	manual-test-001	2026-08-16 00:00:00	1_3_1_2_4_1_1	金融市场部_其他债权投资_政策性金融债_司库_1Y	\N	\N	\N	2026-08-16 09:54:17
3272	manual-test-001	2026-08-16 00:00:00	1_3_1_2_4_1_2	金融市场部_其他债权投资_政策性金融债_司库_3Y	\N	\N	\N	2026-08-16 09:54:17
3273	manual-test-001	2026-08-16 00:00:00	1_3_1_2_4_1_3	金融市场部_其他债权投资_政策性金融债_司库_5Y	\N	\N	\N	2026-08-16 09:54:17
3274	manual-test-001	2026-08-16 00:00:00	1_3_1_2_4_1_4	金融市场部_其他债权投资_政策性金融债_司库_10Y	\N	\N	\N	2026-08-16 09:54:17
3275	manual-test-001	2026-08-16 00:00:00	1_3_1_2_4_2	金融市场部_其他债权投资_政策性金融债_非司库	\N	\N	\N	2026-08-16 09:54:17
3276	manual-test-001	2026-08-16 00:00:00	1_3_1_2_4_2_1	金融市场部_其他债权投资_政策性金融债_非司库_1Y	\N	\N	\N	2026-08-16 09:54:17
3277	manual-test-001	2026-08-16 00:00:00	1_3_1_2_4_2_2	金融市场部_其他债权投资_政策性金融债_非司库_3Y	\N	\N	\N	2026-08-16 09:54:17
3278	manual-test-001	2026-08-16 00:00:00	1_3_1_2_4_2_3	金融市场部_其他债权投资_政策性金融债_非司库_5Y	\N	\N	\N	2026-08-16 09:54:17
3279	manual-test-001	2026-08-16 00:00:00	1_3_1_2_4_2_4	金融市场部_其他债权投资_政策性金融债_非司库_10Y	\N	\N	\N	2026-08-16 09:54:17
3280	manual-test-001	2026-08-16 00:00:00	1_3_1_2_5	金融市场部_其他债权投资_商业银行债	\N	\N	\N	2026-08-16 09:54:17
3281	manual-test-001	2026-08-16 00:00:00	1_3_1_2_5_1	金融市场部_其他债权投资_商业银行债_司库	\N	\N	\N	2026-08-16 09:54:17
3282	manual-test-001	2026-08-16 00:00:00	1_3_1_2_5_1_1	金融市场部_其他债权投资_商业银行债_司库_1Y	\N	\N	\N	2026-08-16 09:54:17
3283	manual-test-001	2026-08-16 00:00:00	1_3_1_2_5_1_2	金融市场部_其他债权投资_商业银行债_司库_3Y	\N	\N	\N	2026-08-16 09:54:17
3284	manual-test-001	2026-08-16 00:00:00	1_3_1_2_5_1_3	金融市场部_其他债权投资_商业银行债_司库_5Y	\N	\N	\N	2026-08-16 09:54:17
3285	manual-test-001	2026-08-16 00:00:00	1_3_1_2_5_1_4	金融市场部_其他债权投资_商业银行债_司库_10Y	\N	\N	\N	2026-08-16 09:54:17
3286	manual-test-001	2026-08-16 00:00:00	1_3_1_2_5_2	金融市场部_其他债权投资_商业银行债_非司库	\N	\N	\N	2026-08-16 09:54:17
3287	manual-test-001	2026-08-16 00:00:00	1_3_1_2_5_2_1	金融市场部_其他债权投资_商业银行债_非司库_1Y	\N	\N	\N	2026-08-16 09:54:17
3288	manual-test-001	2026-08-16 00:00:00	1_3_1_2_5_2_2	金融市场部_其他债权投资_商业银行债_非司库_3Y	\N	\N	\N	2026-08-16 09:54:17
3289	manual-test-001	2026-08-16 00:00:00	1_3_1_2_5_2_3	金融市场部_其他债权投资_商业银行债_非司库_5Y	\N	\N	\N	2026-08-16 09:54:17
3290	manual-test-001	2026-08-16 00:00:00	1_3_1_2_5_2_4	金融市场部_其他债权投资_商业银行债_非司库_10Y	\N	\N	\N	2026-08-16 09:54:17
3291	manual-test-001	2026-08-16 00:00:00	1_3_1_2_6	金融市场部_其他债权投资_金融机构债	\N	\N	\N	2026-08-16 09:54:17
3292	manual-test-001	2026-08-16 00:00:00	1_3_1_2_6_1	金融市场部_其他债权投资_金融机构债_非司库	\N	\N	\N	2026-08-16 09:54:17
3293	manual-test-001	2026-08-16 00:00:00	1_3_1_2_6_1_1	金融市场部_其他债权投资_金融机构债_非司库_1Y	\N	\N	\N	2026-08-16 09:54:17
3294	manual-test-001	2026-08-16 00:00:00	1_3_1_2_6_1_2	金融市场部_其他债权投资_金融机构债_非司库_3Y	\N	\N	\N	2026-08-16 09:54:17
3295	manual-test-001	2026-08-16 00:00:00	1_3_1_2_6_1_3	金融市场部_其他债权投资_金融机构债_非司库_5Y	\N	\N	\N	2026-08-16 09:54:17
3296	manual-test-001	2026-08-16 00:00:00	1_3_1_2_6_1_4	金融市场部_其他债权投资_金融机构债_非司库_10Y	\N	\N	\N	2026-08-16 09:54:17
3297	manual-test-001	2026-08-16 00:00:00	1_3_1_2_7	金融市场部_其他债权投资_公司债	\N	\N	\N	2026-08-16 09:54:17
3298	manual-test-001	2026-08-16 00:00:00	1_3_1_2_7_1	金融市场部_其他债权投资_公司债_非司库	\N	\N	\N	2026-08-16 09:54:17
3299	manual-test-001	2026-08-16 00:00:00	1_3_1_2_7_1_1	金融市场部_其他债权投资_公司债_非司库_1Y	\N	\N	\N	2026-08-16 09:54:17
3300	manual-test-001	2026-08-16 00:00:00	1_3_1_2_7_1_2	金融市场部_其他债权投资_公司债_非司库_3Y	\N	\N	\N	2026-08-16 09:54:17
3301	manual-test-001	2026-08-16 00:00:00	1_3_1_2_7_1_3	金融市场部_其他债权投资_公司债_非司库_5Y	\N	\N	\N	2026-08-16 09:54:17
3302	manual-test-001	2026-08-16 00:00:00	1_3_1_2_7_1_4	金融市场部_其他债权投资_公司债_非司库_10Y	\N	\N	\N	2026-08-16 09:54:17
3303	manual-test-001	2026-08-16 00:00:00	1_3_1_2_8	金融市场部_其他债权投资_同业存单债	\N	\N	\N	2026-08-16 09:54:17
3304	manual-test-001	2026-08-16 00:00:00	1_3_1_2_8_1	金融市场部_其他债权投资_同业存单债_非司库	\N	\N	\N	2026-08-16 09:54:17
3305	manual-test-001	2026-08-16 00:00:00	1_3_1_2_8_1_1	金融市场部_其他债权投资_同业存单债_非司库_1M	\N	\N	\N	2026-08-16 09:54:17
3306	manual-test-001	2026-08-16 00:00:00	1_3_1_2_8_1_2	金融市场部_其他债权投资_同业存单债_非司库_3M	\N	\N	\N	2026-08-16 09:54:17
3307	manual-test-001	2026-08-16 00:00:00	1_3_1_2_8_1_3	金融市场部_其他债权投资_同业存单债_非司库_6M	\N	\N	\N	2026-08-16 09:54:17
3308	manual-test-001	2026-08-16 00:00:00	1_3_1_2_8_1_4	金融市场部_其他债权投资_同业存单债_非司库_1Y	\N	\N	\N	2026-08-16 09:54:17
3309	manual-test-001	2026-08-16 00:00:00	1_3_1_2_9	金融市场部_其他债权投资_其他	\N	\N	\N	2026-08-16 09:54:17
3310	manual-test-001	2026-08-16 00:00:00	1_3_1_2_9_1	金融市场部_其他债权投资_其他_非司库	\N	\N	\N	2026-08-16 09:54:17
3311	manual-test-001	2026-08-16 00:00:00	1_3_1_2_9_1_1	金融市场部_其他债权投资_其他_非司库_1Y	\N	\N	\N	2026-08-16 09:54:17
3312	manual-test-001	2026-08-16 00:00:00	1_3_1_2_9_1_2	金融市场部_其他债权投资_其他_非司库_3Y	\N	\N	\N	2026-08-16 09:54:17
3313	manual-test-001	2026-08-16 00:00:00	1_3_1_2_9_1_3	金融市场部_其他债权投资_其他_非司库_5Y	\N	\N	\N	2026-08-16 09:54:17
3314	manual-test-001	2026-08-16 00:00:00	1_3_1_3	金融市场部_债权投资	\N	\N	\N	2026-08-16 09:54:17
3315	manual-test-001	2026-08-16 00:00:00	1_3_1_3_1	金融市场部_债权投资_国债	\N	\N	\N	2026-08-16 09:54:17
3316	manual-test-001	2026-08-16 00:00:00	1_3_1_3_1_1	金融市场部_债权投资_国债_司库	\N	\N	\N	2026-08-16 09:54:17
3317	manual-test-001	2026-08-16 00:00:00	1_3_1_3_1_1_1	金融市场部_债权投资_国债_司库_1Y	\N	\N	\N	2026-08-16 09:54:17
3318	manual-test-001	2026-08-16 00:00:00	1_3_1_3_1_1_2	金融市场部_债权投资_国债_司库_3Y	\N	\N	\N	2026-08-16 09:54:17
3319	manual-test-001	2026-08-16 00:00:00	1_3_1_3_1_1_3	金融市场部_债权投资_国债_司库_5Y	\N	\N	\N	2026-08-16 09:54:17
3320	manual-test-001	2026-08-16 00:00:00	1_3_1_3_1_1_4	金融市场部_债权投资_国债_司库_10Y	\N	\N	\N	2026-08-16 09:54:17
3321	manual-test-001	2026-08-16 00:00:00	1_3_1_3_1_2	金融市场部_债权投资_国债_非司库	\N	\N	\N	2026-08-16 09:54:17
3322	manual-test-001	2026-08-16 00:00:00	1_3_1_3_1_2_1	金融市场部_债权投资_国债_非司库_1Y	\N	\N	\N	2026-08-16 09:54:17
3323	manual-test-001	2026-08-16 00:00:00	1_3_1_3_1_2_2	金融市场部_债权投资_国债_非司库_3Y	\N	\N	\N	2026-08-16 09:54:17
3324	manual-test-001	2026-08-16 00:00:00	1_3_1_3_1_2_3	金融市场部_债权投资_国债_非司库_5Y	\N	\N	\N	2026-08-16 09:54:17
3325	manual-test-001	2026-08-16 00:00:00	1_3_1_3_1_2_4	金融市场部_债权投资_国债_非司库_10Y	\N	\N	\N	2026-08-16 09:54:17
3326	manual-test-001	2026-08-16 00:00:00	1_3_1_3_2	金融市场部_债权投资_央票	\N	\N	\N	2026-08-16 09:54:17
3327	manual-test-001	2026-08-16 00:00:00	1_3_1_3_2_1	金融市场部_债权投资_央票_司库	\N	\N	\N	2026-08-16 09:54:17
3328	manual-test-001	2026-08-16 00:00:00	1_3_1_3_2_1_1	金融市场部_债权投资_央票_司库_1Y	\N	\N	\N	2026-08-16 09:54:17
3329	manual-test-001	2026-08-16 00:00:00	1_3_1_3_2_1_2	金融市场部_债权投资_央票_司库_3Y	\N	\N	\N	2026-08-16 09:54:17
3330	manual-test-001	2026-08-16 00:00:00	1_3_1_3_2_1_3	金融市场部_债权投资_央票_司库_5Y	\N	\N	\N	2026-08-16 09:54:17
3331	manual-test-001	2026-08-16 00:00:00	1_3_1_3_2_1_4	金融市场部_债权投资_央票_司库_10Y	\N	\N	\N	2026-08-16 09:54:17
3332	manual-test-001	2026-08-16 00:00:00	1_3_1_3_2_2	金融市场部_债权投资_央票_非司库	\N	\N	\N	2026-08-16 09:54:17
3333	manual-test-001	2026-08-16 00:00:00	1_3_1_3_2_2_1	金融市场部_债权投资_央票_非司库_1Y	\N	\N	\N	2026-08-16 09:54:17
3334	manual-test-001	2026-08-16 00:00:00	1_3_1_3_2_2_2	金融市场部_债权投资_央票_非司库_3Y	\N	\N	\N	2026-08-16 09:54:17
3335	manual-test-001	2026-08-16 00:00:00	1_3_1_3_2_2_3	金融市场部_债权投资_央票_非司库_5Y	\N	\N	\N	2026-08-16 09:54:17
3336	manual-test-001	2026-08-16 00:00:00	1_3_1_3_2_2_4	金融市场部_债权投资_央票_非司库_10Y	\N	\N	\N	2026-08-16 09:54:17
3337	manual-test-001	2026-08-16 00:00:00	1_3_1_3_3	金融市场部_债权投资_地方政府债	\N	\N	\N	2026-08-16 09:54:17
3338	manual-test-001	2026-08-16 00:00:00	1_3_1_3_3_1	金融市场部_债权投资_地方政府债_司库	\N	\N	\N	2026-08-16 09:54:17
3339	manual-test-001	2026-08-16 00:00:00	1_3_1_3_3_1_1	金融市场部_债权投资_地方政府债_司库_1Y	\N	\N	\N	2026-08-16 09:54:17
3340	manual-test-001	2026-08-16 00:00:00	1_3_1_3_3_1_2	金融市场部_债权投资_地方政府债_司库_3Y	\N	\N	\N	2026-08-16 09:54:17
3341	manual-test-001	2026-08-16 00:00:00	1_3_1_3_3_1_3	金融市场部_债权投资_地方政府债_司库_5Y	\N	\N	\N	2026-08-16 09:54:17
3342	manual-test-001	2026-08-16 00:00:00	1_3_1_3_3_1_4	金融市场部_债权投资_地方政府债_司库_10Y	\N	\N	\N	2026-08-16 09:54:17
3343	manual-test-001	2026-08-16 00:00:00	1_3_1_3_3_2	金融市场部_债权投资_地方政府债_非司库	\N	\N	\N	2026-08-16 09:54:17
3344	manual-test-001	2026-08-16 00:00:00	1_3_1_3_3_2_1	金融市场部_债权投资_地方政府债_非司库_1Y	\N	\N	\N	2026-08-16 09:54:17
3345	manual-test-001	2026-08-16 00:00:00	1_3_1_3_3_2_2	金融市场部_债权投资_地方政府债_非司库_3Y	\N	\N	\N	2026-08-16 09:54:17
3346	manual-test-001	2026-08-16 00:00:00	1_3_1_3_3_2_3	金融市场部_债权投资_地方政府债_非司库_5Y	\N	\N	\N	2026-08-16 09:54:17
3347	manual-test-001	2026-08-16 00:00:00	1_3_1_3_3_2_4	金融市场部_债权投资_地方政府债_非司库_10Y	\N	\N	\N	2026-08-16 09:54:17
3348	manual-test-001	2026-08-16 00:00:00	1_3_1_3_4	金融市场部_债权投资_政策性金融债	\N	\N	\N	2026-08-16 09:54:17
3349	manual-test-001	2026-08-16 00:00:00	1_3_1_3_4_1	金融市场部_债权投资_政策性金融债_司库	\N	\N	\N	2026-08-16 09:54:17
3350	manual-test-001	2026-08-16 00:00:00	1_3_1_3_4_1_1	金融市场部_债权投资_政策性金融债_司库_1Y	\N	\N	\N	2026-08-16 09:54:17
3351	manual-test-001	2026-08-16 00:00:00	1_3_1_3_4_1_2	金融市场部_债权投资_政策性金融债_司库_3Y	\N	\N	\N	2026-08-16 09:54:17
3352	manual-test-001	2026-08-16 00:00:00	1_3_1_3_4_1_3	金融市场部_债权投资_政策性金融债_司库_5Y	\N	\N	\N	2026-08-16 09:54:17
3353	manual-test-001	2026-08-16 00:00:00	1_3_1_3_4_1_4	金融市场部_债权投资_政策性金融债_司库_10Y	\N	\N	\N	2026-08-16 09:54:17
3354	manual-test-001	2026-08-16 00:00:00	1_3_1_3_4_2	金融市场部_债权投资_政策性金融债_非司库	\N	\N	\N	2026-08-16 09:54:17
3355	manual-test-001	2026-08-16 00:00:00	1_3_1_3_4_2_1	金融市场部_债权投资_政策性金融债_非司库_1Y	\N	\N	\N	2026-08-16 09:54:17
3356	manual-test-001	2026-08-16 00:00:00	1_3_1_3_4_2_2	金融市场部_债权投资_政策性金融债_非司库_3Y	\N	\N	\N	2026-08-16 09:54:17
3357	manual-test-001	2026-08-16 00:00:00	1_3_1_3_4_2_3	金融市场部_债权投资_政策性金融债_非司库_5Y	\N	\N	\N	2026-08-16 09:54:17
3358	manual-test-001	2026-08-16 00:00:00	1_3_1_3_4_2_4	金融市场部_债权投资_政策性金融债_非司库_10Y	\N	\N	\N	2026-08-16 09:54:17
3359	manual-test-001	2026-08-16 00:00:00	1_3_1_3_5	金融市场部_债权投资_商业银行债	\N	\N	\N	2026-08-16 09:54:17
3360	manual-test-001	2026-08-16 00:00:00	1_3_1_3_5_1	金融市场部_债权投资_商业银行债_司库	\N	\N	\N	2026-08-16 09:54:17
3361	manual-test-001	2026-08-16 00:00:00	1_3_1_3_5_1_1	金融市场部_债权投资_商业银行债_司库_1Y	\N	\N	\N	2026-08-16 09:54:17
3362	manual-test-001	2026-08-16 00:00:00	1_3_1_3_5_1_2	金融市场部_债权投资_商业银行债_司库_3Y	\N	\N	\N	2026-08-16 09:54:17
3363	manual-test-001	2026-08-16 00:00:00	1_3_1_3_5_1_3	金融市场部_债权投资_商业银行债_司库_5Y	\N	\N	\N	2026-08-16 09:54:17
3364	manual-test-001	2026-08-16 00:00:00	1_3_1_3_5_1_4	金融市场部_债权投资_商业银行债_司库_10Y	\N	\N	\N	2026-08-16 09:54:17
3365	manual-test-001	2026-08-16 00:00:00	1_3_1_3_5_2	金融市场部_债权投资_商业银行债_非司库	\N	\N	\N	2026-08-16 09:54:17
3366	manual-test-001	2026-08-16 00:00:00	1_3_1_3_5_2_1	金融市场部_债权投资_商业银行债_非司库_1Y	\N	\N	\N	2026-08-16 09:54:17
3367	manual-test-001	2026-08-16 00:00:00	1_3_1_3_5_2_2	金融市场部_债权投资_商业银行债_非司库_3Y	\N	\N	\N	2026-08-16 09:54:17
3368	manual-test-001	2026-08-16 00:00:00	1_3_1_3_5_2_3	金融市场部_债权投资_商业银行债_非司库_5Y	\N	\N	\N	2026-08-16 09:54:17
3369	manual-test-001	2026-08-16 00:00:00	1_3_1_3_5_2_4	金融市场部_债权投资_商业银行债_非司库_10Y	\N	\N	\N	2026-08-16 09:54:17
3370	manual-test-001	2026-08-16 00:00:00	1_3_1_3_6	金融市场部_债权投资_金融机构债	\N	\N	\N	2026-08-16 09:54:17
3371	manual-test-001	2026-08-16 00:00:00	1_3_1_3_6_1	金融市场部_债权投资_金融机构债_非司库	\N	\N	\N	2026-08-16 09:54:17
3372	manual-test-001	2026-08-16 00:00:00	1_3_1_3_6_1_1	金融市场部_债权投资_金融机构债_非司库_1Y	\N	\N	\N	2026-08-16 09:54:17
3373	manual-test-001	2026-08-16 00:00:00	1_3_1_3_6_1_2	金融市场部_债权投资_金融机构债_非司库_3Y	\N	\N	\N	2026-08-16 09:54:17
3374	manual-test-001	2026-08-16 00:00:00	1_3_1_3_6_1_3	金融市场部_债权投资_金融机构债_非司库_5Y	\N	\N	\N	2026-08-16 09:54:17
3375	manual-test-001	2026-08-16 00:00:00	1_3_1_3_6_1_4	金融市场部_债权投资_金融机构债_非司库_10Y	\N	\N	\N	2026-08-16 09:54:17
3376	manual-test-001	2026-08-16 00:00:00	1_3_1_3_7	金融市场部_债权投资_公司债	\N	\N	\N	2026-08-16 09:54:17
3377	manual-test-001	2026-08-16 00:00:00	1_3_1_3_7_1	金融市场部_债权投资_公司债_非司库	\N	\N	\N	2026-08-16 09:54:17
3378	manual-test-001	2026-08-16 00:00:00	1_3_1_3_7_1_1	金融市场部_债权投资_公司债_非司库_1Y	\N	\N	\N	2026-08-16 09:54:17
3379	manual-test-001	2026-08-16 00:00:00	1_3_1_3_7_1_2	金融市场部_债权投资_公司债_非司库_3Y	\N	\N	\N	2026-08-16 09:54:17
3380	manual-test-001	2026-08-16 00:00:00	1_3_1_3_7_1_3	金融市场部_债权投资_公司债_非司库_5Y	\N	\N	\N	2026-08-16 09:54:17
3381	manual-test-001	2026-08-16 00:00:00	1_3_1_3_7_1_4	金融市场部_债权投资_公司债_非司库_10Y	\N	\N	\N	2026-08-16 09:54:17
3382	manual-test-001	2026-08-16 00:00:00	1_3_1_3_8	金融市场部_债权投资_同业存单债	\N	\N	\N	2026-08-16 09:54:17
3383	manual-test-001	2026-08-16 00:00:00	1_3_1_3_8_1	金融市场部_债权投资_同业存单债_非司库	\N	\N	\N	2026-08-16 09:54:17
3384	manual-test-001	2026-08-16 00:00:00	1_3_1_3_8_1_1	金融市场部_债权投资_同业存单债_非司库_1M	\N	\N	\N	2026-08-16 09:54:17
3385	manual-test-001	2026-08-16 00:00:00	1_3_1_3_8_1_2	金融市场部_债权投资_同业存单债_非司库_3M	\N	\N	\N	2026-08-16 09:54:17
3386	manual-test-001	2026-08-16 00:00:00	1_3_1_3_8_1_3	金融市场部_债权投资_同业存单债_非司库_6M	\N	\N	\N	2026-08-16 09:54:17
3387	manual-test-001	2026-08-16 00:00:00	1_3_1_3_8_1_4	金融市场部_债权投资_同业存单债_非司库_1Y	\N	\N	\N	2026-08-16 09:54:17
3388	manual-test-001	2026-08-16 00:00:00	1_3_1_3_9	金融市场部_债权投资_其他	\N	\N	\N	2026-08-16 09:54:17
3389	manual-test-001	2026-08-16 00:00:00	1_3_1_3_9_1	金融市场部_债权投资_其他_非司库	\N	\N	\N	2026-08-16 09:54:17
3390	manual-test-001	2026-08-16 00:00:00	1_3_1_3_9_1_1	金融市场部_债权投资_其他_非司库_1Y	\N	\N	\N	2026-08-16 09:54:17
3391	manual-test-001	2026-08-16 00:00:00	1_3_1_3_9_1_2	金融市场部_债权投资_其他_非司库_3Y	\N	\N	\N	2026-08-16 09:54:17
3392	manual-test-001	2026-08-16 00:00:00	1_3_1_3_9_1_3	金融市场部_债权投资_其他_非司库_5Y	\N	\N	\N	2026-08-16 09:54:17
3393	manual-test-001	2026-08-16 00:00:00	1_3_1_4	金融市场部_其他权益工具投资	\N	\N	\N	2026-08-16 09:54:17
3394	manual-test-001	2026-08-16 00:00:00	1_3_1_4_1	金融市场部_其他权益工具投资_司库_5Y	\N	\N	\N	2026-08-16 09:54:17
3395	manual-test-001	2026-08-16 00:00:00	1_3_1_4_2	金融市场部_其他权益工具投资_非司库_5Y	\N	\N	\N	2026-08-16 09:54:17
3396	manual-test-001	2026-08-16 00:00:00	1_3_2	投资银行部投资	\N	\N	\N	2026-08-16 09:54:17
3397	manual-test-001	2026-08-16 00:00:00	1_3_2_1	投资银行部_交易性金融资产	\N	\N	\N	2026-08-16 09:54:17
3398	manual-test-001	2026-08-16 00:00:00	1_3_2_1_1	投资银行部_交易性政策性金融债投资	\N	\N	\N	2026-08-16 09:54:17
3399	manual-test-001	2026-08-16 00:00:00	1_3_2_1_1_1	投资银行部_交易性政策性金融债投资_交易账户	\N	\N	\N	2026-08-16 09:54:17
3400	manual-test-001	2026-08-16 00:00:00	1_3_2_1_1_1_1	投资银行部_交易性政策性金融债投资_交易账户_1Y	\N	\N	\N	2026-08-16 09:54:17
3401	manual-test-001	2026-08-16 00:00:00	1_3_2_1_1_1_2	投资银行部_交易性政策性金融债投资_交易账户_3Y	\N	\N	\N	2026-08-16 09:54:17
3402	manual-test-001	2026-08-16 00:00:00	1_3_2_1_1_1_3	投资银行部_交易性政策性金融债投资_交易账户_5Y	\N	\N	\N	2026-08-16 09:54:17
3403	manual-test-001	2026-08-16 00:00:00	1_3_2_1_1_1_4	投资银行部_交易性政策性金融债投资_交易账户_10Y	\N	\N	\N	2026-08-16 09:54:17
3404	manual-test-001	2026-08-16 00:00:00	1_3_2_1_1_2	投资银行部_交易性政策性金融债投资_银行账户	\N	\N	\N	2026-08-16 09:54:17
3405	manual-test-001	2026-08-16 00:00:00	1_3_2_1_1_2_1	投资银行部_交易性政策性金融债投资_银行账户_1Y	\N	\N	\N	2026-08-16 09:54:17
3406	manual-test-001	2026-08-16 00:00:00	1_3_2_1_1_2_2	投资银行部_交易性政策性金融债投资_银行账户_3Y	\N	\N	\N	2026-08-16 09:54:17
3407	manual-test-001	2026-08-16 00:00:00	1_3_2_1_1_2_3	投资银行部_交易性政策性金融债投资_银行账户_5Y	\N	\N	\N	2026-08-16 09:54:17
3408	manual-test-001	2026-08-16 00:00:00	1_3_2_1_1_2_4	投资银行部_交易性政策性金融债投资_银行账户_10Y	\N	\N	\N	2026-08-16 09:54:17
3409	manual-test-001	2026-08-16 00:00:00	1_3_2_1_10	投资银行部_交易性融资租赁	\N	\N	\N	2026-08-16 09:54:17
3410	manual-test-001	2026-08-16 00:00:00	1_3_2_1_10_1	投资银行部_交易性融资租赁_1Y	\N	\N	\N	2026-08-16 09:54:17
3411	manual-test-001	2026-08-16 00:00:00	1_3_2_1_10_2	投资银行部_交易性融资租赁_3Y	\N	\N	\N	2026-08-16 09:54:17
3412	manual-test-001	2026-08-16 00:00:00	1_3_2_1_10_3	投资银行部_交易性融资租赁_5Y	\N	\N	\N	2026-08-16 09:54:17
3413	manual-test-001	2026-08-16 00:00:00	1_3_2_1_11	投资银行部_交易性金融资产_资产证券化产品	\N	\N	\N	2026-08-16 09:54:17
3414	manual-test-001	2026-08-16 00:00:00	1_3_2_1_11_1	投资银行部_交易性金融资产_资产证券化产品_1Y	\N	\N	\N	2026-08-16 09:54:17
3415	manual-test-001	2026-08-16 00:00:00	1_3_2_1_11_2	投资银行部_交易性金融资产_资产证券化产品_3Y	\N	\N	\N	2026-08-16 09:54:17
3416	manual-test-001	2026-08-16 00:00:00	1_3_2_1_11_3	投资银行部_交易性金融资产_资产证券化产品_5Y	\N	\N	\N	2026-08-16 09:54:17
3417	manual-test-001	2026-08-16 00:00:00	1_3_2_1_12	投资银行部_交易性其他资产	\N	\N	\N	2026-08-16 09:54:17
3418	manual-test-001	2026-08-16 00:00:00	1_3_2_1_12_1	投资银行部_交易性其他资产_1Y	\N	\N	\N	2026-08-16 09:54:17
3419	manual-test-001	2026-08-16 00:00:00	1_3_2_1_12_2	投资银行部_交易性其他资产_3Y	\N	\N	\N	2026-08-16 09:54:17
3420	manual-test-001	2026-08-16 00:00:00	1_3_2_1_12_3	投资银行部_交易性其他资产_5Y	\N	\N	\N	2026-08-16 09:54:17
3421	manual-test-001	2026-08-16 00:00:00	1_3_2_1_2	投资银行部_交易性商业银行债投资	\N	\N	\N	2026-08-16 09:54:17
3422	manual-test-001	2026-08-16 00:00:00	1_3_2_1_2_1	投资银行部_交易性商业银行债投资_交易账户	\N	\N	\N	2026-08-16 09:54:17
3423	manual-test-001	2026-08-16 00:00:00	1_3_2_1_2_1_1	投资银行部_交易性商业银行债投资_交易账户_1Y	\N	\N	\N	2026-08-16 09:54:17
3424	manual-test-001	2026-08-16 00:00:00	1_3_2_1_2_1_2	投资银行部_交易性商业银行债投资_交易账户_3Y	\N	\N	\N	2026-08-16 09:54:17
3425	manual-test-001	2026-08-16 00:00:00	1_3_2_1_2_1_3	投资银行部_交易性商业银行债投资_交易账户_5Y	\N	\N	\N	2026-08-16 09:54:17
3426	manual-test-001	2026-08-16 00:00:00	1_3_2_1_2_1_4	投资银行部_交易性商业银行债投资_交易账户_10Y	\N	\N	\N	2026-08-16 09:54:17
3427	manual-test-001	2026-08-16 00:00:00	1_3_2_1_2_2	投资银行部_交易性商业银行债投资_银行账户	\N	\N	\N	2026-08-16 09:54:17
3428	manual-test-001	2026-08-16 00:00:00	1_3_2_1_2_2_1	投资银行部_交易性商业银行债投资_银行账户_1Y	\N	\N	\N	2026-08-16 09:54:17
3429	manual-test-001	2026-08-16 00:00:00	1_3_2_1_2_2_2	投资银行部_交易性商业银行债投资_银行账户_3Y	\N	\N	\N	2026-08-16 09:54:17
3430	manual-test-001	2026-08-16 00:00:00	1_3_2_1_2_2_3	投资银行部_交易性商业银行债投资_银行账户_5Y	\N	\N	\N	2026-08-16 09:54:17
3431	manual-test-001	2026-08-16 00:00:00	1_3_2_1_2_2_4	投资银行部_交易性商业银行债投资_银行账户_10Y	\N	\N	\N	2026-08-16 09:54:17
3432	manual-test-001	2026-08-16 00:00:00	1_3_2_1_3	投资银行部_交易性金融机构债投资	\N	\N	\N	2026-08-16 09:54:17
3433	manual-test-001	2026-08-16 00:00:00	1_3_2_1_3_1	投资银行部_交易性金融机构债投资_交易账户	\N	\N	\N	2026-08-16 09:54:17
3434	manual-test-001	2026-08-16 00:00:00	1_3_2_1_3_1_1	投资银行部_交易性金融机构债投资_交易账户_1Y	\N	\N	\N	2026-08-16 09:54:17
3435	manual-test-001	2026-08-16 00:00:00	1_3_2_1_3_1_2	投资银行部_交易性金融机构债投资_交易账户_3Y	\N	\N	\N	2026-08-16 09:54:17
3436	manual-test-001	2026-08-16 00:00:00	1_3_2_1_3_1_3	投资银行部_交易性金融机构债投资_交易账户_5Y	\N	\N	\N	2026-08-16 09:54:17
3437	manual-test-001	2026-08-16 00:00:00	1_3_2_1_3_1_4	投资银行部_交易性金融机构债投资_交易账户_10Y	\N	\N	\N	2026-08-16 09:54:17
3438	manual-test-001	2026-08-16 00:00:00	1_3_2_1_3_2	投资银行部_交易性金融机构债投资_银行账户	\N	\N	\N	2026-08-16 09:54:17
3439	manual-test-001	2026-08-16 00:00:00	1_3_2_1_3_2_1	投资银行部_交易性金融机构债投资_银行账户_1Y	\N	\N	\N	2026-08-16 09:54:17
3440	manual-test-001	2026-08-16 00:00:00	1_3_2_1_3_2_2	投资银行部_交易性金融机构债投资_银行账户_3Y	\N	\N	\N	2026-08-16 09:54:17
3441	manual-test-001	2026-08-16 00:00:00	1_3_2_1_3_2_3	投资银行部_交易性金融机构债投资_银行账户_5Y	\N	\N	\N	2026-08-16 09:54:17
3442	manual-test-001	2026-08-16 00:00:00	1_3_2_1_3_2_4	投资银行部_交易性金融机构债投资_银行账户_10Y	\N	\N	\N	2026-08-16 09:54:17
3443	manual-test-001	2026-08-16 00:00:00	1_3_2_1_4	投资银行部_交易性公司债投资	\N	\N	\N	2026-08-16 09:54:17
3444	manual-test-001	2026-08-16 00:00:00	1_3_2_1_4_1	投资银行部_交易性公司债投资_交易账户	\N	\N	\N	2026-08-16 09:54:17
3445	manual-test-001	2026-08-16 00:00:00	1_3_2_1_4_1_1	投资银行部_交易性公司债投资_交易账户_1Y	\N	\N	\N	2026-08-16 09:54:17
3446	manual-test-001	2026-08-16 00:00:00	1_3_2_1_4_1_2	投资银行部_交易性公司债投资_交易账户_3Y	\N	\N	\N	2026-08-16 09:54:17
3447	manual-test-001	2026-08-16 00:00:00	1_3_2_1_4_1_3	投资银行部_交易性公司债投资_交易账户_5Y	\N	\N	\N	2026-08-16 09:54:17
3448	manual-test-001	2026-08-16 00:00:00	1_3_2_1_4_1_4	投资银行部_交易性公司债投资_交易账户_10Y	\N	\N	\N	2026-08-16 09:54:17
3449	manual-test-001	2026-08-16 00:00:00	1_3_2_1_4_2	投资银行部_交易性公司债投资_银行账户	\N	\N	\N	2026-08-16 09:54:17
3450	manual-test-001	2026-08-16 00:00:00	1_3_2_1_4_2_1	投资银行部_交易性公司债投资_银行账户_1Y	\N	\N	\N	2026-08-16 09:54:17
3451	manual-test-001	2026-08-16 00:00:00	1_3_2_1_4_2_2	投资银行部_交易性公司债投资_银行账户_3Y	\N	\N	\N	2026-08-16 09:54:17
3452	manual-test-001	2026-08-16 00:00:00	1_3_2_1_4_2_3	投资银行部_交易性公司债投资_银行账户_5Y	\N	\N	\N	2026-08-16 09:54:17
3453	manual-test-001	2026-08-16 00:00:00	1_3_2_1_4_2_4	投资银行部_交易性公司债投资_银行账户_10Y	\N	\N	\N	2026-08-16 09:54:17
3454	manual-test-001	2026-08-16 00:00:00	1_3_2_1_5	投资银行部_交易性信托	\N	\N	\N	2026-08-16 09:54:17
3455	manual-test-001	2026-08-16 00:00:00	1_3_2_1_5_1	投资银行部_交易性信托_1Y	\N	\N	\N	2026-08-16 09:54:17
3456	manual-test-001	2026-08-16 00:00:00	1_3_2_1_5_2	投资银行部_交易性信托_3Y	\N	\N	\N	2026-08-16 09:54:17
3457	manual-test-001	2026-08-16 00:00:00	1_3_2_1_5_3	投资银行部_交易性信托_5Y	\N	\N	\N	2026-08-16 09:54:17
3458	manual-test-001	2026-08-16 00:00:00	1_3_2_1_6	投资银行部_交易性资管计划	\N	\N	\N	2026-08-16 09:54:17
3459	manual-test-001	2026-08-16 00:00:00	1_3_2_1_6_1	投资银行部_交易性资管计划_1Y	\N	\N	\N	2026-08-16 09:54:17
3460	manual-test-001	2026-08-16 00:00:00	1_3_2_1_6_2	投资银行部_交易性资管计划_3Y	\N	\N	\N	2026-08-16 09:54:17
3461	manual-test-001	2026-08-16 00:00:00	1_3_2_1_6_3	投资银行部_交易性资管计划_5Y	\N	\N	\N	2026-08-16 09:54:17
3462	manual-test-001	2026-08-16 00:00:00	1_3_2_1_7	投资银行部_交易性债权融资计划	\N	\N	\N	2026-08-16 09:54:17
3463	manual-test-001	2026-08-16 00:00:00	1_3_2_1_7_1	投资银行部_交易性债权融资计划_1Y	\N	\N	\N	2026-08-16 09:54:17
3464	manual-test-001	2026-08-16 00:00:00	1_3_2_1_7_2	投资银行部_交易性债权融资计划_3Y	\N	\N	\N	2026-08-16 09:54:17
3465	manual-test-001	2026-08-16 00:00:00	1_3_2_1_7_3	投资银行部_交易性债权融资计划_5Y	\N	\N	\N	2026-08-16 09:54:17
3466	manual-test-001	2026-08-16 00:00:00	1_3_2_1_8	投资银行部_交易性私募基金	\N	\N	\N	2026-08-16 09:54:17
3467	manual-test-001	2026-08-16 00:00:00	1_3_2_1_8_1	投资银行部_交易性私募基金_1Y	\N	\N	\N	2026-08-16 09:54:17
3468	manual-test-001	2026-08-16 00:00:00	1_3_2_1_8_2	投资银行部_交易性私募基金_3Y	\N	\N	\N	2026-08-16 09:54:17
3469	manual-test-001	2026-08-16 00:00:00	1_3_2_1_8_3	投资银行部_交易性私募基金_5Y	\N	\N	\N	2026-08-16 09:54:17
3470	manual-test-001	2026-08-16 00:00:00	1_3_2_1_9	投资银行部_交易性公募基金	\N	\N	\N	2026-08-16 09:54:17
3471	manual-test-001	2026-08-16 00:00:00	1_3_2_1_9_1	投资银行部_交易性公募基金_3Y	\N	\N	\N	2026-08-16 09:54:17
3472	manual-test-001	2026-08-16 00:00:00	1_3_2_2	投资银行部_其他债权投资	\N	\N	\N	2026-08-16 09:54:17
3473	manual-test-001	2026-08-16 00:00:00	1_3_2_2_1	投资银行部_其他债权投资_商业银行债	\N	\N	\N	2026-08-16 09:54:17
3474	manual-test-001	2026-08-16 00:00:00	1_3_2_2_1_1	投资银行部_其他债权投资_商业银行债_1Y	\N	\N	\N	2026-08-16 09:54:17
3475	manual-test-001	2026-08-16 00:00:00	1_3_2_2_1_2	投资银行部_其他债权投资_商业银行债_3Y	\N	\N	\N	2026-08-16 09:54:17
3476	manual-test-001	2026-08-16 00:00:00	1_3_2_2_1_3	投资银行部_其他债权投资_商业银行债_5Y	\N	\N	\N	2026-08-16 09:54:17
3477	manual-test-001	2026-08-16 00:00:00	1_3_2_2_1_4	投资银行部_其他债权投资_商业银行债_10Y	\N	\N	\N	2026-08-16 09:54:17
3478	manual-test-001	2026-08-16 00:00:00	1_3_2_2_10	投资银行部_其他债权投资_其他	\N	\N	\N	2026-08-16 09:54:17
3479	manual-test-001	2026-08-16 00:00:00	1_3_2_2_10_1	投资银行部_其他债权投资_其他_1Y	\N	\N	\N	2026-08-16 09:54:17
3480	manual-test-001	2026-08-16 00:00:00	1_3_2_2_10_2	投资银行部_其他债权投资_其他_3Y	\N	\N	\N	2026-08-16 09:54:17
3481	manual-test-001	2026-08-16 00:00:00	1_3_2_2_10_3	投资银行部_其他债权投资_其他_5Y	\N	\N	\N	2026-08-16 09:54:17
3482	manual-test-001	2026-08-16 00:00:00	1_3_2_2_2	投资银行部_其他债权投资_金融机构债	\N	\N	\N	2026-08-16 09:54:17
3483	manual-test-001	2026-08-16 00:00:00	1_3_2_2_2_1	投资银行部_其他债权投资_金融机构债_1Y	\N	\N	\N	2026-08-16 09:54:17
3484	manual-test-001	2026-08-16 00:00:00	1_3_2_2_2_2	投资银行部_其他债权投资_金融机构债_3Y	\N	\N	\N	2026-08-16 09:54:17
3485	manual-test-001	2026-08-16 00:00:00	1_3_2_2_2_3	投资银行部_其他债权投资_金融机构债_5Y	\N	\N	\N	2026-08-16 09:54:17
3486	manual-test-001	2026-08-16 00:00:00	1_3_2_2_2_4	投资银行部_其他债权投资_金融机构债_10Y	\N	\N	\N	2026-08-16 09:54:17
3487	manual-test-001	2026-08-16 00:00:00	1_3_2_2_3	投资银行部_其他债权投资_公司债	\N	\N	\N	2026-08-16 09:54:17
3488	manual-test-001	2026-08-16 00:00:00	1_3_2_2_3_1	投资银行部_其他债权投资_公司债_1Y	\N	\N	\N	2026-08-16 09:54:17
3489	manual-test-001	2026-08-16 00:00:00	1_3_2_2_3_2	投资银行部_其他债权投资_公司债_3Y	\N	\N	\N	2026-08-16 09:54:17
3490	manual-test-001	2026-08-16 00:00:00	1_3_2_2_3_3	投资银行部_其他债权投资_公司债_5Y	\N	\N	\N	2026-08-16 09:54:17
3491	manual-test-001	2026-08-16 00:00:00	1_3_2_2_3_4	投资银行部_其他债权投资_公司债_10Y	\N	\N	\N	2026-08-16 09:54:17
3492	manual-test-001	2026-08-16 00:00:00	1_3_2_2_4	投资银行部_其他债权投资_信托	\N	\N	\N	2026-08-16 09:54:17
3493	manual-test-001	2026-08-16 00:00:00	1_3_2_2_4_1	投资银行部_其他债权投资_信托_1Y	\N	\N	\N	2026-08-16 09:54:17
3494	manual-test-001	2026-08-16 00:00:00	1_3_2_2_4_2	投资银行部_其他债权投资_信托_3Y	\N	\N	\N	2026-08-16 09:54:17
3495	manual-test-001	2026-08-16 00:00:00	1_3_2_2_4_3	投资银行部_其他债权投资_信托_5Y	\N	\N	\N	2026-08-16 09:54:17
3496	manual-test-001	2026-08-16 00:00:00	1_3_2_2_5	投资银行部_其他债权投资_资管计划	\N	\N	\N	2026-08-16 09:54:17
3497	manual-test-001	2026-08-16 00:00:00	1_3_2_2_5_1	投资银行部_其他债权投资_资管计划_1Y	\N	\N	\N	2026-08-16 09:54:17
3498	manual-test-001	2026-08-16 00:00:00	1_3_2_2_5_2	投资银行部_其他债权投资_资管计划_3Y	\N	\N	\N	2026-08-16 09:54:17
3499	manual-test-001	2026-08-16 00:00:00	1_3_2_2_5_3	投资银行部_其他债权投资_资管计划_5Y	\N	\N	\N	2026-08-16 09:54:17
3500	manual-test-001	2026-08-16 00:00:00	1_3_2_2_6	投资银行部_其他债权投资_债权融资计划	\N	\N	\N	2026-08-16 09:54:17
3501	manual-test-001	2026-08-16 00:00:00	1_3_2_2_6_1	投资银行部_其他债权投资_债权融资计划_1Y	\N	\N	\N	2026-08-16 09:54:17
3502	manual-test-001	2026-08-16 00:00:00	1_3_2_2_6_2	投资银行部_其他债权投资_债权融资计划_3Y	\N	\N	\N	2026-08-16 09:54:17
3503	manual-test-001	2026-08-16 00:00:00	1_3_2_2_6_3	投资银行部_其他债权投资_债权融资计划_5Y	\N	\N	\N	2026-08-16 09:54:17
3504	manual-test-001	2026-08-16 00:00:00	1_3_2_2_7	投资银行部_其他债权投资_私募基金	\N	\N	\N	2026-08-16 09:54:17
3505	manual-test-001	2026-08-16 00:00:00	1_3_2_2_7_1	投资银行部_其他债权投资_私募基金_1Y	\N	\N	\N	2026-08-16 09:54:17
3506	manual-test-001	2026-08-16 00:00:00	1_3_2_2_7_2	投资银行部_其他债权投资_私募基金_3Y	\N	\N	\N	2026-08-16 09:54:17
3507	manual-test-001	2026-08-16 00:00:00	1_3_2_2_7_3	投资银行部_其他债权投资_私募基金_5Y	\N	\N	\N	2026-08-16 09:54:17
3508	manual-test-001	2026-08-16 00:00:00	1_3_2_2_8	投资银行部_其他债权投资_公募基金	\N	\N	\N	2026-08-16 09:54:17
3509	manual-test-001	2026-08-16 00:00:00	1_3_2_2_8_1	投资银行部_其他债权投资_公募基金_3Y	\N	\N	\N	2026-08-16 09:54:17
3510	manual-test-001	2026-08-16 00:00:00	1_3_2_2_9	投资银行部_其他债权投资_融资租赁	\N	\N	\N	2026-08-16 09:54:17
3511	manual-test-001	2026-08-16 00:00:00	1_3_2_2_9_1	投资银行部_其他债权投资_融资租赁_1Y	\N	\N	\N	2026-08-16 09:54:17
3512	manual-test-001	2026-08-16 00:00:00	1_3_2_2_9_2	投资银行部_其他债权投资_融资租赁_3Y	\N	\N	\N	2026-08-16 09:54:17
3513	manual-test-001	2026-08-16 00:00:00	1_3_2_2_9_3	投资银行部_其他债权投资_融资租赁_5Y	\N	\N	\N	2026-08-16 09:54:17
3514	manual-test-001	2026-08-16 00:00:00	1_3_2_3	投资银行部_债权投资	\N	\N	\N	2026-08-16 09:54:17
3515	manual-test-001	2026-08-16 00:00:00	1_3_2_3_1	投资银行部_债权投资_商业银行债	\N	\N	\N	2026-08-16 09:54:17
3516	manual-test-001	2026-08-16 00:00:00	1_3_2_3_1_1	投资银行部_债权投资_商业银行债_1Y	\N	\N	\N	2026-08-16 09:54:17
3517	manual-test-001	2026-08-16 00:00:00	1_3_2_3_1_2	投资银行部_债权投资_商业银行债_3Y	\N	\N	\N	2026-08-16 09:54:17
3518	manual-test-001	2026-08-16 00:00:00	1_3_2_3_1_3	投资银行部_债权投资_商业银行债_5Y	\N	\N	\N	2026-08-16 09:54:17
3519	manual-test-001	2026-08-16 00:00:00	1_3_2_3_1_4	投资银行部_债权投资_商业银行债_10Y	\N	\N	\N	2026-08-16 09:54:17
3520	manual-test-001	2026-08-16 00:00:00	1_3_2_3_10	投资银行部_债权投资_其他	\N	\N	\N	2026-08-16 09:54:17
3521	manual-test-001	2026-08-16 00:00:00	1_3_2_3_10_1	投资银行部_债权投资_其他_1Y	\N	\N	\N	2026-08-16 09:54:17
3522	manual-test-001	2026-08-16 00:00:00	1_3_2_3_10_2	投资银行部_债权投资_其他_3Y	\N	\N	\N	2026-08-16 09:54:17
3523	manual-test-001	2026-08-16 00:00:00	1_3_2_3_10_3	投资银行部_债权投资_其他_5Y	\N	\N	\N	2026-08-16 09:54:17
3524	manual-test-001	2026-08-16 00:00:00	1_3_2_3_2	投资银行部_债权投资_金融机构债	\N	\N	\N	2026-08-16 09:54:17
3525	manual-test-001	2026-08-16 00:00:00	1_3_2_3_2_1	投资银行部_债权投资_金融机构债_1Y	\N	\N	\N	2026-08-16 09:54:17
3526	manual-test-001	2026-08-16 00:00:00	1_3_2_3_2_2	投资银行部_债权投资_金融机构债_3Y	\N	\N	\N	2026-08-16 09:54:17
3527	manual-test-001	2026-08-16 00:00:00	1_3_2_3_2_3	投资银行部_债权投资_金融机构债_5Y	\N	\N	\N	2026-08-16 09:54:17
3528	manual-test-001	2026-08-16 00:00:00	1_3_2_3_2_4	投资银行部_债权投资_金融机构债_10Y	\N	\N	\N	2026-08-16 09:54:17
3529	manual-test-001	2026-08-16 00:00:00	1_3_2_3_3	投资银行部_债权投资_公司债	\N	\N	\N	2026-08-16 09:54:17
3530	manual-test-001	2026-08-16 00:00:00	1_3_2_3_3_1	投资银行部_债权投资_公司债_1Y	\N	\N	\N	2026-08-16 09:54:17
3531	manual-test-001	2026-08-16 00:00:00	1_3_2_3_3_2	投资银行部_债权投资_公司债_3Y	\N	\N	\N	2026-08-16 09:54:17
3532	manual-test-001	2026-08-16 00:00:00	1_3_2_3_3_3	投资银行部_债权投资_公司债_5Y	\N	\N	\N	2026-08-16 09:54:17
3533	manual-test-001	2026-08-16 00:00:00	1_3_2_3_3_4	投资银行部_债权投资_公司债_10Y	\N	\N	\N	2026-08-16 09:54:17
3534	manual-test-001	2026-08-16 00:00:00	1_3_2_3_4	投资银行部_债权投资_信托	\N	\N	\N	2026-08-16 09:54:17
3535	manual-test-001	2026-08-16 00:00:00	1_3_2_3_4_1	投资银行部_债权投资_信托_1Y	\N	\N	\N	2026-08-16 09:54:17
3536	manual-test-001	2026-08-16 00:00:00	1_3_2_3_4_2	投资银行部_债权投资_信托_3Y	\N	\N	\N	2026-08-16 09:54:17
3537	manual-test-001	2026-08-16 00:00:00	1_3_2_3_4_3	投资银行部_债权投资_信托_5Y	\N	\N	\N	2026-08-16 09:54:17
3538	manual-test-001	2026-08-16 00:00:00	1_3_2_3_5	投资银行部_债权投资_资管计划	\N	\N	\N	2026-08-16 09:54:17
3539	manual-test-001	2026-08-16 00:00:00	1_3_2_3_5_1	投资银行部_债权投资_资管计划_1Y	\N	\N	\N	2026-08-16 09:54:17
3540	manual-test-001	2026-08-16 00:00:00	1_3_2_3_5_2	投资银行部_债权投资_资管计划_3Y	\N	\N	\N	2026-08-16 09:54:17
3541	manual-test-001	2026-08-16 00:00:00	1_3_2_3_5_3	投资银行部_债权投资_资管计划_5Y	\N	\N	\N	2026-08-16 09:54:17
3542	manual-test-001	2026-08-16 00:00:00	1_3_2_3_6	投资银行部_债权投资_债权融资计划	\N	\N	\N	2026-08-16 09:54:17
3543	manual-test-001	2026-08-16 00:00:00	1_3_2_3_6_1	投资银行部_债权投资_债权融资计划_1Y	\N	\N	\N	2026-08-16 09:54:17
3544	manual-test-001	2026-08-16 00:00:00	1_3_2_3_6_2	投资银行部_债权投资_债权融资计划_3Y	\N	\N	\N	2026-08-16 09:54:17
3545	manual-test-001	2026-08-16 00:00:00	1_3_2_3_6_3	投资银行部_债权投资_债权融资计划_5Y	\N	\N	\N	2026-08-16 09:54:17
3546	manual-test-001	2026-08-16 00:00:00	1_3_2_3_7	投资银行部_债权投资_私募基金	\N	\N	\N	2026-08-16 09:54:17
3547	manual-test-001	2026-08-16 00:00:00	1_3_2_3_7_1	投资银行部_债权投资_私募基金_1Y	\N	\N	\N	2026-08-16 09:54:17
3548	manual-test-001	2026-08-16 00:00:00	1_3_2_3_7_2	投资银行部_债权投资_私募基金_3Y	\N	\N	\N	2026-08-16 09:54:17
3549	manual-test-001	2026-08-16 00:00:00	1_3_2_3_7_3	投资银行部_债权投资_私募基金_5Y	\N	\N	\N	2026-08-16 09:54:17
3550	manual-test-001	2026-08-16 00:00:00	1_3_2_3_8	投资银行部_债权投资_公募基金	\N	\N	\N	2026-08-16 09:54:17
3551	manual-test-001	2026-08-16 00:00:00	1_3_2_3_8_1	投资银行部_债权投资_公募基金_3Y	\N	\N	\N	2026-08-16 09:54:17
3552	manual-test-001	2026-08-16 00:00:00	1_3_2_3_9	投资银行部_债权投资_融资租赁	\N	\N	\N	2026-08-16 09:54:17
3553	manual-test-001	2026-08-16 00:00:00	1_3_2_3_9_1	投资银行部_债权投资_融资租赁_1Y	\N	\N	\N	2026-08-16 09:54:17
3554	manual-test-001	2026-08-16 00:00:00	1_3_2_3_9_2	投资银行部_债权投资_融资租赁_3Y	\N	\N	\N	2026-08-16 09:54:17
3555	manual-test-001	2026-08-16 00:00:00	1_3_2_3_9_3	投资银行部_债权投资_融资租赁_5Y	\N	\N	\N	2026-08-16 09:54:17
3556	manual-test-001	2026-08-16 00:00:00	1_3_2_4	投资银行部_其他权益工具投资	\N	\N	\N	2026-08-16 09:54:17
3557	manual-test-001	2026-08-16 00:00:00	1_3_2_4_1	投资银行部_其他权益工具投资_5Y	\N	\N	\N	2026-08-16 09:54:17
3558	manual-test-001	2026-08-16 00:00:00	1_4	发放贷款	\N	\N	\N	2026-08-16 09:54:17
3559	manual-test-001	2026-08-16 00:00:00	1_4_1	个金条线贷款	\N	\N	\N	2026-08-16 09:54:17
3560	manual-test-001	2026-08-16 00:00:00	1_4_1_1	个金条线_个人经营贷款	\N	\N	\N	2026-08-16 09:54:17
3561	manual-test-001	2026-08-16 00:00:00	1_4_1_1_1	个金条线_个人经营贷款_3M	\N	\N	\N	2026-08-16 09:54:17
3562	manual-test-001	2026-08-16 00:00:00	1_4_1_1_2	个金条线_个人经营贷款_6M	\N	\N	\N	2026-08-16 09:54:17
3563	manual-test-001	2026-08-16 00:00:00	1_4_1_1_3	个金条线_个人经营贷款_1Y	\N	\N	\N	2026-08-16 09:54:17
3564	manual-test-001	2026-08-16 00:00:00	1_4_1_1_4	个金条线_个人经营贷款_2Y	\N	\N	\N	2026-08-16 09:54:17
3565	manual-test-001	2026-08-16 00:00:00	1_4_1_1_5	个金条线_个人经营贷款_3Y	\N	\N	\N	2026-08-16 09:54:17
3566	manual-test-001	2026-08-16 00:00:00	1_4_1_2	个金条线_个人消费贷款	\N	\N	\N	2026-08-16 09:54:17
3567	manual-test-001	2026-08-16 00:00:00	1_4_1_2_1	个金条线_便民贷	\N	\N	\N	2026-08-16 09:54:17
3568	manual-test-001	2026-08-16 00:00:00	1_4_1_2_1_1	个金条线_便民贷_3M	\N	\N	\N	2026-08-16 09:54:17
3569	manual-test-001	2026-08-16 00:00:00	1_4_1_2_1_2	个金条线_便民贷_6M	\N	\N	\N	2026-08-16 09:54:17
3570	manual-test-001	2026-08-16 00:00:00	1_4_1_2_1_3	个金条线_便民贷_1Y	\N	\N	\N	2026-08-16 09:54:17
3571	manual-test-001	2026-08-16 00:00:00	1_4_1_2_1_4	个金条线_便民贷_2Y	\N	\N	\N	2026-08-16 09:54:17
3572	manual-test-001	2026-08-16 00:00:00	1_4_1_2_1_5	个金条线_便民贷_3Y	\N	\N	\N	2026-08-16 09:54:17
3573	manual-test-001	2026-08-16 00:00:00	1_4_1_2_2	个金条线_公积金秒贷	\N	\N	\N	2026-08-16 09:54:17
3574	manual-test-001	2026-08-16 00:00:00	1_4_1_2_2_1	个金条线_公积金秒贷_3M	\N	\N	\N	2026-08-16 09:54:17
3575	manual-test-001	2026-08-16 00:00:00	1_4_1_2_2_2	个金条线_公积金秒贷_6M	\N	\N	\N	2026-08-16 09:54:17
3576	manual-test-001	2026-08-16 00:00:00	1_4_1_2_2_3	个金条线_公积金秒贷_1Y	\N	\N	\N	2026-08-16 09:54:17
3577	manual-test-001	2026-08-16 00:00:00	1_4_1_2_2_4	个金条线_公积金秒贷_2Y	\N	\N	\N	2026-08-16 09:54:17
3578	manual-test-001	2026-08-16 00:00:00	1_4_1_2_2_5	个金条线_公积金秒贷_3Y	\N	\N	\N	2026-08-16 09:54:17
3579	manual-test-001	2026-08-16 00:00:00	1_4_1_2_3	个金条线_其他个人消费贷款	\N	\N	\N	2026-08-16 09:54:17
3580	manual-test-001	2026-08-16 00:00:00	1_4_1_2_3_1	个金条线_其他个人消费贷款_3M	\N	\N	\N	2026-08-16 09:54:17
3581	manual-test-001	2026-08-16 00:00:00	1_4_1_2_3_2	个金条线_其他个人消费贷款_6M	\N	\N	\N	2026-08-16 09:54:17
3582	manual-test-001	2026-08-16 00:00:00	1_4_1_2_3_3	个金条线_其他个人消费贷款_1Y	\N	\N	\N	2026-08-16 09:54:17
3583	manual-test-001	2026-08-16 00:00:00	1_4_1_2_3_4	个金条线_其他个人消费贷款_2Y	\N	\N	\N	2026-08-16 09:54:17
3584	manual-test-001	2026-08-16 00:00:00	1_4_1_2_3_5	个金条线_其他个人消费贷款_3Y	\N	\N	\N	2026-08-16 09:54:17
3585	manual-test-001	2026-08-16 00:00:00	1_4_1_3	个金条线_个人住房贷款	\N	\N	\N	2026-08-16 09:54:17
3586	manual-test-001	2026-08-16 00:00:00	1_4_1_3_1	个金条线_个人住房贷款_1Y	\N	\N	\N	2026-08-16 09:54:17
3587	manual-test-001	2026-08-16 00:00:00	1_4_1_3_2	个金条线_个人住房贷款_2Y	\N	\N	\N	2026-08-16 09:54:17
3588	manual-test-001	2026-08-16 00:00:00	1_4_1_3_3	个金条线_个人住房贷款_3Y	\N	\N	\N	2026-08-16 09:54:17
3589	manual-test-001	2026-08-16 00:00:00	1_4_1_3_4	个金条线_个人住房贷款_5Y	\N	\N	\N	2026-08-16 09:54:17
3590	manual-test-001	2026-08-16 00:00:00	1_4_1_3_5	个金条线_个人住房贷款_10Y	\N	\N	\N	2026-08-16 09:54:17
3591	manual-test-001	2026-08-16 00:00:00	1_4_1_4	个金条线_个人贷记卡透支	\N	\N	\N	2026-08-16 09:54:17
3592	manual-test-001	2026-08-16 00:00:00	1_4_1_4_1	个金条线_个人贷记卡透支_3M	\N	\N	\N	2026-08-16 09:54:17
3593	manual-test-001	2026-08-16 00:00:00	1_4_1_4_2	个金条线_个人贷记卡透支_6M	\N	\N	\N	2026-08-16 09:54:17
3594	manual-test-001	2026-08-16 00:00:00	1_4_1_4_3	个金条线_个人贷记卡透支_1Y	\N	\N	\N	2026-08-16 09:54:17
3595	manual-test-001	2026-08-16 00:00:00	1_4_1_4_4	个金条线_个人贷记卡透支_2Y	\N	\N	\N	2026-08-16 09:54:17
3596	manual-test-001	2026-08-16 00:00:00	1_4_1_4_5	个金条线_个人贷记卡透支_3Y	\N	\N	\N	2026-08-16 09:54:17
3597	manual-test-001	2026-08-16 00:00:00	1_4_1_5	个金条线_其他贷款	\N	\N	\N	2026-08-16 09:54:17
3598	manual-test-001	2026-08-16 00:00:00	1_4_1_5_1	个金条线_其他贷款_3M	\N	\N	\N	2026-08-16 09:54:17
3599	manual-test-001	2026-08-16 00:00:00	1_4_1_5_2	个金条线_其他贷款_6M	\N	\N	\N	2026-08-16 09:54:17
3600	manual-test-001	2026-08-16 00:00:00	1_4_1_5_3	个金条线_其他贷款_1Y	\N	\N	\N	2026-08-16 09:54:17
3601	manual-test-001	2026-08-16 00:00:00	1_4_1_5_4	个金条线_其他贷款_2Y	\N	\N	\N	2026-08-16 09:54:17
3602	manual-test-001	2026-08-16 00:00:00	1_4_1_5_5	个金条线_其他贷款_3Y	\N	\N	\N	2026-08-16 09:54:17
3603	manual-test-001	2026-08-16 00:00:00	1_4_2	小微条线贷款	\N	\N	\N	2026-08-16 09:54:17
3604	manual-test-001	2026-08-16 00:00:00	1_4_2_1	小微条线_单位流动资金贷款	\N	\N	\N	2026-08-16 09:54:17
3605	manual-test-001	2026-08-16 00:00:00	1_4_2_1_1	小微条线_单位流动资金贷款_3M	\N	\N	\N	2026-08-16 09:54:17
3606	manual-test-001	2026-08-16 00:00:00	1_4_2_1_2	小微条线_单位流动资金贷款_6M	\N	\N	\N	2026-08-16 09:54:17
3607	manual-test-001	2026-08-16 00:00:00	1_4_2_1_3	小微条线_单位流动资金贷款_1Y	\N	\N	\N	2026-08-16 09:54:17
3608	manual-test-001	2026-08-16 00:00:00	1_4_2_1_4	小微条线_单位流动资金贷款_2Y	\N	\N	\N	2026-08-16 09:54:17
3609	manual-test-001	2026-08-16 00:00:00	1_4_2_1_5	小微条线_单位流动资金贷款_3Y	\N	\N	\N	2026-08-16 09:54:17
3610	manual-test-001	2026-08-16 00:00:00	1_4_2_2	小微条线_单位其他固定资产贷款	\N	\N	\N	2026-08-16 09:54:17
3611	manual-test-001	2026-08-16 00:00:00	1_4_2_2_1	小微条线_单位其他固定资产贷款_1Y	\N	\N	\N	2026-08-16 09:54:17
3612	manual-test-001	2026-08-16 00:00:00	1_4_2_2_2	小微条线_单位其他固定资产贷款_3Y	\N	\N	\N	2026-08-16 09:54:17
3613	manual-test-001	2026-08-16 00:00:00	1_4_2_2_3	小微条线_单位其他固定资产贷款_5Y	\N	\N	\N	2026-08-16 09:54:17
3614	manual-test-001	2026-08-16 00:00:00	1_4_2_2_4	小微条线_单位其他固定资产贷款_10Y	\N	\N	\N	2026-08-16 09:54:17
3615	manual-test-001	2026-08-16 00:00:00	1_4_2_3	小微条线_个人经营贷款	\N	\N	\N	2026-08-16 09:54:17
3616	manual-test-001	2026-08-16 00:00:00	1_4_2_3_1	小微条线_个人经营贷款_线上	\N	\N	\N	2026-08-16 09:54:17
3617	manual-test-001	2026-08-16 00:00:00	1_4_2_3_1_1	小微条线_个人经营贷款_线上_3M	\N	\N	\N	2026-08-16 09:54:17
3618	manual-test-001	2026-08-16 00:00:00	1_4_2_3_1_2	小微条线_个人经营贷款_线上_6M	\N	\N	\N	2026-08-16 09:54:17
3619	manual-test-001	2026-08-16 00:00:00	1_4_2_3_1_3	小微条线_个人经营贷款_线上_1Y	\N	\N	\N	2026-08-16 09:54:17
3620	manual-test-001	2026-08-16 00:00:00	1_4_2_3_1_4	小微条线_个人经营贷款_线上_2Y	\N	\N	\N	2026-08-16 09:54:17
3621	manual-test-001	2026-08-16 00:00:00	1_4_2_3_1_5	小微条线_个人经营贷款_线上_3Y	\N	\N	\N	2026-08-16 09:54:17
3622	manual-test-001	2026-08-16 00:00:00	1_4_2_3_2	小微条线_个人经营贷款_线下	\N	\N	\N	2026-08-16 09:54:17
3623	manual-test-001	2026-08-16 00:00:00	1_4_2_3_2_1	小微条线_个人经营贷款_线下_3M	\N	\N	\N	2026-08-16 09:54:17
3624	manual-test-001	2026-08-16 00:00:00	1_4_2_3_2_2	小微条线_个人经营贷款_线下_6M	\N	\N	\N	2026-08-16 09:54:17
3625	manual-test-001	2026-08-16 00:00:00	1_4_2_3_2_3	小微条线_个人经营贷款_线下_1Y	\N	\N	\N	2026-08-16 09:54:17
3626	manual-test-001	2026-08-16 00:00:00	1_4_2_3_2_4	小微条线_个人经营贷款_线下_2Y	\N	\N	\N	2026-08-16 09:54:17
3627	manual-test-001	2026-08-16 00:00:00	1_4_2_3_2_5	小微条线_个人经营贷款_线下_3Y	\N	\N	\N	2026-08-16 09:54:17
3628	manual-test-001	2026-08-16 00:00:00	1_4_2_4	小微条线_个人消费贷款	\N	\N	\N	2026-08-16 09:54:17
3629	manual-test-001	2026-08-16 00:00:00	1_4_2_4_1	小微条线_个人消费贷款_3M	\N	\N	\N	2026-08-16 09:54:17
3630	manual-test-001	2026-08-16 00:00:00	1_4_2_4_2	小微条线_个人消费贷款_6M	\N	\N	\N	2026-08-16 09:54:17
3631	manual-test-001	2026-08-16 00:00:00	1_4_2_4_3	小微条线_个人消费贷款_1Y	\N	\N	\N	2026-08-16 09:54:17
3632	manual-test-001	2026-08-16 00:00:00	1_4_2_4_4	小微条线_个人消费贷款_2Y	\N	\N	\N	2026-08-16 09:54:17
3633	manual-test-001	2026-08-16 00:00:00	1_4_2_4_5	小微条线_个人消费贷款_3Y	\N	\N	\N	2026-08-16 09:54:17
3634	manual-test-001	2026-08-16 00:00:00	1_4_3	对公条线贷款	\N	\N	\N	2026-08-16 09:54:17
3635	manual-test-001	2026-08-16 00:00:00	1_4_3_1	对公条线_单位房地产贷款	\N	\N	\N	2026-08-16 09:54:17
3636	manual-test-001	2026-08-16 00:00:00	1_4_3_1_1	对公条线_单位房地产贷款_1Y	\N	\N	\N	2026-08-16 09:54:17
3637	manual-test-001	2026-08-16 00:00:00	1_4_3_1_2	对公条线_单位房地产贷款_3Y	\N	\N	\N	2026-08-16 09:54:17
3638	manual-test-001	2026-08-16 00:00:00	1_4_3_1_3	对公条线_单位房地产贷款_5Y	\N	\N	\N	2026-08-16 09:54:17
3639	manual-test-001	2026-08-16 00:00:00	1_4_3_1_4	对公条线_单位房地产贷款_10Y	\N	\N	\N	2026-08-16 09:54:17
3640	manual-test-001	2026-08-16 00:00:00	1_4_3_2	对公条线_单位项目融资贷款	\N	\N	\N	2026-08-16 09:54:17
3641	manual-test-001	2026-08-16 00:00:00	1_4_3_2_1	对公条线_单位项目融资贷款_3M	\N	\N	\N	2026-08-16 09:54:17
3642	manual-test-001	2026-08-16 00:00:00	1_4_3_2_2	对公条线_单位项目融资贷款_6M	\N	\N	\N	2026-08-16 09:54:17
3643	manual-test-001	2026-08-16 00:00:00	1_4_3_2_3	对公条线_单位项目融资贷款_1Y	\N	\N	\N	2026-08-16 09:54:17
3644	manual-test-001	2026-08-16 00:00:00	1_4_3_2_4	对公条线_单位项目融资贷款_2Y	\N	\N	\N	2026-08-16 09:54:17
3645	manual-test-001	2026-08-16 00:00:00	1_4_3_2_5	对公条线_单位项目融资贷款_3Y	\N	\N	\N	2026-08-16 09:54:17
3646	manual-test-001	2026-08-16 00:00:00	1_4_3_3	对公条线_单位其他固定资产贷款	\N	\N	\N	2026-08-16 09:54:17
3647	manual-test-001	2026-08-16 00:00:00	1_4_3_3_1	对公条线_单位其他固定资产贷款_1Y	\N	\N	\N	2026-08-16 09:54:17
3648	manual-test-001	2026-08-16 00:00:00	1_4_3_3_2	对公条线_单位其他固定资产贷款_3Y	\N	\N	\N	2026-08-16 09:54:17
3649	manual-test-001	2026-08-16 00:00:00	1_4_3_3_3	对公条线_单位其他固定资产贷款_5Y	\N	\N	\N	2026-08-16 09:54:17
3650	manual-test-001	2026-08-16 00:00:00	1_4_3_3_4	对公条线_单位其他固定资产贷款_10Y	\N	\N	\N	2026-08-16 09:54:17
3651	manual-test-001	2026-08-16 00:00:00	1_4_3_4	对公条线_单位流动资金贷款	\N	\N	\N	2026-08-16 09:54:17
3652	manual-test-001	2026-08-16 00:00:00	1_4_3_4_1	对公条线_单位流动资金贷款_3M	\N	\N	\N	2026-08-16 09:54:17
3653	manual-test-001	2026-08-16 00:00:00	1_4_3_4_2	对公条线_单位流动资金贷款_6M	\N	\N	\N	2026-08-16 09:54:17
3654	manual-test-001	2026-08-16 00:00:00	1_4_3_4_3	对公条线_单位流动资金贷款_1Y	\N	\N	\N	2026-08-16 09:54:17
3655	manual-test-001	2026-08-16 00:00:00	1_4_3_4_4	对公条线_单位流动资金贷款_2Y	\N	\N	\N	2026-08-16 09:54:17
3656	manual-test-001	2026-08-16 00:00:00	1_4_3_4_5	对公条线_单位流动资金贷款_3Y	\N	\N	\N	2026-08-16 09:54:17
3657	manual-test-001	2026-08-16 00:00:00	1_4_3_5	对公条线_其他贷款	\N	\N	\N	2026-08-16 09:54:17
3658	manual-test-001	2026-08-16 00:00:00	1_4_3_5_1	对公条线_其他贷款_3M	\N	\N	\N	2026-08-16 09:54:17
3659	manual-test-001	2026-08-16 00:00:00	1_4_3_5_2	对公条线_其他贷款_6M	\N	\N	\N	2026-08-16 09:54:17
3660	manual-test-001	2026-08-16 00:00:00	1_4_3_5_3	对公条线_其他贷款_1Y	\N	\N	\N	2026-08-16 09:54:17
3661	manual-test-001	2026-08-16 00:00:00	1_4_3_5_4	对公条线_其他贷款_2Y	\N	\N	\N	2026-08-16 09:54:17
3662	manual-test-001	2026-08-16 00:00:00	1_4_3_5_5	对公条线_其他贷款_3Y	\N	\N	\N	2026-08-16 09:54:17
3663	manual-test-001	2026-08-16 00:00:00	1_4_4	数金条线贷款	\N	\N	\N	2026-08-16 09:54:17
3664	manual-test-001	2026-08-16 00:00:00	1_4_4_1	数金条线_个人经营贷款	\N	\N	\N	2026-08-16 09:54:17
3665	manual-test-001	2026-08-16 00:00:00	1_4_4_1_1	数金条线_个人经营贷款_线上	\N	\N	\N	2026-08-16 09:54:17
3666	manual-test-001	2026-08-16 00:00:00	1_4_4_1_1_1	数金条线_个人经营贷款_线上_3M	\N	\N	\N	2026-08-16 09:54:17
3667	manual-test-001	2026-08-16 00:00:00	1_4_4_1_1_2	数金条线_个人经营贷款_线上_6M	\N	\N	\N	2026-08-16 09:54:17
3668	manual-test-001	2026-08-16 00:00:00	1_4_4_1_1_3	数金条线_个人经营贷款_线上_1Y	\N	\N	\N	2026-08-16 09:54:17
3669	manual-test-001	2026-08-16 00:00:00	1_4_4_1_1_4	数金条线_个人经营贷款_线上_2Y	\N	\N	\N	2026-08-16 09:54:17
3670	manual-test-001	2026-08-16 00:00:00	1_4_4_1_1_5	数金条线_个人经营贷款_线上_3Y	\N	\N	\N	2026-08-16 09:54:17
3671	manual-test-001	2026-08-16 00:00:00	1_4_4_1_2	数金条线_个人经营贷款_线下	\N	\N	\N	2026-08-16 09:54:17
3672	manual-test-001	2026-08-16 00:00:00	1_4_4_1_2_1	数金条线_个人经营贷款_线下_3M	\N	\N	\N	2026-08-16 09:54:17
3673	manual-test-001	2026-08-16 00:00:00	1_4_4_1_2_2	数金条线_个人经营贷款_线下_6M	\N	\N	\N	2026-08-16 09:54:17
3674	manual-test-001	2026-08-16 00:00:00	1_4_4_1_2_3	数金条线_个人经营贷款_线下_1Y	\N	\N	\N	2026-08-16 09:54:17
3675	manual-test-001	2026-08-16 00:00:00	1_4_4_1_2_4	数金条线_个人经营贷款_线下_2Y	\N	\N	\N	2026-08-16 09:54:17
3676	manual-test-001	2026-08-16 00:00:00	1_4_4_1_2_5	数金条线_个人经营贷款_线下_3Y	\N	\N	\N	2026-08-16 09:54:17
3677	manual-test-001	2026-08-16 00:00:00	1_4_4_2	数金条线_个人消费贷款	\N	\N	\N	2026-08-16 09:54:17
3678	manual-test-001	2026-08-16 00:00:00	1_4_4_2_1	数金条线_个人消费贷款_3M	\N	\N	\N	2026-08-16 09:54:17
3679	manual-test-001	2026-08-16 00:00:00	1_4_4_2_2	数金条线_个人消费贷款_6M	\N	\N	\N	2026-08-16 09:54:17
3680	manual-test-001	2026-08-16 00:00:00	1_4_4_2_3	数金条线_个人消费贷款_1Y	\N	\N	\N	2026-08-16 09:54:17
3681	manual-test-001	2026-08-16 00:00:00	1_4_4_2_4	数金条线_个人消费贷款_2Y	\N	\N	\N	2026-08-16 09:54:17
3682	manual-test-001	2026-08-16 00:00:00	1_4_4_2_5	数金条线_个人消费贷款_3Y	\N	\N	\N	2026-08-16 09:54:17
3683	manual-test-001	2026-08-16 00:00:00	1_4_5	贸易融资	\N	\N	\N	2026-08-16 09:54:17
3684	manual-test-001	2026-08-16 00:00:00	1_4_5_1	贸易融资_3M	\N	\N	\N	2026-08-16 09:54:17
3685	manual-test-001	2026-08-16 00:00:00	1_4_5_2	贸易融资_6M	\N	\N	\N	2026-08-16 09:54:17
3686	manual-test-001	2026-08-16 00:00:00	1_4_5_3	贸易融资_1Y	\N	\N	\N	2026-08-16 09:54:17
3687	manual-test-001	2026-08-16 00:00:00	1_4_5_4	贸易融资_2Y	\N	\N	\N	2026-08-16 09:54:17
3688	manual-test-001	2026-08-16 00:00:00	1_4_5_5	贸易融资_3Y	\N	\N	\N	2026-08-16 09:54:17
3689	manual-test-001	2026-08-16 00:00:00	1_4_6	贴现	\N	\N	\N	2026-08-16 09:54:17
3690	manual-test-001	2026-08-16 00:00:00	1_4_6_1	直贴_3M	\N	\N	\N	2026-08-16 09:54:17
3691	manual-test-001	2026-08-16 00:00:00	1_4_6_2	转贴_6M	\N	\N	\N	2026-08-16 09:54:17
3692	manual-test-001	2026-08-16 00:00:00	1_4_6_3	福费廷_3M	\N	\N	\N	2026-08-16 09:54:17
3693	manual-test-001	2026-08-16 00:00:00	1_4_6_4	应收款买断_3M	\N	\N	\N	2026-08-16 09:54:17
3694	manual-test-001	2026-08-16 00:00:00	1_5	其他资产	\N	\N	\N	2026-08-16 09:54:17
3695	manual-test-001	2026-08-16 00:00:00	1_5_1	贵金属_30Y	\N	\N	\N	2026-08-16 09:54:17
3696	manual-test-001	2026-08-16 00:00:00	1_5_1_1	贵金属_黄金_1D	\N	\N	\N	2026-08-16 09:54:17
3697	manual-test-001	2026-08-16 00:00:00	1_5_1_2	贵金属_非黄金_30Y	\N	\N	\N	2026-08-16 09:54:17
3698	manual-test-001	2026-08-16 00:00:00	1_5_2	各类应收款_30Y	\N	\N	\N	2026-08-16 09:54:17
3699	manual-test-001	2026-08-16 00:00:00	1_5_3	其他资产_30Y	\N	\N	\N	2026-08-16 09:54:17
3700	manual-test-001	2026-08-16 00:00:00	2_1	向中央银行借款	\N	\N	\N	2026-08-16 09:54:17
3701	manual-test-001	2026-08-16 00:00:00	2_1_1	再贴现_1Y	\N	\N	\N	2026-08-16 09:54:17
3702	manual-test-001	2026-08-16 00:00:00	2_1_2	再贷款_1Y	\N	\N	\N	2026-08-16 09:54:17
3703	manual-test-001	2026-08-16 00:00:00	2_2	同业负债	\N	\N	\N	2026-08-16 09:54:17
3704	manual-test-001	2026-08-16 00:00:00	2_2_1	同业存放款项	\N	\N	\N	2026-08-16 09:54:17
3705	manual-test-001	2026-08-16 00:00:00	2_2_1_1	同业存放活期款项	\N	\N	\N	2026-08-16 09:54:17
3706	manual-test-001	2026-08-16 00:00:00	2_2_1_1_1	同业存放活期款项_1D	\N	\N	\N	2026-08-16 09:54:17
3707	manual-test-001	2026-08-16 00:00:00	2_2_1_2	同业存放定期款项	\N	\N	\N	2026-08-16 09:54:17
3708	manual-test-001	2026-08-16 00:00:00	2_2_1_2_1	同业存放定期款项_1M	\N	\N	\N	2026-08-16 09:54:17
3709	manual-test-001	2026-08-16 00:00:00	2_2_1_2_2	同业存放定期款项_3M	\N	\N	\N	2026-08-16 09:54:17
3710	manual-test-001	2026-08-16 00:00:00	2_2_1_2_3	同业存放定期款项_6M	\N	\N	\N	2026-08-16 09:54:17
3711	manual-test-001	2026-08-16 00:00:00	2_2_1_2_4	同业存放定期款项_1Y	\N	\N	\N	2026-08-16 09:54:17
3712	manual-test-001	2026-08-16 00:00:00	2_2_2	同业拆入	\N	\N	\N	2026-08-16 09:54:17
3713	manual-test-001	2026-08-16 00:00:00	2_2_2_1	同业拆入_1D	\N	\N	\N	2026-08-16 09:54:17
3714	manual-test-001	2026-08-16 00:00:00	2_2_3	同业借款借入	\N	\N	\N	2026-08-16 09:54:17
3715	manual-test-001	2026-08-16 00:00:00	2_2_3_1	同业借款借入_1D	\N	\N	\N	2026-08-16 09:54:17
3716	manual-test-001	2026-08-16 00:00:00	2_2_4	卖出回购	\N	\N	\N	2026-08-16 09:54:17
3717	manual-test-001	2026-08-16 00:00:00	2_2_4_1	卖出回购债券	\N	\N	\N	2026-08-16 09:54:17
3718	manual-test-001	2026-08-16 00:00:00	2_2_4_1_1	卖出回购债券_买断式_1D	\N	\N	\N	2026-08-16 09:54:17
3719	manual-test-001	2026-08-16 00:00:00	2_2_4_1_2	卖出回购债券_买断式_7D	\N	\N	\N	2026-08-16 09:54:17
3720	manual-test-001	2026-08-16 00:00:00	2_2_4_1_3	卖出回购债券_质押式_1D	\N	\N	\N	2026-08-16 09:54:17
3721	manual-test-001	2026-08-16 00:00:00	2_2_4_1_4	卖出回购债券_质押式_7D	\N	\N	\N	2026-08-16 09:54:17
3722	manual-test-001	2026-08-16 00:00:00	2_2_4_2	卖出回购票据	\N	\N	\N	2026-08-16 09:54:17
3723	manual-test-001	2026-08-16 00:00:00	2_2_4_2_1	卖出回购票据_买断式_1D	\N	\N	\N	2026-08-16 09:54:17
3724	manual-test-001	2026-08-16 00:00:00	2_2_4_2_2	卖出回购票据_买断式_7D	\N	\N	\N	2026-08-16 09:54:17
3725	manual-test-001	2026-08-16 00:00:00	2_2_4_2_3	卖出回购票据_质押式_1D	\N	\N	\N	2026-08-16 09:54:17
3726	manual-test-001	2026-08-16 00:00:00	2_2_4_2_4	卖出回购票据_质押式_7D	\N	\N	\N	2026-08-16 09:54:17
3727	manual-test-001	2026-08-16 00:00:00	2_3	发行同业存单	\N	\N	\N	2026-08-16 09:54:17
3728	manual-test-001	2026-08-16 00:00:00	2_3_1	发行同业存单_1M	\N	\N	\N	2026-08-16 09:54:17
3729	manual-test-001	2026-08-16 00:00:00	2_3_2	发行同业存单_3M	\N	\N	\N	2026-08-16 09:54:17
3730	manual-test-001	2026-08-16 00:00:00	2_3_3	发行同业存单_6M	\N	\N	\N	2026-08-16 09:54:17
3731	manual-test-001	2026-08-16 00:00:00	2_3_4	发行同业存单_9M	\N	\N	\N	2026-08-16 09:54:17
3732	manual-test-001	2026-08-16 00:00:00	2_3_5	发行同业存单_1Y	\N	\N	\N	2026-08-16 09:54:17
3733	manual-test-001	2026-08-16 00:00:00	2_4	发行债券	\N	\N	\N	2026-08-16 09:54:17
3734	manual-test-001	2026-08-16 00:00:00	2_4_1	发行债券_3Y	\N	\N	\N	2026-08-16 09:54:17
3735	manual-test-001	2026-08-16 00:00:00	2_4_2	发行债券_5Y	\N	\N	\N	2026-08-16 09:54:17
3736	manual-test-001	2026-08-16 00:00:00	2_4_3	发行债券_10Y	\N	\N	\N	2026-08-16 09:54:17
3737	manual-test-001	2026-08-16 00:00:00	2_5	吸收存款	\N	\N	\N	2026-08-16 09:54:17
3738	manual-test-001	2026-08-16 00:00:00	2_5_1	单位存款	\N	\N	\N	2026-08-16 09:54:17
3739	manual-test-001	2026-08-16 00:00:00	2_5_1_1	单位活期存款	\N	\N	\N	2026-08-16 09:54:17
3740	manual-test-001	2026-08-16 00:00:00	2_5_1_1_1	单位普通活期存款_1D	\N	\N	\N	2026-08-16 09:54:17
3741	manual-test-001	2026-08-16 00:00:00	2_5_1_1_2	单位协议活期存款_1D	\N	\N	\N	2026-08-16 09:54:17
3742	manual-test-001	2026-08-16 00:00:00	2_5_1_2	单位协议存款	\N	\N	\N	2026-08-16 09:54:17
3743	manual-test-001	2026-08-16 00:00:00	2_5_1_2_1	单位协议存款_1Y	\N	\N	\N	2026-08-16 09:54:17
3744	manual-test-001	2026-08-16 00:00:00	2_5_1_2_2	单位协议存款_3Y	\N	\N	\N	2026-08-16 09:54:17
3745	manual-test-001	2026-08-16 00:00:00	2_5_1_2_3	单位协议存款_5Y	\N	\N	\N	2026-08-16 09:54:17
3746	manual-test-001	2026-08-16 00:00:00	2_5_1_3	单位定期	\N	\N	\N	2026-08-16 09:54:17
3747	manual-test-001	2026-08-16 00:00:00	2_5_1_3_1	单位定期_3M	\N	\N	\N	2026-08-16 09:54:17
3748	manual-test-001	2026-08-16 00:00:00	2_5_1_3_2	单位定期_6M	\N	\N	\N	2026-08-16 09:54:17
3749	manual-test-001	2026-08-16 00:00:00	2_5_1_3_3	单位定期_1Y	\N	\N	\N	2026-08-16 09:54:17
3750	manual-test-001	2026-08-16 00:00:00	2_5_1_3_4	单位定期_2Y	\N	\N	\N	2026-08-16 09:54:17
3751	manual-test-001	2026-08-16 00:00:00	2_5_1_3_5	单位定期_3Y	\N	\N	\N	2026-08-16 09:54:17
3752	manual-test-001	2026-08-16 00:00:00	2_5_1_3_6	单位定期_5Y	\N	\N	\N	2026-08-16 09:54:17
3753	manual-test-001	2026-08-16 00:00:00	2_5_1_4	单位通知存款	\N	\N	\N	2026-08-16 09:54:17
3754	manual-test-001	2026-08-16 00:00:00	2_5_1_4_1	单位通知存款_1D	\N	\N	\N	2026-08-16 09:54:17
3755	manual-test-001	2026-08-16 00:00:00	2_5_1_4_2	单位通知存款_7D	\N	\N	\N	2026-08-16 09:54:17
3756	manual-test-001	2026-08-16 00:00:00	2_5_1_5	单位保本理财	\N	\N	\N	2026-08-16 09:54:17
3757	manual-test-001	2026-08-16 00:00:00	2_5_1_5_1	单位保本理财_1Y	\N	\N	\N	2026-08-16 09:54:17
3758	manual-test-001	2026-08-16 00:00:00	2_5_1_6	单位大额存单存款	\N	\N	\N	2026-08-16 09:54:17
3759	manual-test-001	2026-08-16 00:00:00	2_5_1_6_1	单位大额存单存款_1Y	\N	\N	\N	2026-08-16 09:54:17
3760	manual-test-001	2026-08-16 00:00:00	2_5_1_6_2	单位大额存单存款_2Y	\N	\N	\N	2026-08-16 09:54:17
3761	manual-test-001	2026-08-16 00:00:00	2_5_1_6_3	单位大额存单存款_3Y	\N	\N	\N	2026-08-16 09:54:17
3762	manual-test-001	2026-08-16 00:00:00	2_5_1_7	单位保证金存款	\N	\N	\N	2026-08-16 09:54:17
3763	manual-test-001	2026-08-16 00:00:00	2_5_1_7_1	单位活期保证金存款_1D	\N	\N	\N	2026-08-16 09:54:17
3764	manual-test-001	2026-08-16 00:00:00	2_5_1_7_2	单位定期保证金存款	\N	\N	\N	2026-08-16 09:54:17
3765	manual-test-001	2026-08-16 00:00:00	2_5_1_7_2_1	单位定期保证金存款_3M	\N	\N	\N	2026-08-16 09:54:17
3766	manual-test-001	2026-08-16 00:00:00	2_5_1_7_2_2	单位定期保证金存款_6M	\N	\N	\N	2026-08-16 09:54:17
3767	manual-test-001	2026-08-16 00:00:00	2_5_1_7_2_3	单位定期保证金存款_1Y	\N	\N	\N	2026-08-16 09:54:17
3768	manual-test-001	2026-08-16 00:00:00	2_5_1_7_2_4	单位定期保证金存款_2Y	\N	\N	\N	2026-08-16 09:54:17
3769	manual-test-001	2026-08-16 00:00:00	2_5_1_7_2_5	单位定期保证金存款_3Y	\N	\N	\N	2026-08-16 09:54:17
3770	manual-test-001	2026-08-16 00:00:00	2_5_2	个人存款	\N	\N	\N	2026-08-16 09:54:17
3771	manual-test-001	2026-08-16 00:00:00	2_5_2_1	个人活期存款	\N	\N	\N	2026-08-16 09:54:17
3772	manual-test-001	2026-08-16 00:00:00	2_5_2_1_1	个人普通活期存款_1D	\N	\N	\N	2026-08-16 09:54:17
3773	manual-test-001	2026-08-16 00:00:00	2_5_2_1_2	个人协议活期存款_1D	\N	\N	\N	2026-08-16 09:54:17
3774	manual-test-001	2026-08-16 00:00:00	2_5_2_2	个人定期存款	\N	\N	\N	2026-08-16 09:54:17
3775	manual-test-001	2026-08-16 00:00:00	2_5_2_2_1	高兴存	\N	\N	\N	2026-08-16 09:54:17
3776	manual-test-001	2026-08-16 00:00:00	2_5_2_2_1_1	高兴存	\N	\N	\N	2026-08-16 09:54:17
3777	manual-test-001	2026-08-16 00:00:00	2_5_2_2_1_1_1	高兴存_3Y	\N	\N	\N	2026-08-16 09:54:17
3778	manual-test-001	2026-08-16 00:00:00	2_5_2_2_1_1_2	高兴存_5Y	\N	\N	\N	2026-08-16 09:54:17
3779	manual-test-001	2026-08-16 00:00:00	2_5_2_2_1_2	高兴存（节庆专属）_3Y	\N	\N	\N	2026-08-16 09:54:17
3780	manual-test-001	2026-08-16 00:00:00	2_5_2_2_1_3	高兴存（村镇银行专属）	\N	\N	\N	2026-08-16 09:54:17
3781	manual-test-001	2026-08-16 00:00:00	2_5_2_2_1_3_1	高兴存（村镇银行专属）_3Y	\N	\N	\N	2026-08-16 09:54:17
3782	manual-test-001	2026-08-16 00:00:00	2_5_2_2_1_3_2	高兴存（村镇银行专属）_5Y	\N	\N	\N	2026-08-16 09:54:17
3783	manual-test-001	2026-08-16 00:00:00	2_5_2_2_2	富桂存	\N	\N	\N	2026-08-16 09:54:17
3784	manual-test-001	2026-08-16 00:00:00	2_5_2_2_2_1	富桂存_月得利	\N	\N	\N	2026-08-16 09:54:17
3785	manual-test-001	2026-08-16 00:00:00	2_5_2_2_2_1_1	富桂存_月得利_3Y	\N	\N	\N	2026-08-16 09:54:17
3786	manual-test-001	2026-08-16 00:00:00	2_5_2_2_2_1_2	富桂存_月得利_5Y	\N	\N	\N	2026-08-16 09:54:17
3787	manual-test-001	2026-08-16 00:00:00	2_5_2_2_2_2	富桂存_月得利（二期）	\N	\N	\N	2026-08-16 09:54:17
3788	manual-test-001	2026-08-16 00:00:00	2_5_2_2_2_2_1	富桂存_月得利（二期）_3Y	\N	\N	\N	2026-08-16 09:54:17
3789	manual-test-001	2026-08-16 00:00:00	2_5_2_2_2_2_2	富桂存_月得利（二期）_5Y	\N	\N	\N	2026-08-16 09:54:17
3790	manual-test-001	2026-08-16 00:00:00	2_5_2_2_2_3	富桂存_月得利(尊享版)_5Y	\N	\N	\N	2026-08-16 09:54:17
3791	manual-test-001	2026-08-16 00:00:00	2_5_2_2_2_4	富桂存_月得利（E版三年）_3Y	\N	\N	\N	2026-08-16 09:54:17
3792	manual-test-001	2026-08-16 00:00:00	2_5_2_2_2_5	富桂存_月得利（县域专属）	\N	\N	\N	2026-08-16 09:54:17
3793	manual-test-001	2026-08-16 00:00:00	2_5_2_2_2_5_1	富桂存_月得利（县域专属）_3Y	\N	\N	\N	2026-08-16 09:54:17
3794	manual-test-001	2026-08-16 00:00:00	2_5_2_2_2_5_2	富桂存_月得利（县域专属）_5Y	\N	\N	\N	2026-08-16 09:54:17
3795	manual-test-001	2026-08-16 00:00:00	2_5_2_2_2_6	富桂存_月得利（E版五年）_5Y	\N	\N	\N	2026-08-16 09:54:17
3796	manual-test-001	2026-08-16 00:00:00	2_5_2_2_2_7	行庆专属存款_5Y	\N	\N	\N	2026-08-16 09:54:17
3797	manual-test-001	2026-08-16 00:00:00	2_5_2_2_2_8	区庆专属存款	\N	\N	\N	2026-08-16 09:54:17
3798	manual-test-001	2026-08-16 00:00:00	2_5_2_2_2_8_1	区庆专属存款_3Y	\N	\N	\N	2026-08-16 09:54:17
3799	manual-test-001	2026-08-16 00:00:00	2_5_2_2_2_8_2	区庆专属存款_5Y	\N	\N	\N	2026-08-16 09:54:17
3800	manual-test-001	2026-08-16 00:00:00	2_5_2_2_3	其他个人定期存款	\N	\N	\N	2026-08-16 09:54:17
3801	manual-test-001	2026-08-16 00:00:00	2_5_2_2_3_1	其他个人定期存款_3M	\N	\N	\N	2026-08-16 09:54:17
3802	manual-test-001	2026-08-16 00:00:00	2_5_2_2_3_2	其他个人定期存款_6M	\N	\N	\N	2026-08-16 09:54:17
3803	manual-test-001	2026-08-16 00:00:00	2_5_2_2_3_3	其他个人定期存款_1Y	\N	\N	\N	2026-08-16 09:54:17
3804	manual-test-001	2026-08-16 00:00:00	2_5_2_2_3_4	其他个人定期存款_2Y	\N	\N	\N	2026-08-16 09:54:17
3805	manual-test-001	2026-08-16 00:00:00	2_5_2_2_3_5	其他个人定期存款_3Y	\N	\N	\N	2026-08-16 09:54:17
3806	manual-test-001	2026-08-16 00:00:00	2_5_2_2_3_6	其他个人定期存款_5Y	\N	\N	\N	2026-08-16 09:54:17
3807	manual-test-001	2026-08-16 00:00:00	2_5_2_3	个人通知存款	\N	\N	\N	2026-08-16 09:54:17
3808	manual-test-001	2026-08-16 00:00:00	2_5_2_3_1	个人通知存款_1D	\N	\N	\N	2026-08-16 09:54:17
3809	manual-test-001	2026-08-16 00:00:00	2_5_2_3_2	个人通知存款_7D	\N	\N	\N	2026-08-16 09:54:17
3810	manual-test-001	2026-08-16 00:00:00	2_5_2_4	个人保本理财	\N	\N	\N	2026-08-16 09:54:17
3811	manual-test-001	2026-08-16 00:00:00	2_5_2_4_1	个人保本理财_1Y	\N	\N	\N	2026-08-16 09:54:17
3812	manual-test-001	2026-08-16 00:00:00	2_5_2_5	个人大额存单存款	\N	\N	\N	2026-08-16 09:54:17
3813	manual-test-001	2026-08-16 00:00:00	2_5_2_5_1	个人大额存单存款_3M	\N	\N	\N	2026-08-16 09:54:17
3814	manual-test-001	2026-08-16 00:00:00	2_5_2_5_2	个人大额存单存款_6M	\N	\N	\N	2026-08-16 09:54:17
3815	manual-test-001	2026-08-16 00:00:00	2_5_2_5_3	个人大额存单存款_1Y	\N	\N	\N	2026-08-16 09:54:17
3816	manual-test-001	2026-08-16 00:00:00	2_5_2_5_4	个人大额存单存款_3Y	\N	\N	\N	2026-08-16 09:54:17
3817	manual-test-001	2026-08-16 00:00:00	2_5_2_5_5	个人大额存单存款_5Y	\N	\N	\N	2026-08-16 09:54:17
3818	manual-test-001	2026-08-16 00:00:00	2_5_2_6	个人协议存款	\N	\N	\N	2026-08-16 09:54:17
3819	manual-test-001	2026-08-16 00:00:00	2_5_2_6_1	个人协议存款_1Y	\N	\N	\N	2026-08-16 09:54:17
3820	manual-test-001	2026-08-16 00:00:00	2_5_2_6_2	个人协议存款_5Y	\N	\N	\N	2026-08-16 09:54:17
3821	manual-test-001	2026-08-16 00:00:00	2_5_2_7	个人定活两便	\N	\N	\N	2026-08-16 09:54:17
3822	manual-test-001	2026-08-16 00:00:00	2_5_2_7_1	个人定活两便_1D	\N	\N	\N	2026-08-16 09:54:17
3823	manual-test-001	2026-08-16 00:00:00	2_5_3	国库定期存款	\N	\N	\N	2026-08-16 09:54:17
3824	manual-test-001	2026-08-16 00:00:00	2_5_3_1	国库定期存款_1Y	\N	\N	\N	2026-08-16 09:54:17
3825	manual-test-001	2026-08-16 00:00:00	2_5_4	财政性存款	\N	\N	\N	2026-08-16 09:54:17
3826	manual-test-001	2026-08-16 00:00:00	2_5_4_1	财政性存款_1Y	\N	\N	\N	2026-08-16 09:54:17
3827	manual-test-001	2026-08-16 00:00:00	2_5_5	其他存款	\N	\N	\N	2026-08-16 09:54:17
3828	manual-test-001	2026-08-16 00:00:00	2_5_5_1	应解汇款机临时存款_1D	\N	\N	\N	2026-08-16 09:54:17
3829	manual-test-001	2026-08-16 00:00:00	2_5_5_2	开出银行汇票_1D	\N	\N	\N	2026-08-16 09:54:17
3830	manual-test-001	2026-08-16 00:00:00	2_5_5_3	开出银行本票_1D	\N	\N	\N	2026-08-16 09:54:17
3831	manual-test-001	2026-08-16 00:00:00	2_5_5_4	转股协议存款_1D	\N	\N	\N	2026-08-16 09:54:17
3832	manual-test-001	2026-08-16 00:00:00	2_6	其他负债	\N	\N	\N	2026-08-16 09:54:17
3833	manual-test-001	2026-08-16 00:00:00	2_6_1	代理类负债_1Y	\N	\N	\N	2026-08-16 09:54:17
3834	manual-test-001	2026-08-16 00:00:00	2_6_2	转贴现负债_3M	\N	\N	\N	2026-08-16 09:54:17
3835	manual-test-001	2026-08-16 00:00:00	2_6_3	其他负债_30Y	\N	\N	\N	2026-08-16 09:54:17
3836	manual-test-001	2026-08-16 00:00:00	3_1	所有者权益	\N	\N	\N	2026-08-16 09:54:17
3837	manual-test-001	2026-08-16 00:00:00	3_1_1	所有者权益_10Y	\N	\N	\N	2026-08-16 09:54:17
3838	79b68586-529f-4f81-8834-57bd26e8fb9c	2026-08-16 00:00:00	ROOT	资产负债账户册	\N	\N	\N	2026-08-16 09:55:34
3839	79b68586-529f-4f81-8834-57bd26e8fb9c	2026-08-16 00:00:00	1_1	现金及存放央行	\N	\N	\N	2026-08-16 09:55:34
3840	79b68586-529f-4f81-8834-57bd26e8fb9c	2026-08-16 00:00:00	1_1_1	现金_1D	\N	\N	\N	2026-08-16 09:55:34
3841	79b68586-529f-4f81-8834-57bd26e8fb9c	2026-08-16 00:00:00	1_1_2	存放央行法定准备金_30Y	\N	\N	\N	2026-08-16 09:55:34
3842	79b68586-529f-4f81-8834-57bd26e8fb9c	2026-08-16 00:00:00	1_1_3	存放央行超额准备金_1D	\N	\N	\N	2026-08-16 09:55:34
3843	79b68586-529f-4f81-8834-57bd26e8fb9c	2026-08-16 00:00:00	1_1_4	存放央行其他款项_30Y	\N	\N	\N	2026-08-16 09:55:34
3844	79b68586-529f-4f81-8834-57bd26e8fb9c	2026-08-16 00:00:00	1_2	同业资产	\N	\N	\N	2026-08-16 09:55:34
3845	79b68586-529f-4f81-8834-57bd26e8fb9c	2026-08-16 00:00:00	1_2_1	存放同业款项	\N	\N	\N	2026-08-16 09:55:34
3846	79b68586-529f-4f81-8834-57bd26e8fb9c	2026-08-16 00:00:00	1_2_1_1	存放同业款项_金融市场部	\N	\N	\N	2026-08-16 09:55:34
3847	79b68586-529f-4f81-8834-57bd26e8fb9c	2026-08-16 00:00:00	1_2_1_1_1	存放同业活期款项_金融市场部_1D	\N	\N	\N	2026-08-16 09:55:34
3848	79b68586-529f-4f81-8834-57bd26e8fb9c	2026-08-16 00:00:00	1_2_1_1_2	存放同业定期款项_金融市场部_1M	\N	\N	\N	2026-08-16 09:55:34
3849	79b68586-529f-4f81-8834-57bd26e8fb9c	2026-08-16 00:00:00	1_2_1_1_3	存放同业定期款项_金融市场部_3M	\N	\N	\N	2026-08-16 09:55:34
3850	79b68586-529f-4f81-8834-57bd26e8fb9c	2026-08-16 00:00:00	1_2_1_1_4	存放同业定期款项_金融市场部_6M	\N	\N	\N	2026-08-16 09:55:34
3851	79b68586-529f-4f81-8834-57bd26e8fb9c	2026-08-16 00:00:00	1_2_1_1_5	存放同业定期款项_金融市场部_1Y	\N	\N	\N	2026-08-16 09:55:34
3852	79b68586-529f-4f81-8834-57bd26e8fb9c	2026-08-16 00:00:00	1_2_1_2	存放同业款项_公司金融部	\N	\N	\N	2026-08-16 09:55:34
3853	79b68586-529f-4f81-8834-57bd26e8fb9c	2026-08-16 00:00:00	1_2_1_2_1	存放同业活期款项_公司金融部_1D	\N	\N	\N	2026-08-16 09:55:34
3854	79b68586-529f-4f81-8834-57bd26e8fb9c	2026-08-16 00:00:00	1_2_1_2_2	存放同业定期款项_公司金融部_1M	\N	\N	\N	2026-08-16 09:55:34
3855	79b68586-529f-4f81-8834-57bd26e8fb9c	2026-08-16 00:00:00	1_2_1_2_3	存放同业定期款项_公司金融部_3M	\N	\N	\N	2026-08-16 09:55:34
3856	79b68586-529f-4f81-8834-57bd26e8fb9c	2026-08-16 00:00:00	1_2_1_2_4	存放同业定期款项_公司金融部_6M	\N	\N	\N	2026-08-16 09:55:34
3857	79b68586-529f-4f81-8834-57bd26e8fb9c	2026-08-16 00:00:00	1_2_1_2_5	存放同业定期款项_公司金融部_1Y	\N	\N	\N	2026-08-16 09:55:34
3858	79b68586-529f-4f81-8834-57bd26e8fb9c	2026-08-16 00:00:00	1_2_2	拆放同业款项	\N	\N	\N	2026-08-16 09:55:34
3859	79b68586-529f-4f81-8834-57bd26e8fb9c	2026-08-16 00:00:00	1_2_2_1	拆放同业款项_1D	\N	\N	\N	2026-08-16 09:55:34
3860	79b68586-529f-4f81-8834-57bd26e8fb9c	2026-08-16 00:00:00	1_2_2_2	拆放同业款项_1M	\N	\N	\N	2026-08-16 09:55:34
3861	79b68586-529f-4f81-8834-57bd26e8fb9c	2026-08-16 00:00:00	1_2_2_3	拆放同业款项_3M	\N	\N	\N	2026-08-16 09:55:34
3862	79b68586-529f-4f81-8834-57bd26e8fb9c	2026-08-16 00:00:00	1_2_2_4	拆放同业款项_6M	\N	\N	\N	2026-08-16 09:55:34
3863	79b68586-529f-4f81-8834-57bd26e8fb9c	2026-08-16 00:00:00	1_2_2_5	拆放同业款项_1Y	\N	\N	\N	2026-08-16 09:55:34
3864	79b68586-529f-4f81-8834-57bd26e8fb9c	2026-08-16 00:00:00	1_2_3	买入返售	\N	\N	\N	2026-08-16 09:55:34
3865	79b68586-529f-4f81-8834-57bd26e8fb9c	2026-08-16 00:00:00	1_2_3_1	买入返售债券	\N	\N	\N	2026-08-16 09:55:34
3866	79b68586-529f-4f81-8834-57bd26e8fb9c	2026-08-16 00:00:00	1_2_3_1_1	买入返售债券_买断式_1D	\N	\N	\N	2026-08-16 09:55:34
3867	79b68586-529f-4f81-8834-57bd26e8fb9c	2026-08-16 00:00:00	1_2_3_1_2	买入返售债券_买断式_7D	\N	\N	\N	2026-08-16 09:55:34
3868	79b68586-529f-4f81-8834-57bd26e8fb9c	2026-08-16 00:00:00	1_2_3_1_3	买入返售债券_质押式_1D	\N	\N	\N	2026-08-16 09:55:34
3869	79b68586-529f-4f81-8834-57bd26e8fb9c	2026-08-16 00:00:00	1_2_3_1_4	买入返售债券_质押式_7D	\N	\N	\N	2026-08-16 09:55:34
3870	79b68586-529f-4f81-8834-57bd26e8fb9c	2026-08-16 00:00:00	1_2_3_2	买入返售票据	\N	\N	\N	2026-08-16 09:55:34
3871	79b68586-529f-4f81-8834-57bd26e8fb9c	2026-08-16 00:00:00	1_2_3_2_1	买入返售票据_买断式_1D	\N	\N	\N	2026-08-16 09:55:34
3872	79b68586-529f-4f81-8834-57bd26e8fb9c	2026-08-16 00:00:00	1_2_3_2_2	买入返售票据_买断式_7D	\N	\N	\N	2026-08-16 09:55:34
3873	79b68586-529f-4f81-8834-57bd26e8fb9c	2026-08-16 00:00:00	1_2_3_2_3	买入返售票据_质押式_1D	\N	\N	\N	2026-08-16 09:55:34
3874	79b68586-529f-4f81-8834-57bd26e8fb9c	2026-08-16 00:00:00	1_2_3_2_4	买入返售票据_质押式_7D	\N	\N	\N	2026-08-16 09:55:34
3875	79b68586-529f-4f81-8834-57bd26e8fb9c	2026-08-16 00:00:00	1_3	各项投资	\N	\N	\N	2026-08-16 09:55:34
3876	79b68586-529f-4f81-8834-57bd26e8fb9c	2026-08-16 00:00:00	1_3_1	金融市场部投资	\N	\N	\N	2026-08-16 09:55:34
3877	79b68586-529f-4f81-8834-57bd26e8fb9c	2026-08-16 00:00:00	1_3_1_1	金融市场部_交易性金融资产	\N	\N	\N	2026-08-16 09:55:34
3878	79b68586-529f-4f81-8834-57bd26e8fb9c	2026-08-16 00:00:00	1_3_1_1_1	金融市场部_交易性国债投资	\N	\N	\N	2026-08-16 09:55:34
3879	79b68586-529f-4f81-8834-57bd26e8fb9c	2026-08-16 00:00:00	1_3_1_1_1_1	金融市场部_交易性国债投资_司库	\N	\N	\N	2026-08-16 09:55:34
3880	79b68586-529f-4f81-8834-57bd26e8fb9c	2026-08-16 00:00:00	1_3_1_1_1_1_1	金融市场部_交易性国债投资_司库_1Y	\N	\N	\N	2026-08-16 09:55:34
3881	79b68586-529f-4f81-8834-57bd26e8fb9c	2026-08-16 00:00:00	1_3_1_1_1_1_2	金融市场部_交易性国债投资_司库_3Y	\N	\N	\N	2026-08-16 09:55:34
3882	79b68586-529f-4f81-8834-57bd26e8fb9c	2026-08-16 00:00:00	1_3_1_1_1_1_3	金融市场部_交易性国债投资_司库_5Y	\N	\N	\N	2026-08-16 09:55:34
3883	79b68586-529f-4f81-8834-57bd26e8fb9c	2026-08-16 00:00:00	1_3_1_1_1_1_4	金融市场部_交易性国债投资_司库_10Y	\N	\N	\N	2026-08-16 09:55:34
3884	79b68586-529f-4f81-8834-57bd26e8fb9c	2026-08-16 00:00:00	1_3_1_1_1_2	金融市场部_交易性国债投资_非司库	\N	\N	\N	2026-08-16 09:55:34
3885	79b68586-529f-4f81-8834-57bd26e8fb9c	2026-08-16 00:00:00	1_3_1_1_1_2_1	金融市场部_交易性国债投资_非司库_交易账户	\N	\N	\N	2026-08-16 09:55:34
3886	79b68586-529f-4f81-8834-57bd26e8fb9c	2026-08-16 00:00:00	1_3_1_1_1_2_1_1	金融市场部_交易性国债投资_非司库_交易账户_1Y	\N	\N	\N	2026-08-16 09:55:34
3887	79b68586-529f-4f81-8834-57bd26e8fb9c	2026-08-16 00:00:00	1_3_1_1_1_2_1_2	金融市场部_交易性国债投资_非司库_交易账户_3Y	\N	\N	\N	2026-08-16 09:55:34
3888	79b68586-529f-4f81-8834-57bd26e8fb9c	2026-08-16 00:00:00	1_3_1_1_1_2_1_3	金融市场部_交易性国债投资_非司库_交易账户_5Y	\N	\N	\N	2026-08-16 09:55:34
3889	79b68586-529f-4f81-8834-57bd26e8fb9c	2026-08-16 00:00:00	1_3_1_1_1_2_1_4	金融市场部_交易性国债投资_非司库_交易账户_10Y	\N	\N	\N	2026-08-16 09:55:34
3890	79b68586-529f-4f81-8834-57bd26e8fb9c	2026-08-16 00:00:00	1_3_1_1_1_2_2	金融市场部_交易性国债投资_非司库_银行账户	\N	\N	\N	2026-08-16 09:55:34
3891	79b68586-529f-4f81-8834-57bd26e8fb9c	2026-08-16 00:00:00	1_3_1_1_1_2_2_1	金融市场部_交易性国债投资_非司库_银行账户_1Y	\N	\N	\N	2026-08-16 09:55:34
3892	79b68586-529f-4f81-8834-57bd26e8fb9c	2026-08-16 00:00:00	1_3_1_1_1_2_2_2	金融市场部_交易性国债投资_非司库_银行账户_3Y	\N	\N	\N	2026-08-16 09:55:34
3893	79b68586-529f-4f81-8834-57bd26e8fb9c	2026-08-16 00:00:00	1_3_1_1_1_2_2_3	金融市场部_交易性国债投资_非司库_银行账户_5Y	\N	\N	\N	2026-08-16 09:55:34
3894	79b68586-529f-4f81-8834-57bd26e8fb9c	2026-08-16 00:00:00	1_3_1_1_1_2_2_4	金融市场部_交易性国债投资_非司库_银行账户_10Y	\N	\N	\N	2026-08-16 09:55:34
3895	79b68586-529f-4f81-8834-57bd26e8fb9c	2026-08-16 00:00:00	1_3_1_1_2	金融市场部_交易性央票投资	\N	\N	\N	2026-08-16 09:55:34
3896	79b68586-529f-4f81-8834-57bd26e8fb9c	2026-08-16 00:00:00	1_3_1_1_2_1	金融市场部_交易性央票投资_司库	\N	\N	\N	2026-08-16 09:55:34
3897	79b68586-529f-4f81-8834-57bd26e8fb9c	2026-08-16 00:00:00	1_3_1_1_2_1_1	金融市场部_交易性央票投资_司库_1Y	\N	\N	\N	2026-08-16 09:55:34
3898	79b68586-529f-4f81-8834-57bd26e8fb9c	2026-08-16 00:00:00	1_3_1_1_2_1_2	金融市场部_交易性央票投资_司库_3Y	\N	\N	\N	2026-08-16 09:55:34
3899	79b68586-529f-4f81-8834-57bd26e8fb9c	2026-08-16 00:00:00	1_3_1_1_2_1_3	金融市场部_交易性央票投资_司库_5Y	\N	\N	\N	2026-08-16 09:55:34
3900	79b68586-529f-4f81-8834-57bd26e8fb9c	2026-08-16 00:00:00	1_3_1_1_2_1_4	金融市场部_交易性央票投资_司库_10Y	\N	\N	\N	2026-08-16 09:55:34
3901	79b68586-529f-4f81-8834-57bd26e8fb9c	2026-08-16 00:00:00	1_3_1_1_2_2	金融市场部_交易性央票投资_非司库	\N	\N	\N	2026-08-16 09:55:34
3902	79b68586-529f-4f81-8834-57bd26e8fb9c	2026-08-16 00:00:00	1_3_1_1_2_2_1	金融市场部_交易性央票投资_非司库_交易账户	\N	\N	\N	2026-08-16 09:55:34
3903	79b68586-529f-4f81-8834-57bd26e8fb9c	2026-08-16 00:00:00	1_3_1_1_2_2_1_1	金融市场部_交易性央票投资_非司库_交易账户_1Y	\N	\N	\N	2026-08-16 09:55:34
3904	79b68586-529f-4f81-8834-57bd26e8fb9c	2026-08-16 00:00:00	1_3_1_1_2_2_1_2	金融市场部_交易性央票投资_非司库_交易账户_3Y	\N	\N	\N	2026-08-16 09:55:34
3905	79b68586-529f-4f81-8834-57bd26e8fb9c	2026-08-16 00:00:00	1_3_1_1_2_2_1_3	金融市场部_交易性央票投资_非司库_交易账户_5Y	\N	\N	\N	2026-08-16 09:55:34
3906	79b68586-529f-4f81-8834-57bd26e8fb9c	2026-08-16 00:00:00	1_3_1_1_2_2_1_4	金融市场部_交易性央票投资_非司库_交易账户_10Y	\N	\N	\N	2026-08-16 09:55:34
3907	79b68586-529f-4f81-8834-57bd26e8fb9c	2026-08-16 00:00:00	1_3_1_1_2_2_2	金融市场部_交易性央票投资_非司库_银行账户	\N	\N	\N	2026-08-16 09:55:34
3908	79b68586-529f-4f81-8834-57bd26e8fb9c	2026-08-16 00:00:00	1_3_1_1_2_2_2_1	金融市场部_交易性央票投资_非司库_银行账户_1Y	\N	\N	\N	2026-08-16 09:55:34
3909	79b68586-529f-4f81-8834-57bd26e8fb9c	2026-08-16 00:00:00	1_3_1_1_2_2_2_2	金融市场部_交易性央票投资_非司库_银行账户_3Y	\N	\N	\N	2026-08-16 09:55:34
3910	79b68586-529f-4f81-8834-57bd26e8fb9c	2026-08-16 00:00:00	1_3_1_1_2_2_2_3	金融市场部_交易性央票投资_非司库_银行账户_5Y	\N	\N	\N	2026-08-16 09:55:34
3911	79b68586-529f-4f81-8834-57bd26e8fb9c	2026-08-16 00:00:00	1_3_1_1_2_2_2_4	金融市场部_交易性央票投资_非司库_银行账户_10Y	\N	\N	\N	2026-08-16 09:55:34
3912	79b68586-529f-4f81-8834-57bd26e8fb9c	2026-08-16 00:00:00	1_3_1_1_3	金融市场部_交易性地方政府债投资	\N	\N	\N	2026-08-16 09:55:34
3913	79b68586-529f-4f81-8834-57bd26e8fb9c	2026-08-16 00:00:00	1_3_1_1_3_1	金融市场部_交易性地方政府债投资_司库	\N	\N	\N	2026-08-16 09:55:34
3914	79b68586-529f-4f81-8834-57bd26e8fb9c	2026-08-16 00:00:00	1_3_1_1_3_1_1	金融市场部_交易性地方政府债投资_司库_1Y	\N	\N	\N	2026-08-16 09:55:34
3915	79b68586-529f-4f81-8834-57bd26e8fb9c	2026-08-16 00:00:00	1_3_1_1_3_1_2	金融市场部_交易性地方政府债投资_司库_3Y	\N	\N	\N	2026-08-16 09:55:34
3916	79b68586-529f-4f81-8834-57bd26e8fb9c	2026-08-16 00:00:00	1_3_1_1_3_1_3	金融市场部_交易性地方政府债投资_司库_5Y	\N	\N	\N	2026-08-16 09:55:34
3917	79b68586-529f-4f81-8834-57bd26e8fb9c	2026-08-16 00:00:00	1_3_1_1_3_1_4	金融市场部_交易性地方政府债投资_司库_10Y	\N	\N	\N	2026-08-16 09:55:34
3918	79b68586-529f-4f81-8834-57bd26e8fb9c	2026-08-16 00:00:00	1_3_1_1_3_2	金融市场部_交易性地方政府债投资_非司库	\N	\N	\N	2026-08-16 09:55:34
3919	79b68586-529f-4f81-8834-57bd26e8fb9c	2026-08-16 00:00:00	1_3_1_1_3_2_1	金融市场部_交易性地方政府债投资_非司库_交易账户	\N	\N	\N	2026-08-16 09:55:34
3920	79b68586-529f-4f81-8834-57bd26e8fb9c	2026-08-16 00:00:00	1_3_1_1_3_2_1_1	金融市场部_交易性地方政府债投资_非司库_交易账户_1Y	\N	\N	\N	2026-08-16 09:55:34
3921	79b68586-529f-4f81-8834-57bd26e8fb9c	2026-08-16 00:00:00	1_3_1_1_3_2_1_2	金融市场部_交易性地方政府债投资_非司库_交易账户_3Y	\N	\N	\N	2026-08-16 09:55:34
3922	79b68586-529f-4f81-8834-57bd26e8fb9c	2026-08-16 00:00:00	1_3_1_1_3_2_1_3	金融市场部_交易性地方政府债投资_非司库_交易账户_5Y	\N	\N	\N	2026-08-16 09:55:34
3923	79b68586-529f-4f81-8834-57bd26e8fb9c	2026-08-16 00:00:00	1_3_1_1_3_2_1_4	金融市场部_交易性地方政府债投资_非司库_交易账户_10Y	\N	\N	\N	2026-08-16 09:55:34
3924	79b68586-529f-4f81-8834-57bd26e8fb9c	2026-08-16 00:00:00	1_3_1_1_3_2_2	金融市场部_交易性地方政府债投资_非司库_银行账户	\N	\N	\N	2026-08-16 09:55:34
3925	79b68586-529f-4f81-8834-57bd26e8fb9c	2026-08-16 00:00:00	1_3_1_1_3_2_2_1	金融市场部_交易性地方政府债投资_非司库_银行账户_1Y	\N	\N	\N	2026-08-16 09:55:34
3926	79b68586-529f-4f81-8834-57bd26e8fb9c	2026-08-16 00:00:00	1_3_1_1_3_2_2_2	金融市场部_交易性地方政府债投资_非司库_银行账户_3Y	\N	\N	\N	2026-08-16 09:55:34
3927	79b68586-529f-4f81-8834-57bd26e8fb9c	2026-08-16 00:00:00	1_3_1_1_3_2_2_3	金融市场部_交易性地方政府债投资_非司库_银行账户_5Y	\N	\N	\N	2026-08-16 09:55:34
3928	79b68586-529f-4f81-8834-57bd26e8fb9c	2026-08-16 00:00:00	1_3_1_1_3_2_2_4	金融市场部_交易性地方政府债投资_非司库_银行账户_10Y	\N	\N	\N	2026-08-16 09:55:34
3929	79b68586-529f-4f81-8834-57bd26e8fb9c	2026-08-16 00:00:00	1_3_1_1_4	金融市场部_交易性政策性金融债投资	\N	\N	\N	2026-08-16 09:55:34
3930	79b68586-529f-4f81-8834-57bd26e8fb9c	2026-08-16 00:00:00	1_3_1_1_4_1	金融市场部_交易性政策性金融债投资_司库	\N	\N	\N	2026-08-16 09:55:34
3931	79b68586-529f-4f81-8834-57bd26e8fb9c	2026-08-16 00:00:00	1_3_1_1_4_1_1	金融市场部_交易性政策性金融债投资_ 司库_1Y	\N	\N	\N	2026-08-16 09:55:34
3932	79b68586-529f-4f81-8834-57bd26e8fb9c	2026-08-16 00:00:00	1_3_1_1_4_1_2	金融市场部_交易性政策性金融债投资_ 司库_3Y	\N	\N	\N	2026-08-16 09:55:34
3933	79b68586-529f-4f81-8834-57bd26e8fb9c	2026-08-16 00:00:00	1_3_1_1_4_1_3	金融市场部_交易性政策性金融债投资_ 司库_5Y	\N	\N	\N	2026-08-16 09:55:34
3934	79b68586-529f-4f81-8834-57bd26e8fb9c	2026-08-16 00:00:00	1_3_1_1_4_1_4	金融市场部_交易性政策性金融债投资_ 司库_10Y	\N	\N	\N	2026-08-16 09:55:34
3935	79b68586-529f-4f81-8834-57bd26e8fb9c	2026-08-16 00:00:00	1_3_1_1_4_2	金融市场部_交易性政策性金融债投资_非司库	\N	\N	\N	2026-08-16 09:55:34
3936	79b68586-529f-4f81-8834-57bd26e8fb9c	2026-08-16 00:00:00	1_3_1_1_4_2_1	金融市场部_交易性政策性金融债投资_非司库_交易账户	\N	\N	\N	2026-08-16 09:55:34
3937	79b68586-529f-4f81-8834-57bd26e8fb9c	2026-08-16 00:00:00	1_3_1_1_4_2_1_1	金融市场部_交易性政策性金融债投资_非司库_交易账户_1Y	\N	\N	\N	2026-08-16 09:55:34
3938	79b68586-529f-4f81-8834-57bd26e8fb9c	2026-08-16 00:00:00	1_3_1_1_4_2_1_2	金融市场部_交易性政策性金融债投资_非司库_交易账户_3Y	\N	\N	\N	2026-08-16 09:55:34
3939	79b68586-529f-4f81-8834-57bd26e8fb9c	2026-08-16 00:00:00	1_3_1_1_4_2_1_3	金融市场部_交易性政策性金融债投资_非司库_交易账户_5Y	\N	\N	\N	2026-08-16 09:55:34
3940	79b68586-529f-4f81-8834-57bd26e8fb9c	2026-08-16 00:00:00	1_3_1_1_4_2_1_4	金融市场部_交易性政策性金融债投资_非司库_交易账户_10Y	\N	\N	\N	2026-08-16 09:55:34
3941	79b68586-529f-4f81-8834-57bd26e8fb9c	2026-08-16 00:00:00	1_3_1_1_4_2_2	金融市场部_交易性政策性金融债投资_非司库_银行账户	\N	\N	\N	2026-08-16 09:55:34
3942	79b68586-529f-4f81-8834-57bd26e8fb9c	2026-08-16 00:00:00	1_3_1_1_4_2_2_1	金融市场部_交易性政策性金融债投资_非司库_银行账户_1Y	\N	\N	\N	2026-08-16 09:55:34
3943	79b68586-529f-4f81-8834-57bd26e8fb9c	2026-08-16 00:00:00	1_3_1_1_4_2_2_2	金融市场部_交易性政策性金融债投资_非司库_银行账户_3Y	\N	\N	\N	2026-08-16 09:55:34
3944	79b68586-529f-4f81-8834-57bd26e8fb9c	2026-08-16 00:00:00	1_3_1_1_4_2_2_3	金融市场部_交易性政策性金融债投资_非司库_银行账户_5Y	\N	\N	\N	2026-08-16 09:55:34
3945	79b68586-529f-4f81-8834-57bd26e8fb9c	2026-08-16 00:00:00	1_3_1_1_4_2_2_4	金融市场部_交易性政策性金融债投资_非司库_银行账户_10Y	\N	\N	\N	2026-08-16 09:55:34
3946	79b68586-529f-4f81-8834-57bd26e8fb9c	2026-08-16 00:00:00	1_3_1_1_5	金融市场部_交易性商业银行债投资	\N	\N	\N	2026-08-16 09:55:34
3947	79b68586-529f-4f81-8834-57bd26e8fb9c	2026-08-16 00:00:00	1_3_1_1_5_1	金融市场部_交易性商业银行债投资_司库	\N	\N	\N	2026-08-16 09:55:34
3948	79b68586-529f-4f81-8834-57bd26e8fb9c	2026-08-16 00:00:00	1_3_1_1_5_1_1	金融市场部_交易性商业银行债投资_司库_1Y	\N	\N	\N	2026-08-16 09:55:34
3949	79b68586-529f-4f81-8834-57bd26e8fb9c	2026-08-16 00:00:00	1_3_1_1_5_1_2	金融市场部_交易性商业银行债投资_司库_3Y	\N	\N	\N	2026-08-16 09:55:34
3950	79b68586-529f-4f81-8834-57bd26e8fb9c	2026-08-16 00:00:00	1_3_1_1_5_1_3	金融市场部_交易性商业银行债投资_司库_5Y	\N	\N	\N	2026-08-16 09:55:34
3951	79b68586-529f-4f81-8834-57bd26e8fb9c	2026-08-16 00:00:00	1_3_1_1_5_1_4	金融市场部_交易性商业银行债投资_司库_10Y	\N	\N	\N	2026-08-16 09:55:34
3952	79b68586-529f-4f81-8834-57bd26e8fb9c	2026-08-16 00:00:00	1_3_1_1_5_2	金融市场部_交易性商业银行债投资_非司库	\N	\N	\N	2026-08-16 09:55:34
3953	79b68586-529f-4f81-8834-57bd26e8fb9c	2026-08-16 00:00:00	1_3_1_1_5_2_1	金融市场部_交易性商业银行债投资_非司库_交易账户	\N	\N	\N	2026-08-16 09:55:34
3954	79b68586-529f-4f81-8834-57bd26e8fb9c	2026-08-16 00:00:00	1_3_1_1_5_2_1_1	金融市场部_交易性商业银行债投资_非司库_交易账户_1Y	\N	\N	\N	2026-08-16 09:55:34
3955	79b68586-529f-4f81-8834-57bd26e8fb9c	2026-08-16 00:00:00	1_3_1_1_5_2_1_2	金融市场部_交易性商业银行债投资_非司库_交易账户_3Y	\N	\N	\N	2026-08-16 09:55:34
3956	79b68586-529f-4f81-8834-57bd26e8fb9c	2026-08-16 00:00:00	1_3_1_1_5_2_1_3	金融市场部_交易性商业银行债投资_非司库_交易账户_5Y	\N	\N	\N	2026-08-16 09:55:34
3957	79b68586-529f-4f81-8834-57bd26e8fb9c	2026-08-16 00:00:00	1_3_1_1_5_2_1_4	金融市场部_交易性商业银行债投资_非司库_交易账户_10Y	\N	\N	\N	2026-08-16 09:55:34
3958	79b68586-529f-4f81-8834-57bd26e8fb9c	2026-08-16 00:00:00	1_3_1_1_5_2_2	金融市场部_交易性商业银行债投资_非司库_银行账户	\N	\N	\N	2026-08-16 09:55:34
3959	79b68586-529f-4f81-8834-57bd26e8fb9c	2026-08-16 00:00:00	1_3_1_1_5_2_2_1	金融市场部_交易性商业银行债投资_非司库_银行账户_1Y	\N	\N	\N	2026-08-16 09:55:34
3960	79b68586-529f-4f81-8834-57bd26e8fb9c	2026-08-16 00:00:00	1_3_1_1_5_2_2_2	金融市场部_交易性商业银行债投资_非司库_银行账户_3Y	\N	\N	\N	2026-08-16 09:55:34
3961	79b68586-529f-4f81-8834-57bd26e8fb9c	2026-08-16 00:00:00	1_3_1_1_5_2_2_3	金融市场部_交易性商业银行债投资_非司库_银行账户_5Y	\N	\N	\N	2026-08-16 09:55:34
3962	79b68586-529f-4f81-8834-57bd26e8fb9c	2026-08-16 00:00:00	1_3_1_1_5_2_2_4	金融市场部_交易性商业银行债投资_非司库_银行账户_10Y	\N	\N	\N	2026-08-16 09:55:34
3963	79b68586-529f-4f81-8834-57bd26e8fb9c	2026-08-16 00:00:00	1_3_1_1_6	金融市场部_交易性金融机构债投资	\N	\N	\N	2026-08-16 09:55:34
3964	79b68586-529f-4f81-8834-57bd26e8fb9c	2026-08-16 00:00:00	1_3_1_1_6_1	金融市场部_交易性金融机构债投资_非司库	\N	\N	\N	2026-08-16 09:55:34
3965	79b68586-529f-4f81-8834-57bd26e8fb9c	2026-08-16 00:00:00	1_3_1_1_6_1_1	金融市场部_交易性金融机构债投资_非司库_交易账户	\N	\N	\N	2026-08-16 09:55:34
3966	79b68586-529f-4f81-8834-57bd26e8fb9c	2026-08-16 00:00:00	1_3_1_1_6_1_1_1	金融市场部_交易性金融机构债投资_非司库_交易账户_1Y	\N	\N	\N	2026-08-16 09:55:34
3967	79b68586-529f-4f81-8834-57bd26e8fb9c	2026-08-16 00:00:00	1_3_1_1_6_1_1_2	金融市场部_交易性金融机构债投资_非司库_交易账户_3Y	\N	\N	\N	2026-08-16 09:55:34
3968	79b68586-529f-4f81-8834-57bd26e8fb9c	2026-08-16 00:00:00	1_3_1_1_6_1_1_3	金融市场部_交易性金融机构债投资_非司库_交易账户_5Y	\N	\N	\N	2026-08-16 09:55:34
3969	79b68586-529f-4f81-8834-57bd26e8fb9c	2026-08-16 00:00:00	1_3_1_1_6_1_1_4	金融市场部_交易性金融机构债投资_非司库_交易账户_10Y	\N	\N	\N	2026-08-16 09:55:34
3970	79b68586-529f-4f81-8834-57bd26e8fb9c	2026-08-16 00:00:00	1_3_1_1_6_1_2	金融市场部_交易性金融机构债投资_非司库_银行账户	\N	\N	\N	2026-08-16 09:55:34
3971	79b68586-529f-4f81-8834-57bd26e8fb9c	2026-08-16 00:00:00	1_3_1_1_6_1_2_1	金融市场部_交易性金融机构债投资_非司库_银行账户_1Y	\N	\N	\N	2026-08-16 09:55:34
3972	79b68586-529f-4f81-8834-57bd26e8fb9c	2026-08-16 00:00:00	1_3_1_1_6_1_2_2	金融市场部_交易性金融机构债投资_非司库_银行账户_3Y	\N	\N	\N	2026-08-16 09:55:34
3973	79b68586-529f-4f81-8834-57bd26e8fb9c	2026-08-16 00:00:00	1_3_1_1_6_1_2_3	金融市场部_交易性金融机构债投资_非司库_银行账户_5Y	\N	\N	\N	2026-08-16 09:55:34
3974	79b68586-529f-4f81-8834-57bd26e8fb9c	2026-08-16 00:00:00	1_3_1_1_6_1_2_4	金融市场部_交易性金融机构债投资_非司库_银行账户_10Y	\N	\N	\N	2026-08-16 09:55:34
3975	79b68586-529f-4f81-8834-57bd26e8fb9c	2026-08-16 00:00:00	1_3_1_1_7	金融市场部_交易性公司债投资	\N	\N	\N	2026-08-16 09:55:34
3976	79b68586-529f-4f81-8834-57bd26e8fb9c	2026-08-16 00:00:00	1_3_1_1_7_1	金融市场部_交易性公司债投资_非司库	\N	\N	\N	2026-08-16 09:55:34
3977	79b68586-529f-4f81-8834-57bd26e8fb9c	2026-08-16 00:00:00	1_3_1_1_7_1_1	金融市场部_交易性公司债投资_非司库_交易账户	\N	\N	\N	2026-08-16 09:55:34
3978	79b68586-529f-4f81-8834-57bd26e8fb9c	2026-08-16 00:00:00	1_3_1_1_7_1_1_1	金融市场部_交易性公司债投资_非司库_交易账户_1Y	\N	\N	\N	2026-08-16 09:55:34
3979	79b68586-529f-4f81-8834-57bd26e8fb9c	2026-08-16 00:00:00	1_3_1_1_7_1_1_2	金融市场部_交易性公司债投资_非司库_交易账户_3Y	\N	\N	\N	2026-08-16 09:55:34
3980	79b68586-529f-4f81-8834-57bd26e8fb9c	2026-08-16 00:00:00	1_3_1_1_7_1_1_3	金融市场部_交易性公司债投资_非司库_交易账户_5Y	\N	\N	\N	2026-08-16 09:55:34
3981	79b68586-529f-4f81-8834-57bd26e8fb9c	2026-08-16 00:00:00	1_3_1_1_7_1_1_4	金融市场部_交易性公司债投资_非司库_交易账户_10Y	\N	\N	\N	2026-08-16 09:55:34
3982	79b68586-529f-4f81-8834-57bd26e8fb9c	2026-08-16 00:00:00	1_3_1_1_7_1_2	金融市场部_交易性公司债投资_非司库_银行账户	\N	\N	\N	2026-08-16 09:55:34
3983	79b68586-529f-4f81-8834-57bd26e8fb9c	2026-08-16 00:00:00	1_3_1_1_7_1_2_1	金融市场部_交易性公司债投资_非司库_银行账户_1Y	\N	\N	\N	2026-08-16 09:55:34
3984	79b68586-529f-4f81-8834-57bd26e8fb9c	2026-08-16 00:00:00	1_3_1_1_7_1_2_2	金融市场部_交易性公司债投资_非司库_银行账户_3Y	\N	\N	\N	2026-08-16 09:55:34
3985	79b68586-529f-4f81-8834-57bd26e8fb9c	2026-08-16 00:00:00	1_3_1_1_7_1_2_3	金融市场部_交易性公司债投资_非司库_银行账户_5Y	\N	\N	\N	2026-08-16 09:55:34
3986	79b68586-529f-4f81-8834-57bd26e8fb9c	2026-08-16 00:00:00	1_3_1_1_7_1_2_4	金融市场部_交易性公司债投资_非司库_银行账户_10Y	\N	\N	\N	2026-08-16 09:55:34
3987	79b68586-529f-4f81-8834-57bd26e8fb9c	2026-08-16 00:00:00	1_3_1_1_8	金融市场部_交易性同业存单投资	\N	\N	\N	2026-08-16 09:55:34
3988	79b68586-529f-4f81-8834-57bd26e8fb9c	2026-08-16 00:00:00	1_3_1_1_8_1	金融市场部_交易性同业存单投资_非司库	\N	\N	\N	2026-08-16 09:55:34
3989	79b68586-529f-4f81-8834-57bd26e8fb9c	2026-08-16 00:00:00	1_3_1_1_8_1_1	金融市场部_交易性同业存单投资_非司库_交易账户	\N	\N	\N	2026-08-16 09:55:34
3990	79b68586-529f-4f81-8834-57bd26e8fb9c	2026-08-16 00:00:00	1_3_1_1_8_1_1_1	金融市场部_交易性同业存单投资_非司库_交易账户_1M	\N	\N	\N	2026-08-16 09:55:34
3991	79b68586-529f-4f81-8834-57bd26e8fb9c	2026-08-16 00:00:00	1_3_1_1_8_1_1_2	金融市场部_交易性同业存单投资_非司库_交易账户_3M	\N	\N	\N	2026-08-16 09:55:34
3992	79b68586-529f-4f81-8834-57bd26e8fb9c	2026-08-16 00:00:00	1_3_1_1_8_1_1_3	金融市场部_交易性同业存单投资_非司库_交易账户_6M	\N	\N	\N	2026-08-16 09:55:34
3993	79b68586-529f-4f81-8834-57bd26e8fb9c	2026-08-16 00:00:00	1_3_1_1_8_1_1_4	金融市场部_交易性同业存单投资_非司库_交易账户_1Y	\N	\N	\N	2026-08-16 09:55:34
3994	79b68586-529f-4f81-8834-57bd26e8fb9c	2026-08-16 00:00:00	1_3_1_1_8_1_2	金融市场部_交易性同业存单投资_非司库_银行账户	\N	\N	\N	2026-08-16 09:55:34
3995	79b68586-529f-4f81-8834-57bd26e8fb9c	2026-08-16 00:00:00	1_3_1_1_8_1_2_1	金融市场部_交易性同业存单投资_非司库_银行账户_1M	\N	\N	\N	2026-08-16 09:55:34
3996	79b68586-529f-4f81-8834-57bd26e8fb9c	2026-08-16 00:00:00	1_3_1_1_8_1_2_2	金融市场部_交易性同业存单投资_非司库_银行账户_3M	\N	\N	\N	2026-08-16 09:55:34
3997	79b68586-529f-4f81-8834-57bd26e8fb9c	2026-08-16 00:00:00	1_3_1_1_8_1_2_3	金融市场部_交易性同业存单投资_非司库_银行账户_6M	\N	\N	\N	2026-08-16 09:55:34
3998	79b68586-529f-4f81-8834-57bd26e8fb9c	2026-08-16 00:00:00	1_3_1_1_8_1_2_4	金融市场部_交易性同业存单投资_非司库_银行账户_1Y	\N	\N	\N	2026-08-16 09:55:34
3999	79b68586-529f-4f81-8834-57bd26e8fb9c	2026-08-16 00:00:00	1_3_1_1_9	金融市场部_交易性金融资产_其他	\N	\N	\N	2026-08-16 09:55:34
4000	79b68586-529f-4f81-8834-57bd26e8fb9c	2026-08-16 00:00:00	1_3_1_1_9_1	金融市场部_交易性金融资产_其他_非司库	\N	\N	\N	2026-08-16 09:55:34
4001	79b68586-529f-4f81-8834-57bd26e8fb9c	2026-08-16 00:00:00	1_3_1_1_9_1_1	金融市场部_交易性金融资产_其他_非司库_交易账户	\N	\N	\N	2026-08-16 09:55:34
4002	79b68586-529f-4f81-8834-57bd26e8fb9c	2026-08-16 00:00:00	1_3_1_1_9_1_1_1	金融市场部_交易性金融资产_其他_非司库_交易账户_1Y	\N	\N	\N	2026-08-16 09:55:34
4003	79b68586-529f-4f81-8834-57bd26e8fb9c	2026-08-16 00:00:00	1_3_1_1_9_1_1_2	金融市场部_交易性金融资产_其他_非司库_交易账户_3Y	\N	\N	\N	2026-08-16 09:55:34
4004	79b68586-529f-4f81-8834-57bd26e8fb9c	2026-08-16 00:00:00	1_3_1_1_9_1_1_3	金融市场部_交易性金融资产_其他_非司库_交易账户_5Y	\N	\N	\N	2026-08-16 09:55:34
4005	79b68586-529f-4f81-8834-57bd26e8fb9c	2026-08-16 00:00:00	1_3_1_1_9_1_2	金融市场部_交易性金融资产_其他_非司库_银行账户	\N	\N	\N	2026-08-16 09:55:34
4006	79b68586-529f-4f81-8834-57bd26e8fb9c	2026-08-16 00:00:00	1_3_1_1_9_1_2_1	金融市场部_交易性金融资产_其他_非司库_银行账户_1Y	\N	\N	\N	2026-08-16 09:55:34
4007	79b68586-529f-4f81-8834-57bd26e8fb9c	2026-08-16 00:00:00	1_3_1_1_9_1_2_2	金融市场部_交易性金融资产_其他_非司库_银行账户_3Y	\N	\N	\N	2026-08-16 09:55:34
4008	79b68586-529f-4f81-8834-57bd26e8fb9c	2026-08-16 00:00:00	1_3_1_1_9_1_2_3	金融市场部_交易性金融资产_其他_非司库_银行账户_5Y	\N	\N	\N	2026-08-16 09:55:34
4009	79b68586-529f-4f81-8834-57bd26e8fb9c	2026-08-16 00:00:00	1_3_1_2	金融市场部_其他债权投资	\N	\N	\N	2026-08-16 09:55:34
4010	79b68586-529f-4f81-8834-57bd26e8fb9c	2026-08-16 00:00:00	1_3_1_2_1	金融市场部_其他债权投资_国债	\N	\N	\N	2026-08-16 09:55:34
4011	79b68586-529f-4f81-8834-57bd26e8fb9c	2026-08-16 00:00:00	1_3_1_2_1_1	金融市场部_其他债权投资_国债_司库	\N	\N	\N	2026-08-16 09:55:34
4012	79b68586-529f-4f81-8834-57bd26e8fb9c	2026-08-16 00:00:00	1_3_1_2_1_1_1	金融市场部_其他债权投资_国债_司库_1Y	\N	\N	\N	2026-08-16 09:55:34
4013	79b68586-529f-4f81-8834-57bd26e8fb9c	2026-08-16 00:00:00	1_3_1_2_1_1_2	金融市场部_其他债权投资_国债_司库_3Y	\N	\N	\N	2026-08-16 09:55:34
4014	79b68586-529f-4f81-8834-57bd26e8fb9c	2026-08-16 00:00:00	1_3_1_2_1_1_3	金融市场部_其他债权投资_国债_司库_5Y	\N	\N	\N	2026-08-16 09:55:34
4015	79b68586-529f-4f81-8834-57bd26e8fb9c	2026-08-16 00:00:00	1_3_1_2_1_1_4	金融市场部_其他债权投资_国债_司库_10Y	\N	\N	\N	2026-08-16 09:55:34
4016	79b68586-529f-4f81-8834-57bd26e8fb9c	2026-08-16 00:00:00	1_3_1_2_1_2	金融市场部_其他债权投资_国债_非司库	\N	\N	\N	2026-08-16 09:55:34
4017	79b68586-529f-4f81-8834-57bd26e8fb9c	2026-08-16 00:00:00	1_3_1_2_1_2_1	金融市场部_其他债权投资_国债_非司库_1Y	\N	\N	\N	2026-08-16 09:55:34
4018	79b68586-529f-4f81-8834-57bd26e8fb9c	2026-08-16 00:00:00	1_3_1_2_1_2_2	金融市场部_其他债权投资_国债_非司库_3Y	\N	\N	\N	2026-08-16 09:55:34
4019	79b68586-529f-4f81-8834-57bd26e8fb9c	2026-08-16 00:00:00	1_3_1_2_1_2_3	金融市场部_其他债权投资_国债_非司库_5Y	\N	\N	\N	2026-08-16 09:55:34
4020	79b68586-529f-4f81-8834-57bd26e8fb9c	2026-08-16 00:00:00	1_3_1_2_1_2_4	金融市场部_其他债权投资_国债_非司库_10Y	\N	\N	\N	2026-08-16 09:55:34
4021	79b68586-529f-4f81-8834-57bd26e8fb9c	2026-08-16 00:00:00	1_3_1_2_2	金融市场部_其他债权投资_央票	\N	\N	\N	2026-08-16 09:55:34
4022	79b68586-529f-4f81-8834-57bd26e8fb9c	2026-08-16 00:00:00	1_3_1_2_2_1	金融市场部_其他债权投资_央票_司库	\N	\N	\N	2026-08-16 09:55:34
4023	79b68586-529f-4f81-8834-57bd26e8fb9c	2026-08-16 00:00:00	1_3_1_2_2_1_1	金融市场部_其他债权投资_央票_司库_1Y	\N	\N	\N	2026-08-16 09:55:34
4024	79b68586-529f-4f81-8834-57bd26e8fb9c	2026-08-16 00:00:00	1_3_1_2_2_1_2	金融市场部_其他债权投资_央票_司库_3Y	\N	\N	\N	2026-08-16 09:55:34
4025	79b68586-529f-4f81-8834-57bd26e8fb9c	2026-08-16 00:00:00	1_3_1_2_2_1_3	金融市场部_其他债权投资_央票_司库_5Y	\N	\N	\N	2026-08-16 09:55:34
4026	79b68586-529f-4f81-8834-57bd26e8fb9c	2026-08-16 00:00:00	1_3_1_2_2_1_4	金融市场部_其他债权投资_央票_司库_10Y	\N	\N	\N	2026-08-16 09:55:34
4027	79b68586-529f-4f81-8834-57bd26e8fb9c	2026-08-16 00:00:00	1_3_1_2_2_2	金融市场部_其他债权投资_央票_非司库	\N	\N	\N	2026-08-16 09:55:34
4028	79b68586-529f-4f81-8834-57bd26e8fb9c	2026-08-16 00:00:00	1_3_1_2_2_2_1	金融市场部_其他债权投资_央票_非司库_1Y	\N	\N	\N	2026-08-16 09:55:34
4029	79b68586-529f-4f81-8834-57bd26e8fb9c	2026-08-16 00:00:00	1_3_1_2_2_2_2	金融市场部_其他债权投资_央票_非司库_3Y	\N	\N	\N	2026-08-16 09:55:34
4030	79b68586-529f-4f81-8834-57bd26e8fb9c	2026-08-16 00:00:00	1_3_1_2_2_2_3	金融市场部_其他债权投资_央票_非司库_5Y	\N	\N	\N	2026-08-16 09:55:34
4031	79b68586-529f-4f81-8834-57bd26e8fb9c	2026-08-16 00:00:00	1_3_1_2_2_2_4	金融市场部_其他债权投资_央票_非司库_10Y	\N	\N	\N	2026-08-16 09:55:34
4032	79b68586-529f-4f81-8834-57bd26e8fb9c	2026-08-16 00:00:00	1_3_1_2_3	金融市场部_其他债权投资_地方政府债	\N	\N	\N	2026-08-16 09:55:34
4033	79b68586-529f-4f81-8834-57bd26e8fb9c	2026-08-16 00:00:00	1_3_1_2_3_1	金融市场部_其他债权投资_地方政府债_司库	\N	\N	\N	2026-08-16 09:55:34
4034	79b68586-529f-4f81-8834-57bd26e8fb9c	2026-08-16 00:00:00	1_3_1_2_3_1_1	金融市场部_其他债权投资_地方政府债_司库_1Y	\N	\N	\N	2026-08-16 09:55:34
4035	79b68586-529f-4f81-8834-57bd26e8fb9c	2026-08-16 00:00:00	1_3_1_2_3_1_2	金融市场部_其他债权投资_地方政府债_司库_3Y	\N	\N	\N	2026-08-16 09:55:34
4036	79b68586-529f-4f81-8834-57bd26e8fb9c	2026-08-16 00:00:00	1_3_1_2_3_1_3	金融市场部_其他债权投资_地方政府债_司库_5Y	\N	\N	\N	2026-08-16 09:55:34
4037	79b68586-529f-4f81-8834-57bd26e8fb9c	2026-08-16 00:00:00	1_3_1_2_3_1_4	金融市场部_其他债权投资_地方政府债_司库_10Y	\N	\N	\N	2026-08-16 09:55:34
4038	79b68586-529f-4f81-8834-57bd26e8fb9c	2026-08-16 00:00:00	1_3_1_2_3_2	金融市场部_其他债权投资_地方政府债_非司库	\N	\N	\N	2026-08-16 09:55:34
4039	79b68586-529f-4f81-8834-57bd26e8fb9c	2026-08-16 00:00:00	1_3_1_2_3_2_1	金融市场部_其他债权投资_地方政府债_非司库_1Y	\N	\N	\N	2026-08-16 09:55:34
4040	79b68586-529f-4f81-8834-57bd26e8fb9c	2026-08-16 00:00:00	1_3_1_2_3_2_2	金融市场部_其他债权投资_地方政府债_非司库_3Y	\N	\N	\N	2026-08-16 09:55:34
4041	79b68586-529f-4f81-8834-57bd26e8fb9c	2026-08-16 00:00:00	1_3_1_2_3_2_3	金融市场部_其他债权投资_地方政府债_非司库_5Y	\N	\N	\N	2026-08-16 09:55:34
4042	79b68586-529f-4f81-8834-57bd26e8fb9c	2026-08-16 00:00:00	1_3_1_2_3_2_4	金融市场部_其他债权投资_地方政府债_非司库_10Y	\N	\N	\N	2026-08-16 09:55:34
4043	79b68586-529f-4f81-8834-57bd26e8fb9c	2026-08-16 00:00:00	1_3_1_2_4	金融市场部_其他债权投资_政策性金融债	\N	\N	\N	2026-08-16 09:55:34
4044	79b68586-529f-4f81-8834-57bd26e8fb9c	2026-08-16 00:00:00	1_3_1_2_4_1	金融市场部_其他债权投资_政策性金融债_司库	\N	\N	\N	2026-08-16 09:55:34
4045	79b68586-529f-4f81-8834-57bd26e8fb9c	2026-08-16 00:00:00	1_3_1_2_4_1_1	金融市场部_其他债权投资_政策性金融债_司库_1Y	\N	\N	\N	2026-08-16 09:55:34
4046	79b68586-529f-4f81-8834-57bd26e8fb9c	2026-08-16 00:00:00	1_3_1_2_4_1_2	金融市场部_其他债权投资_政策性金融债_司库_3Y	\N	\N	\N	2026-08-16 09:55:34
4047	79b68586-529f-4f81-8834-57bd26e8fb9c	2026-08-16 00:00:00	1_3_1_2_4_1_3	金融市场部_其他债权投资_政策性金融债_司库_5Y	\N	\N	\N	2026-08-16 09:55:34
4048	79b68586-529f-4f81-8834-57bd26e8fb9c	2026-08-16 00:00:00	1_3_1_2_4_1_4	金融市场部_其他债权投资_政策性金融债_司库_10Y	\N	\N	\N	2026-08-16 09:55:34
4049	79b68586-529f-4f81-8834-57bd26e8fb9c	2026-08-16 00:00:00	1_3_1_2_4_2	金融市场部_其他债权投资_政策性金融债_非司库	\N	\N	\N	2026-08-16 09:55:34
4050	79b68586-529f-4f81-8834-57bd26e8fb9c	2026-08-16 00:00:00	1_3_1_2_4_2_1	金融市场部_其他债权投资_政策性金融债_非司库_1Y	\N	\N	\N	2026-08-16 09:55:34
4051	79b68586-529f-4f81-8834-57bd26e8fb9c	2026-08-16 00:00:00	1_3_1_2_4_2_2	金融市场部_其他债权投资_政策性金融债_非司库_3Y	\N	\N	\N	2026-08-16 09:55:34
4052	79b68586-529f-4f81-8834-57bd26e8fb9c	2026-08-16 00:00:00	1_3_1_2_4_2_3	金融市场部_其他债权投资_政策性金融债_非司库_5Y	\N	\N	\N	2026-08-16 09:55:34
4053	79b68586-529f-4f81-8834-57bd26e8fb9c	2026-08-16 00:00:00	1_3_1_2_4_2_4	金融市场部_其他债权投资_政策性金融债_非司库_10Y	\N	\N	\N	2026-08-16 09:55:34
4054	79b68586-529f-4f81-8834-57bd26e8fb9c	2026-08-16 00:00:00	1_3_1_2_5	金融市场部_其他债权投资_商业银行债	\N	\N	\N	2026-08-16 09:55:34
4055	79b68586-529f-4f81-8834-57bd26e8fb9c	2026-08-16 00:00:00	1_3_1_2_5_1	金融市场部_其他债权投资_商业银行债_司库	\N	\N	\N	2026-08-16 09:55:34
4056	79b68586-529f-4f81-8834-57bd26e8fb9c	2026-08-16 00:00:00	1_3_1_2_5_1_1	金融市场部_其他债权投资_商业银行债_司库_1Y	\N	\N	\N	2026-08-16 09:55:34
4057	79b68586-529f-4f81-8834-57bd26e8fb9c	2026-08-16 00:00:00	1_3_1_2_5_1_2	金融市场部_其他债权投资_商业银行债_司库_3Y	\N	\N	\N	2026-08-16 09:55:34
4058	79b68586-529f-4f81-8834-57bd26e8fb9c	2026-08-16 00:00:00	1_3_1_2_5_1_3	金融市场部_其他债权投资_商业银行债_司库_5Y	\N	\N	\N	2026-08-16 09:55:34
4059	79b68586-529f-4f81-8834-57bd26e8fb9c	2026-08-16 00:00:00	1_3_1_2_5_1_4	金融市场部_其他债权投资_商业银行债_司库_10Y	\N	\N	\N	2026-08-16 09:55:34
4060	79b68586-529f-4f81-8834-57bd26e8fb9c	2026-08-16 00:00:00	1_3_1_2_5_2	金融市场部_其他债权投资_商业银行债_非司库	\N	\N	\N	2026-08-16 09:55:34
4061	79b68586-529f-4f81-8834-57bd26e8fb9c	2026-08-16 00:00:00	1_3_1_2_5_2_1	金融市场部_其他债权投资_商业银行债_非司库_1Y	\N	\N	\N	2026-08-16 09:55:34
4062	79b68586-529f-4f81-8834-57bd26e8fb9c	2026-08-16 00:00:00	1_3_1_2_5_2_2	金融市场部_其他债权投资_商业银行债_非司库_3Y	\N	\N	\N	2026-08-16 09:55:34
4063	79b68586-529f-4f81-8834-57bd26e8fb9c	2026-08-16 00:00:00	1_3_1_2_5_2_3	金融市场部_其他债权投资_商业银行债_非司库_5Y	\N	\N	\N	2026-08-16 09:55:34
4064	79b68586-529f-4f81-8834-57bd26e8fb9c	2026-08-16 00:00:00	1_3_1_2_5_2_4	金融市场部_其他债权投资_商业银行债_非司库_10Y	\N	\N	\N	2026-08-16 09:55:34
4065	79b68586-529f-4f81-8834-57bd26e8fb9c	2026-08-16 00:00:00	1_3_1_2_6	金融市场部_其他债权投资_金融机构债	\N	\N	\N	2026-08-16 09:55:34
4066	79b68586-529f-4f81-8834-57bd26e8fb9c	2026-08-16 00:00:00	1_3_1_2_6_1	金融市场部_其他债权投资_金融机构债_非司库	\N	\N	\N	2026-08-16 09:55:34
4067	79b68586-529f-4f81-8834-57bd26e8fb9c	2026-08-16 00:00:00	1_3_1_2_6_1_1	金融市场部_其他债权投资_金融机构债_非司库_1Y	\N	\N	\N	2026-08-16 09:55:34
4068	79b68586-529f-4f81-8834-57bd26e8fb9c	2026-08-16 00:00:00	1_3_1_2_6_1_2	金融市场部_其他债权投资_金融机构债_非司库_3Y	\N	\N	\N	2026-08-16 09:55:34
4069	79b68586-529f-4f81-8834-57bd26e8fb9c	2026-08-16 00:00:00	1_3_1_2_6_1_3	金融市场部_其他债权投资_金融机构债_非司库_5Y	\N	\N	\N	2026-08-16 09:55:34
4070	79b68586-529f-4f81-8834-57bd26e8fb9c	2026-08-16 00:00:00	1_3_1_2_6_1_4	金融市场部_其他债权投资_金融机构债_非司库_10Y	\N	\N	\N	2026-08-16 09:55:34
4071	79b68586-529f-4f81-8834-57bd26e8fb9c	2026-08-16 00:00:00	1_3_1_2_7	金融市场部_其他债权投资_公司债	\N	\N	\N	2026-08-16 09:55:34
4072	79b68586-529f-4f81-8834-57bd26e8fb9c	2026-08-16 00:00:00	1_3_1_2_7_1	金融市场部_其他债权投资_公司债_非司库	\N	\N	\N	2026-08-16 09:55:34
4073	79b68586-529f-4f81-8834-57bd26e8fb9c	2026-08-16 00:00:00	1_3_1_2_7_1_1	金融市场部_其他债权投资_公司债_非司库_1Y	\N	\N	\N	2026-08-16 09:55:34
4074	79b68586-529f-4f81-8834-57bd26e8fb9c	2026-08-16 00:00:00	1_3_1_2_7_1_2	金融市场部_其他债权投资_公司债_非司库_3Y	\N	\N	\N	2026-08-16 09:55:34
4075	79b68586-529f-4f81-8834-57bd26e8fb9c	2026-08-16 00:00:00	1_3_1_2_7_1_3	金融市场部_其他债权投资_公司债_非司库_5Y	\N	\N	\N	2026-08-16 09:55:34
4076	79b68586-529f-4f81-8834-57bd26e8fb9c	2026-08-16 00:00:00	1_3_1_2_7_1_4	金融市场部_其他债权投资_公司债_非司库_10Y	\N	\N	\N	2026-08-16 09:55:34
4077	79b68586-529f-4f81-8834-57bd26e8fb9c	2026-08-16 00:00:00	1_3_1_2_8	金融市场部_其他债权投资_同业存单债	\N	\N	\N	2026-08-16 09:55:34
4078	79b68586-529f-4f81-8834-57bd26e8fb9c	2026-08-16 00:00:00	1_3_1_2_8_1	金融市场部_其他债权投资_同业存单债_非司库	\N	\N	\N	2026-08-16 09:55:34
4079	79b68586-529f-4f81-8834-57bd26e8fb9c	2026-08-16 00:00:00	1_3_1_2_8_1_1	金融市场部_其他债权投资_同业存单债_非司库_1M	\N	\N	\N	2026-08-16 09:55:34
4080	79b68586-529f-4f81-8834-57bd26e8fb9c	2026-08-16 00:00:00	1_3_1_2_8_1_2	金融市场部_其他债权投资_同业存单债_非司库_3M	\N	\N	\N	2026-08-16 09:55:34
4081	79b68586-529f-4f81-8834-57bd26e8fb9c	2026-08-16 00:00:00	1_3_1_2_8_1_3	金融市场部_其他债权投资_同业存单债_非司库_6M	\N	\N	\N	2026-08-16 09:55:34
4082	79b68586-529f-4f81-8834-57bd26e8fb9c	2026-08-16 00:00:00	1_3_1_2_8_1_4	金融市场部_其他债权投资_同业存单债_非司库_1Y	\N	\N	\N	2026-08-16 09:55:34
4083	79b68586-529f-4f81-8834-57bd26e8fb9c	2026-08-16 00:00:00	1_3_1_2_9	金融市场部_其他债权投资_其他	\N	\N	\N	2026-08-16 09:55:34
4084	79b68586-529f-4f81-8834-57bd26e8fb9c	2026-08-16 00:00:00	1_3_1_2_9_1	金融市场部_其他债权投资_其他_非司库	\N	\N	\N	2026-08-16 09:55:34
4085	79b68586-529f-4f81-8834-57bd26e8fb9c	2026-08-16 00:00:00	1_3_1_2_9_1_1	金融市场部_其他债权投资_其他_非司库_1Y	\N	\N	\N	2026-08-16 09:55:34
4086	79b68586-529f-4f81-8834-57bd26e8fb9c	2026-08-16 00:00:00	1_3_1_2_9_1_2	金融市场部_其他债权投资_其他_非司库_3Y	\N	\N	\N	2026-08-16 09:55:34
4087	79b68586-529f-4f81-8834-57bd26e8fb9c	2026-08-16 00:00:00	1_3_1_2_9_1_3	金融市场部_其他债权投资_其他_非司库_5Y	\N	\N	\N	2026-08-16 09:55:34
4088	79b68586-529f-4f81-8834-57bd26e8fb9c	2026-08-16 00:00:00	1_3_1_3	金融市场部_债权投资	\N	\N	\N	2026-08-16 09:55:34
4089	79b68586-529f-4f81-8834-57bd26e8fb9c	2026-08-16 00:00:00	1_3_1_3_1	金融市场部_债权投资_国债	\N	\N	\N	2026-08-16 09:55:34
4090	79b68586-529f-4f81-8834-57bd26e8fb9c	2026-08-16 00:00:00	1_3_1_3_1_1	金融市场部_债权投资_国债_司库	\N	\N	\N	2026-08-16 09:55:34
4091	79b68586-529f-4f81-8834-57bd26e8fb9c	2026-08-16 00:00:00	1_3_1_3_1_1_1	金融市场部_债权投资_国债_司库_1Y	\N	\N	\N	2026-08-16 09:55:34
4092	79b68586-529f-4f81-8834-57bd26e8fb9c	2026-08-16 00:00:00	1_3_1_3_1_1_2	金融市场部_债权投资_国债_司库_3Y	\N	\N	\N	2026-08-16 09:55:34
4093	79b68586-529f-4f81-8834-57bd26e8fb9c	2026-08-16 00:00:00	1_3_1_3_1_1_3	金融市场部_债权投资_国债_司库_5Y	\N	\N	\N	2026-08-16 09:55:34
4094	79b68586-529f-4f81-8834-57bd26e8fb9c	2026-08-16 00:00:00	1_3_1_3_1_1_4	金融市场部_债权投资_国债_司库_10Y	\N	\N	\N	2026-08-16 09:55:34
4095	79b68586-529f-4f81-8834-57bd26e8fb9c	2026-08-16 00:00:00	1_3_1_3_1_2	金融市场部_债权投资_国债_非司库	\N	\N	\N	2026-08-16 09:55:34
4096	79b68586-529f-4f81-8834-57bd26e8fb9c	2026-08-16 00:00:00	1_3_1_3_1_2_1	金融市场部_债权投资_国债_非司库_1Y	\N	\N	\N	2026-08-16 09:55:34
4097	79b68586-529f-4f81-8834-57bd26e8fb9c	2026-08-16 00:00:00	1_3_1_3_1_2_2	金融市场部_债权投资_国债_非司库_3Y	\N	\N	\N	2026-08-16 09:55:34
4098	79b68586-529f-4f81-8834-57bd26e8fb9c	2026-08-16 00:00:00	1_3_1_3_1_2_3	金融市场部_债权投资_国债_非司库_5Y	\N	\N	\N	2026-08-16 09:55:34
4099	79b68586-529f-4f81-8834-57bd26e8fb9c	2026-08-16 00:00:00	1_3_1_3_1_2_4	金融市场部_债权投资_国债_非司库_10Y	\N	\N	\N	2026-08-16 09:55:34
4100	79b68586-529f-4f81-8834-57bd26e8fb9c	2026-08-16 00:00:00	1_3_1_3_2	金融市场部_债权投资_央票	\N	\N	\N	2026-08-16 09:55:34
4101	79b68586-529f-4f81-8834-57bd26e8fb9c	2026-08-16 00:00:00	1_3_1_3_2_1	金融市场部_债权投资_央票_司库	\N	\N	\N	2026-08-16 09:55:34
4102	79b68586-529f-4f81-8834-57bd26e8fb9c	2026-08-16 00:00:00	1_3_1_3_2_1_1	金融市场部_债权投资_央票_司库_1Y	\N	\N	\N	2026-08-16 09:55:34
4103	79b68586-529f-4f81-8834-57bd26e8fb9c	2026-08-16 00:00:00	1_3_1_3_2_1_2	金融市场部_债权投资_央票_司库_3Y	\N	\N	\N	2026-08-16 09:55:34
4104	79b68586-529f-4f81-8834-57bd26e8fb9c	2026-08-16 00:00:00	1_3_1_3_2_1_3	金融市场部_债权投资_央票_司库_5Y	\N	\N	\N	2026-08-16 09:55:34
4105	79b68586-529f-4f81-8834-57bd26e8fb9c	2026-08-16 00:00:00	1_3_1_3_2_1_4	金融市场部_债权投资_央票_司库_10Y	\N	\N	\N	2026-08-16 09:55:34
4106	79b68586-529f-4f81-8834-57bd26e8fb9c	2026-08-16 00:00:00	1_3_1_3_2_2	金融市场部_债权投资_央票_非司库	\N	\N	\N	2026-08-16 09:55:34
4107	79b68586-529f-4f81-8834-57bd26e8fb9c	2026-08-16 00:00:00	1_3_1_3_2_2_1	金融市场部_债权投资_央票_非司库_1Y	\N	\N	\N	2026-08-16 09:55:34
4108	79b68586-529f-4f81-8834-57bd26e8fb9c	2026-08-16 00:00:00	1_3_1_3_2_2_2	金融市场部_债权投资_央票_非司库_3Y	\N	\N	\N	2026-08-16 09:55:34
4109	79b68586-529f-4f81-8834-57bd26e8fb9c	2026-08-16 00:00:00	1_3_1_3_2_2_3	金融市场部_债权投资_央票_非司库_5Y	\N	\N	\N	2026-08-16 09:55:34
4110	79b68586-529f-4f81-8834-57bd26e8fb9c	2026-08-16 00:00:00	1_3_1_3_2_2_4	金融市场部_债权投资_央票_非司库_10Y	\N	\N	\N	2026-08-16 09:55:34
4111	79b68586-529f-4f81-8834-57bd26e8fb9c	2026-08-16 00:00:00	1_3_1_3_3	金融市场部_债权投资_地方政府债	\N	\N	\N	2026-08-16 09:55:34
4112	79b68586-529f-4f81-8834-57bd26e8fb9c	2026-08-16 00:00:00	1_3_1_3_3_1	金融市场部_债权投资_地方政府债_司库	\N	\N	\N	2026-08-16 09:55:34
4113	79b68586-529f-4f81-8834-57bd26e8fb9c	2026-08-16 00:00:00	1_3_1_3_3_1_1	金融市场部_债权投资_地方政府债_司库_1Y	\N	\N	\N	2026-08-16 09:55:34
4114	79b68586-529f-4f81-8834-57bd26e8fb9c	2026-08-16 00:00:00	1_3_1_3_3_1_2	金融市场部_债权投资_地方政府债_司库_3Y	\N	\N	\N	2026-08-16 09:55:34
4115	79b68586-529f-4f81-8834-57bd26e8fb9c	2026-08-16 00:00:00	1_3_1_3_3_1_3	金融市场部_债权投资_地方政府债_司库_5Y	\N	\N	\N	2026-08-16 09:55:34
4116	79b68586-529f-4f81-8834-57bd26e8fb9c	2026-08-16 00:00:00	1_3_1_3_3_1_4	金融市场部_债权投资_地方政府债_司库_10Y	\N	\N	\N	2026-08-16 09:55:34
4117	79b68586-529f-4f81-8834-57bd26e8fb9c	2026-08-16 00:00:00	1_3_1_3_3_2	金融市场部_债权投资_地方政府债_非司库	\N	\N	\N	2026-08-16 09:55:34
4118	79b68586-529f-4f81-8834-57bd26e8fb9c	2026-08-16 00:00:00	1_3_1_3_3_2_1	金融市场部_债权投资_地方政府债_非司库_1Y	\N	\N	\N	2026-08-16 09:55:34
4119	79b68586-529f-4f81-8834-57bd26e8fb9c	2026-08-16 00:00:00	1_3_1_3_3_2_2	金融市场部_债权投资_地方政府债_非司库_3Y	\N	\N	\N	2026-08-16 09:55:34
4120	79b68586-529f-4f81-8834-57bd26e8fb9c	2026-08-16 00:00:00	1_3_1_3_3_2_3	金融市场部_债权投资_地方政府债_非司库_5Y	\N	\N	\N	2026-08-16 09:55:34
4121	79b68586-529f-4f81-8834-57bd26e8fb9c	2026-08-16 00:00:00	1_3_1_3_3_2_4	金融市场部_债权投资_地方政府债_非司库_10Y	\N	\N	\N	2026-08-16 09:55:34
4122	79b68586-529f-4f81-8834-57bd26e8fb9c	2026-08-16 00:00:00	1_3_1_3_4	金融市场部_债权投资_政策性金融债	\N	\N	\N	2026-08-16 09:55:34
4123	79b68586-529f-4f81-8834-57bd26e8fb9c	2026-08-16 00:00:00	1_3_1_3_4_1	金融市场部_债权投资_政策性金融债_司库	\N	\N	\N	2026-08-16 09:55:34
4124	79b68586-529f-4f81-8834-57bd26e8fb9c	2026-08-16 00:00:00	1_3_1_3_4_1_1	金融市场部_债权投资_政策性金融债_司库_1Y	\N	\N	\N	2026-08-16 09:55:34
4125	79b68586-529f-4f81-8834-57bd26e8fb9c	2026-08-16 00:00:00	1_3_1_3_4_1_2	金融市场部_债权投资_政策性金融债_司库_3Y	\N	\N	\N	2026-08-16 09:55:34
4126	79b68586-529f-4f81-8834-57bd26e8fb9c	2026-08-16 00:00:00	1_3_1_3_4_1_3	金融市场部_债权投资_政策性金融债_司库_5Y	\N	\N	\N	2026-08-16 09:55:34
4127	79b68586-529f-4f81-8834-57bd26e8fb9c	2026-08-16 00:00:00	1_3_1_3_4_1_4	金融市场部_债权投资_政策性金融债_司库_10Y	\N	\N	\N	2026-08-16 09:55:34
4128	79b68586-529f-4f81-8834-57bd26e8fb9c	2026-08-16 00:00:00	1_3_1_3_4_2	金融市场部_债权投资_政策性金融债_非司库	\N	\N	\N	2026-08-16 09:55:34
4129	79b68586-529f-4f81-8834-57bd26e8fb9c	2026-08-16 00:00:00	1_3_1_3_4_2_1	金融市场部_债权投资_政策性金融债_非司库_1Y	\N	\N	\N	2026-08-16 09:55:34
4130	79b68586-529f-4f81-8834-57bd26e8fb9c	2026-08-16 00:00:00	1_3_1_3_4_2_2	金融市场部_债权投资_政策性金融债_非司库_3Y	\N	\N	\N	2026-08-16 09:55:34
4131	79b68586-529f-4f81-8834-57bd26e8fb9c	2026-08-16 00:00:00	1_3_1_3_4_2_3	金融市场部_债权投资_政策性金融债_非司库_5Y	\N	\N	\N	2026-08-16 09:55:34
4132	79b68586-529f-4f81-8834-57bd26e8fb9c	2026-08-16 00:00:00	1_3_1_3_4_2_4	金融市场部_债权投资_政策性金融债_非司库_10Y	\N	\N	\N	2026-08-16 09:55:34
4133	79b68586-529f-4f81-8834-57bd26e8fb9c	2026-08-16 00:00:00	1_3_1_3_5	金融市场部_债权投资_商业银行债	\N	\N	\N	2026-08-16 09:55:34
4134	79b68586-529f-4f81-8834-57bd26e8fb9c	2026-08-16 00:00:00	1_3_1_3_5_1	金融市场部_债权投资_商业银行债_司库	\N	\N	\N	2026-08-16 09:55:34
4135	79b68586-529f-4f81-8834-57bd26e8fb9c	2026-08-16 00:00:00	1_3_1_3_5_1_1	金融市场部_债权投资_商业银行债_司库_1Y	\N	\N	\N	2026-08-16 09:55:34
4136	79b68586-529f-4f81-8834-57bd26e8fb9c	2026-08-16 00:00:00	1_3_1_3_5_1_2	金融市场部_债权投资_商业银行债_司库_3Y	\N	\N	\N	2026-08-16 09:55:34
4137	79b68586-529f-4f81-8834-57bd26e8fb9c	2026-08-16 00:00:00	1_3_1_3_5_1_3	金融市场部_债权投资_商业银行债_司库_5Y	\N	\N	\N	2026-08-16 09:55:34
4138	79b68586-529f-4f81-8834-57bd26e8fb9c	2026-08-16 00:00:00	1_3_1_3_5_1_4	金融市场部_债权投资_商业银行债_司库_10Y	\N	\N	\N	2026-08-16 09:55:34
4139	79b68586-529f-4f81-8834-57bd26e8fb9c	2026-08-16 00:00:00	1_3_1_3_5_2	金融市场部_债权投资_商业银行债_非司库	\N	\N	\N	2026-08-16 09:55:34
4140	79b68586-529f-4f81-8834-57bd26e8fb9c	2026-08-16 00:00:00	1_3_1_3_5_2_1	金融市场部_债权投资_商业银行债_非司库_1Y	\N	\N	\N	2026-08-16 09:55:34
4141	79b68586-529f-4f81-8834-57bd26e8fb9c	2026-08-16 00:00:00	1_3_1_3_5_2_2	金融市场部_债权投资_商业银行债_非司库_3Y	\N	\N	\N	2026-08-16 09:55:34
4142	79b68586-529f-4f81-8834-57bd26e8fb9c	2026-08-16 00:00:00	1_3_1_3_5_2_3	金融市场部_债权投资_商业银行债_非司库_5Y	\N	\N	\N	2026-08-16 09:55:34
4143	79b68586-529f-4f81-8834-57bd26e8fb9c	2026-08-16 00:00:00	1_3_1_3_5_2_4	金融市场部_债权投资_商业银行债_非司库_10Y	\N	\N	\N	2026-08-16 09:55:34
4144	79b68586-529f-4f81-8834-57bd26e8fb9c	2026-08-16 00:00:00	1_3_1_3_6	金融市场部_债权投资_金融机构债	\N	\N	\N	2026-08-16 09:55:34
4145	79b68586-529f-4f81-8834-57bd26e8fb9c	2026-08-16 00:00:00	1_3_1_3_6_1	金融市场部_债权投资_金融机构债_非司库	\N	\N	\N	2026-08-16 09:55:34
4146	79b68586-529f-4f81-8834-57bd26e8fb9c	2026-08-16 00:00:00	1_3_1_3_6_1_1	金融市场部_债权投资_金融机构债_非司库_1Y	\N	\N	\N	2026-08-16 09:55:34
4147	79b68586-529f-4f81-8834-57bd26e8fb9c	2026-08-16 00:00:00	1_3_1_3_6_1_2	金融市场部_债权投资_金融机构债_非司库_3Y	\N	\N	\N	2026-08-16 09:55:34
4148	79b68586-529f-4f81-8834-57bd26e8fb9c	2026-08-16 00:00:00	1_3_1_3_6_1_3	金融市场部_债权投资_金融机构债_非司库_5Y	\N	\N	\N	2026-08-16 09:55:34
4149	79b68586-529f-4f81-8834-57bd26e8fb9c	2026-08-16 00:00:00	1_3_1_3_6_1_4	金融市场部_债权投资_金融机构债_非司库_10Y	\N	\N	\N	2026-08-16 09:55:34
4150	79b68586-529f-4f81-8834-57bd26e8fb9c	2026-08-16 00:00:00	1_3_1_3_7	金融市场部_债权投资_公司债	\N	\N	\N	2026-08-16 09:55:34
4151	79b68586-529f-4f81-8834-57bd26e8fb9c	2026-08-16 00:00:00	1_3_1_3_7_1	金融市场部_债权投资_公司债_非司库	\N	\N	\N	2026-08-16 09:55:34
4152	79b68586-529f-4f81-8834-57bd26e8fb9c	2026-08-16 00:00:00	1_3_1_3_7_1_1	金融市场部_债权投资_公司债_非司库_1Y	\N	\N	\N	2026-08-16 09:55:34
4153	79b68586-529f-4f81-8834-57bd26e8fb9c	2026-08-16 00:00:00	1_3_1_3_7_1_2	金融市场部_债权投资_公司债_非司库_3Y	\N	\N	\N	2026-08-16 09:55:34
4154	79b68586-529f-4f81-8834-57bd26e8fb9c	2026-08-16 00:00:00	1_3_1_3_7_1_3	金融市场部_债权投资_公司债_非司库_5Y	\N	\N	\N	2026-08-16 09:55:34
4155	79b68586-529f-4f81-8834-57bd26e8fb9c	2026-08-16 00:00:00	1_3_1_3_7_1_4	金融市场部_债权投资_公司债_非司库_10Y	\N	\N	\N	2026-08-16 09:55:34
4156	79b68586-529f-4f81-8834-57bd26e8fb9c	2026-08-16 00:00:00	1_3_1_3_8	金融市场部_债权投资_同业存单债	\N	\N	\N	2026-08-16 09:55:34
4157	79b68586-529f-4f81-8834-57bd26e8fb9c	2026-08-16 00:00:00	1_3_1_3_8_1	金融市场部_债权投资_同业存单债_非司库	\N	\N	\N	2026-08-16 09:55:34
4158	79b68586-529f-4f81-8834-57bd26e8fb9c	2026-08-16 00:00:00	1_3_1_3_8_1_1	金融市场部_债权投资_同业存单债_非司库_1M	\N	\N	\N	2026-08-16 09:55:34
4159	79b68586-529f-4f81-8834-57bd26e8fb9c	2026-08-16 00:00:00	1_3_1_3_8_1_2	金融市场部_债权投资_同业存单债_非司库_3M	\N	\N	\N	2026-08-16 09:55:34
4160	79b68586-529f-4f81-8834-57bd26e8fb9c	2026-08-16 00:00:00	1_3_1_3_8_1_3	金融市场部_债权投资_同业存单债_非司库_6M	\N	\N	\N	2026-08-16 09:55:34
4161	79b68586-529f-4f81-8834-57bd26e8fb9c	2026-08-16 00:00:00	1_3_1_3_8_1_4	金融市场部_债权投资_同业存单债_非司库_1Y	\N	\N	\N	2026-08-16 09:55:34
4162	79b68586-529f-4f81-8834-57bd26e8fb9c	2026-08-16 00:00:00	1_3_1_3_9	金融市场部_债权投资_其他	\N	\N	\N	2026-08-16 09:55:34
4163	79b68586-529f-4f81-8834-57bd26e8fb9c	2026-08-16 00:00:00	1_3_1_3_9_1	金融市场部_债权投资_其他_非司库	\N	\N	\N	2026-08-16 09:55:34
4164	79b68586-529f-4f81-8834-57bd26e8fb9c	2026-08-16 00:00:00	1_3_1_3_9_1_1	金融市场部_债权投资_其他_非司库_1Y	\N	\N	\N	2026-08-16 09:55:34
4165	79b68586-529f-4f81-8834-57bd26e8fb9c	2026-08-16 00:00:00	1_3_1_3_9_1_2	金融市场部_债权投资_其他_非司库_3Y	\N	\N	\N	2026-08-16 09:55:34
4166	79b68586-529f-4f81-8834-57bd26e8fb9c	2026-08-16 00:00:00	1_3_1_3_9_1_3	金融市场部_债权投资_其他_非司库_5Y	\N	\N	\N	2026-08-16 09:55:34
4167	79b68586-529f-4f81-8834-57bd26e8fb9c	2026-08-16 00:00:00	1_3_1_4	金融市场部_其他权益工具投资	\N	\N	\N	2026-08-16 09:55:34
4168	79b68586-529f-4f81-8834-57bd26e8fb9c	2026-08-16 00:00:00	1_3_1_4_1	金融市场部_其他权益工具投资_司库_5Y	\N	\N	\N	2026-08-16 09:55:34
4169	79b68586-529f-4f81-8834-57bd26e8fb9c	2026-08-16 00:00:00	1_3_1_4_2	金融市场部_其他权益工具投资_非司库_5Y	\N	\N	\N	2026-08-16 09:55:34
4170	79b68586-529f-4f81-8834-57bd26e8fb9c	2026-08-16 00:00:00	1_3_2	投资银行部投资	\N	\N	\N	2026-08-16 09:55:34
4171	79b68586-529f-4f81-8834-57bd26e8fb9c	2026-08-16 00:00:00	1_3_2_1	投资银行部_交易性金融资产	\N	\N	\N	2026-08-16 09:55:34
4172	79b68586-529f-4f81-8834-57bd26e8fb9c	2026-08-16 00:00:00	1_3_2_1_1	投资银行部_交易性政策性金融债投资	\N	\N	\N	2026-08-16 09:55:34
4173	79b68586-529f-4f81-8834-57bd26e8fb9c	2026-08-16 00:00:00	1_3_2_1_1_1	投资银行部_交易性政策性金融债投资_交易账户	\N	\N	\N	2026-08-16 09:55:34
4174	79b68586-529f-4f81-8834-57bd26e8fb9c	2026-08-16 00:00:00	1_3_2_1_1_1_1	投资银行部_交易性政策性金融债投资_交易账户_1Y	\N	\N	\N	2026-08-16 09:55:34
4175	79b68586-529f-4f81-8834-57bd26e8fb9c	2026-08-16 00:00:00	1_3_2_1_1_1_2	投资银行部_交易性政策性金融债投资_交易账户_3Y	\N	\N	\N	2026-08-16 09:55:34
4176	79b68586-529f-4f81-8834-57bd26e8fb9c	2026-08-16 00:00:00	1_3_2_1_1_1_3	投资银行部_交易性政策性金融债投资_交易账户_5Y	\N	\N	\N	2026-08-16 09:55:34
4177	79b68586-529f-4f81-8834-57bd26e8fb9c	2026-08-16 00:00:00	1_3_2_1_1_1_4	投资银行部_交易性政策性金融债投资_交易账户_10Y	\N	\N	\N	2026-08-16 09:55:34
4178	79b68586-529f-4f81-8834-57bd26e8fb9c	2026-08-16 00:00:00	1_3_2_1_1_2	投资银行部_交易性政策性金融债投资_银行账户	\N	\N	\N	2026-08-16 09:55:34
4179	79b68586-529f-4f81-8834-57bd26e8fb9c	2026-08-16 00:00:00	1_3_2_1_1_2_1	投资银行部_交易性政策性金融债投资_银行账户_1Y	\N	\N	\N	2026-08-16 09:55:34
4180	79b68586-529f-4f81-8834-57bd26e8fb9c	2026-08-16 00:00:00	1_3_2_1_1_2_2	投资银行部_交易性政策性金融债投资_银行账户_3Y	\N	\N	\N	2026-08-16 09:55:34
4181	79b68586-529f-4f81-8834-57bd26e8fb9c	2026-08-16 00:00:00	1_3_2_1_1_2_3	投资银行部_交易性政策性金融债投资_银行账户_5Y	\N	\N	\N	2026-08-16 09:55:34
4182	79b68586-529f-4f81-8834-57bd26e8fb9c	2026-08-16 00:00:00	1_3_2_1_1_2_4	投资银行部_交易性政策性金融债投资_银行账户_10Y	\N	\N	\N	2026-08-16 09:55:34
4183	79b68586-529f-4f81-8834-57bd26e8fb9c	2026-08-16 00:00:00	1_3_2_1_10	投资银行部_交易性融资租赁	\N	\N	\N	2026-08-16 09:55:34
4184	79b68586-529f-4f81-8834-57bd26e8fb9c	2026-08-16 00:00:00	1_3_2_1_10_1	投资银行部_交易性融资租赁_1Y	\N	\N	\N	2026-08-16 09:55:34
4185	79b68586-529f-4f81-8834-57bd26e8fb9c	2026-08-16 00:00:00	1_3_2_1_10_2	投资银行部_交易性融资租赁_3Y	\N	\N	\N	2026-08-16 09:55:34
4186	79b68586-529f-4f81-8834-57bd26e8fb9c	2026-08-16 00:00:00	1_3_2_1_10_3	投资银行部_交易性融资租赁_5Y	\N	\N	\N	2026-08-16 09:55:34
4187	79b68586-529f-4f81-8834-57bd26e8fb9c	2026-08-16 00:00:00	1_3_2_1_11	投资银行部_交易性金融资产_资产证券化产品	\N	\N	\N	2026-08-16 09:55:34
4188	79b68586-529f-4f81-8834-57bd26e8fb9c	2026-08-16 00:00:00	1_3_2_1_11_1	投资银行部_交易性金融资产_资产证券化产品_1Y	\N	\N	\N	2026-08-16 09:55:34
4189	79b68586-529f-4f81-8834-57bd26e8fb9c	2026-08-16 00:00:00	1_3_2_1_11_2	投资银行部_交易性金融资产_资产证券化产品_3Y	\N	\N	\N	2026-08-16 09:55:34
4190	79b68586-529f-4f81-8834-57bd26e8fb9c	2026-08-16 00:00:00	1_3_2_1_11_3	投资银行部_交易性金融资产_资产证券化产品_5Y	\N	\N	\N	2026-08-16 09:55:34
4191	79b68586-529f-4f81-8834-57bd26e8fb9c	2026-08-16 00:00:00	1_3_2_1_12	投资银行部_交易性其他资产	\N	\N	\N	2026-08-16 09:55:34
4192	79b68586-529f-4f81-8834-57bd26e8fb9c	2026-08-16 00:00:00	1_3_2_1_12_1	投资银行部_交易性其他资产_1Y	\N	\N	\N	2026-08-16 09:55:34
4193	79b68586-529f-4f81-8834-57bd26e8fb9c	2026-08-16 00:00:00	1_3_2_1_12_2	投资银行部_交易性其他资产_3Y	\N	\N	\N	2026-08-16 09:55:34
4194	79b68586-529f-4f81-8834-57bd26e8fb9c	2026-08-16 00:00:00	1_3_2_1_12_3	投资银行部_交易性其他资产_5Y	\N	\N	\N	2026-08-16 09:55:34
4195	79b68586-529f-4f81-8834-57bd26e8fb9c	2026-08-16 00:00:00	1_3_2_1_2	投资银行部_交易性商业银行债投资	\N	\N	\N	2026-08-16 09:55:34
4196	79b68586-529f-4f81-8834-57bd26e8fb9c	2026-08-16 00:00:00	1_3_2_1_2_1	投资银行部_交易性商业银行债投资_交易账户	\N	\N	\N	2026-08-16 09:55:34
4197	79b68586-529f-4f81-8834-57bd26e8fb9c	2026-08-16 00:00:00	1_3_2_1_2_1_1	投资银行部_交易性商业银行债投资_交易账户_1Y	\N	\N	\N	2026-08-16 09:55:34
4198	79b68586-529f-4f81-8834-57bd26e8fb9c	2026-08-16 00:00:00	1_3_2_1_2_1_2	投资银行部_交易性商业银行债投资_交易账户_3Y	\N	\N	\N	2026-08-16 09:55:34
4199	79b68586-529f-4f81-8834-57bd26e8fb9c	2026-08-16 00:00:00	1_3_2_1_2_1_3	投资银行部_交易性商业银行债投资_交易账户_5Y	\N	\N	\N	2026-08-16 09:55:34
4200	79b68586-529f-4f81-8834-57bd26e8fb9c	2026-08-16 00:00:00	1_3_2_1_2_1_4	投资银行部_交易性商业银行债投资_交易账户_10Y	\N	\N	\N	2026-08-16 09:55:34
4201	79b68586-529f-4f81-8834-57bd26e8fb9c	2026-08-16 00:00:00	1_3_2_1_2_2	投资银行部_交易性商业银行债投资_银行账户	\N	\N	\N	2026-08-16 09:55:34
4202	79b68586-529f-4f81-8834-57bd26e8fb9c	2026-08-16 00:00:00	1_3_2_1_2_2_1	投资银行部_交易性商业银行债投资_银行账户_1Y	\N	\N	\N	2026-08-16 09:55:34
4203	79b68586-529f-4f81-8834-57bd26e8fb9c	2026-08-16 00:00:00	1_3_2_1_2_2_2	投资银行部_交易性商业银行债投资_银行账户_3Y	\N	\N	\N	2026-08-16 09:55:34
4204	79b68586-529f-4f81-8834-57bd26e8fb9c	2026-08-16 00:00:00	1_3_2_1_2_2_3	投资银行部_交易性商业银行债投资_银行账户_5Y	\N	\N	\N	2026-08-16 09:55:34
4205	79b68586-529f-4f81-8834-57bd26e8fb9c	2026-08-16 00:00:00	1_3_2_1_2_2_4	投资银行部_交易性商业银行债投资_银行账户_10Y	\N	\N	\N	2026-08-16 09:55:34
4206	79b68586-529f-4f81-8834-57bd26e8fb9c	2026-08-16 00:00:00	1_3_2_1_3	投资银行部_交易性金融机构债投资	\N	\N	\N	2026-08-16 09:55:34
4207	79b68586-529f-4f81-8834-57bd26e8fb9c	2026-08-16 00:00:00	1_3_2_1_3_1	投资银行部_交易性金融机构债投资_交易账户	\N	\N	\N	2026-08-16 09:55:34
4208	79b68586-529f-4f81-8834-57bd26e8fb9c	2026-08-16 00:00:00	1_3_2_1_3_1_1	投资银行部_交易性金融机构债投资_交易账户_1Y	\N	\N	\N	2026-08-16 09:55:34
4209	79b68586-529f-4f81-8834-57bd26e8fb9c	2026-08-16 00:00:00	1_3_2_1_3_1_2	投资银行部_交易性金融机构债投资_交易账户_3Y	\N	\N	\N	2026-08-16 09:55:34
4210	79b68586-529f-4f81-8834-57bd26e8fb9c	2026-08-16 00:00:00	1_3_2_1_3_1_3	投资银行部_交易性金融机构债投资_交易账户_5Y	\N	\N	\N	2026-08-16 09:55:34
4211	79b68586-529f-4f81-8834-57bd26e8fb9c	2026-08-16 00:00:00	1_3_2_1_3_1_4	投资银行部_交易性金融机构债投资_交易账户_10Y	\N	\N	\N	2026-08-16 09:55:34
4212	79b68586-529f-4f81-8834-57bd26e8fb9c	2026-08-16 00:00:00	1_3_2_1_3_2	投资银行部_交易性金融机构债投资_银行账户	\N	\N	\N	2026-08-16 09:55:34
4213	79b68586-529f-4f81-8834-57bd26e8fb9c	2026-08-16 00:00:00	1_3_2_1_3_2_1	投资银行部_交易性金融机构债投资_银行账户_1Y	\N	\N	\N	2026-08-16 09:55:34
4214	79b68586-529f-4f81-8834-57bd26e8fb9c	2026-08-16 00:00:00	1_3_2_1_3_2_2	投资银行部_交易性金融机构债投资_银行账户_3Y	\N	\N	\N	2026-08-16 09:55:34
4215	79b68586-529f-4f81-8834-57bd26e8fb9c	2026-08-16 00:00:00	1_3_2_1_3_2_3	投资银行部_交易性金融机构债投资_银行账户_5Y	\N	\N	\N	2026-08-16 09:55:34
4216	79b68586-529f-4f81-8834-57bd26e8fb9c	2026-08-16 00:00:00	1_3_2_1_3_2_4	投资银行部_交易性金融机构债投资_银行账户_10Y	\N	\N	\N	2026-08-16 09:55:34
4217	79b68586-529f-4f81-8834-57bd26e8fb9c	2026-08-16 00:00:00	1_3_2_1_4	投资银行部_交易性公司债投资	\N	\N	\N	2026-08-16 09:55:34
4218	79b68586-529f-4f81-8834-57bd26e8fb9c	2026-08-16 00:00:00	1_3_2_1_4_1	投资银行部_交易性公司债投资_交易账户	\N	\N	\N	2026-08-16 09:55:34
4219	79b68586-529f-4f81-8834-57bd26e8fb9c	2026-08-16 00:00:00	1_3_2_1_4_1_1	投资银行部_交易性公司债投资_交易账户_1Y	\N	\N	\N	2026-08-16 09:55:34
4220	79b68586-529f-4f81-8834-57bd26e8fb9c	2026-08-16 00:00:00	1_3_2_1_4_1_2	投资银行部_交易性公司债投资_交易账户_3Y	\N	\N	\N	2026-08-16 09:55:34
4221	79b68586-529f-4f81-8834-57bd26e8fb9c	2026-08-16 00:00:00	1_3_2_1_4_1_3	投资银行部_交易性公司债投资_交易账户_5Y	\N	\N	\N	2026-08-16 09:55:34
4222	79b68586-529f-4f81-8834-57bd26e8fb9c	2026-08-16 00:00:00	1_3_2_1_4_1_4	投资银行部_交易性公司债投资_交易账户_10Y	\N	\N	\N	2026-08-16 09:55:34
4223	79b68586-529f-4f81-8834-57bd26e8fb9c	2026-08-16 00:00:00	1_3_2_1_4_2	投资银行部_交易性公司债投资_银行账户	\N	\N	\N	2026-08-16 09:55:34
4224	79b68586-529f-4f81-8834-57bd26e8fb9c	2026-08-16 00:00:00	1_3_2_1_4_2_1	投资银行部_交易性公司债投资_银行账户_1Y	\N	\N	\N	2026-08-16 09:55:34
4225	79b68586-529f-4f81-8834-57bd26e8fb9c	2026-08-16 00:00:00	1_3_2_1_4_2_2	投资银行部_交易性公司债投资_银行账户_3Y	\N	\N	\N	2026-08-16 09:55:34
4226	79b68586-529f-4f81-8834-57bd26e8fb9c	2026-08-16 00:00:00	1_3_2_1_4_2_3	投资银行部_交易性公司债投资_银行账户_5Y	\N	\N	\N	2026-08-16 09:55:34
4227	79b68586-529f-4f81-8834-57bd26e8fb9c	2026-08-16 00:00:00	1_3_2_1_4_2_4	投资银行部_交易性公司债投资_银行账户_10Y	\N	\N	\N	2026-08-16 09:55:34
4228	79b68586-529f-4f81-8834-57bd26e8fb9c	2026-08-16 00:00:00	1_3_2_1_5	投资银行部_交易性信托	\N	\N	\N	2026-08-16 09:55:34
4229	79b68586-529f-4f81-8834-57bd26e8fb9c	2026-08-16 00:00:00	1_3_2_1_5_1	投资银行部_交易性信托_1Y	\N	\N	\N	2026-08-16 09:55:34
4230	79b68586-529f-4f81-8834-57bd26e8fb9c	2026-08-16 00:00:00	1_3_2_1_5_2	投资银行部_交易性信托_3Y	\N	\N	\N	2026-08-16 09:55:34
4231	79b68586-529f-4f81-8834-57bd26e8fb9c	2026-08-16 00:00:00	1_3_2_1_5_3	投资银行部_交易性信托_5Y	\N	\N	\N	2026-08-16 09:55:34
4232	79b68586-529f-4f81-8834-57bd26e8fb9c	2026-08-16 00:00:00	1_3_2_1_6	投资银行部_交易性资管计划	\N	\N	\N	2026-08-16 09:55:34
4233	79b68586-529f-4f81-8834-57bd26e8fb9c	2026-08-16 00:00:00	1_3_2_1_6_1	投资银行部_交易性资管计划_1Y	\N	\N	\N	2026-08-16 09:55:34
4234	79b68586-529f-4f81-8834-57bd26e8fb9c	2026-08-16 00:00:00	1_3_2_1_6_2	投资银行部_交易性资管计划_3Y	\N	\N	\N	2026-08-16 09:55:34
4235	79b68586-529f-4f81-8834-57bd26e8fb9c	2026-08-16 00:00:00	1_3_2_1_6_3	投资银行部_交易性资管计划_5Y	\N	\N	\N	2026-08-16 09:55:34
4236	79b68586-529f-4f81-8834-57bd26e8fb9c	2026-08-16 00:00:00	1_3_2_1_7	投资银行部_交易性债权融资计划	\N	\N	\N	2026-08-16 09:55:34
4237	79b68586-529f-4f81-8834-57bd26e8fb9c	2026-08-16 00:00:00	1_3_2_1_7_1	投资银行部_交易性债权融资计划_1Y	\N	\N	\N	2026-08-16 09:55:34
4238	79b68586-529f-4f81-8834-57bd26e8fb9c	2026-08-16 00:00:00	1_3_2_1_7_2	投资银行部_交易性债权融资计划_3Y	\N	\N	\N	2026-08-16 09:55:34
4239	79b68586-529f-4f81-8834-57bd26e8fb9c	2026-08-16 00:00:00	1_3_2_1_7_3	投资银行部_交易性债权融资计划_5Y	\N	\N	\N	2026-08-16 09:55:34
4240	79b68586-529f-4f81-8834-57bd26e8fb9c	2026-08-16 00:00:00	1_3_2_1_8	投资银行部_交易性私募基金	\N	\N	\N	2026-08-16 09:55:34
4241	79b68586-529f-4f81-8834-57bd26e8fb9c	2026-08-16 00:00:00	1_3_2_1_8_1	投资银行部_交易性私募基金_1Y	\N	\N	\N	2026-08-16 09:55:34
4242	79b68586-529f-4f81-8834-57bd26e8fb9c	2026-08-16 00:00:00	1_3_2_1_8_2	投资银行部_交易性私募基金_3Y	\N	\N	\N	2026-08-16 09:55:34
4243	79b68586-529f-4f81-8834-57bd26e8fb9c	2026-08-16 00:00:00	1_3_2_1_8_3	投资银行部_交易性私募基金_5Y	\N	\N	\N	2026-08-16 09:55:34
4244	79b68586-529f-4f81-8834-57bd26e8fb9c	2026-08-16 00:00:00	1_3_2_1_9	投资银行部_交易性公募基金	\N	\N	\N	2026-08-16 09:55:34
4245	79b68586-529f-4f81-8834-57bd26e8fb9c	2026-08-16 00:00:00	1_3_2_1_9_1	投资银行部_交易性公募基金_3Y	\N	\N	\N	2026-08-16 09:55:34
4246	79b68586-529f-4f81-8834-57bd26e8fb9c	2026-08-16 00:00:00	1_3_2_2	投资银行部_其他债权投资	\N	\N	\N	2026-08-16 09:55:34
4247	79b68586-529f-4f81-8834-57bd26e8fb9c	2026-08-16 00:00:00	1_3_2_2_1	投资银行部_其他债权投资_商业银行债	\N	\N	\N	2026-08-16 09:55:34
4248	79b68586-529f-4f81-8834-57bd26e8fb9c	2026-08-16 00:00:00	1_3_2_2_1_1	投资银行部_其他债权投资_商业银行债_1Y	\N	\N	\N	2026-08-16 09:55:34
4249	79b68586-529f-4f81-8834-57bd26e8fb9c	2026-08-16 00:00:00	1_3_2_2_1_2	投资银行部_其他债权投资_商业银行债_3Y	\N	\N	\N	2026-08-16 09:55:34
4250	79b68586-529f-4f81-8834-57bd26e8fb9c	2026-08-16 00:00:00	1_3_2_2_1_3	投资银行部_其他债权投资_商业银行债_5Y	\N	\N	\N	2026-08-16 09:55:34
4251	79b68586-529f-4f81-8834-57bd26e8fb9c	2026-08-16 00:00:00	1_3_2_2_1_4	投资银行部_其他债权投资_商业银行债_10Y	\N	\N	\N	2026-08-16 09:55:34
4252	79b68586-529f-4f81-8834-57bd26e8fb9c	2026-08-16 00:00:00	1_3_2_2_10	投资银行部_其他债权投资_其他	\N	\N	\N	2026-08-16 09:55:34
4253	79b68586-529f-4f81-8834-57bd26e8fb9c	2026-08-16 00:00:00	1_3_2_2_10_1	投资银行部_其他债权投资_其他_1Y	\N	\N	\N	2026-08-16 09:55:34
4254	79b68586-529f-4f81-8834-57bd26e8fb9c	2026-08-16 00:00:00	1_3_2_2_10_2	投资银行部_其他债权投资_其他_3Y	\N	\N	\N	2026-08-16 09:55:34
4255	79b68586-529f-4f81-8834-57bd26e8fb9c	2026-08-16 00:00:00	1_3_2_2_10_3	投资银行部_其他债权投资_其他_5Y	\N	\N	\N	2026-08-16 09:55:34
4256	79b68586-529f-4f81-8834-57bd26e8fb9c	2026-08-16 00:00:00	1_3_2_2_2	投资银行部_其他债权投资_金融机构债	\N	\N	\N	2026-08-16 09:55:34
4257	79b68586-529f-4f81-8834-57bd26e8fb9c	2026-08-16 00:00:00	1_3_2_2_2_1	投资银行部_其他债权投资_金融机构债_1Y	\N	\N	\N	2026-08-16 09:55:34
4258	79b68586-529f-4f81-8834-57bd26e8fb9c	2026-08-16 00:00:00	1_3_2_2_2_2	投资银行部_其他债权投资_金融机构债_3Y	\N	\N	\N	2026-08-16 09:55:34
4259	79b68586-529f-4f81-8834-57bd26e8fb9c	2026-08-16 00:00:00	1_3_2_2_2_3	投资银行部_其他债权投资_金融机构债_5Y	\N	\N	\N	2026-08-16 09:55:34
4260	79b68586-529f-4f81-8834-57bd26e8fb9c	2026-08-16 00:00:00	1_3_2_2_2_4	投资银行部_其他债权投资_金融机构债_10Y	\N	\N	\N	2026-08-16 09:55:34
4261	79b68586-529f-4f81-8834-57bd26e8fb9c	2026-08-16 00:00:00	1_3_2_2_3	投资银行部_其他债权投资_公司债	\N	\N	\N	2026-08-16 09:55:34
4262	79b68586-529f-4f81-8834-57bd26e8fb9c	2026-08-16 00:00:00	1_3_2_2_3_1	投资银行部_其他债权投资_公司债_1Y	\N	\N	\N	2026-08-16 09:55:34
4263	79b68586-529f-4f81-8834-57bd26e8fb9c	2026-08-16 00:00:00	1_3_2_2_3_2	投资银行部_其他债权投资_公司债_3Y	\N	\N	\N	2026-08-16 09:55:34
4264	79b68586-529f-4f81-8834-57bd26e8fb9c	2026-08-16 00:00:00	1_3_2_2_3_3	投资银行部_其他债权投资_公司债_5Y	\N	\N	\N	2026-08-16 09:55:34
4265	79b68586-529f-4f81-8834-57bd26e8fb9c	2026-08-16 00:00:00	1_3_2_2_3_4	投资银行部_其他债权投资_公司债_10Y	\N	\N	\N	2026-08-16 09:55:34
4266	79b68586-529f-4f81-8834-57bd26e8fb9c	2026-08-16 00:00:00	1_3_2_2_4	投资银行部_其他债权投资_信托	\N	\N	\N	2026-08-16 09:55:34
4267	79b68586-529f-4f81-8834-57bd26e8fb9c	2026-08-16 00:00:00	1_3_2_2_4_1	投资银行部_其他债权投资_信托_1Y	\N	\N	\N	2026-08-16 09:55:34
4268	79b68586-529f-4f81-8834-57bd26e8fb9c	2026-08-16 00:00:00	1_3_2_2_4_2	投资银行部_其他债权投资_信托_3Y	\N	\N	\N	2026-08-16 09:55:34
4269	79b68586-529f-4f81-8834-57bd26e8fb9c	2026-08-16 00:00:00	1_3_2_2_4_3	投资银行部_其他债权投资_信托_5Y	\N	\N	\N	2026-08-16 09:55:34
4270	79b68586-529f-4f81-8834-57bd26e8fb9c	2026-08-16 00:00:00	1_3_2_2_5	投资银行部_其他债权投资_资管计划	\N	\N	\N	2026-08-16 09:55:34
4271	79b68586-529f-4f81-8834-57bd26e8fb9c	2026-08-16 00:00:00	1_3_2_2_5_1	投资银行部_其他债权投资_资管计划_1Y	\N	\N	\N	2026-08-16 09:55:34
4272	79b68586-529f-4f81-8834-57bd26e8fb9c	2026-08-16 00:00:00	1_3_2_2_5_2	投资银行部_其他债权投资_资管计划_3Y	\N	\N	\N	2026-08-16 09:55:34
4273	79b68586-529f-4f81-8834-57bd26e8fb9c	2026-08-16 00:00:00	1_3_2_2_5_3	投资银行部_其他债权投资_资管计划_5Y	\N	\N	\N	2026-08-16 09:55:34
4274	79b68586-529f-4f81-8834-57bd26e8fb9c	2026-08-16 00:00:00	1_3_2_2_6	投资银行部_其他债权投资_债权融资计划	\N	\N	\N	2026-08-16 09:55:34
4275	79b68586-529f-4f81-8834-57bd26e8fb9c	2026-08-16 00:00:00	1_3_2_2_6_1	投资银行部_其他债权投资_债权融资计划_1Y	\N	\N	\N	2026-08-16 09:55:34
4276	79b68586-529f-4f81-8834-57bd26e8fb9c	2026-08-16 00:00:00	1_3_2_2_6_2	投资银行部_其他债权投资_债权融资计划_3Y	\N	\N	\N	2026-08-16 09:55:34
4277	79b68586-529f-4f81-8834-57bd26e8fb9c	2026-08-16 00:00:00	1_3_2_2_6_3	投资银行部_其他债权投资_债权融资计划_5Y	\N	\N	\N	2026-08-16 09:55:34
4278	79b68586-529f-4f81-8834-57bd26e8fb9c	2026-08-16 00:00:00	1_3_2_2_7	投资银行部_其他债权投资_私募基金	\N	\N	\N	2026-08-16 09:55:34
4279	79b68586-529f-4f81-8834-57bd26e8fb9c	2026-08-16 00:00:00	1_3_2_2_7_1	投资银行部_其他债权投资_私募基金_1Y	\N	\N	\N	2026-08-16 09:55:34
4280	79b68586-529f-4f81-8834-57bd26e8fb9c	2026-08-16 00:00:00	1_3_2_2_7_2	投资银行部_其他债权投资_私募基金_3Y	\N	\N	\N	2026-08-16 09:55:34
4281	79b68586-529f-4f81-8834-57bd26e8fb9c	2026-08-16 00:00:00	1_3_2_2_7_3	投资银行部_其他债权投资_私募基金_5Y	\N	\N	\N	2026-08-16 09:55:34
4282	79b68586-529f-4f81-8834-57bd26e8fb9c	2026-08-16 00:00:00	1_3_2_2_8	投资银行部_其他债权投资_公募基金	\N	\N	\N	2026-08-16 09:55:34
4283	79b68586-529f-4f81-8834-57bd26e8fb9c	2026-08-16 00:00:00	1_3_2_2_8_1	投资银行部_其他债权投资_公募基金_3Y	\N	\N	\N	2026-08-16 09:55:34
4284	79b68586-529f-4f81-8834-57bd26e8fb9c	2026-08-16 00:00:00	1_3_2_2_9	投资银行部_其他债权投资_融资租赁	\N	\N	\N	2026-08-16 09:55:34
4285	79b68586-529f-4f81-8834-57bd26e8fb9c	2026-08-16 00:00:00	1_3_2_2_9_1	投资银行部_其他债权投资_融资租赁_1Y	\N	\N	\N	2026-08-16 09:55:34
4286	79b68586-529f-4f81-8834-57bd26e8fb9c	2026-08-16 00:00:00	1_3_2_2_9_2	投资银行部_其他债权投资_融资租赁_3Y	\N	\N	\N	2026-08-16 09:55:34
4287	79b68586-529f-4f81-8834-57bd26e8fb9c	2026-08-16 00:00:00	1_3_2_2_9_3	投资银行部_其他债权投资_融资租赁_5Y	\N	\N	\N	2026-08-16 09:55:34
4288	79b68586-529f-4f81-8834-57bd26e8fb9c	2026-08-16 00:00:00	1_3_2_3	投资银行部_债权投资	\N	\N	\N	2026-08-16 09:55:34
4289	79b68586-529f-4f81-8834-57bd26e8fb9c	2026-08-16 00:00:00	1_3_2_3_1	投资银行部_债权投资_商业银行债	\N	\N	\N	2026-08-16 09:55:34
4290	79b68586-529f-4f81-8834-57bd26e8fb9c	2026-08-16 00:00:00	1_3_2_3_1_1	投资银行部_债权投资_商业银行债_1Y	\N	\N	\N	2026-08-16 09:55:34
4291	79b68586-529f-4f81-8834-57bd26e8fb9c	2026-08-16 00:00:00	1_3_2_3_1_2	投资银行部_债权投资_商业银行债_3Y	\N	\N	\N	2026-08-16 09:55:34
4292	79b68586-529f-4f81-8834-57bd26e8fb9c	2026-08-16 00:00:00	1_3_2_3_1_3	投资银行部_债权投资_商业银行债_5Y	\N	\N	\N	2026-08-16 09:55:34
4293	79b68586-529f-4f81-8834-57bd26e8fb9c	2026-08-16 00:00:00	1_3_2_3_1_4	投资银行部_债权投资_商业银行债_10Y	\N	\N	\N	2026-08-16 09:55:34
4294	79b68586-529f-4f81-8834-57bd26e8fb9c	2026-08-16 00:00:00	1_3_2_3_10	投资银行部_债权投资_其他	\N	\N	\N	2026-08-16 09:55:34
4295	79b68586-529f-4f81-8834-57bd26e8fb9c	2026-08-16 00:00:00	1_3_2_3_10_1	投资银行部_债权投资_其他_1Y	\N	\N	\N	2026-08-16 09:55:34
4296	79b68586-529f-4f81-8834-57bd26e8fb9c	2026-08-16 00:00:00	1_3_2_3_10_2	投资银行部_债权投资_其他_3Y	\N	\N	\N	2026-08-16 09:55:34
4297	79b68586-529f-4f81-8834-57bd26e8fb9c	2026-08-16 00:00:00	1_3_2_3_10_3	投资银行部_债权投资_其他_5Y	\N	\N	\N	2026-08-16 09:55:34
4298	79b68586-529f-4f81-8834-57bd26e8fb9c	2026-08-16 00:00:00	1_3_2_3_2	投资银行部_债权投资_金融机构债	\N	\N	\N	2026-08-16 09:55:34
4299	79b68586-529f-4f81-8834-57bd26e8fb9c	2026-08-16 00:00:00	1_3_2_3_2_1	投资银行部_债权投资_金融机构债_1Y	\N	\N	\N	2026-08-16 09:55:34
4300	79b68586-529f-4f81-8834-57bd26e8fb9c	2026-08-16 00:00:00	1_3_2_3_2_2	投资银行部_债权投资_金融机构债_3Y	\N	\N	\N	2026-08-16 09:55:34
4301	79b68586-529f-4f81-8834-57bd26e8fb9c	2026-08-16 00:00:00	1_3_2_3_2_3	投资银行部_债权投资_金融机构债_5Y	\N	\N	\N	2026-08-16 09:55:34
4302	79b68586-529f-4f81-8834-57bd26e8fb9c	2026-08-16 00:00:00	1_3_2_3_2_4	投资银行部_债权投资_金融机构债_10Y	\N	\N	\N	2026-08-16 09:55:34
4303	79b68586-529f-4f81-8834-57bd26e8fb9c	2026-08-16 00:00:00	1_3_2_3_3	投资银行部_债权投资_公司债	\N	\N	\N	2026-08-16 09:55:34
4304	79b68586-529f-4f81-8834-57bd26e8fb9c	2026-08-16 00:00:00	1_3_2_3_3_1	投资银行部_债权投资_公司债_1Y	\N	\N	\N	2026-08-16 09:55:34
4305	79b68586-529f-4f81-8834-57bd26e8fb9c	2026-08-16 00:00:00	1_3_2_3_3_2	投资银行部_债权投资_公司债_3Y	\N	\N	\N	2026-08-16 09:55:34
4306	79b68586-529f-4f81-8834-57bd26e8fb9c	2026-08-16 00:00:00	1_3_2_3_3_3	投资银行部_债权投资_公司债_5Y	\N	\N	\N	2026-08-16 09:55:34
4307	79b68586-529f-4f81-8834-57bd26e8fb9c	2026-08-16 00:00:00	1_3_2_3_3_4	投资银行部_债权投资_公司债_10Y	\N	\N	\N	2026-08-16 09:55:34
4308	79b68586-529f-4f81-8834-57bd26e8fb9c	2026-08-16 00:00:00	1_3_2_3_4	投资银行部_债权投资_信托	\N	\N	\N	2026-08-16 09:55:34
4309	79b68586-529f-4f81-8834-57bd26e8fb9c	2026-08-16 00:00:00	1_3_2_3_4_1	投资银行部_债权投资_信托_1Y	\N	\N	\N	2026-08-16 09:55:34
4310	79b68586-529f-4f81-8834-57bd26e8fb9c	2026-08-16 00:00:00	1_3_2_3_4_2	投资银行部_债权投资_信托_3Y	\N	\N	\N	2026-08-16 09:55:34
4311	79b68586-529f-4f81-8834-57bd26e8fb9c	2026-08-16 00:00:00	1_3_2_3_4_3	投资银行部_债权投资_信托_5Y	\N	\N	\N	2026-08-16 09:55:34
4312	79b68586-529f-4f81-8834-57bd26e8fb9c	2026-08-16 00:00:00	1_3_2_3_5	投资银行部_债权投资_资管计划	\N	\N	\N	2026-08-16 09:55:34
4313	79b68586-529f-4f81-8834-57bd26e8fb9c	2026-08-16 00:00:00	1_3_2_3_5_1	投资银行部_债权投资_资管计划_1Y	\N	\N	\N	2026-08-16 09:55:34
4314	79b68586-529f-4f81-8834-57bd26e8fb9c	2026-08-16 00:00:00	1_3_2_3_5_2	投资银行部_债权投资_资管计划_3Y	\N	\N	\N	2026-08-16 09:55:34
4315	79b68586-529f-4f81-8834-57bd26e8fb9c	2026-08-16 00:00:00	1_3_2_3_5_3	投资银行部_债权投资_资管计划_5Y	\N	\N	\N	2026-08-16 09:55:34
4316	79b68586-529f-4f81-8834-57bd26e8fb9c	2026-08-16 00:00:00	1_3_2_3_6	投资银行部_债权投资_债权融资计划	\N	\N	\N	2026-08-16 09:55:34
4317	79b68586-529f-4f81-8834-57bd26e8fb9c	2026-08-16 00:00:00	1_3_2_3_6_1	投资银行部_债权投资_债权融资计划_1Y	\N	\N	\N	2026-08-16 09:55:34
4318	79b68586-529f-4f81-8834-57bd26e8fb9c	2026-08-16 00:00:00	1_3_2_3_6_2	投资银行部_债权投资_债权融资计划_3Y	\N	\N	\N	2026-08-16 09:55:34
4319	79b68586-529f-4f81-8834-57bd26e8fb9c	2026-08-16 00:00:00	1_3_2_3_6_3	投资银行部_债权投资_债权融资计划_5Y	\N	\N	\N	2026-08-16 09:55:34
4320	79b68586-529f-4f81-8834-57bd26e8fb9c	2026-08-16 00:00:00	1_3_2_3_7	投资银行部_债权投资_私募基金	\N	\N	\N	2026-08-16 09:55:34
4321	79b68586-529f-4f81-8834-57bd26e8fb9c	2026-08-16 00:00:00	1_3_2_3_7_1	投资银行部_债权投资_私募基金_1Y	\N	\N	\N	2026-08-16 09:55:34
4322	79b68586-529f-4f81-8834-57bd26e8fb9c	2026-08-16 00:00:00	1_3_2_3_7_2	投资银行部_债权投资_私募基金_3Y	\N	\N	\N	2026-08-16 09:55:34
4323	79b68586-529f-4f81-8834-57bd26e8fb9c	2026-08-16 00:00:00	1_3_2_3_7_3	投资银行部_债权投资_私募基金_5Y	\N	\N	\N	2026-08-16 09:55:34
4324	79b68586-529f-4f81-8834-57bd26e8fb9c	2026-08-16 00:00:00	1_3_2_3_8	投资银行部_债权投资_公募基金	\N	\N	\N	2026-08-16 09:55:34
4325	79b68586-529f-4f81-8834-57bd26e8fb9c	2026-08-16 00:00:00	1_3_2_3_8_1	投资银行部_债权投资_公募基金_3Y	\N	\N	\N	2026-08-16 09:55:34
4326	79b68586-529f-4f81-8834-57bd26e8fb9c	2026-08-16 00:00:00	1_3_2_3_9	投资银行部_债权投资_融资租赁	\N	\N	\N	2026-08-16 09:55:34
4327	79b68586-529f-4f81-8834-57bd26e8fb9c	2026-08-16 00:00:00	1_3_2_3_9_1	投资银行部_债权投资_融资租赁_1Y	\N	\N	\N	2026-08-16 09:55:34
4328	79b68586-529f-4f81-8834-57bd26e8fb9c	2026-08-16 00:00:00	1_3_2_3_9_2	投资银行部_债权投资_融资租赁_3Y	\N	\N	\N	2026-08-16 09:55:34
4329	79b68586-529f-4f81-8834-57bd26e8fb9c	2026-08-16 00:00:00	1_3_2_3_9_3	投资银行部_债权投资_融资租赁_5Y	\N	\N	\N	2026-08-16 09:55:34
4330	79b68586-529f-4f81-8834-57bd26e8fb9c	2026-08-16 00:00:00	1_3_2_4	投资银行部_其他权益工具投资	\N	\N	\N	2026-08-16 09:55:34
4331	79b68586-529f-4f81-8834-57bd26e8fb9c	2026-08-16 00:00:00	1_3_2_4_1	投资银行部_其他权益工具投资_5Y	\N	\N	\N	2026-08-16 09:55:34
4332	79b68586-529f-4f81-8834-57bd26e8fb9c	2026-08-16 00:00:00	1_4	发放贷款	\N	\N	\N	2026-08-16 09:55:34
4333	79b68586-529f-4f81-8834-57bd26e8fb9c	2026-08-16 00:00:00	1_4_1	个金条线贷款	\N	\N	\N	2026-08-16 09:55:34
4334	79b68586-529f-4f81-8834-57bd26e8fb9c	2026-08-16 00:00:00	1_4_1_1	个金条线_个人经营贷款	\N	\N	\N	2026-08-16 09:55:34
4335	79b68586-529f-4f81-8834-57bd26e8fb9c	2026-08-16 00:00:00	1_4_1_1_1	个金条线_个人经营贷款_3M	\N	\N	\N	2026-08-16 09:55:34
4336	79b68586-529f-4f81-8834-57bd26e8fb9c	2026-08-16 00:00:00	1_4_1_1_2	个金条线_个人经营贷款_6M	\N	\N	\N	2026-08-16 09:55:34
4337	79b68586-529f-4f81-8834-57bd26e8fb9c	2026-08-16 00:00:00	1_4_1_1_3	个金条线_个人经营贷款_1Y	\N	\N	\N	2026-08-16 09:55:34
4338	79b68586-529f-4f81-8834-57bd26e8fb9c	2026-08-16 00:00:00	1_4_1_1_4	个金条线_个人经营贷款_2Y	\N	\N	\N	2026-08-16 09:55:34
4339	79b68586-529f-4f81-8834-57bd26e8fb9c	2026-08-16 00:00:00	1_4_1_1_5	个金条线_个人经营贷款_3Y	\N	\N	\N	2026-08-16 09:55:34
4340	79b68586-529f-4f81-8834-57bd26e8fb9c	2026-08-16 00:00:00	1_4_1_2	个金条线_个人消费贷款	\N	\N	\N	2026-08-16 09:55:34
4341	79b68586-529f-4f81-8834-57bd26e8fb9c	2026-08-16 00:00:00	1_4_1_2_1	个金条线_便民贷	\N	\N	\N	2026-08-16 09:55:34
4342	79b68586-529f-4f81-8834-57bd26e8fb9c	2026-08-16 00:00:00	1_4_1_2_1_1	个金条线_便民贷_3M	\N	\N	\N	2026-08-16 09:55:34
4343	79b68586-529f-4f81-8834-57bd26e8fb9c	2026-08-16 00:00:00	1_4_1_2_1_2	个金条线_便民贷_6M	\N	\N	\N	2026-08-16 09:55:34
4344	79b68586-529f-4f81-8834-57bd26e8fb9c	2026-08-16 00:00:00	1_4_1_2_1_3	个金条线_便民贷_1Y	\N	\N	\N	2026-08-16 09:55:34
4345	79b68586-529f-4f81-8834-57bd26e8fb9c	2026-08-16 00:00:00	1_4_1_2_1_4	个金条线_便民贷_2Y	\N	\N	\N	2026-08-16 09:55:34
4346	79b68586-529f-4f81-8834-57bd26e8fb9c	2026-08-16 00:00:00	1_4_1_2_1_5	个金条线_便民贷_3Y	\N	\N	\N	2026-08-16 09:55:34
4347	79b68586-529f-4f81-8834-57bd26e8fb9c	2026-08-16 00:00:00	1_4_1_2_2	个金条线_公积金秒贷	\N	\N	\N	2026-08-16 09:55:34
4348	79b68586-529f-4f81-8834-57bd26e8fb9c	2026-08-16 00:00:00	1_4_1_2_2_1	个金条线_公积金秒贷_3M	\N	\N	\N	2026-08-16 09:55:34
4349	79b68586-529f-4f81-8834-57bd26e8fb9c	2026-08-16 00:00:00	1_4_1_2_2_2	个金条线_公积金秒贷_6M	\N	\N	\N	2026-08-16 09:55:34
4350	79b68586-529f-4f81-8834-57bd26e8fb9c	2026-08-16 00:00:00	1_4_1_2_2_3	个金条线_公积金秒贷_1Y	\N	\N	\N	2026-08-16 09:55:34
4351	79b68586-529f-4f81-8834-57bd26e8fb9c	2026-08-16 00:00:00	1_4_1_2_2_4	个金条线_公积金秒贷_2Y	\N	\N	\N	2026-08-16 09:55:34
4352	79b68586-529f-4f81-8834-57bd26e8fb9c	2026-08-16 00:00:00	1_4_1_2_2_5	个金条线_公积金秒贷_3Y	\N	\N	\N	2026-08-16 09:55:34
4353	79b68586-529f-4f81-8834-57bd26e8fb9c	2026-08-16 00:00:00	1_4_1_2_3	个金条线_其他个人消费贷款	\N	\N	\N	2026-08-16 09:55:34
4354	79b68586-529f-4f81-8834-57bd26e8fb9c	2026-08-16 00:00:00	1_4_1_2_3_1	个金条线_其他个人消费贷款_3M	\N	\N	\N	2026-08-16 09:55:34
4355	79b68586-529f-4f81-8834-57bd26e8fb9c	2026-08-16 00:00:00	1_4_1_2_3_2	个金条线_其他个人消费贷款_6M	\N	\N	\N	2026-08-16 09:55:34
4356	79b68586-529f-4f81-8834-57bd26e8fb9c	2026-08-16 00:00:00	1_4_1_2_3_3	个金条线_其他个人消费贷款_1Y	\N	\N	\N	2026-08-16 09:55:34
4357	79b68586-529f-4f81-8834-57bd26e8fb9c	2026-08-16 00:00:00	1_4_1_2_3_4	个金条线_其他个人消费贷款_2Y	\N	\N	\N	2026-08-16 09:55:34
4358	79b68586-529f-4f81-8834-57bd26e8fb9c	2026-08-16 00:00:00	1_4_1_2_3_5	个金条线_其他个人消费贷款_3Y	\N	\N	\N	2026-08-16 09:55:34
4359	79b68586-529f-4f81-8834-57bd26e8fb9c	2026-08-16 00:00:00	1_4_1_3	个金条线_个人住房贷款	\N	\N	\N	2026-08-16 09:55:34
4360	79b68586-529f-4f81-8834-57bd26e8fb9c	2026-08-16 00:00:00	1_4_1_3_1	个金条线_个人住房贷款_1Y	\N	\N	\N	2026-08-16 09:55:34
4361	79b68586-529f-4f81-8834-57bd26e8fb9c	2026-08-16 00:00:00	1_4_1_3_2	个金条线_个人住房贷款_2Y	\N	\N	\N	2026-08-16 09:55:34
4362	79b68586-529f-4f81-8834-57bd26e8fb9c	2026-08-16 00:00:00	1_4_1_3_3	个金条线_个人住房贷款_3Y	\N	\N	\N	2026-08-16 09:55:34
4363	79b68586-529f-4f81-8834-57bd26e8fb9c	2026-08-16 00:00:00	1_4_1_3_4	个金条线_个人住房贷款_5Y	\N	\N	\N	2026-08-16 09:55:34
4364	79b68586-529f-4f81-8834-57bd26e8fb9c	2026-08-16 00:00:00	1_4_1_3_5	个金条线_个人住房贷款_10Y	\N	\N	\N	2026-08-16 09:55:34
4365	79b68586-529f-4f81-8834-57bd26e8fb9c	2026-08-16 00:00:00	1_4_1_4	个金条线_个人贷记卡透支	\N	\N	\N	2026-08-16 09:55:34
4366	79b68586-529f-4f81-8834-57bd26e8fb9c	2026-08-16 00:00:00	1_4_1_4_1	个金条线_个人贷记卡透支_3M	\N	\N	\N	2026-08-16 09:55:34
4367	79b68586-529f-4f81-8834-57bd26e8fb9c	2026-08-16 00:00:00	1_4_1_4_2	个金条线_个人贷记卡透支_6M	\N	\N	\N	2026-08-16 09:55:34
4368	79b68586-529f-4f81-8834-57bd26e8fb9c	2026-08-16 00:00:00	1_4_1_4_3	个金条线_个人贷记卡透支_1Y	\N	\N	\N	2026-08-16 09:55:34
4369	79b68586-529f-4f81-8834-57bd26e8fb9c	2026-08-16 00:00:00	1_4_1_4_4	个金条线_个人贷记卡透支_2Y	\N	\N	\N	2026-08-16 09:55:34
4370	79b68586-529f-4f81-8834-57bd26e8fb9c	2026-08-16 00:00:00	1_4_1_4_5	个金条线_个人贷记卡透支_3Y	\N	\N	\N	2026-08-16 09:55:34
4371	79b68586-529f-4f81-8834-57bd26e8fb9c	2026-08-16 00:00:00	1_4_1_5	个金条线_其他贷款	\N	\N	\N	2026-08-16 09:55:34
4372	79b68586-529f-4f81-8834-57bd26e8fb9c	2026-08-16 00:00:00	1_4_1_5_1	个金条线_其他贷款_3M	\N	\N	\N	2026-08-16 09:55:34
4373	79b68586-529f-4f81-8834-57bd26e8fb9c	2026-08-16 00:00:00	1_4_1_5_2	个金条线_其他贷款_6M	\N	\N	\N	2026-08-16 09:55:34
4374	79b68586-529f-4f81-8834-57bd26e8fb9c	2026-08-16 00:00:00	1_4_1_5_3	个金条线_其他贷款_1Y	\N	\N	\N	2026-08-16 09:55:34
4375	79b68586-529f-4f81-8834-57bd26e8fb9c	2026-08-16 00:00:00	1_4_1_5_4	个金条线_其他贷款_2Y	\N	\N	\N	2026-08-16 09:55:34
4376	79b68586-529f-4f81-8834-57bd26e8fb9c	2026-08-16 00:00:00	1_4_1_5_5	个金条线_其他贷款_3Y	\N	\N	\N	2026-08-16 09:55:34
4377	79b68586-529f-4f81-8834-57bd26e8fb9c	2026-08-16 00:00:00	1_4_2	小微条线贷款	\N	\N	\N	2026-08-16 09:55:34
4378	79b68586-529f-4f81-8834-57bd26e8fb9c	2026-08-16 00:00:00	1_4_2_1	小微条线_单位流动资金贷款	\N	\N	\N	2026-08-16 09:55:34
4379	79b68586-529f-4f81-8834-57bd26e8fb9c	2026-08-16 00:00:00	1_4_2_1_1	小微条线_单位流动资金贷款_3M	\N	\N	\N	2026-08-16 09:55:34
4380	79b68586-529f-4f81-8834-57bd26e8fb9c	2026-08-16 00:00:00	1_4_2_1_2	小微条线_单位流动资金贷款_6M	\N	\N	\N	2026-08-16 09:55:34
4381	79b68586-529f-4f81-8834-57bd26e8fb9c	2026-08-16 00:00:00	1_4_2_1_3	小微条线_单位流动资金贷款_1Y	\N	\N	\N	2026-08-16 09:55:34
4382	79b68586-529f-4f81-8834-57bd26e8fb9c	2026-08-16 00:00:00	1_4_2_1_4	小微条线_单位流动资金贷款_2Y	\N	\N	\N	2026-08-16 09:55:34
4383	79b68586-529f-4f81-8834-57bd26e8fb9c	2026-08-16 00:00:00	1_4_2_1_5	小微条线_单位流动资金贷款_3Y	\N	\N	\N	2026-08-16 09:55:34
4384	79b68586-529f-4f81-8834-57bd26e8fb9c	2026-08-16 00:00:00	1_4_2_2	小微条线_单位其他固定资产贷款	\N	\N	\N	2026-08-16 09:55:34
4385	79b68586-529f-4f81-8834-57bd26e8fb9c	2026-08-16 00:00:00	1_4_2_2_1	小微条线_单位其他固定资产贷款_1Y	\N	\N	\N	2026-08-16 09:55:34
4386	79b68586-529f-4f81-8834-57bd26e8fb9c	2026-08-16 00:00:00	1_4_2_2_2	小微条线_单位其他固定资产贷款_3Y	\N	\N	\N	2026-08-16 09:55:34
4387	79b68586-529f-4f81-8834-57bd26e8fb9c	2026-08-16 00:00:00	1_4_2_2_3	小微条线_单位其他固定资产贷款_5Y	\N	\N	\N	2026-08-16 09:55:34
4388	79b68586-529f-4f81-8834-57bd26e8fb9c	2026-08-16 00:00:00	1_4_2_2_4	小微条线_单位其他固定资产贷款_10Y	\N	\N	\N	2026-08-16 09:55:34
4389	79b68586-529f-4f81-8834-57bd26e8fb9c	2026-08-16 00:00:00	1_4_2_3	小微条线_个人经营贷款	\N	\N	\N	2026-08-16 09:55:34
4390	79b68586-529f-4f81-8834-57bd26e8fb9c	2026-08-16 00:00:00	1_4_2_3_1	小微条线_个人经营贷款_线上	\N	\N	\N	2026-08-16 09:55:34
4391	79b68586-529f-4f81-8834-57bd26e8fb9c	2026-08-16 00:00:00	1_4_2_3_1_1	小微条线_个人经营贷款_线上_3M	\N	\N	\N	2026-08-16 09:55:34
4392	79b68586-529f-4f81-8834-57bd26e8fb9c	2026-08-16 00:00:00	1_4_2_3_1_2	小微条线_个人经营贷款_线上_6M	\N	\N	\N	2026-08-16 09:55:34
4393	79b68586-529f-4f81-8834-57bd26e8fb9c	2026-08-16 00:00:00	1_4_2_3_1_3	小微条线_个人经营贷款_线上_1Y	\N	\N	\N	2026-08-16 09:55:34
4394	79b68586-529f-4f81-8834-57bd26e8fb9c	2026-08-16 00:00:00	1_4_2_3_1_4	小微条线_个人经营贷款_线上_2Y	\N	\N	\N	2026-08-16 09:55:34
4395	79b68586-529f-4f81-8834-57bd26e8fb9c	2026-08-16 00:00:00	1_4_2_3_1_5	小微条线_个人经营贷款_线上_3Y	\N	\N	\N	2026-08-16 09:55:34
4396	79b68586-529f-4f81-8834-57bd26e8fb9c	2026-08-16 00:00:00	1_4_2_3_2	小微条线_个人经营贷款_线下	\N	\N	\N	2026-08-16 09:55:34
4397	79b68586-529f-4f81-8834-57bd26e8fb9c	2026-08-16 00:00:00	1_4_2_3_2_1	小微条线_个人经营贷款_线下_3M	\N	\N	\N	2026-08-16 09:55:34
4398	79b68586-529f-4f81-8834-57bd26e8fb9c	2026-08-16 00:00:00	1_4_2_3_2_2	小微条线_个人经营贷款_线下_6M	\N	\N	\N	2026-08-16 09:55:34
4399	79b68586-529f-4f81-8834-57bd26e8fb9c	2026-08-16 00:00:00	1_4_2_3_2_3	小微条线_个人经营贷款_线下_1Y	\N	\N	\N	2026-08-16 09:55:34
4400	79b68586-529f-4f81-8834-57bd26e8fb9c	2026-08-16 00:00:00	1_4_2_3_2_4	小微条线_个人经营贷款_线下_2Y	\N	\N	\N	2026-08-16 09:55:34
4401	79b68586-529f-4f81-8834-57bd26e8fb9c	2026-08-16 00:00:00	1_4_2_3_2_5	小微条线_个人经营贷款_线下_3Y	\N	\N	\N	2026-08-16 09:55:34
4402	79b68586-529f-4f81-8834-57bd26e8fb9c	2026-08-16 00:00:00	1_4_2_4	小微条线_个人消费贷款	\N	\N	\N	2026-08-16 09:55:34
4403	79b68586-529f-4f81-8834-57bd26e8fb9c	2026-08-16 00:00:00	1_4_2_4_1	小微条线_个人消费贷款_3M	\N	\N	\N	2026-08-16 09:55:34
4404	79b68586-529f-4f81-8834-57bd26e8fb9c	2026-08-16 00:00:00	1_4_2_4_2	小微条线_个人消费贷款_6M	\N	\N	\N	2026-08-16 09:55:34
4405	79b68586-529f-4f81-8834-57bd26e8fb9c	2026-08-16 00:00:00	1_4_2_4_3	小微条线_个人消费贷款_1Y	\N	\N	\N	2026-08-16 09:55:34
4406	79b68586-529f-4f81-8834-57bd26e8fb9c	2026-08-16 00:00:00	1_4_2_4_4	小微条线_个人消费贷款_2Y	\N	\N	\N	2026-08-16 09:55:34
4407	79b68586-529f-4f81-8834-57bd26e8fb9c	2026-08-16 00:00:00	1_4_2_4_5	小微条线_个人消费贷款_3Y	\N	\N	\N	2026-08-16 09:55:34
4408	79b68586-529f-4f81-8834-57bd26e8fb9c	2026-08-16 00:00:00	1_4_3	对公条线贷款	\N	\N	\N	2026-08-16 09:55:34
4409	79b68586-529f-4f81-8834-57bd26e8fb9c	2026-08-16 00:00:00	1_4_3_1	对公条线_单位房地产贷款	\N	\N	\N	2026-08-16 09:55:34
4410	79b68586-529f-4f81-8834-57bd26e8fb9c	2026-08-16 00:00:00	1_4_3_1_1	对公条线_单位房地产贷款_1Y	\N	\N	\N	2026-08-16 09:55:34
4411	79b68586-529f-4f81-8834-57bd26e8fb9c	2026-08-16 00:00:00	1_4_3_1_2	对公条线_单位房地产贷款_3Y	\N	\N	\N	2026-08-16 09:55:34
4412	79b68586-529f-4f81-8834-57bd26e8fb9c	2026-08-16 00:00:00	1_4_3_1_3	对公条线_单位房地产贷款_5Y	\N	\N	\N	2026-08-16 09:55:34
4413	79b68586-529f-4f81-8834-57bd26e8fb9c	2026-08-16 00:00:00	1_4_3_1_4	对公条线_单位房地产贷款_10Y	\N	\N	\N	2026-08-16 09:55:34
4414	79b68586-529f-4f81-8834-57bd26e8fb9c	2026-08-16 00:00:00	1_4_3_2	对公条线_单位项目融资贷款	\N	\N	\N	2026-08-16 09:55:34
4415	79b68586-529f-4f81-8834-57bd26e8fb9c	2026-08-16 00:00:00	1_4_3_2_1	对公条线_单位项目融资贷款_3M	\N	\N	\N	2026-08-16 09:55:34
4416	79b68586-529f-4f81-8834-57bd26e8fb9c	2026-08-16 00:00:00	1_4_3_2_2	对公条线_单位项目融资贷款_6M	\N	\N	\N	2026-08-16 09:55:34
4417	79b68586-529f-4f81-8834-57bd26e8fb9c	2026-08-16 00:00:00	1_4_3_2_3	对公条线_单位项目融资贷款_1Y	\N	\N	\N	2026-08-16 09:55:34
4418	79b68586-529f-4f81-8834-57bd26e8fb9c	2026-08-16 00:00:00	1_4_3_2_4	对公条线_单位项目融资贷款_2Y	\N	\N	\N	2026-08-16 09:55:34
4419	79b68586-529f-4f81-8834-57bd26e8fb9c	2026-08-16 00:00:00	1_4_3_2_5	对公条线_单位项目融资贷款_3Y	\N	\N	\N	2026-08-16 09:55:34
4420	79b68586-529f-4f81-8834-57bd26e8fb9c	2026-08-16 00:00:00	1_4_3_3	对公条线_单位其他固定资产贷款	\N	\N	\N	2026-08-16 09:55:34
4421	79b68586-529f-4f81-8834-57bd26e8fb9c	2026-08-16 00:00:00	1_4_3_3_1	对公条线_单位其他固定资产贷款_1Y	\N	\N	\N	2026-08-16 09:55:34
4422	79b68586-529f-4f81-8834-57bd26e8fb9c	2026-08-16 00:00:00	1_4_3_3_2	对公条线_单位其他固定资产贷款_3Y	\N	\N	\N	2026-08-16 09:55:34
4423	79b68586-529f-4f81-8834-57bd26e8fb9c	2026-08-16 00:00:00	1_4_3_3_3	对公条线_单位其他固定资产贷款_5Y	\N	\N	\N	2026-08-16 09:55:34
4424	79b68586-529f-4f81-8834-57bd26e8fb9c	2026-08-16 00:00:00	1_4_3_3_4	对公条线_单位其他固定资产贷款_10Y	\N	\N	\N	2026-08-16 09:55:34
4425	79b68586-529f-4f81-8834-57bd26e8fb9c	2026-08-16 00:00:00	1_4_3_4	对公条线_单位流动资金贷款	\N	\N	\N	2026-08-16 09:55:34
4426	79b68586-529f-4f81-8834-57bd26e8fb9c	2026-08-16 00:00:00	1_4_3_4_1	对公条线_单位流动资金贷款_3M	\N	\N	\N	2026-08-16 09:55:34
4427	79b68586-529f-4f81-8834-57bd26e8fb9c	2026-08-16 00:00:00	1_4_3_4_2	对公条线_单位流动资金贷款_6M	\N	\N	\N	2026-08-16 09:55:34
4428	79b68586-529f-4f81-8834-57bd26e8fb9c	2026-08-16 00:00:00	1_4_3_4_3	对公条线_单位流动资金贷款_1Y	\N	\N	\N	2026-08-16 09:55:34
4429	79b68586-529f-4f81-8834-57bd26e8fb9c	2026-08-16 00:00:00	1_4_3_4_4	对公条线_单位流动资金贷款_2Y	\N	\N	\N	2026-08-16 09:55:34
4430	79b68586-529f-4f81-8834-57bd26e8fb9c	2026-08-16 00:00:00	1_4_3_4_5	对公条线_单位流动资金贷款_3Y	\N	\N	\N	2026-08-16 09:55:34
4431	79b68586-529f-4f81-8834-57bd26e8fb9c	2026-08-16 00:00:00	1_4_3_5	对公条线_其他贷款	\N	\N	\N	2026-08-16 09:55:34
4432	79b68586-529f-4f81-8834-57bd26e8fb9c	2026-08-16 00:00:00	1_4_3_5_1	对公条线_其他贷款_3M	\N	\N	\N	2026-08-16 09:55:34
4433	79b68586-529f-4f81-8834-57bd26e8fb9c	2026-08-16 00:00:00	1_4_3_5_2	对公条线_其他贷款_6M	\N	\N	\N	2026-08-16 09:55:34
4434	79b68586-529f-4f81-8834-57bd26e8fb9c	2026-08-16 00:00:00	1_4_3_5_3	对公条线_其他贷款_1Y	\N	\N	\N	2026-08-16 09:55:34
4435	79b68586-529f-4f81-8834-57bd26e8fb9c	2026-08-16 00:00:00	1_4_3_5_4	对公条线_其他贷款_2Y	\N	\N	\N	2026-08-16 09:55:34
4436	79b68586-529f-4f81-8834-57bd26e8fb9c	2026-08-16 00:00:00	1_4_3_5_5	对公条线_其他贷款_3Y	\N	\N	\N	2026-08-16 09:55:34
4437	79b68586-529f-4f81-8834-57bd26e8fb9c	2026-08-16 00:00:00	1_4_4	数金条线贷款	\N	\N	\N	2026-08-16 09:55:34
4438	79b68586-529f-4f81-8834-57bd26e8fb9c	2026-08-16 00:00:00	1_4_4_1	数金条线_个人经营贷款	\N	\N	\N	2026-08-16 09:55:34
4439	79b68586-529f-4f81-8834-57bd26e8fb9c	2026-08-16 00:00:00	1_4_4_1_1	数金条线_个人经营贷款_线上	\N	\N	\N	2026-08-16 09:55:34
4440	79b68586-529f-4f81-8834-57bd26e8fb9c	2026-08-16 00:00:00	1_4_4_1_1_1	数金条线_个人经营贷款_线上_3M	\N	\N	\N	2026-08-16 09:55:34
4441	79b68586-529f-4f81-8834-57bd26e8fb9c	2026-08-16 00:00:00	1_4_4_1_1_2	数金条线_个人经营贷款_线上_6M	\N	\N	\N	2026-08-16 09:55:34
4442	79b68586-529f-4f81-8834-57bd26e8fb9c	2026-08-16 00:00:00	1_4_4_1_1_3	数金条线_个人经营贷款_线上_1Y	\N	\N	\N	2026-08-16 09:55:34
4443	79b68586-529f-4f81-8834-57bd26e8fb9c	2026-08-16 00:00:00	1_4_4_1_1_4	数金条线_个人经营贷款_线上_2Y	\N	\N	\N	2026-08-16 09:55:34
4444	79b68586-529f-4f81-8834-57bd26e8fb9c	2026-08-16 00:00:00	1_4_4_1_1_5	数金条线_个人经营贷款_线上_3Y	\N	\N	\N	2026-08-16 09:55:34
4445	79b68586-529f-4f81-8834-57bd26e8fb9c	2026-08-16 00:00:00	1_4_4_1_2	数金条线_个人经营贷款_线下	\N	\N	\N	2026-08-16 09:55:34
4446	79b68586-529f-4f81-8834-57bd26e8fb9c	2026-08-16 00:00:00	1_4_4_1_2_1	数金条线_个人经营贷款_线下_3M	\N	\N	\N	2026-08-16 09:55:34
4447	79b68586-529f-4f81-8834-57bd26e8fb9c	2026-08-16 00:00:00	1_4_4_1_2_2	数金条线_个人经营贷款_线下_6M	\N	\N	\N	2026-08-16 09:55:34
4448	79b68586-529f-4f81-8834-57bd26e8fb9c	2026-08-16 00:00:00	1_4_4_1_2_3	数金条线_个人经营贷款_线下_1Y	\N	\N	\N	2026-08-16 09:55:34
4449	79b68586-529f-4f81-8834-57bd26e8fb9c	2026-08-16 00:00:00	1_4_4_1_2_4	数金条线_个人经营贷款_线下_2Y	\N	\N	\N	2026-08-16 09:55:34
4450	79b68586-529f-4f81-8834-57bd26e8fb9c	2026-08-16 00:00:00	1_4_4_1_2_5	数金条线_个人经营贷款_线下_3Y	\N	\N	\N	2026-08-16 09:55:34
4451	79b68586-529f-4f81-8834-57bd26e8fb9c	2026-08-16 00:00:00	1_4_4_2	数金条线_个人消费贷款	\N	\N	\N	2026-08-16 09:55:34
4452	79b68586-529f-4f81-8834-57bd26e8fb9c	2026-08-16 00:00:00	1_4_4_2_1	数金条线_个人消费贷款_3M	\N	\N	\N	2026-08-16 09:55:34
4453	79b68586-529f-4f81-8834-57bd26e8fb9c	2026-08-16 00:00:00	1_4_4_2_2	数金条线_个人消费贷款_6M	\N	\N	\N	2026-08-16 09:55:34
4454	79b68586-529f-4f81-8834-57bd26e8fb9c	2026-08-16 00:00:00	1_4_4_2_3	数金条线_个人消费贷款_1Y	\N	\N	\N	2026-08-16 09:55:34
4455	79b68586-529f-4f81-8834-57bd26e8fb9c	2026-08-16 00:00:00	1_4_4_2_4	数金条线_个人消费贷款_2Y	\N	\N	\N	2026-08-16 09:55:34
4456	79b68586-529f-4f81-8834-57bd26e8fb9c	2026-08-16 00:00:00	1_4_4_2_5	数金条线_个人消费贷款_3Y	\N	\N	\N	2026-08-16 09:55:34
4457	79b68586-529f-4f81-8834-57bd26e8fb9c	2026-08-16 00:00:00	1_4_5	贸易融资	\N	\N	\N	2026-08-16 09:55:34
4458	79b68586-529f-4f81-8834-57bd26e8fb9c	2026-08-16 00:00:00	1_4_5_1	贸易融资_3M	\N	\N	\N	2026-08-16 09:55:34
4459	79b68586-529f-4f81-8834-57bd26e8fb9c	2026-08-16 00:00:00	1_4_5_2	贸易融资_6M	\N	\N	\N	2026-08-16 09:55:34
4460	79b68586-529f-4f81-8834-57bd26e8fb9c	2026-08-16 00:00:00	1_4_5_3	贸易融资_1Y	\N	\N	\N	2026-08-16 09:55:34
4461	79b68586-529f-4f81-8834-57bd26e8fb9c	2026-08-16 00:00:00	1_4_5_4	贸易融资_2Y	\N	\N	\N	2026-08-16 09:55:34
4462	79b68586-529f-4f81-8834-57bd26e8fb9c	2026-08-16 00:00:00	1_4_5_5	贸易融资_3Y	\N	\N	\N	2026-08-16 09:55:34
4463	79b68586-529f-4f81-8834-57bd26e8fb9c	2026-08-16 00:00:00	1_4_6	贴现	\N	\N	\N	2026-08-16 09:55:34
4464	79b68586-529f-4f81-8834-57bd26e8fb9c	2026-08-16 00:00:00	1_4_6_1	直贴_3M	\N	\N	\N	2026-08-16 09:55:34
4465	79b68586-529f-4f81-8834-57bd26e8fb9c	2026-08-16 00:00:00	1_4_6_2	转贴_6M	\N	\N	\N	2026-08-16 09:55:34
4466	79b68586-529f-4f81-8834-57bd26e8fb9c	2026-08-16 00:00:00	1_4_6_3	福费廷_3M	\N	\N	\N	2026-08-16 09:55:34
4467	79b68586-529f-4f81-8834-57bd26e8fb9c	2026-08-16 00:00:00	1_4_6_4	应收款买断_3M	\N	\N	\N	2026-08-16 09:55:34
4468	79b68586-529f-4f81-8834-57bd26e8fb9c	2026-08-16 00:00:00	1_5	其他资产	\N	\N	\N	2026-08-16 09:55:34
4469	79b68586-529f-4f81-8834-57bd26e8fb9c	2026-08-16 00:00:00	1_5_1	贵金属_30Y	\N	\N	\N	2026-08-16 09:55:34
4470	79b68586-529f-4f81-8834-57bd26e8fb9c	2026-08-16 00:00:00	1_5_1_1	贵金属_黄金_1D	\N	\N	\N	2026-08-16 09:55:34
4471	79b68586-529f-4f81-8834-57bd26e8fb9c	2026-08-16 00:00:00	1_5_1_2	贵金属_非黄金_30Y	\N	\N	\N	2026-08-16 09:55:34
4472	79b68586-529f-4f81-8834-57bd26e8fb9c	2026-08-16 00:00:00	1_5_2	各类应收款_30Y	\N	\N	\N	2026-08-16 09:55:34
4473	79b68586-529f-4f81-8834-57bd26e8fb9c	2026-08-16 00:00:00	1_5_3	其他资产_30Y	\N	\N	\N	2026-08-16 09:55:34
4474	79b68586-529f-4f81-8834-57bd26e8fb9c	2026-08-16 00:00:00	2_1	向中央银行借款	\N	\N	\N	2026-08-16 09:55:34
4475	79b68586-529f-4f81-8834-57bd26e8fb9c	2026-08-16 00:00:00	2_1_1	再贴现_1Y	\N	\N	\N	2026-08-16 09:55:34
4476	79b68586-529f-4f81-8834-57bd26e8fb9c	2026-08-16 00:00:00	2_1_2	再贷款_1Y	\N	\N	\N	2026-08-16 09:55:34
4477	79b68586-529f-4f81-8834-57bd26e8fb9c	2026-08-16 00:00:00	2_2	同业负债	\N	\N	\N	2026-08-16 09:55:34
4478	79b68586-529f-4f81-8834-57bd26e8fb9c	2026-08-16 00:00:00	2_2_1	同业存放款项	\N	\N	\N	2026-08-16 09:55:34
4479	79b68586-529f-4f81-8834-57bd26e8fb9c	2026-08-16 00:00:00	2_2_1_1	同业存放活期款项	\N	\N	\N	2026-08-16 09:55:34
4480	79b68586-529f-4f81-8834-57bd26e8fb9c	2026-08-16 00:00:00	2_2_1_1_1	同业存放活期款项_1D	\N	\N	\N	2026-08-16 09:55:34
4481	79b68586-529f-4f81-8834-57bd26e8fb9c	2026-08-16 00:00:00	2_2_1_2	同业存放定期款项	\N	\N	\N	2026-08-16 09:55:34
4482	79b68586-529f-4f81-8834-57bd26e8fb9c	2026-08-16 00:00:00	2_2_1_2_1	同业存放定期款项_1M	\N	\N	\N	2026-08-16 09:55:34
4483	79b68586-529f-4f81-8834-57bd26e8fb9c	2026-08-16 00:00:00	2_2_1_2_2	同业存放定期款项_3M	\N	\N	\N	2026-08-16 09:55:34
4484	79b68586-529f-4f81-8834-57bd26e8fb9c	2026-08-16 00:00:00	2_2_1_2_3	同业存放定期款项_6M	\N	\N	\N	2026-08-16 09:55:34
4485	79b68586-529f-4f81-8834-57bd26e8fb9c	2026-08-16 00:00:00	2_2_1_2_4	同业存放定期款项_1Y	\N	\N	\N	2026-08-16 09:55:34
4486	79b68586-529f-4f81-8834-57bd26e8fb9c	2026-08-16 00:00:00	2_2_2	同业拆入	\N	\N	\N	2026-08-16 09:55:34
4487	79b68586-529f-4f81-8834-57bd26e8fb9c	2026-08-16 00:00:00	2_2_2_1	同业拆入_1D	\N	\N	\N	2026-08-16 09:55:34
4488	79b68586-529f-4f81-8834-57bd26e8fb9c	2026-08-16 00:00:00	2_2_3	同业借款借入	\N	\N	\N	2026-08-16 09:55:34
4489	79b68586-529f-4f81-8834-57bd26e8fb9c	2026-08-16 00:00:00	2_2_3_1	同业借款借入_1D	\N	\N	\N	2026-08-16 09:55:34
4490	79b68586-529f-4f81-8834-57bd26e8fb9c	2026-08-16 00:00:00	2_2_4	卖出回购	\N	\N	\N	2026-08-16 09:55:34
4491	79b68586-529f-4f81-8834-57bd26e8fb9c	2026-08-16 00:00:00	2_2_4_1	卖出回购债券	\N	\N	\N	2026-08-16 09:55:34
4492	79b68586-529f-4f81-8834-57bd26e8fb9c	2026-08-16 00:00:00	2_2_4_1_1	卖出回购债券_买断式_1D	\N	\N	\N	2026-08-16 09:55:34
4493	79b68586-529f-4f81-8834-57bd26e8fb9c	2026-08-16 00:00:00	2_2_4_1_2	卖出回购债券_买断式_7D	\N	\N	\N	2026-08-16 09:55:34
4494	79b68586-529f-4f81-8834-57bd26e8fb9c	2026-08-16 00:00:00	2_2_4_1_3	卖出回购债券_质押式_1D	\N	\N	\N	2026-08-16 09:55:34
4495	79b68586-529f-4f81-8834-57bd26e8fb9c	2026-08-16 00:00:00	2_2_4_1_4	卖出回购债券_质押式_7D	\N	\N	\N	2026-08-16 09:55:34
4496	79b68586-529f-4f81-8834-57bd26e8fb9c	2026-08-16 00:00:00	2_2_4_2	卖出回购票据	\N	\N	\N	2026-08-16 09:55:34
4497	79b68586-529f-4f81-8834-57bd26e8fb9c	2026-08-16 00:00:00	2_2_4_2_1	卖出回购票据_买断式_1D	\N	\N	\N	2026-08-16 09:55:34
4498	79b68586-529f-4f81-8834-57bd26e8fb9c	2026-08-16 00:00:00	2_2_4_2_2	卖出回购票据_买断式_7D	\N	\N	\N	2026-08-16 09:55:34
4499	79b68586-529f-4f81-8834-57bd26e8fb9c	2026-08-16 00:00:00	2_2_4_2_3	卖出回购票据_质押式_1D	\N	\N	\N	2026-08-16 09:55:34
4500	79b68586-529f-4f81-8834-57bd26e8fb9c	2026-08-16 00:00:00	2_2_4_2_4	卖出回购票据_质押式_7D	\N	\N	\N	2026-08-16 09:55:34
4501	79b68586-529f-4f81-8834-57bd26e8fb9c	2026-08-16 00:00:00	2_3	发行同业存单	\N	\N	\N	2026-08-16 09:55:34
4502	79b68586-529f-4f81-8834-57bd26e8fb9c	2026-08-16 00:00:00	2_3_1	发行同业存单_1M	\N	\N	\N	2026-08-16 09:55:34
4503	79b68586-529f-4f81-8834-57bd26e8fb9c	2026-08-16 00:00:00	2_3_2	发行同业存单_3M	\N	\N	\N	2026-08-16 09:55:34
4504	79b68586-529f-4f81-8834-57bd26e8fb9c	2026-08-16 00:00:00	2_3_3	发行同业存单_6M	\N	\N	\N	2026-08-16 09:55:34
4505	79b68586-529f-4f81-8834-57bd26e8fb9c	2026-08-16 00:00:00	2_3_4	发行同业存单_9M	\N	\N	\N	2026-08-16 09:55:34
4506	79b68586-529f-4f81-8834-57bd26e8fb9c	2026-08-16 00:00:00	2_3_5	发行同业存单_1Y	\N	\N	\N	2026-08-16 09:55:34
4507	79b68586-529f-4f81-8834-57bd26e8fb9c	2026-08-16 00:00:00	2_4	发行债券	\N	\N	\N	2026-08-16 09:55:34
4508	79b68586-529f-4f81-8834-57bd26e8fb9c	2026-08-16 00:00:00	2_4_1	发行债券_3Y	\N	\N	\N	2026-08-16 09:55:34
4509	79b68586-529f-4f81-8834-57bd26e8fb9c	2026-08-16 00:00:00	2_4_2	发行债券_5Y	\N	\N	\N	2026-08-16 09:55:34
4510	79b68586-529f-4f81-8834-57bd26e8fb9c	2026-08-16 00:00:00	2_4_3	发行债券_10Y	\N	\N	\N	2026-08-16 09:55:34
4511	79b68586-529f-4f81-8834-57bd26e8fb9c	2026-08-16 00:00:00	2_5	吸收存款	\N	\N	\N	2026-08-16 09:55:34
4512	79b68586-529f-4f81-8834-57bd26e8fb9c	2026-08-16 00:00:00	2_5_1	单位存款	\N	\N	\N	2026-08-16 09:55:34
4513	79b68586-529f-4f81-8834-57bd26e8fb9c	2026-08-16 00:00:00	2_5_1_1	单位活期存款	\N	\N	\N	2026-08-16 09:55:34
4514	79b68586-529f-4f81-8834-57bd26e8fb9c	2026-08-16 00:00:00	2_5_1_1_1	单位普通活期存款_1D	\N	\N	\N	2026-08-16 09:55:34
4515	79b68586-529f-4f81-8834-57bd26e8fb9c	2026-08-16 00:00:00	2_5_1_1_2	单位协议活期存款_1D	\N	\N	\N	2026-08-16 09:55:34
4516	79b68586-529f-4f81-8834-57bd26e8fb9c	2026-08-16 00:00:00	2_5_1_2	单位协议存款	\N	\N	\N	2026-08-16 09:55:34
4517	79b68586-529f-4f81-8834-57bd26e8fb9c	2026-08-16 00:00:00	2_5_1_2_1	单位协议存款_1Y	\N	\N	\N	2026-08-16 09:55:34
4518	79b68586-529f-4f81-8834-57bd26e8fb9c	2026-08-16 00:00:00	2_5_1_2_2	单位协议存款_3Y	\N	\N	\N	2026-08-16 09:55:34
4519	79b68586-529f-4f81-8834-57bd26e8fb9c	2026-08-16 00:00:00	2_5_1_2_3	单位协议存款_5Y	\N	\N	\N	2026-08-16 09:55:34
4520	79b68586-529f-4f81-8834-57bd26e8fb9c	2026-08-16 00:00:00	2_5_1_3	单位定期	\N	\N	\N	2026-08-16 09:55:34
4521	79b68586-529f-4f81-8834-57bd26e8fb9c	2026-08-16 00:00:00	2_5_1_3_1	单位定期_3M	\N	\N	\N	2026-08-16 09:55:34
4522	79b68586-529f-4f81-8834-57bd26e8fb9c	2026-08-16 00:00:00	2_5_1_3_2	单位定期_6M	\N	\N	\N	2026-08-16 09:55:34
4523	79b68586-529f-4f81-8834-57bd26e8fb9c	2026-08-16 00:00:00	2_5_1_3_3	单位定期_1Y	\N	\N	\N	2026-08-16 09:55:34
4524	79b68586-529f-4f81-8834-57bd26e8fb9c	2026-08-16 00:00:00	2_5_1_3_4	单位定期_2Y	\N	\N	\N	2026-08-16 09:55:34
4525	79b68586-529f-4f81-8834-57bd26e8fb9c	2026-08-16 00:00:00	2_5_1_3_5	单位定期_3Y	\N	\N	\N	2026-08-16 09:55:34
4526	79b68586-529f-4f81-8834-57bd26e8fb9c	2026-08-16 00:00:00	2_5_1_3_6	单位定期_5Y	\N	\N	\N	2026-08-16 09:55:34
4527	79b68586-529f-4f81-8834-57bd26e8fb9c	2026-08-16 00:00:00	2_5_1_4	单位通知存款	\N	\N	\N	2026-08-16 09:55:34
4528	79b68586-529f-4f81-8834-57bd26e8fb9c	2026-08-16 00:00:00	2_5_1_4_1	单位通知存款_1D	\N	\N	\N	2026-08-16 09:55:34
4529	79b68586-529f-4f81-8834-57bd26e8fb9c	2026-08-16 00:00:00	2_5_1_4_2	单位通知存款_7D	\N	\N	\N	2026-08-16 09:55:34
4530	79b68586-529f-4f81-8834-57bd26e8fb9c	2026-08-16 00:00:00	2_5_1_5	单位保本理财	\N	\N	\N	2026-08-16 09:55:34
4531	79b68586-529f-4f81-8834-57bd26e8fb9c	2026-08-16 00:00:00	2_5_1_5_1	单位保本理财_1Y	\N	\N	\N	2026-08-16 09:55:34
4532	79b68586-529f-4f81-8834-57bd26e8fb9c	2026-08-16 00:00:00	2_5_1_6	单位大额存单存款	\N	\N	\N	2026-08-16 09:55:34
4533	79b68586-529f-4f81-8834-57bd26e8fb9c	2026-08-16 00:00:00	2_5_1_6_1	单位大额存单存款_1Y	\N	\N	\N	2026-08-16 09:55:34
4534	79b68586-529f-4f81-8834-57bd26e8fb9c	2026-08-16 00:00:00	2_5_1_6_2	单位大额存单存款_2Y	\N	\N	\N	2026-08-16 09:55:34
4535	79b68586-529f-4f81-8834-57bd26e8fb9c	2026-08-16 00:00:00	2_5_1_6_3	单位大额存单存款_3Y	\N	\N	\N	2026-08-16 09:55:34
4536	79b68586-529f-4f81-8834-57bd26e8fb9c	2026-08-16 00:00:00	2_5_1_7	单位保证金存款	\N	\N	\N	2026-08-16 09:55:34
4537	79b68586-529f-4f81-8834-57bd26e8fb9c	2026-08-16 00:00:00	2_5_1_7_1	单位活期保证金存款_1D	\N	\N	\N	2026-08-16 09:55:34
4538	79b68586-529f-4f81-8834-57bd26e8fb9c	2026-08-16 00:00:00	2_5_1_7_2	单位定期保证金存款	\N	\N	\N	2026-08-16 09:55:34
4539	79b68586-529f-4f81-8834-57bd26e8fb9c	2026-08-16 00:00:00	2_5_1_7_2_1	单位定期保证金存款_3M	\N	\N	\N	2026-08-16 09:55:34
4540	79b68586-529f-4f81-8834-57bd26e8fb9c	2026-08-16 00:00:00	2_5_1_7_2_2	单位定期保证金存款_6M	\N	\N	\N	2026-08-16 09:55:34
4541	79b68586-529f-4f81-8834-57bd26e8fb9c	2026-08-16 00:00:00	2_5_1_7_2_3	单位定期保证金存款_1Y	\N	\N	\N	2026-08-16 09:55:34
4542	79b68586-529f-4f81-8834-57bd26e8fb9c	2026-08-16 00:00:00	2_5_1_7_2_4	单位定期保证金存款_2Y	\N	\N	\N	2026-08-16 09:55:34
4543	79b68586-529f-4f81-8834-57bd26e8fb9c	2026-08-16 00:00:00	2_5_1_7_2_5	单位定期保证金存款_3Y	\N	\N	\N	2026-08-16 09:55:34
4544	79b68586-529f-4f81-8834-57bd26e8fb9c	2026-08-16 00:00:00	2_5_2	个人存款	\N	\N	\N	2026-08-16 09:55:34
4545	79b68586-529f-4f81-8834-57bd26e8fb9c	2026-08-16 00:00:00	2_5_2_1	个人活期存款	\N	\N	\N	2026-08-16 09:55:34
4546	79b68586-529f-4f81-8834-57bd26e8fb9c	2026-08-16 00:00:00	2_5_2_1_1	个人普通活期存款_1D	\N	\N	\N	2026-08-16 09:55:34
4547	79b68586-529f-4f81-8834-57bd26e8fb9c	2026-08-16 00:00:00	2_5_2_1_2	个人协议活期存款_1D	\N	\N	\N	2026-08-16 09:55:34
4548	79b68586-529f-4f81-8834-57bd26e8fb9c	2026-08-16 00:00:00	2_5_2_2	个人定期存款	\N	\N	\N	2026-08-16 09:55:34
4549	79b68586-529f-4f81-8834-57bd26e8fb9c	2026-08-16 00:00:00	2_5_2_2_1	高兴存	\N	\N	\N	2026-08-16 09:55:34
4550	79b68586-529f-4f81-8834-57bd26e8fb9c	2026-08-16 00:00:00	2_5_2_2_1_1	高兴存	\N	\N	\N	2026-08-16 09:55:34
4551	79b68586-529f-4f81-8834-57bd26e8fb9c	2026-08-16 00:00:00	2_5_2_2_1_1_1	高兴存_3Y	\N	\N	\N	2026-08-16 09:55:34
4552	79b68586-529f-4f81-8834-57bd26e8fb9c	2026-08-16 00:00:00	2_5_2_2_1_1_2	高兴存_5Y	\N	\N	\N	2026-08-16 09:55:34
4553	79b68586-529f-4f81-8834-57bd26e8fb9c	2026-08-16 00:00:00	2_5_2_2_1_2	高兴存（节庆专属）_3Y	\N	\N	\N	2026-08-16 09:55:34
4554	79b68586-529f-4f81-8834-57bd26e8fb9c	2026-08-16 00:00:00	2_5_2_2_1_3	高兴存（村镇银行专属）	\N	\N	\N	2026-08-16 09:55:34
4555	79b68586-529f-4f81-8834-57bd26e8fb9c	2026-08-16 00:00:00	2_5_2_2_1_3_1	高兴存（村镇银行专属）_3Y	\N	\N	\N	2026-08-16 09:55:34
4556	79b68586-529f-4f81-8834-57bd26e8fb9c	2026-08-16 00:00:00	2_5_2_2_1_3_2	高兴存（村镇银行专属）_5Y	\N	\N	\N	2026-08-16 09:55:34
4557	79b68586-529f-4f81-8834-57bd26e8fb9c	2026-08-16 00:00:00	2_5_2_2_2	富桂存	\N	\N	\N	2026-08-16 09:55:34
4558	79b68586-529f-4f81-8834-57bd26e8fb9c	2026-08-16 00:00:00	2_5_2_2_2_1	富桂存_月得利	\N	\N	\N	2026-08-16 09:55:34
4559	79b68586-529f-4f81-8834-57bd26e8fb9c	2026-08-16 00:00:00	2_5_2_2_2_1_1	富桂存_月得利_3Y	\N	\N	\N	2026-08-16 09:55:34
4560	79b68586-529f-4f81-8834-57bd26e8fb9c	2026-08-16 00:00:00	2_5_2_2_2_1_2	富桂存_月得利_5Y	\N	\N	\N	2026-08-16 09:55:34
4561	79b68586-529f-4f81-8834-57bd26e8fb9c	2026-08-16 00:00:00	2_5_2_2_2_2	富桂存_月得利（二期）	\N	\N	\N	2026-08-16 09:55:34
4562	79b68586-529f-4f81-8834-57bd26e8fb9c	2026-08-16 00:00:00	2_5_2_2_2_2_1	富桂存_月得利（二期）_3Y	\N	\N	\N	2026-08-16 09:55:34
4563	79b68586-529f-4f81-8834-57bd26e8fb9c	2026-08-16 00:00:00	2_5_2_2_2_2_2	富桂存_月得利（二期）_5Y	\N	\N	\N	2026-08-16 09:55:34
4564	79b68586-529f-4f81-8834-57bd26e8fb9c	2026-08-16 00:00:00	2_5_2_2_2_3	富桂存_月得利(尊享版)_5Y	\N	\N	\N	2026-08-16 09:55:34
4565	79b68586-529f-4f81-8834-57bd26e8fb9c	2026-08-16 00:00:00	2_5_2_2_2_4	富桂存_月得利（E版三年）_3Y	\N	\N	\N	2026-08-16 09:55:34
4566	79b68586-529f-4f81-8834-57bd26e8fb9c	2026-08-16 00:00:00	2_5_2_2_2_5	富桂存_月得利（县域专属）	\N	\N	\N	2026-08-16 09:55:34
4567	79b68586-529f-4f81-8834-57bd26e8fb9c	2026-08-16 00:00:00	2_5_2_2_2_5_1	富桂存_月得利（县域专属）_3Y	\N	\N	\N	2026-08-16 09:55:34
4568	79b68586-529f-4f81-8834-57bd26e8fb9c	2026-08-16 00:00:00	2_5_2_2_2_5_2	富桂存_月得利（县域专属）_5Y	\N	\N	\N	2026-08-16 09:55:34
4569	79b68586-529f-4f81-8834-57bd26e8fb9c	2026-08-16 00:00:00	2_5_2_2_2_6	富桂存_月得利（E版五年）_5Y	\N	\N	\N	2026-08-16 09:55:34
4570	79b68586-529f-4f81-8834-57bd26e8fb9c	2026-08-16 00:00:00	2_5_2_2_2_7	行庆专属存款_5Y	\N	\N	\N	2026-08-16 09:55:34
4571	79b68586-529f-4f81-8834-57bd26e8fb9c	2026-08-16 00:00:00	2_5_2_2_2_8	区庆专属存款	\N	\N	\N	2026-08-16 09:55:34
4572	79b68586-529f-4f81-8834-57bd26e8fb9c	2026-08-16 00:00:00	2_5_2_2_2_8_1	区庆专属存款_3Y	\N	\N	\N	2026-08-16 09:55:34
4573	79b68586-529f-4f81-8834-57bd26e8fb9c	2026-08-16 00:00:00	2_5_2_2_2_8_2	区庆专属存款_5Y	\N	\N	\N	2026-08-16 09:55:34
4574	79b68586-529f-4f81-8834-57bd26e8fb9c	2026-08-16 00:00:00	2_5_2_2_3	其他个人定期存款	\N	\N	\N	2026-08-16 09:55:34
4575	79b68586-529f-4f81-8834-57bd26e8fb9c	2026-08-16 00:00:00	2_5_2_2_3_1	其他个人定期存款_3M	\N	\N	\N	2026-08-16 09:55:34
4576	79b68586-529f-4f81-8834-57bd26e8fb9c	2026-08-16 00:00:00	2_5_2_2_3_2	其他个人定期存款_6M	\N	\N	\N	2026-08-16 09:55:34
4577	79b68586-529f-4f81-8834-57bd26e8fb9c	2026-08-16 00:00:00	2_5_2_2_3_3	其他个人定期存款_1Y	\N	\N	\N	2026-08-16 09:55:34
4578	79b68586-529f-4f81-8834-57bd26e8fb9c	2026-08-16 00:00:00	2_5_2_2_3_4	其他个人定期存款_2Y	\N	\N	\N	2026-08-16 09:55:34
4579	79b68586-529f-4f81-8834-57bd26e8fb9c	2026-08-16 00:00:00	2_5_2_2_3_5	其他个人定期存款_3Y	\N	\N	\N	2026-08-16 09:55:34
4580	79b68586-529f-4f81-8834-57bd26e8fb9c	2026-08-16 00:00:00	2_5_2_2_3_6	其他个人定期存款_5Y	\N	\N	\N	2026-08-16 09:55:34
4581	79b68586-529f-4f81-8834-57bd26e8fb9c	2026-08-16 00:00:00	2_5_2_3	个人通知存款	\N	\N	\N	2026-08-16 09:55:34
4582	79b68586-529f-4f81-8834-57bd26e8fb9c	2026-08-16 00:00:00	2_5_2_3_1	个人通知存款_1D	\N	\N	\N	2026-08-16 09:55:34
4583	79b68586-529f-4f81-8834-57bd26e8fb9c	2026-08-16 00:00:00	2_5_2_3_2	个人通知存款_7D	\N	\N	\N	2026-08-16 09:55:34
4584	79b68586-529f-4f81-8834-57bd26e8fb9c	2026-08-16 00:00:00	2_5_2_4	个人保本理财	\N	\N	\N	2026-08-16 09:55:34
4585	79b68586-529f-4f81-8834-57bd26e8fb9c	2026-08-16 00:00:00	2_5_2_4_1	个人保本理财_1Y	\N	\N	\N	2026-08-16 09:55:34
4586	79b68586-529f-4f81-8834-57bd26e8fb9c	2026-08-16 00:00:00	2_5_2_5	个人大额存单存款	\N	\N	\N	2026-08-16 09:55:34
4587	79b68586-529f-4f81-8834-57bd26e8fb9c	2026-08-16 00:00:00	2_5_2_5_1	个人大额存单存款_3M	\N	\N	\N	2026-08-16 09:55:34
4588	79b68586-529f-4f81-8834-57bd26e8fb9c	2026-08-16 00:00:00	2_5_2_5_2	个人大额存单存款_6M	\N	\N	\N	2026-08-16 09:55:34
4589	79b68586-529f-4f81-8834-57bd26e8fb9c	2026-08-16 00:00:00	2_5_2_5_3	个人大额存单存款_1Y	\N	\N	\N	2026-08-16 09:55:34
4590	79b68586-529f-4f81-8834-57bd26e8fb9c	2026-08-16 00:00:00	2_5_2_5_4	个人大额存单存款_3Y	\N	\N	\N	2026-08-16 09:55:34
4591	79b68586-529f-4f81-8834-57bd26e8fb9c	2026-08-16 00:00:00	2_5_2_5_5	个人大额存单存款_5Y	\N	\N	\N	2026-08-16 09:55:34
4592	79b68586-529f-4f81-8834-57bd26e8fb9c	2026-08-16 00:00:00	2_5_2_6	个人协议存款	\N	\N	\N	2026-08-16 09:55:34
4593	79b68586-529f-4f81-8834-57bd26e8fb9c	2026-08-16 00:00:00	2_5_2_6_1	个人协议存款_1Y	\N	\N	\N	2026-08-16 09:55:34
4594	79b68586-529f-4f81-8834-57bd26e8fb9c	2026-08-16 00:00:00	2_5_2_6_2	个人协议存款_5Y	\N	\N	\N	2026-08-16 09:55:34
4595	79b68586-529f-4f81-8834-57bd26e8fb9c	2026-08-16 00:00:00	2_5_2_7	个人定活两便	\N	\N	\N	2026-08-16 09:55:34
4596	79b68586-529f-4f81-8834-57bd26e8fb9c	2026-08-16 00:00:00	2_5_2_7_1	个人定活两便_1D	\N	\N	\N	2026-08-16 09:55:34
4597	79b68586-529f-4f81-8834-57bd26e8fb9c	2026-08-16 00:00:00	2_5_3	国库定期存款	\N	\N	\N	2026-08-16 09:55:34
4598	79b68586-529f-4f81-8834-57bd26e8fb9c	2026-08-16 00:00:00	2_5_3_1	国库定期存款_1Y	\N	\N	\N	2026-08-16 09:55:34
4599	79b68586-529f-4f81-8834-57bd26e8fb9c	2026-08-16 00:00:00	2_5_4	财政性存款	\N	\N	\N	2026-08-16 09:55:34
4600	79b68586-529f-4f81-8834-57bd26e8fb9c	2026-08-16 00:00:00	2_5_4_1	财政性存款_1Y	\N	\N	\N	2026-08-16 09:55:34
4601	79b68586-529f-4f81-8834-57bd26e8fb9c	2026-08-16 00:00:00	2_5_5	其他存款	\N	\N	\N	2026-08-16 09:55:34
4602	79b68586-529f-4f81-8834-57bd26e8fb9c	2026-08-16 00:00:00	2_5_5_1	应解汇款机临时存款_1D	\N	\N	\N	2026-08-16 09:55:34
4603	79b68586-529f-4f81-8834-57bd26e8fb9c	2026-08-16 00:00:00	2_5_5_2	开出银行汇票_1D	\N	\N	\N	2026-08-16 09:55:34
4604	79b68586-529f-4f81-8834-57bd26e8fb9c	2026-08-16 00:00:00	2_5_5_3	开出银行本票_1D	\N	\N	\N	2026-08-16 09:55:34
4605	79b68586-529f-4f81-8834-57bd26e8fb9c	2026-08-16 00:00:00	2_5_5_4	转股协议存款_1D	\N	\N	\N	2026-08-16 09:55:34
4606	79b68586-529f-4f81-8834-57bd26e8fb9c	2026-08-16 00:00:00	2_6	其他负债	\N	\N	\N	2026-08-16 09:55:34
4607	79b68586-529f-4f81-8834-57bd26e8fb9c	2026-08-16 00:00:00	2_6_1	代理类负债_1Y	\N	\N	\N	2026-08-16 09:55:34
4608	79b68586-529f-4f81-8834-57bd26e8fb9c	2026-08-16 00:00:00	2_6_2	转贴现负债_3M	\N	\N	\N	2026-08-16 09:55:34
4609	79b68586-529f-4f81-8834-57bd26e8fb9c	2026-08-16 00:00:00	2_6_3	其他负债_30Y	\N	\N	\N	2026-08-16 09:55:34
4610	79b68586-529f-4f81-8834-57bd26e8fb9c	2026-08-16 00:00:00	3_1	所有者权益	\N	\N	\N	2026-08-16 09:55:34
4611	79b68586-529f-4f81-8834-57bd26e8fb9c	2026-08-16 00:00:00	3_1_1	所有者权益_10Y	\N	\N	\N	2026-08-16 09:55:34
6160	4a6ba152-325f-4776-bdb7-ea260d17594a	2026-08-16 00:00:00	ROOT	资产负债账户册	0.0	0.0	0.0	2026-08-16 10:11:27
6161	4a6ba152-325f-4776-bdb7-ea260d17594a	2026-08-16 00:00:00	1_1	现金及存放央行	17950159801.66	10915535758.27	14643383.2725	2026-08-16 10:11:27
6162	4a6ba152-325f-4776-bdb7-ea260d17594a	2026-08-16 00:00:00	1_1_1	现金_1D	352301313.61	315817522.25	0.0	2026-08-16 10:11:27
6163	4a6ba152-325f-4776-bdb7-ea260d17594a	2026-08-16 00:00:00	1_1_2	存放央行法定准备金_30Y	12993396478.69	9867795685.68	-29043911.0066	2026-08-16 10:11:27
6164	4a6ba152-325f-4776-bdb7-ea260d17594a	2026-08-16 00:00:00	1_1_3	存放央行超额准备金_1D	4590822029.39	722989947.4	49601960.1174	2026-08-16 10:11:27
6165	4a6ba152-325f-4776-bdb7-ea260d17594a	2026-08-16 00:00:00	1_1_4	存放央行其他款项_30Y	13640000.02	8932612.91	0.0	2026-08-16 10:11:27
6166	4a6ba152-325f-4776-bdb7-ea260d17594a	2026-08-16 00:00:00	1_2	同业资产	25399096836.7	9741609449.5	44563467.373	2026-08-16 10:11:27
6167	4a6ba152-325f-4776-bdb7-ea260d17594a	2026-08-16 00:00:00	1_2_1	存放同业款项	12267470836.7	7933941377.03	20915999.1117	2026-08-16 10:11:27
6168	4a6ba152-325f-4776-bdb7-ea260d17594a	2026-08-16 00:00:00	1_2_1_1	存放同业款项_金融市场部	0.0	0.0	0.0	2026-08-16 10:11:27
6169	4a6ba152-325f-4776-bdb7-ea260d17594a	2026-08-16 00:00:00	1_2_1_1_1	存放同业活期款项_金融市场部_1D	0.0	0.0	0.0	2026-08-16 10:11:27
6170	4a6ba152-325f-4776-bdb7-ea260d17594a	2026-08-16 00:00:00	1_2_1_1_2	存放同业定期款项_金融市场部_1M	0.0	0.0	0.0	2026-08-16 10:11:27
6171	4a6ba152-325f-4776-bdb7-ea260d17594a	2026-08-16 00:00:00	1_2_1_1_3	存放同业定期款项_金融市场部_3M	0.0	0.0	0.0	2026-08-16 10:11:27
6172	4a6ba152-325f-4776-bdb7-ea260d17594a	2026-08-16 00:00:00	1_2_1_1_4	存放同业定期款项_金融市场部_6M	0.0	0.0	0.0	2026-08-16 10:11:27
6173	4a6ba152-325f-4776-bdb7-ea260d17594a	2026-08-16 00:00:00	1_2_1_1_5	存放同业定期款项_金融市场部_1Y	0.0	0.0	0.0	2026-08-16 10:11:27
6174	4a6ba152-325f-4776-bdb7-ea260d17594a	2026-08-16 00:00:00	1_2_1_2	存放同业款项_公司金融部	12267470836.7	7933941377.03	20915999.1117	2026-08-16 10:11:27
6175	4a6ba152-325f-4776-bdb7-ea260d17594a	2026-08-16 00:00:00	1_2_1_2_1	存放同业活期款项_公司金融部_1D	8467470836.7	7933941377.03	9910125.3354	2026-08-16 10:11:27
6176	4a6ba152-325f-4776-bdb7-ea260d17594a	2026-08-16 00:00:00	1_2_1_2_2	存放同业定期款项_公司金融部_1M	0.0	0.0	0.0	2026-08-16 10:11:27
6177	4a6ba152-325f-4776-bdb7-ea260d17594a	2026-08-16 00:00:00	1_2_1_2_3	存放同业定期款项_公司金融部_3M	2000000000.0	0.0	779427.0833	2026-08-16 10:11:27
6178	4a6ba152-325f-4776-bdb7-ea260d17594a	2026-08-16 00:00:00	1_2_1_2_4	存放同业定期款项_公司金融部_6M	0.0	0.0	0.0	2026-08-16 10:11:27
6179	4a6ba152-325f-4776-bdb7-ea260d17594a	2026-08-16 00:00:00	1_2_1_2_5	存放同业定期款项_公司金融部_1Y	1800000000.0	0.0	8118741.12	2026-08-16 10:11:27
6180	4a6ba152-325f-4776-bdb7-ea260d17594a	2026-08-16 00:00:00	1_2_2	拆放同业款项	4138716000.0	461408967.74	20460371.0276	2026-08-16 10:11:27
6181	4a6ba152-325f-4776-bdb7-ea260d17594a	2026-08-16 00:00:00	1_2_2_1	拆放同业款项_1D	0.0	0.0	0.0	2026-08-16 10:11:27
6182	4a6ba152-325f-4776-bdb7-ea260d17594a	2026-08-16 00:00:00	1_2_2_2	拆放同业款项_1M	129358000.0	70938258.06	55740.7215	2026-08-16 10:11:27
6183	4a6ba152-325f-4776-bdb7-ea260d17594a	2026-08-16 00:00:00	1_2_2_3	拆放同业款项_3M	229358000.0	196922322.58	467350.1824	2026-08-16 10:11:27
6184	4a6ba152-325f-4776-bdb7-ea260d17594a	2026-08-16 00:00:00	1_2_2_4	拆放同业款项_6M	250000000.0	0.0	1161747.6875	2026-08-16 10:11:27
6185	4a6ba152-325f-4776-bdb7-ea260d17594a	2026-08-16 00:00:00	1_2_2_5	拆放同业款项_1Y	3530000000.0	193548387.1	18775532.5575	2026-08-16 10:11:27
6186	4a6ba152-325f-4776-bdb7-ea260d17594a	2026-08-16 00:00:00	1_2_3	买入返售	8992910000.0	1346259104.73	4071344.2718	2026-08-16 10:11:27
6187	4a6ba152-325f-4776-bdb7-ea260d17594a	2026-08-16 00:00:00	1_2_3_1	买入返售债券	6992910000.0	433355878.92	1056694.5936	2026-08-16 10:11:27
6188	4a6ba152-325f-4776-bdb7-ea260d17594a	2026-08-16 00:00:00	1_2_3_1_1	买入返售债券_买断式_1D	0.0	14620072.47	21059.1429	2026-08-16 10:11:27
6189	4a6ba152-325f-4776-bdb7-ea260d17594a	2026-08-16 00:00:00	1_2_3_1_2	买入返售债券_买断式_7D	6992910000.0	418735806.45	1074960.9964	2026-08-16 10:11:27
6190	4a6ba152-325f-4776-bdb7-ea260d17594a	2026-08-16 00:00:00	1_2_3_1_3	买入返售债券_质押式_1D	0.0	0.0	0.0	2026-08-16 10:11:27
6191	4a6ba152-325f-4776-bdb7-ea260d17594a	2026-08-16 00:00:00	1_2_3_1_4	买入返售债券_质押式_7D	0.0	0.0	0.0	2026-08-16 10:11:27
6192	4a6ba152-325f-4776-bdb7-ea260d17594a	2026-08-16 00:00:00	1_2_3_2	买入返售票据	2000000000.0	912903225.81	2956129.0908	2026-08-16 10:11:27
6193	4a6ba152-325f-4776-bdb7-ea260d17594a	2026-08-16 00:00:00	1_2_3_2_1	买入返售票据_买断式_1D	0.0	0.0	0.0	2026-08-16 10:11:27
6194	4a6ba152-325f-4776-bdb7-ea260d17594a	2026-08-16 00:00:00	1_2_3_2_2	买入返售票据_买断式_7D	2000000000.0	912903225.81	2956129.0908	2026-08-16 10:11:27
6195	4a6ba152-325f-4776-bdb7-ea260d17594a	2026-08-16 00:00:00	1_2_3_2_3	买入返售票据_质押式_1D	0.0	0.0	0.0	2026-08-16 10:11:27
6196	4a6ba152-325f-4776-bdb7-ea260d17594a	2026-08-16 00:00:00	1_2_3_2_4	买入返售票据_质押式_7D	0.0	0.0	0.0	2026-08-16 10:11:27
6197	4a6ba152-325f-4776-bdb7-ea260d17594a	2026-08-16 00:00:00	1_3	各项投资	110159732825.43	25640168009.1	453181145.9075	2026-08-16 10:11:27
6198	4a6ba152-325f-4776-bdb7-ea260d17594a	2026-08-16 00:00:00	1_3_1	金融市场部投资	53901916889.84	19600422907.1	183740100.3979	2026-08-16 10:11:27
6199	4a6ba152-325f-4776-bdb7-ea260d17594a	2026-08-16 00:00:00	1_3_1_1	金融市场部_交易性金融资产	18348493643.13	19231016157.81	51430488.308	2026-08-16 10:11:27
6200	4a6ba152-325f-4776-bdb7-ea260d17594a	2026-08-16 00:00:00	1_3_1_1_1	金融市场部_交易性国债投资	0.0	477203.72	1001.5498	2026-08-16 10:11:27
6201	4a6ba152-325f-4776-bdb7-ea260d17594a	2026-08-16 00:00:00	1_3_1_1_1_1	金融市场部_交易性国债投资_司库	0.0	0.0	0.0	2026-08-16 10:11:27
6202	4a6ba152-325f-4776-bdb7-ea260d17594a	2026-08-16 00:00:00	1_3_1_1_1_1_1	金融市场部_交易性国债投资_司库_1Y	0.0	0.0	0.0	2026-08-16 10:11:27
6203	4a6ba152-325f-4776-bdb7-ea260d17594a	2026-08-16 00:00:00	1_3_1_1_1_1_2	金融市场部_交易性国债投资_司库_3Y	0.0	0.0	0.0	2026-08-16 10:11:27
6204	4a6ba152-325f-4776-bdb7-ea260d17594a	2026-08-16 00:00:00	1_3_1_1_1_1_3	金融市场部_交易性国债投资_司库_5Y	0.0	0.0	0.0	2026-08-16 10:11:27
6205	4a6ba152-325f-4776-bdb7-ea260d17594a	2026-08-16 00:00:00	1_3_1_1_1_1_4	金融市场部_交易性国债投资_司库_10Y	0.0	0.0	0.0	2026-08-16 10:11:27
6206	4a6ba152-325f-4776-bdb7-ea260d17594a	2026-08-16 00:00:00	1_3_1_1_1_2	金融市场部_交易性国债投资_非司库	0.0	477203.72	1001.5498	2026-08-16 10:11:27
6207	4a6ba152-325f-4776-bdb7-ea260d17594a	2026-08-16 00:00:00	1_3_1_1_1_2_1	金融市场部_交易性国债投资_非司库_交易账户	0.0	477203.72	1001.5498	2026-08-16 10:11:27
6208	4a6ba152-325f-4776-bdb7-ea260d17594a	2026-08-16 00:00:00	1_3_1_1_1_2_1_1	金融市场部_交易性国债投资_非司库_交易账户_1Y	0.0	0.0	0.0	2026-08-16 10:11:27
6209	4a6ba152-325f-4776-bdb7-ea260d17594a	2026-08-16 00:00:00	1_3_1_1_1_2_1_2	金融市场部_交易性国债投资_非司库_交易账户_3Y	0.0	0.0	0.0	2026-08-16 10:11:27
6210	4a6ba152-325f-4776-bdb7-ea260d17594a	2026-08-16 00:00:00	1_3_1_1_1_2_1_3	金融市场部_交易性国债投资_非司库_交易账户_5Y	0.0	477203.72	1001.5296	2026-08-16 10:11:27
6211	4a6ba152-325f-4776-bdb7-ea260d17594a	2026-08-16 00:00:00	1_3_1_1_1_2_1_4	金融市场部_交易性国债投资_非司库_交易账户_10Y	0.0	0.0	0.0	2026-08-16 10:11:27
6212	4a6ba152-325f-4776-bdb7-ea260d17594a	2026-08-16 00:00:00	1_3_1_1_1_2_2	金融市场部_交易性国债投资_非司库_银行账户	0.0	0.0	0.0	2026-08-16 10:11:27
6213	4a6ba152-325f-4776-bdb7-ea260d17594a	2026-08-16 00:00:00	1_3_1_1_1_2_2_1	金融市场部_交易性国债投资_非司库_银行账户_1Y	0.0	0.0	0.0	2026-08-16 10:11:27
6214	4a6ba152-325f-4776-bdb7-ea260d17594a	2026-08-16 00:00:00	1_3_1_1_1_2_2_2	金融市场部_交易性国债投资_非司库_银行账户_3Y	0.0	0.0	0.0	2026-08-16 10:11:27
6215	4a6ba152-325f-4776-bdb7-ea260d17594a	2026-08-16 00:00:00	1_3_1_1_1_2_2_3	金融市场部_交易性国债投资_非司库_银行账户_5Y	0.0	0.0	0.0	2026-08-16 10:11:27
6216	4a6ba152-325f-4776-bdb7-ea260d17594a	2026-08-16 00:00:00	1_3_1_1_1_2_2_4	金融市场部_交易性国债投资_非司库_银行账户_10Y	0.0	0.0	0.0	2026-08-16 10:11:27
6217	4a6ba152-325f-4776-bdb7-ea260d17594a	2026-08-16 00:00:00	1_3_1_1_2	金融市场部_交易性央票投资	0.0	0.0	0.0	2026-08-16 10:11:27
6218	4a6ba152-325f-4776-bdb7-ea260d17594a	2026-08-16 00:00:00	1_3_1_1_2_1	金融市场部_交易性央票投资_司库	0.0	0.0	0.0	2026-08-16 10:11:27
6219	4a6ba152-325f-4776-bdb7-ea260d17594a	2026-08-16 00:00:00	1_3_1_1_2_1_1	金融市场部_交易性央票投资_司库_1Y	0.0	0.0	0.0	2026-08-16 10:11:27
6220	4a6ba152-325f-4776-bdb7-ea260d17594a	2026-08-16 00:00:00	1_3_1_1_2_1_2	金融市场部_交易性央票投资_司库_3Y	0.0	0.0	0.0	2026-08-16 10:11:27
6221	4a6ba152-325f-4776-bdb7-ea260d17594a	2026-08-16 00:00:00	1_3_1_1_2_1_3	金融市场部_交易性央票投资_司库_5Y	0.0	0.0	0.0	2026-08-16 10:11:27
6222	4a6ba152-325f-4776-bdb7-ea260d17594a	2026-08-16 00:00:00	1_3_1_1_2_1_4	金融市场部_交易性央票投资_司库_10Y	0.0	0.0	0.0	2026-08-16 10:11:27
6223	4a6ba152-325f-4776-bdb7-ea260d17594a	2026-08-16 00:00:00	1_3_1_1_2_2	金融市场部_交易性央票投资_非司库	0.0	0.0	0.0	2026-08-16 10:11:27
6224	4a6ba152-325f-4776-bdb7-ea260d17594a	2026-08-16 00:00:00	1_3_1_1_2_2_1	金融市场部_交易性央票投资_非司库_交易账户	0.0	0.0	0.0	2026-08-16 10:11:27
6225	4a6ba152-325f-4776-bdb7-ea260d17594a	2026-08-16 00:00:00	1_3_1_1_2_2_1_1	金融市场部_交易性央票投资_非司库_交易账户_1Y	0.0	0.0	0.0	2026-08-16 10:11:27
6226	4a6ba152-325f-4776-bdb7-ea260d17594a	2026-08-16 00:00:00	1_3_1_1_2_2_1_2	金融市场部_交易性央票投资_非司库_交易账户_3Y	0.0	0.0	0.0	2026-08-16 10:11:27
6227	4a6ba152-325f-4776-bdb7-ea260d17594a	2026-08-16 00:00:00	1_3_1_1_2_2_1_3	金融市场部_交易性央票投资_非司库_交易账户_5Y	0.0	0.0	0.0	2026-08-16 10:11:27
6228	4a6ba152-325f-4776-bdb7-ea260d17594a	2026-08-16 00:00:00	1_3_1_1_2_2_1_4	金融市场部_交易性央票投资_非司库_交易账户_10Y	0.0	0.0	0.0	2026-08-16 10:11:27
6229	4a6ba152-325f-4776-bdb7-ea260d17594a	2026-08-16 00:00:00	1_3_1_1_2_2_2	金融市场部_交易性央票投资_非司库_银行账户	0.0	0.0	0.0	2026-08-16 10:11:27
6230	4a6ba152-325f-4776-bdb7-ea260d17594a	2026-08-16 00:00:00	1_3_1_1_2_2_2_1	金融市场部_交易性央票投资_非司库_银行账户_1Y	0.0	0.0	0.0	2026-08-16 10:11:27
6231	4a6ba152-325f-4776-bdb7-ea260d17594a	2026-08-16 00:00:00	1_3_1_1_2_2_2_2	金融市场部_交易性央票投资_非司库_银行账户_3Y	0.0	0.0	0.0	2026-08-16 10:11:27
6232	4a6ba152-325f-4776-bdb7-ea260d17594a	2026-08-16 00:00:00	1_3_1_1_2_2_2_3	金融市场部_交易性央票投资_非司库_银行账户_5Y	0.0	0.0	0.0	2026-08-16 10:11:27
6233	4a6ba152-325f-4776-bdb7-ea260d17594a	2026-08-16 00:00:00	1_3_1_1_2_2_2_4	金融市场部_交易性央票投资_非司库_银行账户_10Y	0.0	0.0	0.0	2026-08-16 10:11:27
6234	4a6ba152-325f-4776-bdb7-ea260d17594a	2026-08-16 00:00:00	1_3_1_1_3	金融市场部_交易性地方政府债投资	500003891.3	484641654.98	1438179.3561	2026-08-16 10:11:27
6235	4a6ba152-325f-4776-bdb7-ea260d17594a	2026-08-16 00:00:00	1_3_1_1_3_1	金融市场部_交易性地方政府债投资_司库	0.0	0.0	0.0	2026-08-16 10:11:27
6236	4a6ba152-325f-4776-bdb7-ea260d17594a	2026-08-16 00:00:00	1_3_1_1_3_1_1	金融市场部_交易性地方政府债投资_司库_1Y	0.0	0.0	0.0	2026-08-16 10:11:27
6237	4a6ba152-325f-4776-bdb7-ea260d17594a	2026-08-16 00:00:00	1_3_1_1_3_1_2	金融市场部_交易性地方政府债投资_司库_3Y	0.0	0.0	0.0	2026-08-16 10:11:27
6238	4a6ba152-325f-4776-bdb7-ea260d17594a	2026-08-16 00:00:00	1_3_1_1_3_1_3	金融市场部_交易性地方政府债投资_司库_5Y	0.0	0.0	0.0	2026-08-16 10:11:27
6239	4a6ba152-325f-4776-bdb7-ea260d17594a	2026-08-16 00:00:00	1_3_1_1_3_1_4	金融市场部_交易性地方政府债投资_司库_10Y	0.0	0.0	0.0	2026-08-16 10:11:27
6240	4a6ba152-325f-4776-bdb7-ea260d17594a	2026-08-16 00:00:00	1_3_1_1_3_2	金融市场部_交易性地方政府债投资_非司库	500003891.3	484641654.98	1438179.3561	2026-08-16 10:11:27
6241	4a6ba152-325f-4776-bdb7-ea260d17594a	2026-08-16 00:00:00	1_3_1_1_3_2_1	金融市场部_交易性地方政府债投资_非司库_交易账户	500003891.3	484641654.98	1438179.3561	2026-08-16 10:11:27
6242	4a6ba152-325f-4776-bdb7-ea260d17594a	2026-08-16 00:00:00	1_3_1_1_3_2_1_1	金融市场部_交易性地方政府债投资_非司库_交易账户_1Y	0.0	0.0	0.0	2026-08-16 10:11:27
6243	4a6ba152-325f-4776-bdb7-ea260d17594a	2026-08-16 00:00:00	1_3_1_1_3_2_1_2	金融市场部_交易性地方政府债投资_非司库_交易账户_3Y	0.0	0.0	0.0	2026-08-16 10:11:27
6244	4a6ba152-325f-4776-bdb7-ea260d17594a	2026-08-16 00:00:00	1_3_1_1_3_2_1_3	金融市场部_交易性地方政府债投资_非司库_交易账户_5Y	0.0	0.0	0.0	2026-08-16 10:11:27
6245	4a6ba152-325f-4776-bdb7-ea260d17594a	2026-08-16 00:00:00	1_3_1_1_3_2_1_4	金融市场部_交易性地方政府债投资_非司库_交易账户_10Y	500003892.3	484641655.48	1438179.3561	2026-08-16 10:11:27
6246	4a6ba152-325f-4776-bdb7-ea260d17594a	2026-08-16 00:00:00	1_3_1_1_3_2_2	金融市场部_交易性地方政府债投资_非司库_银行账户	0.0	0.0	0.0	2026-08-16 10:11:27
6247	4a6ba152-325f-4776-bdb7-ea260d17594a	2026-08-16 00:00:00	1_3_1_1_3_2_2_1	金融市场部_交易性地方政府债投资_非司库_银行账户_1Y	0.0	0.0	0.0	2026-08-16 10:11:27
6248	4a6ba152-325f-4776-bdb7-ea260d17594a	2026-08-16 00:00:00	1_3_1_1_3_2_2_2	金融市场部_交易性地方政府债投资_非司库_银行账户_3Y	0.0	0.0	0.0	2026-08-16 10:11:27
6249	4a6ba152-325f-4776-bdb7-ea260d17594a	2026-08-16 00:00:00	1_3_1_1_3_2_2_3	金融市场部_交易性地方政府债投资_非司库_银行账户_5Y	0.0	0.0	0.0	2026-08-16 10:11:27
6250	4a6ba152-325f-4776-bdb7-ea260d17594a	2026-08-16 00:00:00	1_3_1_1_3_2_2_4	金融市场部_交易性地方政府债投资_非司库_银行账户_10Y	0.0	0.0	0.0	2026-08-16 10:11:27
6251	4a6ba152-325f-4776-bdb7-ea260d17594a	2026-08-16 00:00:00	1_3_1_1_4	金融市场部_交易性政策性金融债投资	307242895.89	331570085.76	843655.8353	2026-08-16 10:11:27
6252	4a6ba152-325f-4776-bdb7-ea260d17594a	2026-08-16 00:00:00	1_3_1_1_4_1	金融市场部_交易性政策性金融债投资_司库	0.0	0.0	0.0	2026-08-16 10:11:27
6253	4a6ba152-325f-4776-bdb7-ea260d17594a	2026-08-16 00:00:00	1_3_1_1_4_1_1	金融市场部_交易性政策性金融债投资_ 司库_1Y	0.0	0.0	0.0	2026-08-16 10:11:27
6254	4a6ba152-325f-4776-bdb7-ea260d17594a	2026-08-16 00:00:00	1_3_1_1_4_1_2	金融市场部_交易性政策性金融债投资_ 司库_3Y	0.0	0.0	0.0	2026-08-16 10:11:27
6255	4a6ba152-325f-4776-bdb7-ea260d17594a	2026-08-16 00:00:00	1_3_1_1_4_1_3	金融市场部_交易性政策性金融债投资_ 司库_5Y	0.0	0.0	0.0	2026-08-16 10:11:27
6256	4a6ba152-325f-4776-bdb7-ea260d17594a	2026-08-16 00:00:00	1_3_1_1_4_1_4	金融市场部_交易性政策性金融债投资_ 司库_10Y	0.0	0.0	0.0	2026-08-16 10:11:27
6257	4a6ba152-325f-4776-bdb7-ea260d17594a	2026-08-16 00:00:00	1_3_1_1_4_2	金融市场部_交易性政策性金融债投资_非司库	307242895.89	331570085.76	843655.8353	2026-08-16 10:11:27
6258	4a6ba152-325f-4776-bdb7-ea260d17594a	2026-08-16 00:00:00	1_3_1_1_4_2_1	金融市场部_交易性政策性金融债投资_非司库_交易账户	307242895.89	331570085.76	843655.8353	2026-08-16 10:11:27
6259	4a6ba152-325f-4776-bdb7-ea260d17594a	2026-08-16 00:00:00	1_3_1_1_4_2_1_1	金融市场部_交易性政策性金融债投资_非司库_交易账户_1Y	0.0	21276333.61	40744.1996	2026-08-16 10:11:27
6260	4a6ba152-325f-4776-bdb7-ea260d17594a	2026-08-16 00:00:00	1_3_1_1_4_2_1_2	金融市场部_交易性政策性金融债投资_非司库_交易账户_3Y	307242896.5	310293752.45	811144.4466	2026-08-16 10:11:27
6261	4a6ba152-325f-4776-bdb7-ea260d17594a	2026-08-16 00:00:00	1_3_1_1_4_2_1_3	金融市场部_交易性政策性金融债投资_非司库_交易账户_5Y	0.0	0.0	0.0	2026-08-16 10:11:27
6262	4a6ba152-325f-4776-bdb7-ea260d17594a	2026-08-16 00:00:00	1_3_1_1_4_2_1_4	金融市场部_交易性政策性金融债投资_非司库_交易账户_10Y	0.0	0.0	0.0	2026-08-16 10:11:27
6263	4a6ba152-325f-4776-bdb7-ea260d17594a	2026-08-16 00:00:00	1_3_1_1_4_2_2	金融市场部_交易性政策性金融债投资_非司库_银行账户	0.0	0.0	0.0	2026-08-16 10:11:27
6264	4a6ba152-325f-4776-bdb7-ea260d17594a	2026-08-16 00:00:00	1_3_1_1_4_2_2_1	金融市场部_交易性政策性金融债投资_非司库_银行账户_1Y	0.0	0.0	0.0	2026-08-16 10:11:27
6265	4a6ba152-325f-4776-bdb7-ea260d17594a	2026-08-16 00:00:00	1_3_1_1_4_2_2_2	金融市场部_交易性政策性金融债投资_非司库_银行账户_3Y	0.0	0.0	0.0	2026-08-16 10:11:27
6266	4a6ba152-325f-4776-bdb7-ea260d17594a	2026-08-16 00:00:00	1_3_1_1_4_2_2_3	金融市场部_交易性政策性金融债投资_非司库_银行账户_5Y	0.0	0.0	0.0	2026-08-16 10:11:27
6267	4a6ba152-325f-4776-bdb7-ea260d17594a	2026-08-16 00:00:00	1_3_1_1_4_2_2_4	金融市场部_交易性政策性金融债投资_非司库_银行账户_10Y	0.0	0.0	0.0	2026-08-16 10:11:27
6268	4a6ba152-325f-4776-bdb7-ea260d17594a	2026-08-16 00:00:00	1_3_1_1_5	金融市场部_交易性商业银行债投资	1564604917.13	215722891.52	5083472.2235	2026-08-16 10:11:27
6269	4a6ba152-325f-4776-bdb7-ea260d17594a	2026-08-16 00:00:00	1_3_1_1_5_1	金融市场部_交易性商业银行债投资_司库	0.0	0.0	0.0	2026-08-16 10:11:27
6270	4a6ba152-325f-4776-bdb7-ea260d17594a	2026-08-16 00:00:00	1_3_1_1_5_1_1	金融市场部_交易性商业银行债投资_司库_1Y	0.0	0.0	0.0	2026-08-16 10:11:27
6271	4a6ba152-325f-4776-bdb7-ea260d17594a	2026-08-16 00:00:00	1_3_1_1_5_1_2	金融市场部_交易性商业银行债投资_司库_3Y	0.0	0.0	0.0	2026-08-16 10:11:27
6272	4a6ba152-325f-4776-bdb7-ea260d17594a	2026-08-16 00:00:00	1_3_1_1_5_1_3	金融市场部_交易性商业银行债投资_司库_5Y	0.0	0.0	0.0	2026-08-16 10:11:27
6273	4a6ba152-325f-4776-bdb7-ea260d17594a	2026-08-16 00:00:00	1_3_1_1_5_1_4	金融市场部_交易性商业银行债投资_司库_10Y	0.0	0.0	0.0	2026-08-16 10:11:27
6274	4a6ba152-325f-4776-bdb7-ea260d17594a	2026-08-16 00:00:00	1_3_1_1_5_2	金融市场部_交易性商业银行债投资_非司库	1564604917.13	215722891.52	5083472.2235	2026-08-16 10:11:27
6275	4a6ba152-325f-4776-bdb7-ea260d17594a	2026-08-16 00:00:00	1_3_1_1_5_2_1	金融市场部_交易性商业银行债投资_非司库_交易账户	398808939.73	215722891.52	661805.5626	2026-08-16 10:11:27
6276	4a6ba152-325f-4776-bdb7-ea260d17594a	2026-08-16 00:00:00	1_3_1_1_5_2_1_1	金融市场部_交易性商业银行债投资_非司库_交易账户_1Y	0.0	0.0	0.0	2026-08-16 10:11:27
6277	4a6ba152-325f-4776-bdb7-ea260d17594a	2026-08-16 00:00:00	1_3_1_1_5_2_1_2	金融市场部_交易性商业银行债投资_非司库_交易账户_3Y	0.0	0.0	0.0	2026-08-16 10:11:27
6278	4a6ba152-325f-4776-bdb7-ea260d17594a	2026-08-16 00:00:00	1_3_1_1_5_2_1_3	金融市场部_交易性商业银行债投资_非司库_交易账户_5Y	299264240.33	202867191.82	621250.0086	2026-08-16 10:11:27
6279	4a6ba152-325f-4776-bdb7-ea260d17594a	2026-08-16 00:00:00	1_3_1_1_5_2_1_4	金融市场部_交易性商业银行债投资_非司库_交易账户_10Y	99544700.2	12855700.1	40555.556	2026-08-16 10:11:27
6280	4a6ba152-325f-4776-bdb7-ea260d17594a	2026-08-16 00:00:00	1_3_1_1_5_2_2	金融市场部_交易性商业银行债投资_非司库_银行账户	1165795977.4	0.0	4421666.631	2026-08-16 10:11:27
6281	4a6ba152-325f-4776-bdb7-ea260d17594a	2026-08-16 00:00:00	1_3_1_1_5_2_2_1	金融市场部_交易性商业银行债投资_非司库_银行账户_1Y	0.0	0.0	0.0	2026-08-16 10:11:27
6282	4a6ba152-325f-4776-bdb7-ea260d17594a	2026-08-16 00:00:00	1_3_1_1_5_2_2_2	金融市场部_交易性商业银行债投资_非司库_银行账户_3Y	0.0	0.0	0.0	2026-08-16 10:11:27
6283	4a6ba152-325f-4776-bdb7-ea260d17594a	2026-08-16 00:00:00	1_3_1_1_5_2_2_3	金融市场部_交易性商业银行债投资_非司库_银行账户_5Y	0.0	0.0	0.0	2026-08-16 10:11:27
6284	4a6ba152-325f-4776-bdb7-ea260d17594a	2026-08-16 00:00:00	1_3_1_1_5_2_2_4	金融市场部_交易性商业银行债投资_非司库_银行账户_10Y	1165795979.73	1.16	4421666.631	2026-08-16 10:11:27
6285	4a6ba152-325f-4776-bdb7-ea260d17594a	2026-08-16 00:00:00	1_3_1_1_6	金融市场部_交易性金融机构债投资	0.0	0.0	0.0	2026-08-16 10:11:27
6286	4a6ba152-325f-4776-bdb7-ea260d17594a	2026-08-16 00:00:00	1_3_1_1_6_1	金融市场部_交易性金融机构债投资_非司库	0.0	0.0	0.0	2026-08-16 10:11:27
6287	4a6ba152-325f-4776-bdb7-ea260d17594a	2026-08-16 00:00:00	1_3_1_1_6_1_1	金融市场部_交易性金融机构债投资_非司库_交易账户	0.0	0.0	0.0	2026-08-16 10:11:27
6288	4a6ba152-325f-4776-bdb7-ea260d17594a	2026-08-16 00:00:00	1_3_1_1_6_1_1_1	金融市场部_交易性金融机构债投资_非司库_交易账户_1Y	0.0	0.0	0.0	2026-08-16 10:11:27
6289	4a6ba152-325f-4776-bdb7-ea260d17594a	2026-08-16 00:00:00	1_3_1_1_6_1_1_2	金融市场部_交易性金融机构债投资_非司库_交易账户_3Y	0.0	0.0	0.0	2026-08-16 10:11:27
6290	4a6ba152-325f-4776-bdb7-ea260d17594a	2026-08-16 00:00:00	1_3_1_1_6_1_1_3	金融市场部_交易性金融机构债投资_非司库_交易账户_5Y	0.0	0.0	0.0	2026-08-16 10:11:27
6291	4a6ba152-325f-4776-bdb7-ea260d17594a	2026-08-16 00:00:00	1_3_1_1_6_1_1_4	金融市场部_交易性金融机构债投资_非司库_交易账户_10Y	0.0	0.0	0.0	2026-08-16 10:11:27
6292	4a6ba152-325f-4776-bdb7-ea260d17594a	2026-08-16 00:00:00	1_3_1_1_6_1_2	金融市场部_交易性金融机构债投资_非司库_银行账户	0.0	0.0	0.0	2026-08-16 10:11:27
6293	4a6ba152-325f-4776-bdb7-ea260d17594a	2026-08-16 00:00:00	1_3_1_1_6_1_2_1	金融市场部_交易性金融机构债投资_非司库_银行账户_1Y	0.0	0.0	0.0	2026-08-16 10:11:27
6294	4a6ba152-325f-4776-bdb7-ea260d17594a	2026-08-16 00:00:00	1_3_1_1_6_1_2_2	金融市场部_交易性金融机构债投资_非司库_银行账户_3Y	0.0	0.0	0.0	2026-08-16 10:11:27
6295	4a6ba152-325f-4776-bdb7-ea260d17594a	2026-08-16 00:00:00	1_3_1_1_6_1_2_3	金融市场部_交易性金融机构债投资_非司库_银行账户_5Y	0.0	0.0	0.0	2026-08-16 10:11:27
6296	4a6ba152-325f-4776-bdb7-ea260d17594a	2026-08-16 00:00:00	1_3_1_1_6_1_2_4	金融市场部_交易性金融机构债投资_非司库_银行账户_10Y	0.0	0.0	0.0	2026-08-16 10:11:27
6297	4a6ba152-325f-4776-bdb7-ea260d17594a	2026-08-16 00:00:00	1_3_1_1_7	金融市场部_交易性公司债投资	574520754.66	444454079.18	2743780.612	2026-08-16 10:11:27
6298	4a6ba152-325f-4776-bdb7-ea260d17594a	2026-08-16 00:00:00	1_3_1_1_7_1	金融市场部_交易性公司债投资_非司库	574520754.66	444454079.18	2743780.612	2026-08-16 10:11:27
6299	4a6ba152-325f-4776-bdb7-ea260d17594a	2026-08-16 00:00:00	1_3_1_1_7_1_1	金融市场部_交易性公司债投资_非司库_交易账户	514383362.88	444454079.18	2604480.6233	2026-08-16 10:11:27
6300	4a6ba152-325f-4776-bdb7-ea260d17594a	2026-08-16 00:00:00	1_3_1_1_7_1_1_1	金融市场部_交易性公司债投资_非司库_交易账户_1Y	253920938.73	181678089.92	988688.92	2026-08-16 10:11:27
6301	4a6ba152-325f-4776-bdb7-ea260d17594a	2026-08-16 00:00:00	1_3_1_1_7_1_1_2	金融市场部_交易性公司债投资_非司库_交易账户_3Y	260462425.18	253419957.16	1582516.7052	2026-08-16 10:11:27
6302	4a6ba152-325f-4776-bdb7-ea260d17594a	2026-08-16 00:00:00	1_3_1_1_7_1_1_3	金融市场部_交易性公司债投资_非司库_交易账户_5Y	0.0	2258366.42	9488.8847	2026-08-16 10:11:27
6303	4a6ba152-325f-4776-bdb7-ea260d17594a	2026-08-16 00:00:00	1_3_1_1_7_1_1_4	金融市场部_交易性公司债投资_非司库_交易账户_10Y	0.0	7097666.2	23786.1272	2026-08-16 10:11:27
6304	4a6ba152-325f-4776-bdb7-ea260d17594a	2026-08-16 00:00:00	1_3_1_1_7_1_2	金融市场部_交易性公司债投资_非司库_银行账户	60137391.78	0.0	139300.0006	2026-08-16 10:11:27
6305	4a6ba152-325f-4776-bdb7-ea260d17594a	2026-08-16 00:00:00	1_3_1_1_7_1_2_1	金融市场部_交易性公司债投资_非司库_银行账户_1Y	60137391.9	0.06	139300.0006	2026-08-16 10:11:27
6306	4a6ba152-325f-4776-bdb7-ea260d17594a	2026-08-16 00:00:00	1_3_1_1_7_1_2_2	金融市场部_交易性公司债投资_非司库_银行账户_3Y	0.0	0.0	0.0	2026-08-16 10:11:27
6307	4a6ba152-325f-4776-bdb7-ea260d17594a	2026-08-16 00:00:00	1_3_1_1_7_1_2_3	金融市场部_交易性公司债投资_非司库_银行账户_5Y	0.0	0.0	0.0	2026-08-16 10:11:27
6308	4a6ba152-325f-4776-bdb7-ea260d17594a	2026-08-16 00:00:00	1_3_1_1_7_1_2_4	金融市场部_交易性公司债投资_非司库_银行账户_10Y	0.0	0.0	0.0	2026-08-16 10:11:27
6309	4a6ba152-325f-4776-bdb7-ea260d17594a	2026-08-16 00:00:00	1_3_1_1_8	金融市场部_交易性同业存单投资	498946083.33	16095034.95	40640.0427	2026-08-16 10:11:27
6310	4a6ba152-325f-4776-bdb7-ea260d17594a	2026-08-16 00:00:00	1_3_1_1_8_1	金融市场部_交易性同业存单投资_非司库	498946083.33	16095034.95	40640.0427	2026-08-16 10:11:27
6311	4a6ba152-325f-4776-bdb7-ea260d17594a	2026-08-16 00:00:00	1_3_1_1_8_1_1	金融市场部_交易性同业存单投资_非司库_交易账户	498946083.33	16095034.95	40640.0427	2026-08-16 10:11:27
6312	4a6ba152-325f-4776-bdb7-ea260d17594a	2026-08-16 00:00:00	1_3_1_1_8_1_1_1	金融市场部_交易性同业存单投资_非司库_交易账户_1M	498946084.33	16095035.45	40640.0427	2026-08-16 10:11:27
6313	4a6ba152-325f-4776-bdb7-ea260d17594a	2026-08-16 00:00:00	1_3_1_1_8_1_1_2	金融市场部_交易性同业存单投资_非司库_交易账户_3M	0.0	0.0	0.0	2026-08-16 10:11:27
6314	4a6ba152-325f-4776-bdb7-ea260d17594a	2026-08-16 00:00:00	1_3_1_1_8_1_1_3	金融市场部_交易性同业存单投资_非司库_交易账户_6M	0.0	0.0	0.0	2026-08-16 10:11:27
6315	4a6ba152-325f-4776-bdb7-ea260d17594a	2026-08-16 00:00:00	1_3_1_1_8_1_1_4	金融市场部_交易性同业存单投资_非司库_交易账户_1Y	0.0	0.0	0.0	2026-08-16 10:11:27
6316	4a6ba152-325f-4776-bdb7-ea260d17594a	2026-08-16 00:00:00	1_3_1_1_8_1_2	金融市场部_交易性同业存单投资_非司库_银行账户	0.0	0.0	0.0	2026-08-16 10:11:27
6317	4a6ba152-325f-4776-bdb7-ea260d17594a	2026-08-16 00:00:00	1_3_1_1_8_1_2_1	金融市场部_交易性同业存单投资_非司库_银行账户_1M	0.0	0.0	0.0	2026-08-16 10:11:27
6318	4a6ba152-325f-4776-bdb7-ea260d17594a	2026-08-16 00:00:00	1_3_1_1_8_1_2_2	金融市场部_交易性同业存单投资_非司库_银行账户_3M	0.0	0.0	0.0	2026-08-16 10:11:27
6319	4a6ba152-325f-4776-bdb7-ea260d17594a	2026-08-16 00:00:00	1_3_1_1_8_1_2_3	金融市场部_交易性同业存单投资_非司库_银行账户_6M	0.0	0.0	0.0	2026-08-16 10:11:27
6320	4a6ba152-325f-4776-bdb7-ea260d17594a	2026-08-16 00:00:00	1_3_1_1_8_1_2_4	金融市场部_交易性同业存单投资_非司库_银行账户_1Y	0.0	0.0	0.0	2026-08-16 10:11:27
6321	4a6ba152-325f-4776-bdb7-ea260d17594a	2026-08-16 00:00:00	1_3_1_1_9	金融市场部_交易性金融资产_其他	14903175100.82	17738055207.71	41279758.6246	2026-08-16 10:11:27
6322	4a6ba152-325f-4776-bdb7-ea260d17594a	2026-08-16 00:00:00	1_3_1_1_9_1	金融市场部_交易性金融资产_其他_非司库	14903175100.82	17738055207.71	41279758.6246	2026-08-16 10:11:27
6323	4a6ba152-325f-4776-bdb7-ea260d17594a	2026-08-16 00:00:00	1_3_1_1_9_1_1	金融市场部_交易性金融资产_其他_非司库_交易账户	14903175100.82	17738055207.71	41279758.6246	2026-08-16 10:11:27
6324	4a6ba152-325f-4776-bdb7-ea260d17594a	2026-08-16 00:00:00	1_3_1_1_9_1_1_1	金融市场部_交易性金融资产_其他_非司库_交易账户_1Y	7571408219.92	10648326082.8	32427258.2764	2026-08-16 10:11:27
6325	4a6ba152-325f-4776-bdb7-ea260d17594a	2026-08-16 00:00:00	1_3_1_1_9_1_1_2	金融市场部_交易性金融资产_其他_非司库_交易账户_3Y	5803873838.6	5613265625.79	8852499.6201	2026-08-16 10:11:27
6326	4a6ba152-325f-4776-bdb7-ea260d17594a	2026-08-16 00:00:00	1_3_1_1_9_1_1_3	金融市场部_交易性金融资产_其他_非司库_交易账户_5Y	1527893072.06	1476463514.01	0.0	2026-08-16 10:11:27
6327	4a6ba152-325f-4776-bdb7-ea260d17594a	2026-08-16 00:00:00	1_3_1_1_9_1_2	金融市场部_交易性金融资产_其他_非司库_银行账户	0.0	0.0	0.0	2026-08-16 10:11:27
6328	4a6ba152-325f-4776-bdb7-ea260d17594a	2026-08-16 00:00:00	1_3_1_1_9_1_2_1	金融市场部_交易性金融资产_其他_非司库_银行账户_1Y	0.0	0.0	0.0	2026-08-16 10:11:27
6329	4a6ba152-325f-4776-bdb7-ea260d17594a	2026-08-16 00:00:00	1_3_1_1_9_1_2_2	金融市场部_交易性金融资产_其他_非司库_银行账户_3Y	0.0	0.0	0.0	2026-08-16 10:11:27
6330	4a6ba152-325f-4776-bdb7-ea260d17594a	2026-08-16 00:00:00	1_3_1_1_9_1_2_3	金融市场部_交易性金融资产_其他_非司库_银行账户_5Y	0.0	0.0	0.0	2026-08-16 10:11:27
6331	4a6ba152-325f-4776-bdb7-ea260d17594a	2026-08-16 00:00:00	1_3_1_2	金融市场部_其他债权投资	4160729104.47	280397783.31	11717828.8702	2026-08-16 10:11:27
6332	4a6ba152-325f-4776-bdb7-ea260d17594a	2026-08-16 00:00:00	1_3_1_2_1	金融市场部_其他债权投资_国债	512161849.32	0.0	1405750.4625	2026-08-16 10:11:27
6333	4a6ba152-325f-4776-bdb7-ea260d17594a	2026-08-16 00:00:00	1_3_1_2_1_1	金融市场部_其他债权投资_国债_司库	0.0	0.0	0.0	2026-08-16 10:11:27
6334	4a6ba152-325f-4776-bdb7-ea260d17594a	2026-08-16 00:00:00	1_3_1_2_1_1_1	金融市场部_其他债权投资_国债_司库_1Y	0.0	0.0	0.0	2026-08-16 10:11:27
6335	4a6ba152-325f-4776-bdb7-ea260d17594a	2026-08-16 00:00:00	1_3_1_2_1_1_2	金融市场部_其他债权投资_国债_司库_3Y	0.0	0.0	0.0	2026-08-16 10:11:27
6336	4a6ba152-325f-4776-bdb7-ea260d17594a	2026-08-16 00:00:00	1_3_1_2_1_1_3	金融市场部_其他债权投资_国债_司库_5Y	0.0	0.0	0.0	2026-08-16 10:11:27
6337	4a6ba152-325f-4776-bdb7-ea260d17594a	2026-08-16 00:00:00	1_3_1_2_1_1_4	金融市场部_其他债权投资_国债_司库_10Y	0.0	0.0	0.0	2026-08-16 10:11:27
6338	4a6ba152-325f-4776-bdb7-ea260d17594a	2026-08-16 00:00:00	1_3_1_2_1_2	金融市场部_其他债权投资_国债_非司库	512161849.32	0.0	1405750.4625	2026-08-16 10:11:27
6339	4a6ba152-325f-4776-bdb7-ea260d17594a	2026-08-16 00:00:00	1_3_1_2_1_2_1	金融市场部_其他债权投资_国债_非司库_1Y	0.0	0.0	0.0	2026-08-16 10:11:27
6340	4a6ba152-325f-4776-bdb7-ea260d17594a	2026-08-16 00:00:00	1_3_1_2_1_2_2	金融市场部_其他债权投资_国债_非司库_3Y	0.0	0.0	0.0	2026-08-16 10:11:27
6341	4a6ba152-325f-4776-bdb7-ea260d17594a	2026-08-16 00:00:00	1_3_1_2_1_2_3	金融市场部_其他债权投资_国债_非司库_5Y	0.0	0.0	0.0	2026-08-16 10:11:27
6342	4a6ba152-325f-4776-bdb7-ea260d17594a	2026-08-16 00:00:00	1_3_1_2_1_2_4	金融市场部_其他债权投资_国债_非司库_10Y	512161850.34	0.51	1405750.4625	2026-08-16 10:11:27
6343	4a6ba152-325f-4776-bdb7-ea260d17594a	2026-08-16 00:00:00	1_3_1_2_2	金融市场部_其他债权投资_央票	0.0	0.0	0.0	2026-08-16 10:11:27
6344	4a6ba152-325f-4776-bdb7-ea260d17594a	2026-08-16 00:00:00	1_3_1_2_2_1	金融市场部_其他债权投资_央票_司库	0.0	0.0	0.0	2026-08-16 10:11:27
6345	4a6ba152-325f-4776-bdb7-ea260d17594a	2026-08-16 00:00:00	1_3_1_2_2_1_1	金融市场部_其他债权投资_央票_司库_1Y	0.0	0.0	0.0	2026-08-16 10:11:27
6346	4a6ba152-325f-4776-bdb7-ea260d17594a	2026-08-16 00:00:00	1_3_1_2_2_1_2	金融市场部_其他债权投资_央票_司库_3Y	0.0	0.0	0.0	2026-08-16 10:11:27
6347	4a6ba152-325f-4776-bdb7-ea260d17594a	2026-08-16 00:00:00	1_3_1_2_2_1_3	金融市场部_其他债权投资_央票_司库_5Y	0.0	0.0	0.0	2026-08-16 10:11:27
6348	4a6ba152-325f-4776-bdb7-ea260d17594a	2026-08-16 00:00:00	1_3_1_2_2_1_4	金融市场部_其他债权投资_央票_司库_10Y	0.0	0.0	0.0	2026-08-16 10:11:27
6349	4a6ba152-325f-4776-bdb7-ea260d17594a	2026-08-16 00:00:00	1_3_1_2_2_2	金融市场部_其他债权投资_央票_非司库	0.0	0.0	0.0	2026-08-16 10:11:27
6350	4a6ba152-325f-4776-bdb7-ea260d17594a	2026-08-16 00:00:00	1_3_1_2_2_2_1	金融市场部_其他债权投资_央票_非司库_1Y	0.0	0.0	0.0	2026-08-16 10:11:27
6351	4a6ba152-325f-4776-bdb7-ea260d17594a	2026-08-16 00:00:00	1_3_1_2_2_2_2	金融市场部_其他债权投资_央票_非司库_3Y	0.0	0.0	0.0	2026-08-16 10:11:27
6352	4a6ba152-325f-4776-bdb7-ea260d17594a	2026-08-16 00:00:00	1_3_1_2_2_2_3	金融市场部_其他债权投资_央票_非司库_5Y	0.0	0.0	0.0	2026-08-16 10:11:27
6353	4a6ba152-325f-4776-bdb7-ea260d17594a	2026-08-16 00:00:00	1_3_1_2_2_2_4	金融市场部_其他债权投资_央票_非司库_10Y	0.0	0.0	0.0	2026-08-16 10:11:27
6354	4a6ba152-325f-4776-bdb7-ea260d17594a	2026-08-16 00:00:00	1_3_1_2_3	金融市场部_其他债权投资_地方政府债	467829120.17	0.0	1164373.5164	2026-08-16 10:11:27
6355	4a6ba152-325f-4776-bdb7-ea260d17594a	2026-08-16 00:00:00	1_3_1_2_3_1	金融市场部_其他债权投资_地方政府债_司库	0.0	0.0	0.0	2026-08-16 10:11:27
6356	4a6ba152-325f-4776-bdb7-ea260d17594a	2026-08-16 00:00:00	1_3_1_2_3_1_1	金融市场部_其他债权投资_地方政府债_司库_1Y	0.0	0.0	0.0	2026-08-16 10:11:27
6357	4a6ba152-325f-4776-bdb7-ea260d17594a	2026-08-16 00:00:00	1_3_1_2_3_1_2	金融市场部_其他债权投资_地方政府债_司库_3Y	0.0	0.0	0.0	2026-08-16 10:11:27
6358	4a6ba152-325f-4776-bdb7-ea260d17594a	2026-08-16 00:00:00	1_3_1_2_3_1_3	金融市场部_其他债权投资_地方政府债_司库_5Y	0.0	0.0	0.0	2026-08-16 10:11:27
6359	4a6ba152-325f-4776-bdb7-ea260d17594a	2026-08-16 00:00:00	1_3_1_2_3_1_4	金融市场部_其他债权投资_地方政府债_司库_10Y	0.0	0.0	0.0	2026-08-16 10:11:27
6360	4a6ba152-325f-4776-bdb7-ea260d17594a	2026-08-16 00:00:00	1_3_1_2_3_2	金融市场部_其他债权投资_地方政府债_非司库	467829120.17	0.0	1164373.5164	2026-08-16 10:11:27
6361	4a6ba152-325f-4776-bdb7-ea260d17594a	2026-08-16 00:00:00	1_3_1_2_3_2_1	金融市场部_其他债权投资_地方政府债_非司库_1Y	0.0	0.0	0.0	2026-08-16 10:11:27
6362	4a6ba152-325f-4776-bdb7-ea260d17594a	2026-08-16 00:00:00	1_3_1_2_3_2_2	金融市场部_其他债权投资_地方政府债_非司库_3Y	0.0	0.0	0.0	2026-08-16 10:11:27
6363	4a6ba152-325f-4776-bdb7-ea260d17594a	2026-08-16 00:00:00	1_3_1_2_3_2_3	金融市场部_其他债权投资_地方政府债_非司库_5Y	0.0	0.0	0.0	2026-08-16 10:11:27
6364	4a6ba152-325f-4776-bdb7-ea260d17594a	2026-08-16 00:00:00	1_3_1_2_3_2_4	金融市场部_其他债权投资_地方政府债_非司库_10Y	467829121.1	0.47	1164373.5164	2026-08-16 10:11:27
6365	4a6ba152-325f-4776-bdb7-ea260d17594a	2026-08-16 00:00:00	1_3_1_2_4	金融市场部_其他债权投资_政策性金融债	765783645.89	0.0	2095637.9378	2026-08-16 10:11:27
6366	4a6ba152-325f-4776-bdb7-ea260d17594a	2026-08-16 00:00:00	1_3_1_2_4_1	金融市场部_其他债权投资_政策性金融债_司库	0.0	0.0	0.0	2026-08-16 10:11:27
6367	4a6ba152-325f-4776-bdb7-ea260d17594a	2026-08-16 00:00:00	1_3_1_2_4_1_1	金融市场部_其他债权投资_政策性金融债_司库_1Y	0.0	0.0	0.0	2026-08-16 10:11:27
6368	4a6ba152-325f-4776-bdb7-ea260d17594a	2026-08-16 00:00:00	1_3_1_2_4_1_2	金融市场部_其他债权投资_政策性金融债_司库_3Y	0.0	0.0	0.0	2026-08-16 10:11:27
6369	4a6ba152-325f-4776-bdb7-ea260d17594a	2026-08-16 00:00:00	1_3_1_2_4_1_3	金融市场部_其他债权投资_政策性金融债_司库_5Y	0.0	0.0	0.0	2026-08-16 10:11:27
6370	4a6ba152-325f-4776-bdb7-ea260d17594a	2026-08-16 00:00:00	1_3_1_2_4_1_4	金融市场部_其他债权投资_政策性金融债_司库_10Y	0.0	0.0	0.0	2026-08-16 10:11:27
6371	4a6ba152-325f-4776-bdb7-ea260d17594a	2026-08-16 00:00:00	1_3_1_2_4_2	金融市场部_其他债权投资_政策性金融债_非司库	765783645.89	0.0	2095637.9378	2026-08-16 10:11:27
6372	4a6ba152-325f-4776-bdb7-ea260d17594a	2026-08-16 00:00:00	1_3_1_2_4_2_1	金融市场部_其他债权投资_政策性金融债_非司库_1Y	0.0	0.0	0.0	2026-08-16 10:11:27
6373	4a6ba152-325f-4776-bdb7-ea260d17594a	2026-08-16 00:00:00	1_3_1_2_4_2_2	金融市场部_其他债权投资_政策性金融债_非司库_3Y	358406274.01	0.36	992010.3201	2026-08-16 10:11:27
6374	4a6ba152-325f-4776-bdb7-ea260d17594a	2026-08-16 00:00:00	1_3_1_2_4_2_3	金融市场部_其他债权投资_政策性金融债_非司库_5Y	304774447.19	0.3	802822.3037	2026-08-16 10:11:27
6375	4a6ba152-325f-4776-bdb7-ea260d17594a	2026-08-16 00:00:00	1_3_1_2_4_2_4	金融市场部_其他债权投资_政策性金融债_非司库_10Y	102602926.22	0.1	300805.309	2026-08-16 10:11:27
6376	4a6ba152-325f-4776-bdb7-ea260d17594a	2026-08-16 00:00:00	1_3_1_2_5	金融市场部_其他债权投资_商业银行债	203486341.1	0.0	406729.0594	2026-08-16 10:11:27
6377	4a6ba152-325f-4776-bdb7-ea260d17594a	2026-08-16 00:00:00	1_3_1_2_5_1	金融市场部_其他债权投资_商业银行债_司库	0.0	0.0	0.0	2026-08-16 10:11:27
6378	4a6ba152-325f-4776-bdb7-ea260d17594a	2026-08-16 00:00:00	1_3_1_2_5_1_1	金融市场部_其他债权投资_商业银行债_司库_1Y	0.0	0.0	0.0	2026-08-16 10:11:27
6379	4a6ba152-325f-4776-bdb7-ea260d17594a	2026-08-16 00:00:00	1_3_1_2_5_1_2	金融市场部_其他债权投资_商业银行债_司库_3Y	0.0	0.0	0.0	2026-08-16 10:11:27
6380	4a6ba152-325f-4776-bdb7-ea260d17594a	2026-08-16 00:00:00	1_3_1_2_5_1_3	金融市场部_其他债权投资_商业银行债_司库_5Y	0.0	0.0	0.0	2026-08-16 10:11:27
6381	4a6ba152-325f-4776-bdb7-ea260d17594a	2026-08-16 00:00:00	1_3_1_2_5_1_4	金融市场部_其他债权投资_商业银行债_司库_10Y	0.0	0.0	0.0	2026-08-16 10:11:27
6382	4a6ba152-325f-4776-bdb7-ea260d17594a	2026-08-16 00:00:00	1_3_1_2_5_2	金融市场部_其他债权投资_商业银行债_非司库	203486341.1	0.0	406729.0594	2026-08-16 10:11:27
6383	4a6ba152-325f-4776-bdb7-ea260d17594a	2026-08-16 00:00:00	1_3_1_2_5_2_1	金融市场部_其他债权投资_商业银行债_非司库_1Y	0.0	0.0	0.0	2026-08-16 10:11:27
6384	4a6ba152-325f-4776-bdb7-ea260d17594a	2026-08-16 00:00:00	1_3_1_2_5_2_2	金融市场部_其他债权投资_商业银行债_非司库_3Y	0.0	0.0	0.0	2026-08-16 10:11:27
6385	4a6ba152-325f-4776-bdb7-ea260d17594a	2026-08-16 00:00:00	1_3_1_2_5_2_3	金融市场部_其他债权投资_商业银行债_非司库_5Y	203486341.51	0.2	406729.0594	2026-08-16 10:11:27
6386	4a6ba152-325f-4776-bdb7-ea260d17594a	2026-08-16 00:00:00	1_3_1_2_5_2_4	金融市场部_其他债权投资_商业银行债_非司库_10Y	0.0	0.0	0.0	2026-08-16 10:11:27
6387	4a6ba152-325f-4776-bdb7-ea260d17594a	2026-08-16 00:00:00	1_3_1_2_6	金融市场部_其他债权投资_金融机构债	0.0	0.0	0.0	2026-08-16 10:11:27
6388	4a6ba152-325f-4776-bdb7-ea260d17594a	2026-08-16 00:00:00	1_3_1_2_6_1	金融市场部_其他债权投资_金融机构债_非司库	0.0	0.0	0.0	2026-08-16 10:11:27
6389	4a6ba152-325f-4776-bdb7-ea260d17594a	2026-08-16 00:00:00	1_3_1_2_6_1_1	金融市场部_其他债权投资_金融机构债_非司库_1Y	0.0	0.0	0.0	2026-08-16 10:11:27
6390	4a6ba152-325f-4776-bdb7-ea260d17594a	2026-08-16 00:00:00	1_3_1_2_6_1_2	金融市场部_其他债权投资_金融机构债_非司库_3Y	0.0	0.0	0.0	2026-08-16 10:11:27
6391	4a6ba152-325f-4776-bdb7-ea260d17594a	2026-08-16 00:00:00	1_3_1_2_6_1_3	金融市场部_其他债权投资_金融机构债_非司库_5Y	0.0	0.0	0.0	2026-08-16 10:11:27
6392	4a6ba152-325f-4776-bdb7-ea260d17594a	2026-08-16 00:00:00	1_3_1_2_6_1_4	金融市场部_其他债权投资_金融机构债_非司库_10Y	0.0	0.0	0.0	2026-08-16 10:11:27
6393	4a6ba152-325f-4776-bdb7-ea260d17594a	2026-08-16 00:00:00	1_3_1_2_7	金融市场部_其他债权投资_公司债	529767109.53	0.0	2169464.7696	2026-08-16 10:11:27
6394	4a6ba152-325f-4776-bdb7-ea260d17594a	2026-08-16 00:00:00	1_3_1_2_7_1	金融市场部_其他债权投资_公司债_非司库	529767109.53	0.0	2169464.7696	2026-08-16 10:11:27
6395	4a6ba152-325f-4776-bdb7-ea260d17594a	2026-08-16 00:00:00	1_3_1_2_7_1_1	金融市场部_其他债权投资_公司债_非司库_1Y	289715611.22	0.29	1272820.5458	2026-08-16 10:11:27
6396	4a6ba152-325f-4776-bdb7-ea260d17594a	2026-08-16 00:00:00	1_3_1_2_7_1_2	金融市场部_其他债权投资_公司债_非司库_3Y	240051499.37	0.24	896644.2239	2026-08-16 10:11:27
6397	4a6ba152-325f-4776-bdb7-ea260d17594a	2026-08-16 00:00:00	1_3_1_2_7_1_3	金融市场部_其他债权投资_公司债_非司库_5Y	0.0	0.0	0.0	2026-08-16 10:11:27
6398	4a6ba152-325f-4776-bdb7-ea260d17594a	2026-08-16 00:00:00	1_3_1_2_7_1_4	金融市场部_其他债权投资_公司债_非司库_10Y	0.0	0.0	0.0	2026-08-16 10:11:27
6399	4a6ba152-325f-4776-bdb7-ea260d17594a	2026-08-16 00:00:00	1_3_1_2_8	金融市场部_其他债权投资_同业存单债	1477021038.46	280397783.31	4475873.1927	2026-08-16 10:11:27
6400	4a6ba152-325f-4776-bdb7-ea260d17594a	2026-08-16 00:00:00	1_3_1_2_8_1	金融市场部_其他债权投资_同业存单债_非司库	1477021038.46	280397783.31	4475873.1927	2026-08-16 10:11:27
6401	4a6ba152-325f-4776-bdb7-ea260d17594a	2026-08-16 00:00:00	1_3_1_2_8_1_1	金融市场部_其他债权投资_同业存单债_非司库_1M	1477021041.41	280397784.79	4475873.1927	2026-08-16 10:11:27
6402	4a6ba152-325f-4776-bdb7-ea260d17594a	2026-08-16 00:00:00	1_3_1_2_8_1_2	金融市场部_其他债权投资_同业存单债_非司库_3M	0.0	0.0	0.0	2026-08-16 10:11:27
6403	4a6ba152-325f-4776-bdb7-ea260d17594a	2026-08-16 00:00:00	1_3_1_2_8_1_3	金融市场部_其他债权投资_同业存单债_非司库_6M	0.0	0.0	0.0	2026-08-16 10:11:27
6404	4a6ba152-325f-4776-bdb7-ea260d17594a	2026-08-16 00:00:00	1_3_1_2_8_1_4	金融市场部_其他债权投资_同业存单债_非司库_1Y	0.0	0.0	0.0	2026-08-16 10:11:27
6405	4a6ba152-325f-4776-bdb7-ea260d17594a	2026-08-16 00:00:00	1_3_1_2_9	金融市场部_其他债权投资_其他	204680000.0	0.0	0.0	2026-08-16 10:11:27
6406	4a6ba152-325f-4776-bdb7-ea260d17594a	2026-08-16 00:00:00	1_3_1_2_9_1	金融市场部_其他债权投资_其他_非司库	204680000.0	0.0	0.0	2026-08-16 10:11:27
6407	4a6ba152-325f-4776-bdb7-ea260d17594a	2026-08-16 00:00:00	1_3_1_2_9_1_1	金融市场部_其他债权投资_其他_非司库_1Y	204680000.41	0.2	0.0	2026-08-16 10:11:27
6408	4a6ba152-325f-4776-bdb7-ea260d17594a	2026-08-16 00:00:00	1_3_1_2_9_1_2	金融市场部_其他债权投资_其他_非司库_3Y	0.0	0.0	0.0	2026-08-16 10:11:27
6409	4a6ba152-325f-4776-bdb7-ea260d17594a	2026-08-16 00:00:00	1_3_1_2_9_1_3	金融市场部_其他债权投资_其他_非司库_5Y	0.0	0.0	0.0	2026-08-16 10:11:27
6410	4a6ba152-325f-4776-bdb7-ea260d17594a	2026-08-16 00:00:00	1_3_1_3	金融市场部_债权投资	31392694142.24	89008965.97	120236751.2181	2026-08-16 10:11:27
6411	4a6ba152-325f-4776-bdb7-ea260d17594a	2026-08-16 00:00:00	1_3_1_3_1	金融市场部_债权投资_国债	0.0	0.0	0.0	2026-08-16 10:11:27
6412	4a6ba152-325f-4776-bdb7-ea260d17594a	2026-08-16 00:00:00	1_3_1_3_1_1	金融市场部_债权投资_国债_司库	0.0	0.0	0.0	2026-08-16 10:11:27
6413	4a6ba152-325f-4776-bdb7-ea260d17594a	2026-08-16 00:00:00	1_3_1_3_1_1_1	金融市场部_债权投资_国债_司库_1Y	0.0	0.0	0.0	2026-08-16 10:11:27
6414	4a6ba152-325f-4776-bdb7-ea260d17594a	2026-08-16 00:00:00	1_3_1_3_1_1_2	金融市场部_债权投资_国债_司库_3Y	0.0	0.0	0.0	2026-08-16 10:11:27
6415	4a6ba152-325f-4776-bdb7-ea260d17594a	2026-08-16 00:00:00	1_3_1_3_1_1_3	金融市场部_债权投资_国债_司库_5Y	0.0	0.0	0.0	2026-08-16 10:11:27
6416	4a6ba152-325f-4776-bdb7-ea260d17594a	2026-08-16 00:00:00	1_3_1_3_1_1_4	金融市场部_债权投资_国债_司库_10Y	0.0	0.0	0.0	2026-08-16 10:11:27
6417	4a6ba152-325f-4776-bdb7-ea260d17594a	2026-08-16 00:00:00	1_3_1_3_1_2	金融市场部_债权投资_国债_非司库	0.0	0.0	0.0	2026-08-16 10:11:27
6418	4a6ba152-325f-4776-bdb7-ea260d17594a	2026-08-16 00:00:00	1_3_1_3_1_2_1	金融市场部_债权投资_国债_非司库_1Y	0.0	0.0	0.0	2026-08-16 10:11:27
6419	4a6ba152-325f-4776-bdb7-ea260d17594a	2026-08-16 00:00:00	1_3_1_3_1_2_2	金融市场部_债权投资_国债_非司库_3Y	0.0	0.0	0.0	2026-08-16 10:11:27
6420	4a6ba152-325f-4776-bdb7-ea260d17594a	2026-08-16 00:00:00	1_3_1_3_1_2_3	金融市场部_债权投资_国债_非司库_5Y	0.0	0.0	0.0	2026-08-16 10:11:27
6421	4a6ba152-325f-4776-bdb7-ea260d17594a	2026-08-16 00:00:00	1_3_1_3_1_2_4	金融市场部_债权投资_国债_非司库_10Y	0.0	0.0	0.0	2026-08-16 10:11:27
6422	4a6ba152-325f-4776-bdb7-ea260d17594a	2026-08-16 00:00:00	1_3_1_3_2	金融市场部_债权投资_央票	0.0	0.0	0.0	2026-08-16 10:11:27
6423	4a6ba152-325f-4776-bdb7-ea260d17594a	2026-08-16 00:00:00	1_3_1_3_2_1	金融市场部_债权投资_央票_司库	0.0	0.0	0.0	2026-08-16 10:11:27
6424	4a6ba152-325f-4776-bdb7-ea260d17594a	2026-08-16 00:00:00	1_3_1_3_2_1_1	金融市场部_债权投资_央票_司库_1Y	0.0	0.0	0.0	2026-08-16 10:11:27
6425	4a6ba152-325f-4776-bdb7-ea260d17594a	2026-08-16 00:00:00	1_3_1_3_2_1_2	金融市场部_债权投资_央票_司库_3Y	0.0	0.0	0.0	2026-08-16 10:11:27
6426	4a6ba152-325f-4776-bdb7-ea260d17594a	2026-08-16 00:00:00	1_3_1_3_2_1_3	金融市场部_债权投资_央票_司库_5Y	0.0	0.0	0.0	2026-08-16 10:11:27
6427	4a6ba152-325f-4776-bdb7-ea260d17594a	2026-08-16 00:00:00	1_3_1_3_2_1_4	金融市场部_债权投资_央票_司库_10Y	0.0	0.0	0.0	2026-08-16 10:11:27
6428	4a6ba152-325f-4776-bdb7-ea260d17594a	2026-08-16 00:00:00	1_3_1_3_2_2	金融市场部_债权投资_央票_非司库	0.0	0.0	0.0	2026-08-16 10:11:27
6429	4a6ba152-325f-4776-bdb7-ea260d17594a	2026-08-16 00:00:00	1_3_1_3_2_2_1	金融市场部_债权投资_央票_非司库_1Y	0.0	0.0	0.0	2026-08-16 10:11:27
6430	4a6ba152-325f-4776-bdb7-ea260d17594a	2026-08-16 00:00:00	1_3_1_3_2_2_2	金融市场部_债权投资_央票_非司库_3Y	0.0	0.0	0.0	2026-08-16 10:11:27
6431	4a6ba152-325f-4776-bdb7-ea260d17594a	2026-08-16 00:00:00	1_3_1_3_2_2_3	金融市场部_债权投资_央票_非司库_5Y	0.0	0.0	0.0	2026-08-16 10:11:27
6432	4a6ba152-325f-4776-bdb7-ea260d17594a	2026-08-16 00:00:00	1_3_1_3_2_2_4	金融市场部_债权投资_央票_非司库_10Y	0.0	0.0	0.0	2026-08-16 10:11:27
6433	4a6ba152-325f-4776-bdb7-ea260d17594a	2026-08-16 00:00:00	1_3_1_3_3	金融市场部_债权投资_地方政府债	2819483140.46	0.0	7226758.7372	2026-08-16 10:11:27
6434	4a6ba152-325f-4776-bdb7-ea260d17594a	2026-08-16 00:00:00	1_3_1_3_3_1	金融市场部_债权投资_地方政府债_司库	0.0	0.0	0.0	2026-08-16 10:11:27
6435	4a6ba152-325f-4776-bdb7-ea260d17594a	2026-08-16 00:00:00	1_3_1_3_3_1_1	金融市场部_债权投资_地方政府债_司库_1Y	0.0	0.0	0.0	2026-08-16 10:11:27
6436	4a6ba152-325f-4776-bdb7-ea260d17594a	2026-08-16 00:00:00	1_3_1_3_3_1_2	金融市场部_债权投资_地方政府债_司库_3Y	0.0	0.0	0.0	2026-08-16 10:11:27
6437	4a6ba152-325f-4776-bdb7-ea260d17594a	2026-08-16 00:00:00	1_3_1_3_3_1_3	金融市场部_债权投资_地方政府债_司库_5Y	0.0	0.0	0.0	2026-08-16 10:11:27
6438	4a6ba152-325f-4776-bdb7-ea260d17594a	2026-08-16 00:00:00	1_3_1_3_3_1_4	金融市场部_债权投资_地方政府债_司库_10Y	0.0	0.0	0.0	2026-08-16 10:11:27
6439	4a6ba152-325f-4776-bdb7-ea260d17594a	2026-08-16 00:00:00	1_3_1_3_3_2	金融市场部_债权投资_地方政府债_非司库	2819483140.46	0.0	7226758.7372	2026-08-16 10:11:27
6440	4a6ba152-325f-4776-bdb7-ea260d17594a	2026-08-16 00:00:00	1_3_1_3_3_2_1	金融市场部_债权投资_地方政府债_非司库_1Y	0.0	0.0	0.0	2026-08-16 10:11:27
6441	4a6ba152-325f-4776-bdb7-ea260d17594a	2026-08-16 00:00:00	1_3_1_3_3_2_2	金融市场部_债权投资_地方政府债_非司库_3Y	30671221.74	0.03	69676.7664	2026-08-16 10:11:27
6442	4a6ba152-325f-4776-bdb7-ea260d17594a	2026-08-16 00:00:00	1_3_1_3_3_2_3	金融市场部_债权投资_地方政府债_非司库_5Y	0.0	0.0	0.0	2026-08-16 10:11:27
6443	4a6ba152-325f-4776-bdb7-ea260d17594a	2026-08-16 00:00:00	1_3_1_3_3_2_4	金融市场部_债权投资_地方政府债_非司库_10Y	2788811924.35	2.79	7157082.0693	2026-08-16 10:11:27
6444	4a6ba152-325f-4776-bdb7-ea260d17594a	2026-08-16 00:00:00	1_3_1_3_4	金融市场部_债权投资_政策性金融债	12727963893.62	0.0	36213190.4543	2026-08-16 10:11:27
6445	4a6ba152-325f-4776-bdb7-ea260d17594a	2026-08-16 00:00:00	1_3_1_3_4_1	金融市场部_债权投资_政策性金融债_司库	0.0	0.0	0.0	2026-08-16 10:11:27
6446	4a6ba152-325f-4776-bdb7-ea260d17594a	2026-08-16 00:00:00	1_3_1_3_4_1_1	金融市场部_债权投资_政策性金融债_司库_1Y	0.0	0.0	0.0	2026-08-16 10:11:27
6447	4a6ba152-325f-4776-bdb7-ea260d17594a	2026-08-16 00:00:00	1_3_1_3_4_1_2	金融市场部_债权投资_政策性金融债_司库_3Y	0.0	0.0	0.0	2026-08-16 10:11:27
6448	4a6ba152-325f-4776-bdb7-ea260d17594a	2026-08-16 00:00:00	1_3_1_3_4_1_3	金融市场部_债权投资_政策性金融债_司库_5Y	0.0	0.0	0.0	2026-08-16 10:11:27
6449	4a6ba152-325f-4776-bdb7-ea260d17594a	2026-08-16 00:00:00	1_3_1_3_4_1_4	金融市场部_债权投资_政策性金融债_司库_10Y	0.0	0.0	0.0	2026-08-16 10:11:27
6450	4a6ba152-325f-4776-bdb7-ea260d17594a	2026-08-16 00:00:00	1_3_1_3_4_2	金融市场部_债权投资_政策性金融债_非司库	12727963893.62	0.0	36213190.4543	2026-08-16 10:11:27
6451	4a6ba152-325f-4776-bdb7-ea260d17594a	2026-08-16 00:00:00	1_3_1_3_4_2_1	金融市场部_债权投资_政策性金融债_非司库_1Y	0.0	0.0	0.0	2026-08-16 10:11:27
6452	4a6ba152-325f-4776-bdb7-ea260d17594a	2026-08-16 00:00:00	1_3_1_3_4_2_2	金融市场部_债权投资_政策性金融债_非司库_3Y	0.0	0.0	0.0	2026-08-16 10:11:27
6453	4a6ba152-325f-4776-bdb7-ea260d17594a	2026-08-16 00:00:00	1_3_1_3_4_2_3	金融市场部_债权投资_政策性金融债_非司库_5Y	174734685.81	0.17	495135.505	2026-08-16 10:11:27
6454	4a6ba152-325f-4776-bdb7-ea260d17594a	2026-08-16 00:00:00	1_3_1_3_4_2_4	金融市场部_债权投资_政策性金融债_非司库_10Y	12553229233.23	12.54	35718054.7556	2026-08-16 10:11:27
6455	4a6ba152-325f-4776-bdb7-ea260d17594a	2026-08-16 00:00:00	1_3_1_3_5	金融市场部_债权投资_商业银行债	1394012123.33	0.0	4387113.7604	2026-08-16 10:11:27
6456	4a6ba152-325f-4776-bdb7-ea260d17594a	2026-08-16 00:00:00	1_3_1_3_5_1	金融市场部_债权投资_商业银行债_司库	0.0	0.0	0.0	2026-08-16 10:11:27
6457	4a6ba152-325f-4776-bdb7-ea260d17594a	2026-08-16 00:00:00	1_3_1_3_5_1_1	金融市场部_债权投资_商业银行债_司库_1Y	0.0	0.0	0.0	2026-08-16 10:11:27
6458	4a6ba152-325f-4776-bdb7-ea260d17594a	2026-08-16 00:00:00	1_3_1_3_5_1_2	金融市场部_债权投资_商业银行债_司库_3Y	0.0	0.0	0.0	2026-08-16 10:11:27
6459	4a6ba152-325f-4776-bdb7-ea260d17594a	2026-08-16 00:00:00	1_3_1_3_5_1_3	金融市场部_债权投资_商业银行债_司库_5Y	0.0	0.0	0.0	2026-08-16 10:11:27
6460	4a6ba152-325f-4776-bdb7-ea260d17594a	2026-08-16 00:00:00	1_3_1_3_5_1_4	金融市场部_债权投资_商业银行债_司库_10Y	0.0	0.0	0.0	2026-08-16 10:11:27
6461	4a6ba152-325f-4776-bdb7-ea260d17594a	2026-08-16 00:00:00	1_3_1_3_5_2	金融市场部_债权投资_商业银行债_非司库	1394012123.33	0.0	4387113.7604	2026-08-16 10:11:27
6462	4a6ba152-325f-4776-bdb7-ea260d17594a	2026-08-16 00:00:00	1_3_1_3_5_2_1	金融市场部_债权投资_商业银行债_非司库_1Y	0.0	0.0	0.0	2026-08-16 10:11:27
6463	4a6ba152-325f-4776-bdb7-ea260d17594a	2026-08-16 00:00:00	1_3_1_3_5_2_2	金融市场部_债权投资_商业银行债_非司库_3Y	647891822.73	0.65	1979117.0109	2026-08-16 10:11:27
6464	4a6ba152-325f-4776-bdb7-ea260d17594a	2026-08-16 00:00:00	1_3_1_3_5_2_3	金融市场部_债权投资_商业银行债_非司库_5Y	746120303.38	0.75	2407996.8221	2026-08-16 10:11:27
6465	4a6ba152-325f-4776-bdb7-ea260d17594a	2026-08-16 00:00:00	1_3_1_3_5_2_4	金融市场部_债权投资_商业银行债_非司库_10Y	0.0	0.0	0.0	2026-08-16 10:11:27
6466	4a6ba152-325f-4776-bdb7-ea260d17594a	2026-08-16 00:00:00	1_3_1_3_6	金融市场部_债权投资_金融机构债	712089972.64	0.0	2656374.2858	2026-08-16 10:11:27
6467	4a6ba152-325f-4776-bdb7-ea260d17594a	2026-08-16 00:00:00	1_3_1_3_6_1	金融市场部_债权投资_金融机构债_非司库	712089972.64	0.0	2656374.2858	2026-08-16 10:11:27
6468	4a6ba152-325f-4776-bdb7-ea260d17594a	2026-08-16 00:00:00	1_3_1_3_6_1_1	金融市场部_债权投资_金融机构债_非司库_1Y	95692494.88	0.1	439732.2701	2026-08-16 10:11:27
6469	4a6ba152-325f-4776-bdb7-ea260d17594a	2026-08-16 00:00:00	1_3_1_3_6_1_2	金融市场部_债权投资_金融机构债_非司库_3Y	409904603.44	0.41	1533327.0262	2026-08-16 10:11:27
6470	4a6ba152-325f-4776-bdb7-ea260d17594a	2026-08-16 00:00:00	1_3_1_3_6_1_3	金融市场部_债权投资_金融机构债_非司库_5Y	206492875.74	0.21	683315.0118	2026-08-16 10:11:27
6471	4a6ba152-325f-4776-bdb7-ea260d17594a	2026-08-16 00:00:00	1_3_1_3_6_1_4	金融市场部_债权投资_金融机构债_非司库_10Y	0.0	0.0	0.0	2026-08-16 10:11:27
6472	4a6ba152-325f-4776-bdb7-ea260d17594a	2026-08-16 00:00:00	1_3_1_3_7	金融市场部_债权投资_公司债	13582656562.27	89008965.97	68134523.6448	2026-08-16 10:11:27
6473	4a6ba152-325f-4776-bdb7-ea260d17594a	2026-08-16 00:00:00	1_3_1_3_7_1	金融市场部_债权投资_公司债_非司库	13582656562.27	89008965.97	68134523.6448	2026-08-16 10:11:27
6474	4a6ba152-325f-4776-bdb7-ea260d17594a	2026-08-16 00:00:00	1_3_1_3_7_1_1	金融市场部_债权投资_公司债_非司库_1Y	695958976.74	89008966.67	2636151.9858	2026-08-16 10:11:27
6475	4a6ba152-325f-4776-bdb7-ea260d17594a	2026-08-16 00:00:00	1_3_1_3_7_1_2	金融市场部_债权投资_公司债_非司库_3Y	2173022935.13	2.17	10533636.5426	2026-08-16 10:11:27
6476	4a6ba152-325f-4776-bdb7-ea260d17594a	2026-08-16 00:00:00	1_3_1_3_7_1_3	金融市场部_债权投资_公司债_非司库_5Y	2722682764.78	2.72	9032785.3899	2026-08-16 10:11:27
6477	4a6ba152-325f-4776-bdb7-ea260d17594a	2026-08-16 00:00:00	1_3_1_3_7_1_4	金融市场部_债权投资_公司债_非司库_10Y	7990991912.75	7.98	46621444.2893	2026-08-16 10:11:27
6478	4a6ba152-325f-4776-bdb7-ea260d17594a	2026-08-16 00:00:00	1_3_1_3_8	金融市场部_债权投资_同业存单债	0.0	0.0	0.0	2026-08-16 10:11:27
6479	4a6ba152-325f-4776-bdb7-ea260d17594a	2026-08-16 00:00:00	1_3_1_3_8_1	金融市场部_债权投资_同业存单债_非司库	0.0	0.0	0.0	2026-08-16 10:11:27
6480	4a6ba152-325f-4776-bdb7-ea260d17594a	2026-08-16 00:00:00	1_3_1_3_8_1_1	金融市场部_债权投资_同业存单债_非司库_1M	0.0	0.0	0.0	2026-08-16 10:11:27
6481	4a6ba152-325f-4776-bdb7-ea260d17594a	2026-08-16 00:00:00	1_3_1_3_8_1_2	金融市场部_债权投资_同业存单债_非司库_3M	0.0	0.0	0.0	2026-08-16 10:11:27
6482	4a6ba152-325f-4776-bdb7-ea260d17594a	2026-08-16 00:00:00	1_3_1_3_8_1_3	金融市场部_债权投资_同业存单债_非司库_6M	0.0	0.0	0.0	2026-08-16 10:11:27
6483	4a6ba152-325f-4776-bdb7-ea260d17594a	2026-08-16 00:00:00	1_3_1_3_8_1_4	金融市场部_债权投资_同业存单债_非司库_1Y	0.0	0.0	0.0	2026-08-16 10:11:27
6484	4a6ba152-325f-4776-bdb7-ea260d17594a	2026-08-16 00:00:00	1_3_1_3_9	金融市场部_债权投资_其他	156488449.92	0.0	938590.9272	2026-08-16 10:11:27
6485	4a6ba152-325f-4776-bdb7-ea260d17594a	2026-08-16 00:00:00	1_3_1_3_9_1	金融市场部_债权投资_其他_非司库	156488449.92	0.0	938590.9272	2026-08-16 10:11:27
6486	4a6ba152-325f-4776-bdb7-ea260d17594a	2026-08-16 00:00:00	1_3_1_3_9_1_1	金融市场部_债权投资_其他_非司库_1Y	156488450.23	0.16	938590.9272	2026-08-16 10:11:27
6487	4a6ba152-325f-4776-bdb7-ea260d17594a	2026-08-16 00:00:00	1_3_1_3_9_1_2	金融市场部_债权投资_其他_非司库_3Y	0.0	0.0	0.0	2026-08-16 10:11:27
6488	4a6ba152-325f-4776-bdb7-ea260d17594a	2026-08-16 00:00:00	1_3_1_3_9_1_3	金融市场部_债权投资_其他_非司库_5Y	0.0	0.0	0.0	2026-08-16 10:11:27
6489	4a6ba152-325f-4776-bdb7-ea260d17594a	2026-08-16 00:00:00	1_3_1_4	金融市场部_其他权益工具投资	0.0	0.0	0.0	2026-08-16 10:11:27
6490	4a6ba152-325f-4776-bdb7-ea260d17594a	2026-08-16 00:00:00	1_3_1_4_1	金融市场部_其他权益工具投资_司库_5Y	0.0	0.0	0.0	2026-08-16 10:11:27
6491	4a6ba152-325f-4776-bdb7-ea260d17594a	2026-08-16 00:00:00	1_3_1_4_2	金融市场部_其他权益工具投资_非司库_5Y	0.0	0.0	0.0	2026-08-16 10:11:27
6492	4a6ba152-325f-4776-bdb7-ea260d17594a	2026-08-16 00:00:00	1_3_2	投资银行部投资	56257815935.59	6039745102.0	269315074.5492	2026-08-16 10:11:27
6493	4a6ba152-325f-4776-bdb7-ea260d17594a	2026-08-16 00:00:00	1_3_2_1	投资银行部_交易性金融资产	10532109378.66	6039745102.0	18706619.2569	2026-08-16 10:11:27
6494	4a6ba152-325f-4776-bdb7-ea260d17594a	2026-08-16 00:00:00	1_3_2_1_1	投资银行部_交易性政策性金融债投资	0.0	0.0	0.0	2026-08-16 10:11:27
6495	4a6ba152-325f-4776-bdb7-ea260d17594a	2026-08-16 00:00:00	1_3_2_1_1_1	投资银行部_交易性政策性金融债投资_交易账户	0.0	0.0	0.0	2026-08-16 10:11:27
6496	4a6ba152-325f-4776-bdb7-ea260d17594a	2026-08-16 00:00:00	1_3_2_1_1_1_1	投资银行部_交易性政策性金融债投资_交易账户_1Y	0.0	0.0	0.0	2026-08-16 10:11:27
6497	4a6ba152-325f-4776-bdb7-ea260d17594a	2026-08-16 00:00:00	1_3_2_1_1_1_2	投资银行部_交易性政策性金融债投资_交易账户_3Y	0.0	0.0	0.0	2026-08-16 10:11:27
6498	4a6ba152-325f-4776-bdb7-ea260d17594a	2026-08-16 00:00:00	1_3_2_1_1_1_3	投资银行部_交易性政策性金融债投资_交易账户_5Y	0.0	0.0	0.0	2026-08-16 10:11:27
6499	4a6ba152-325f-4776-bdb7-ea260d17594a	2026-08-16 00:00:00	1_3_2_1_1_1_4	投资银行部_交易性政策性金融债投资_交易账户_10Y	0.0	0.0	0.0	2026-08-16 10:11:27
6500	4a6ba152-325f-4776-bdb7-ea260d17594a	2026-08-16 00:00:00	1_3_2_1_1_2	投资银行部_交易性政策性金融债投资_银行账户	0.0	0.0	0.0	2026-08-16 10:11:27
6501	4a6ba152-325f-4776-bdb7-ea260d17594a	2026-08-16 00:00:00	1_3_2_1_1_2_1	投资银行部_交易性政策性金融债投资_银行账户_1Y	0.0	0.0	0.0	2026-08-16 10:11:27
6502	4a6ba152-325f-4776-bdb7-ea260d17594a	2026-08-16 00:00:00	1_3_2_1_1_2_2	投资银行部_交易性政策性金融债投资_银行账户_3Y	0.0	0.0	0.0	2026-08-16 10:11:27
6503	4a6ba152-325f-4776-bdb7-ea260d17594a	2026-08-16 00:00:00	1_3_2_1_1_2_3	投资银行部_交易性政策性金融债投资_银行账户_5Y	0.0	0.0	0.0	2026-08-16 10:11:27
6504	4a6ba152-325f-4776-bdb7-ea260d17594a	2026-08-16 00:00:00	1_3_2_1_1_2_4	投资银行部_交易性政策性金融债投资_银行账户_10Y	0.0	0.0	0.0	2026-08-16 10:11:27
6505	4a6ba152-325f-4776-bdb7-ea260d17594a	2026-08-16 00:00:00	1_3_2_1_10	投资银行部_交易性融资租赁	0.0	0.0	0.0	2026-08-16 10:11:27
6506	4a6ba152-325f-4776-bdb7-ea260d17594a	2026-08-16 00:00:00	1_3_2_1_10_1	投资银行部_交易性融资租赁_1Y	0.0	0.0	0.0	2026-08-16 10:11:27
6507	4a6ba152-325f-4776-bdb7-ea260d17594a	2026-08-16 00:00:00	1_3_2_1_10_2	投资银行部_交易性融资租赁_3Y	0.0	0.0	0.0	2026-08-16 10:11:27
6508	4a6ba152-325f-4776-bdb7-ea260d17594a	2026-08-16 00:00:00	1_3_2_1_10_3	投资银行部_交易性融资租赁_5Y	0.0	0.0	0.0	2026-08-16 10:11:27
6509	4a6ba152-325f-4776-bdb7-ea260d17594a	2026-08-16 00:00:00	1_3_2_1_11	投资银行部_交易性金融资产_资产证券化产品	0.0	0.0	0.0	2026-08-16 10:11:27
6510	4a6ba152-325f-4776-bdb7-ea260d17594a	2026-08-16 00:00:00	1_3_2_1_11_1	投资银行部_交易性金融资产_资产证券化产品_1Y	0.0	0.0	0.0	2026-08-16 10:11:27
6511	4a6ba152-325f-4776-bdb7-ea260d17594a	2026-08-16 00:00:00	1_3_2_1_11_2	投资银行部_交易性金融资产_资产证券化产品_3Y	0.0	0.0	0.0	2026-08-16 10:11:27
6512	4a6ba152-325f-4776-bdb7-ea260d17594a	2026-08-16 00:00:00	1_3_2_1_11_3	投资银行部_交易性金融资产_资产证券化产品_5Y	0.0	0.0	0.0	2026-08-16 10:11:27
6513	4a6ba152-325f-4776-bdb7-ea260d17594a	2026-08-16 00:00:00	1_3_2_1_12	投资银行部_交易性其他资产	5778494116.07	3844339904.01	-5522119.3276	2026-08-16 10:11:27
6514	4a6ba152-325f-4776-bdb7-ea260d17594a	2026-08-16 00:00:00	1_3_2_1_12_1	投资银行部_交易性其他资产_1Y	5075185195.75	3844339909.08	-5600184.0607	2026-08-16 10:11:27
6515	4a6ba152-325f-4776-bdb7-ea260d17594a	2026-08-16 00:00:00	1_3_2_1_12_2	投资银行部_交易性其他资产_3Y	403188931.26	0.4	0.0	2026-08-16 10:11:27
6516	4a6ba152-325f-4776-bdb7-ea260d17594a	2026-08-16 00:00:00	1_3_2_1_12_3	投资银行部_交易性其他资产_5Y	300120000.6	0.3	121666.6674	2026-08-16 10:11:27
6517	4a6ba152-325f-4776-bdb7-ea260d17594a	2026-08-16 00:00:00	1_3_2_1_2	投资银行部_交易性商业银行债投资	0.0	0.0	0.0	2026-08-16 10:11:27
6518	4a6ba152-325f-4776-bdb7-ea260d17594a	2026-08-16 00:00:00	1_3_2_1_2_1	投资银行部_交易性商业银行债投资_交易账户	0.0	0.0	0.0	2026-08-16 10:11:27
6519	4a6ba152-325f-4776-bdb7-ea260d17594a	2026-08-16 00:00:00	1_3_2_1_2_1_1	投资银行部_交易性商业银行债投资_交易账户_1Y	0.0	0.0	0.0	2026-08-16 10:11:27
6520	4a6ba152-325f-4776-bdb7-ea260d17594a	2026-08-16 00:00:00	1_3_2_1_2_1_2	投资银行部_交易性商业银行债投资_交易账户_3Y	0.0	0.0	0.0	2026-08-16 10:11:27
6521	4a6ba152-325f-4776-bdb7-ea260d17594a	2026-08-16 00:00:00	1_3_2_1_2_1_3	投资银行部_交易性商业银行债投资_交易账户_5Y	0.0	0.0	0.0	2026-08-16 10:11:27
6522	4a6ba152-325f-4776-bdb7-ea260d17594a	2026-08-16 00:00:00	1_3_2_1_2_1_4	投资银行部_交易性商业银行债投资_交易账户_10Y	0.0	0.0	0.0	2026-08-16 10:11:27
6523	4a6ba152-325f-4776-bdb7-ea260d17594a	2026-08-16 00:00:00	1_3_2_1_2_2	投资银行部_交易性商业银行债投资_银行账户	0.0	0.0	0.0	2026-08-16 10:11:27
6524	4a6ba152-325f-4776-bdb7-ea260d17594a	2026-08-16 00:00:00	1_3_2_1_2_2_1	投资银行部_交易性商业银行债投资_银行账户_1Y	0.0	0.0	0.0	2026-08-16 10:11:27
6525	4a6ba152-325f-4776-bdb7-ea260d17594a	2026-08-16 00:00:00	1_3_2_1_2_2_2	投资银行部_交易性商业银行债投资_银行账户_3Y	0.0	0.0	0.0	2026-08-16 10:11:27
6526	4a6ba152-325f-4776-bdb7-ea260d17594a	2026-08-16 00:00:00	1_3_2_1_2_2_3	投资银行部_交易性商业银行债投资_银行账户_5Y	0.0	0.0	0.0	2026-08-16 10:11:27
6527	4a6ba152-325f-4776-bdb7-ea260d17594a	2026-08-16 00:00:00	1_3_2_1_2_2_4	投资银行部_交易性商业银行债投资_银行账户_10Y	0.0	0.0	0.0	2026-08-16 10:11:27
6528	4a6ba152-325f-4776-bdb7-ea260d17594a	2026-08-16 00:00:00	1_3_2_1_3	投资银行部_交易性金融机构债投资	4303377.4	4168502.21	0.0	2026-08-16 10:11:27
6529	4a6ba152-325f-4776-bdb7-ea260d17594a	2026-08-16 00:00:00	1_3_2_1_3_1	投资银行部_交易性金融机构债投资_交易账户	4303377.4	4168502.21	0.0	2026-08-16 10:11:27
6530	4a6ba152-325f-4776-bdb7-ea260d17594a	2026-08-16 00:00:00	1_3_2_1_3_1_1	投资银行部_交易性金融机构债投资_交易账户_1Y	4303377.41	4168502.21	0.0	2026-08-16 10:11:27
6531	4a6ba152-325f-4776-bdb7-ea260d17594a	2026-08-16 00:00:00	1_3_2_1_3_1_2	投资银行部_交易性金融机构债投资_交易账户_3Y	0.0	0.0	0.0	2026-08-16 10:11:27
6532	4a6ba152-325f-4776-bdb7-ea260d17594a	2026-08-16 00:00:00	1_3_2_1_3_1_3	投资银行部_交易性金融机构债投资_交易账户_5Y	0.0	0.0	0.0	2026-08-16 10:11:27
6533	4a6ba152-325f-4776-bdb7-ea260d17594a	2026-08-16 00:00:00	1_3_2_1_3_1_4	投资银行部_交易性金融机构债投资_交易账户_10Y	0.0	0.0	0.0	2026-08-16 10:11:27
6534	4a6ba152-325f-4776-bdb7-ea260d17594a	2026-08-16 00:00:00	1_3_2_1_3_2	投资银行部_交易性金融机构债投资_银行账户	0.0	0.0	0.0	2026-08-16 10:11:27
6535	4a6ba152-325f-4776-bdb7-ea260d17594a	2026-08-16 00:00:00	1_3_2_1_3_2_1	投资银行部_交易性金融机构债投资_银行账户_1Y	0.0	0.0	0.0	2026-08-16 10:11:27
6536	4a6ba152-325f-4776-bdb7-ea260d17594a	2026-08-16 00:00:00	1_3_2_1_3_2_2	投资银行部_交易性金融机构债投资_银行账户_3Y	0.0	0.0	0.0	2026-08-16 10:11:27
6537	4a6ba152-325f-4776-bdb7-ea260d17594a	2026-08-16 00:00:00	1_3_2_1_3_2_3	投资银行部_交易性金融机构债投资_银行账户_5Y	0.0	0.0	0.0	2026-08-16 10:11:27
6538	4a6ba152-325f-4776-bdb7-ea260d17594a	2026-08-16 00:00:00	1_3_2_1_3_2_4	投资银行部_交易性金融机构债投资_银行账户_10Y	0.0	0.0	0.0	2026-08-16 10:11:27
6539	4a6ba152-325f-4776-bdb7-ea260d17594a	2026-08-16 00:00:00	1_3_2_1_4	投资银行部_交易性公司债投资	2263808260.51	2191236695.78	12396333.4602	2026-08-16 10:11:27
6540	4a6ba152-325f-4776-bdb7-ea260d17594a	2026-08-16 00:00:00	1_3_2_1_4_1	投资银行部_交易性公司债投资_交易账户	2263808260.51	2191236695.78	12396333.4602	2026-08-16 10:11:27
6541	4a6ba152-325f-4776-bdb7-ea260d17594a	2026-08-16 00:00:00	1_3_2_1_4_1_1	投资银行部_交易性公司债投资_交易账户_1Y	727863189.46	703796490.54	4206750.0051	2026-08-16 10:11:27
6542	4a6ba152-325f-4776-bdb7-ea260d17594a	2026-08-16 00:00:00	1_3_2_1_4_1_2	投资银行部_交易性公司债投资_交易账户_3Y	1535945075.57	1487440207.5	8189583.4351	2026-08-16 10:11:27
6543	4a6ba152-325f-4776-bdb7-ea260d17594a	2026-08-16 00:00:00	1_3_2_1_4_1_3	投资银行部_交易性公司债投资_交易账户_5Y	0.0	0.0	0.0	2026-08-16 10:11:27
6544	4a6ba152-325f-4776-bdb7-ea260d17594a	2026-08-16 00:00:00	1_3_2_1_4_1_4	投资银行部_交易性公司债投资_交易账户_10Y	0.0	0.0	0.0	2026-08-16 10:11:27
6545	4a6ba152-325f-4776-bdb7-ea260d17594a	2026-08-16 00:00:00	1_3_2_1_4_2	投资银行部_交易性公司债投资_银行账户	0.0	0.0	0.0	2026-08-16 10:11:27
6546	4a6ba152-325f-4776-bdb7-ea260d17594a	2026-08-16 00:00:00	1_3_2_1_4_2_1	投资银行部_交易性公司债投资_银行账户_1Y	0.0	0.0	0.0	2026-08-16 10:11:27
6547	4a6ba152-325f-4776-bdb7-ea260d17594a	2026-08-16 00:00:00	1_3_2_1_4_2_2	投资银行部_交易性公司债投资_银行账户_3Y	0.0	0.0	0.0	2026-08-16 10:11:27
6548	4a6ba152-325f-4776-bdb7-ea260d17594a	2026-08-16 00:00:00	1_3_2_1_4_2_3	投资银行部_交易性公司债投资_银行账户_5Y	0.0	0.0	0.0	2026-08-16 10:11:27
6549	4a6ba152-325f-4776-bdb7-ea260d17594a	2026-08-16 00:00:00	1_3_2_1_4_2_4	投资银行部_交易性公司债投资_银行账户_10Y	0.0	0.0	0.0	2026-08-16 10:11:27
6550	4a6ba152-325f-4776-bdb7-ea260d17594a	2026-08-16 00:00:00	1_3_2_1_5	投资银行部_交易性信托	510000000.0	0.0	3581900.4677	2026-08-16 10:11:27
6551	4a6ba152-325f-4776-bdb7-ea260d17594a	2026-08-16 00:00:00	1_3_2_1_5_1	投资银行部_交易性信托_1Y	0.0	0.0	0.0	2026-08-16 10:11:27
6552	4a6ba152-325f-4776-bdb7-ea260d17594a	2026-08-16 00:00:00	1_3_2_1_5_2	投资银行部_交易性信托_3Y	510000001.02	0.51	3581900.4677	2026-08-16 10:11:27
6553	4a6ba152-325f-4776-bdb7-ea260d17594a	2026-08-16 00:00:00	1_3_2_1_5_3	投资银行部_交易性信托_5Y	0.0	0.0	0.0	2026-08-16 10:11:27
6554	4a6ba152-325f-4776-bdb7-ea260d17594a	2026-08-16 00:00:00	1_3_2_1_6	投资银行部_交易性资管计划	1775109005.18	0.0	8231931.0685	2026-08-16 10:11:27
6555	4a6ba152-325f-4776-bdb7-ea260d17594a	2026-08-16 00:00:00	1_3_2_1_6_1	投资银行部_交易性资管计划_1Y	559040537.99	0.56	1744803.8589	2026-08-16 10:11:27
6556	4a6ba152-325f-4776-bdb7-ea260d17594a	2026-08-16 00:00:00	1_3_2_1_6_2	投资银行部_交易性资管计划_3Y	519624782.43	0.52	3280432.0424	2026-08-16 10:11:27
6557	4a6ba152-325f-4776-bdb7-ea260d17594a	2026-08-16 00:00:00	1_3_2_1_6_3	投资银行部_交易性资管计划_5Y	696443688.31	0.7	3327500.0123	2026-08-16 10:11:27
6558	4a6ba152-325f-4776-bdb7-ea260d17594a	2026-08-16 00:00:00	1_3_2_1_7	投资银行部_交易性债权融资计划	0.0	0.0	0.0	2026-08-16 10:11:27
6559	4a6ba152-325f-4776-bdb7-ea260d17594a	2026-08-16 00:00:00	1_3_2_1_7_1	投资银行部_交易性债权融资计划_1Y	0.0	0.0	0.0	2026-08-16 10:11:27
6560	4a6ba152-325f-4776-bdb7-ea260d17594a	2026-08-16 00:00:00	1_3_2_1_7_2	投资银行部_交易性债权融资计划_3Y	0.0	0.0	0.0	2026-08-16 10:11:27
6561	4a6ba152-325f-4776-bdb7-ea260d17594a	2026-08-16 00:00:00	1_3_2_1_7_3	投资银行部_交易性债权融资计划_5Y	0.0	0.0	0.0	2026-08-16 10:11:27
6562	4a6ba152-325f-4776-bdb7-ea260d17594a	2026-08-16 00:00:00	1_3_2_1_8	投资银行部_交易性私募基金	200394619.5	0.0	1144004.5893	2026-08-16 10:11:27
6563	4a6ba152-325f-4776-bdb7-ea260d17594a	2026-08-16 00:00:00	1_3_2_1_8_1	投资银行部_交易性私募基金_1Y	0.0	0.0	0.0	2026-08-16 10:11:27
6564	4a6ba152-325f-4776-bdb7-ea260d17594a	2026-08-16 00:00:00	1_3_2_1_8_2	投资银行部_交易性私募基金_3Y	0.0	0.0	0.0	2026-08-16 10:11:27
6565	4a6ba152-325f-4776-bdb7-ea260d17594a	2026-08-16 00:00:00	1_3_2_1_8_3	投资银行部_交易性私募基金_5Y	200394619.9	0.2	1144004.5893	2026-08-16 10:11:27
6566	4a6ba152-325f-4776-bdb7-ea260d17594a	2026-08-16 00:00:00	1_3_2_1_9	投资银行部_交易性公募基金	0.0	0.0	0.0	2026-08-16 10:11:27
6567	4a6ba152-325f-4776-bdb7-ea260d17594a	2026-08-16 00:00:00	1_3_2_1_9_1	投资银行部_交易性公募基金_3Y	0.0	0.0	0.0	2026-08-16 10:11:27
6568	4a6ba152-325f-4776-bdb7-ea260d17594a	2026-08-16 00:00:00	1_3_2_2	投资银行部_其他债权投资	0.0	0.0	0.0	2026-08-16 10:11:27
6569	4a6ba152-325f-4776-bdb7-ea260d17594a	2026-08-16 00:00:00	1_3_2_2_1	投资银行部_其他债权投资_商业银行债	0.0	0.0	0.0	2026-08-16 10:11:27
6570	4a6ba152-325f-4776-bdb7-ea260d17594a	2026-08-16 00:00:00	1_3_2_2_1_1	投资银行部_其他债权投资_商业银行债_1Y	0.0	0.0	0.0	2026-08-16 10:11:27
6571	4a6ba152-325f-4776-bdb7-ea260d17594a	2026-08-16 00:00:00	1_3_2_2_1_2	投资银行部_其他债权投资_商业银行债_3Y	0.0	0.0	0.0	2026-08-16 10:11:27
6572	4a6ba152-325f-4776-bdb7-ea260d17594a	2026-08-16 00:00:00	1_3_2_2_1_3	投资银行部_其他债权投资_商业银行债_5Y	0.0	0.0	0.0	2026-08-16 10:11:27
6573	4a6ba152-325f-4776-bdb7-ea260d17594a	2026-08-16 00:00:00	1_3_2_2_1_4	投资银行部_其他债权投资_商业银行债_10Y	0.0	0.0	0.0	2026-08-16 10:11:27
6574	4a6ba152-325f-4776-bdb7-ea260d17594a	2026-08-16 00:00:00	1_3_2_2_10	投资银行部_其他债权投资_其他	0.0	0.0	0.0	2026-08-16 10:11:27
6575	4a6ba152-325f-4776-bdb7-ea260d17594a	2026-08-16 00:00:00	1_3_2_2_10_1	投资银行部_其他债权投资_其他_1Y	0.0	0.0	0.0	2026-08-16 10:11:27
6576	4a6ba152-325f-4776-bdb7-ea260d17594a	2026-08-16 00:00:00	1_3_2_2_10_2	投资银行部_其他债权投资_其他_3Y	0.0	0.0	0.0	2026-08-16 10:11:27
6577	4a6ba152-325f-4776-bdb7-ea260d17594a	2026-08-16 00:00:00	1_3_2_2_10_3	投资银行部_其他债权投资_其他_5Y	0.0	0.0	0.0	2026-08-16 10:11:27
6578	4a6ba152-325f-4776-bdb7-ea260d17594a	2026-08-16 00:00:00	1_3_2_2_2	投资银行部_其他债权投资_金融机构债	0.0	0.0	0.0	2026-08-16 10:11:27
6579	4a6ba152-325f-4776-bdb7-ea260d17594a	2026-08-16 00:00:00	1_3_2_2_2_1	投资银行部_其他债权投资_金融机构债_1Y	0.0	0.0	0.0	2026-08-16 10:11:27
6580	4a6ba152-325f-4776-bdb7-ea260d17594a	2026-08-16 00:00:00	1_3_2_2_2_2	投资银行部_其他债权投资_金融机构债_3Y	0.0	0.0	0.0	2026-08-16 10:11:27
6581	4a6ba152-325f-4776-bdb7-ea260d17594a	2026-08-16 00:00:00	1_3_2_2_2_3	投资银行部_其他债权投资_金融机构债_5Y	0.0	0.0	0.0	2026-08-16 10:11:27
6582	4a6ba152-325f-4776-bdb7-ea260d17594a	2026-08-16 00:00:00	1_3_2_2_2_4	投资银行部_其他债权投资_金融机构债_10Y	0.0	0.0	0.0	2026-08-16 10:11:27
6583	4a6ba152-325f-4776-bdb7-ea260d17594a	2026-08-16 00:00:00	1_3_2_2_3	投资银行部_其他债权投资_公司债	0.0	0.0	0.0	2026-08-16 10:11:27
6584	4a6ba152-325f-4776-bdb7-ea260d17594a	2026-08-16 00:00:00	1_3_2_2_3_1	投资银行部_其他债权投资_公司债_1Y	0.0	0.0	0.0	2026-08-16 10:11:27
6585	4a6ba152-325f-4776-bdb7-ea260d17594a	2026-08-16 00:00:00	1_3_2_2_3_2	投资银行部_其他债权投资_公司债_3Y	0.0	0.0	0.0	2026-08-16 10:11:27
6586	4a6ba152-325f-4776-bdb7-ea260d17594a	2026-08-16 00:00:00	1_3_2_2_3_3	投资银行部_其他债权投资_公司债_5Y	0.0	0.0	0.0	2026-08-16 10:11:27
6587	4a6ba152-325f-4776-bdb7-ea260d17594a	2026-08-16 00:00:00	1_3_2_2_3_4	投资银行部_其他债权投资_公司债_10Y	0.0	0.0	0.0	2026-08-16 10:11:27
6588	4a6ba152-325f-4776-bdb7-ea260d17594a	2026-08-16 00:00:00	1_3_2_2_4	投资银行部_其他债权投资_信托	0.0	0.0	0.0	2026-08-16 10:11:27
6589	4a6ba152-325f-4776-bdb7-ea260d17594a	2026-08-16 00:00:00	1_3_2_2_4_1	投资银行部_其他债权投资_信托_1Y	0.0	0.0	0.0	2026-08-16 10:11:27
6590	4a6ba152-325f-4776-bdb7-ea260d17594a	2026-08-16 00:00:00	1_3_2_2_4_2	投资银行部_其他债权投资_信托_3Y	0.0	0.0	0.0	2026-08-16 10:11:27
6591	4a6ba152-325f-4776-bdb7-ea260d17594a	2026-08-16 00:00:00	1_3_2_2_4_3	投资银行部_其他债权投资_信托_5Y	0.0	0.0	0.0	2026-08-16 10:11:27
6592	4a6ba152-325f-4776-bdb7-ea260d17594a	2026-08-16 00:00:00	1_3_2_2_5	投资银行部_其他债权投资_资管计划	0.0	0.0	0.0	2026-08-16 10:11:27
6593	4a6ba152-325f-4776-bdb7-ea260d17594a	2026-08-16 00:00:00	1_3_2_2_5_1	投资银行部_其他债权投资_资管计划_1Y	0.0	0.0	0.0	2026-08-16 10:11:27
6594	4a6ba152-325f-4776-bdb7-ea260d17594a	2026-08-16 00:00:00	1_3_2_2_5_2	投资银行部_其他债权投资_资管计划_3Y	0.0	0.0	0.0	2026-08-16 10:11:27
6595	4a6ba152-325f-4776-bdb7-ea260d17594a	2026-08-16 00:00:00	1_3_2_2_5_3	投资银行部_其他债权投资_资管计划_5Y	0.0	0.0	0.0	2026-08-16 10:11:27
6596	4a6ba152-325f-4776-bdb7-ea260d17594a	2026-08-16 00:00:00	1_3_2_2_6	投资银行部_其他债权投资_债权融资计划	0.0	0.0	0.0	2026-08-16 10:11:27
6597	4a6ba152-325f-4776-bdb7-ea260d17594a	2026-08-16 00:00:00	1_3_2_2_6_1	投资银行部_其他债权投资_债权融资计划_1Y	0.0	0.0	0.0	2026-08-16 10:11:27
6598	4a6ba152-325f-4776-bdb7-ea260d17594a	2026-08-16 00:00:00	1_3_2_2_6_2	投资银行部_其他债权投资_债权融资计划_3Y	0.0	0.0	0.0	2026-08-16 10:11:27
6599	4a6ba152-325f-4776-bdb7-ea260d17594a	2026-08-16 00:00:00	1_3_2_2_6_3	投资银行部_其他债权投资_债权融资计划_5Y	0.0	0.0	0.0	2026-08-16 10:11:27
6600	4a6ba152-325f-4776-bdb7-ea260d17594a	2026-08-16 00:00:00	1_3_2_2_7	投资银行部_其他债权投资_私募基金	0.0	0.0	0.0	2026-08-16 10:11:27
6601	4a6ba152-325f-4776-bdb7-ea260d17594a	2026-08-16 00:00:00	1_3_2_2_7_1	投资银行部_其他债权投资_私募基金_1Y	0.0	0.0	0.0	2026-08-16 10:11:27
6602	4a6ba152-325f-4776-bdb7-ea260d17594a	2026-08-16 00:00:00	1_3_2_2_7_2	投资银行部_其他债权投资_私募基金_3Y	0.0	0.0	0.0	2026-08-16 10:11:27
6603	4a6ba152-325f-4776-bdb7-ea260d17594a	2026-08-16 00:00:00	1_3_2_2_7_3	投资银行部_其他债权投资_私募基金_5Y	0.0	0.0	0.0	2026-08-16 10:11:27
6604	4a6ba152-325f-4776-bdb7-ea260d17594a	2026-08-16 00:00:00	1_3_2_2_8	投资银行部_其他债权投资_公募基金	0.0	0.0	0.0	2026-08-16 10:11:27
6605	4a6ba152-325f-4776-bdb7-ea260d17594a	2026-08-16 00:00:00	1_3_2_2_8_1	投资银行部_其他债权投资_公募基金_3Y	0.0	0.0	0.0	2026-08-16 10:11:27
6606	4a6ba152-325f-4776-bdb7-ea260d17594a	2026-08-16 00:00:00	1_3_2_2_9	投资银行部_其他债权投资_融资租赁	0.0	0.0	0.0	2026-08-16 10:11:27
6607	4a6ba152-325f-4776-bdb7-ea260d17594a	2026-08-16 00:00:00	1_3_2_2_9_1	投资银行部_其他债权投资_融资租赁_1Y	0.0	0.0	0.0	2026-08-16 10:11:27
6608	4a6ba152-325f-4776-bdb7-ea260d17594a	2026-08-16 00:00:00	1_3_2_2_9_2	投资银行部_其他债权投资_融资租赁_3Y	0.0	0.0	0.0	2026-08-16 10:11:27
6609	4a6ba152-325f-4776-bdb7-ea260d17594a	2026-08-16 00:00:00	1_3_2_2_9_3	投资银行部_其他债权投资_融资租赁_5Y	0.0	0.0	0.0	2026-08-16 10:11:27
6610	4a6ba152-325f-4776-bdb7-ea260d17594a	2026-08-16 00:00:00	1_3_2_3	投资银行部_债权投资	45715426189.02	0.0	252709813.3857	2026-08-16 10:11:27
6611	4a6ba152-325f-4776-bdb7-ea260d17594a	2026-08-16 00:00:00	1_3_2_3_1	投资银行部_债权投资_商业银行债	0.0	0.0	0.0	2026-08-16 10:11:27
6612	4a6ba152-325f-4776-bdb7-ea260d17594a	2026-08-16 00:00:00	1_3_2_3_1_1	投资银行部_债权投资_商业银行债_1Y	0.0	0.0	0.0	2026-08-16 10:11:27
6613	4a6ba152-325f-4776-bdb7-ea260d17594a	2026-08-16 00:00:00	1_3_2_3_1_2	投资银行部_债权投资_商业银行债_3Y	0.0	0.0	0.0	2026-08-16 10:11:27
6614	4a6ba152-325f-4776-bdb7-ea260d17594a	2026-08-16 00:00:00	1_3_2_3_1_3	投资银行部_债权投资_商业银行债_5Y	0.0	0.0	0.0	2026-08-16 10:11:27
6615	4a6ba152-325f-4776-bdb7-ea260d17594a	2026-08-16 00:00:00	1_3_2_3_1_4	投资银行部_债权投资_商业银行债_10Y	0.0	0.0	0.0	2026-08-16 10:11:27
6616	4a6ba152-325f-4776-bdb7-ea260d17594a	2026-08-16 00:00:00	1_3_2_3_10	投资银行部_债权投资_其他	2425222399.91	0.0	13791628.4791	2026-08-16 10:11:27
6617	4a6ba152-325f-4776-bdb7-ea260d17594a	2026-08-16 00:00:00	1_3_2_3_10_1	投资银行部_债权投资_其他_1Y	0.0	0.0	0.0	2026-08-16 10:11:27
6618	4a6ba152-325f-4776-bdb7-ea260d17594a	2026-08-16 00:00:00	1_3_2_3_10_2	投资银行部_债权投资_其他_3Y	1625189370.27	1.62	9123568.5054	2026-08-16 10:11:27
6619	4a6ba152-325f-4776-bdb7-ea260d17594a	2026-08-16 00:00:00	1_3_2_3_10_3	投资银行部_债权投资_其他_5Y	800033034.49	0.8	4475790.7922	2026-08-16 10:11:27
6620	4a6ba152-325f-4776-bdb7-ea260d17594a	2026-08-16 00:00:00	1_3_2_3_2	投资银行部_债权投资_金融机构债	0.0	0.0	0.0	2026-08-16 10:11:27
6621	4a6ba152-325f-4776-bdb7-ea260d17594a	2026-08-16 00:00:00	1_3_2_3_2_1	投资银行部_债权投资_金融机构债_1Y	0.0	0.0	0.0	2026-08-16 10:11:27
6622	4a6ba152-325f-4776-bdb7-ea260d17594a	2026-08-16 00:00:00	1_3_2_3_2_2	投资银行部_债权投资_金融机构债_3Y	0.0	0.0	0.0	2026-08-16 10:11:27
6623	4a6ba152-325f-4776-bdb7-ea260d17594a	2026-08-16 00:00:00	1_3_2_3_2_3	投资银行部_债权投资_金融机构债_5Y	0.0	0.0	0.0	2026-08-16 10:11:27
6624	4a6ba152-325f-4776-bdb7-ea260d17594a	2026-08-16 00:00:00	1_3_2_3_2_4	投资银行部_债权投资_金融机构债_10Y	0.0	0.0	0.0	2026-08-16 10:11:27
6625	4a6ba152-325f-4776-bdb7-ea260d17594a	2026-08-16 00:00:00	1_3_2_3_3	投资银行部_债权投资_公司债	10410689899.56	0.0	58781509.6386	2026-08-16 10:11:27
6626	4a6ba152-325f-4776-bdb7-ea260d17594a	2026-08-16 00:00:00	1_3_2_3_3_1	投资银行部_债权投资_公司债_1Y	1046929522.84	1.05	2833204.3663	2026-08-16 10:11:27
6627	4a6ba152-325f-4776-bdb7-ea260d17594a	2026-08-16 00:00:00	1_3_2_3_3_2	投资银行部_债权投资_公司债_3Y	6384721386.5	6.38	38047377.5598	2026-08-16 10:11:27
6628	4a6ba152-325f-4776-bdb7-ea260d17594a	2026-08-16 00:00:00	1_3_2_3_3_3	投资银行部_债权投资_公司债_5Y	2979039011.01	2.98	17900927.8898	2026-08-16 10:11:27
6629	4a6ba152-325f-4776-bdb7-ea260d17594a	2026-08-16 00:00:00	1_3_2_3_3_4	投资银行部_债权投资_公司债_10Y	0.0	0.0	0.0	2026-08-16 10:11:27
6630	4a6ba152-325f-4776-bdb7-ea260d17594a	2026-08-16 00:00:00	1_3_2_3_4	投资银行部_债权投资_信托	4143516867.07	0.0	25298789.8186	2026-08-16 10:11:27
6631	4a6ba152-325f-4776-bdb7-ea260d17594a	2026-08-16 00:00:00	1_3_2_3_4_1	投资银行部_债权投资_信托_1Y	632150342.04	0.63	4527659.8732	2026-08-16 10:11:27
6632	4a6ba152-325f-4776-bdb7-ea260d17594a	2026-08-16 00:00:00	1_3_2_3_4_2	投资银行部_债权投资_信托_3Y	2672249638.64	2.67	16366360.4275	2026-08-16 10:11:27
6633	4a6ba152-325f-4776-bdb7-ea260d17594a	2026-08-16 00:00:00	1_3_2_3_4_3	投资银行部_债权投资_信托_5Y	839116894.67	0.84	4404769.3313	2026-08-16 10:11:27
6634	4a6ba152-325f-4776-bdb7-ea260d17594a	2026-08-16 00:00:00	1_3_2_3_5	投资银行部_债权投资_资管计划	10971174703.68	0.0	53235508.9167	2026-08-16 10:11:27
6635	4a6ba152-325f-4776-bdb7-ea260d17594a	2026-08-16 00:00:00	1_3_2_3_5_1	投资银行部_债权投资_资管计划_1Y	0.0	0.0	0.0	2026-08-16 10:11:27
6636	4a6ba152-325f-4776-bdb7-ea260d17594a	2026-08-16 00:00:00	1_3_2_3_5_2	投资银行部_债权投资_资管计划_3Y	3276024198.21	3.27	16710577.9421	2026-08-16 10:11:27
6637	4a6ba152-325f-4776-bdb7-ea260d17594a	2026-08-16 00:00:00	1_3_2_3_5_3	投资银行部_债权投资_资管计划_5Y	7695150527.38	7.69	36524930.8692	2026-08-16 10:11:27
6638	4a6ba152-325f-4776-bdb7-ea260d17594a	2026-08-16 00:00:00	1_3_2_3_6	投资银行部_债权投资_债权融资计划	11393448380.51	0.0	67435185.8933	2026-08-16 10:11:27
6639	4a6ba152-325f-4776-bdb7-ea260d17594a	2026-08-16 00:00:00	1_3_2_3_6_1	投资银行部_债权投资_债权融资计划_1Y	2459928019.88	2.46	15045917.3875	2026-08-16 10:11:27
6640	4a6ba152-325f-4776-bdb7-ea260d17594a	2026-08-16 00:00:00	1_3_2_3_6_2	投资银行部_债权投资_债权融资计划_3Y	6213167692.45	6.21	36486705.044	2026-08-16 10:11:27
6641	4a6ba152-325f-4776-bdb7-ea260d17594a	2026-08-16 00:00:00	1_3_2_3_6_3	投资银行部_债权投资_债权融资计划_5Y	2720352690.93	2.72	15902563.6628	2026-08-16 10:11:27
6642	4a6ba152-325f-4776-bdb7-ea260d17594a	2026-08-16 00:00:00	1_3_2_3_7	投资银行部_债权投资_私募基金	5470337682.35	0.0	28784399.3597	2026-08-16 10:11:27
6643	4a6ba152-325f-4776-bdb7-ea260d17594a	2026-08-16 00:00:00	1_3_2_3_7_1	投资银行部_债权投资_私募基金_1Y	0.0	0.0	0.0	2026-08-16 10:11:27
6644	4a6ba152-325f-4776-bdb7-ea260d17594a	2026-08-16 00:00:00	1_3_2_3_7_2	投资银行部_债权投资_私募基金_3Y	802415009.26	0.8	4544852.7849	2026-08-16 10:11:27
6645	4a6ba152-325f-4776-bdb7-ea260d17594a	2026-08-16 00:00:00	1_3_2_3_7_3	投资银行部_债权投资_私募基金_5Y	4667922684.01	4.66	24239546.6592	2026-08-16 10:11:27
6646	4a6ba152-325f-4776-bdb7-ea260d17594a	2026-08-16 00:00:00	1_3_2_3_8	投资银行部_债权投资_公募基金	0.0	0.0	0.0	2026-08-16 10:11:27
6647	4a6ba152-325f-4776-bdb7-ea260d17594a	2026-08-16 00:00:00	1_3_2_3_8_1	投资银行部_债权投资_公募基金_3Y	0.0	0.0	0.0	2026-08-16 10:11:27
6648	4a6ba152-325f-4776-bdb7-ea260d17594a	2026-08-16 00:00:00	1_3_2_3_9	投资银行部_债权投资_融资租赁	901036255.94	0.0	5374872.4292	2026-08-16 10:11:27
6649	4a6ba152-325f-4776-bdb7-ea260d17594a	2026-08-16 00:00:00	1_3_2_3_9_1	投资银行部_债权投资_融资租赁_1Y	0.0	0.0	0.0	2026-08-16 10:11:27
6650	4a6ba152-325f-4776-bdb7-ea260d17594a	2026-08-16 00:00:00	1_3_2_3_9_2	投资银行部_债权投资_融资租赁_3Y	0.0	0.0	0.0	2026-08-16 10:11:27
6651	4a6ba152-325f-4776-bdb7-ea260d17594a	2026-08-16 00:00:00	1_3_2_3_9_3	投资银行部_债权投资_融资租赁_5Y	901036257.74	0.9	5374872.4292	2026-08-16 10:11:27
6652	4a6ba152-325f-4776-bdb7-ea260d17594a	2026-08-16 00:00:00	1_3_2_4	投资银行部_其他权益工具投资	10280367.91	0.0	248689.7286	2026-08-16 10:11:27
6653	4a6ba152-325f-4776-bdb7-ea260d17594a	2026-08-16 00:00:00	1_3_2_4_1	投资银行部_其他权益工具投资_5Y	10280367.93	0.01	248689.7286	2026-08-16 10:11:27
6654	4a6ba152-325f-4776-bdb7-ea260d17594a	2026-08-16 00:00:00	1_4	发放贷款	187681479451.64	7107588432.93	819226932.29	2026-08-16 10:11:27
6655	4a6ba152-325f-4776-bdb7-ea260d17594a	2026-08-16 00:00:00	1_4_1	个金条线贷款	59481229195.35	2202186858.59	261780888.6301	2026-08-16 10:11:27
6656	4a6ba152-325f-4776-bdb7-ea260d17594a	2026-08-16 00:00:00	1_4_1_1	个金条线_个人经营贷款	1089633180.64	23984025.88	11242082.7283	2026-08-16 10:11:27
6657	4a6ba152-325f-4776-bdb7-ea260d17594a	2026-08-16 00:00:00	1_4_1_1_1	个金条线_个人经营贷款_3M	2146697.47	0.0	0.0	2026-08-16 10:11:27
6658	4a6ba152-325f-4776-bdb7-ea260d17594a	2026-08-16 00:00:00	1_4_1_1_2	个金条线_个人经营贷款_6M	0.0	0.0	0.0	2026-08-16 10:11:27
6659	4a6ba152-325f-4776-bdb7-ea260d17594a	2026-08-16 00:00:00	1_4_1_1_3	个金条线_个人经营贷款_1Y	147037130.22	19164838.78	1190540.1708	2026-08-16 10:11:27
6660	4a6ba152-325f-4776-bdb7-ea260d17594a	2026-08-16 00:00:00	1_4_1_1_4	个金条线_个人经营贷款_2Y	29630444.16	0.02	1810929.3287	2026-08-16 10:11:27
6661	4a6ba152-325f-4776-bdb7-ea260d17594a	2026-08-16 00:00:00	1_4_1_1_5	个金条线_个人经营贷款_3Y	910818909.89	4819187.63	8238681.0432	2026-08-16 10:11:27
6662	4a6ba152-325f-4776-bdb7-ea260d17594a	2026-08-16 00:00:00	1_4_1_2	个金条线_个人消费贷款	6830796167.57	121226448.48	32227125.7093	2026-08-16 10:11:27
6663	4a6ba152-325f-4776-bdb7-ea260d17594a	2026-08-16 00:00:00	1_4_1_2_1	个金条线_便民贷	523352523.8	7694844.31	3397519.0373	2026-08-16 10:11:27
6664	4a6ba152-325f-4776-bdb7-ea260d17594a	2026-08-16 00:00:00	1_4_1_2_1_1	个金条线_便民贷_3M	7018459.97	1642705.67	53530.9386	2026-08-16 10:11:27
6665	4a6ba152-325f-4776-bdb7-ea260d17594a	2026-08-16 00:00:00	1_4_1_2_1_2	个金条线_便民贷_6M	9954814.64	1320309.61	45709.1733	2026-08-16 10:11:27
6666	4a6ba152-325f-4776-bdb7-ea260d17594a	2026-08-16 00:00:00	1_4_1_2_1_3	个金条线_便民贷_1Y	123046971.98	4538090.37	842687.6243	2026-08-16 10:11:27
6667	4a6ba152-325f-4776-bdb7-ea260d17594a	2026-08-16 00:00:00	1_4_1_2_1_4	个金条线_便民贷_2Y	327352732.23	193738.9	2136322.5671	2026-08-16 10:11:27
6668	4a6ba152-325f-4776-bdb7-ea260d17594a	2026-08-16 00:00:00	1_4_1_2_1_5	个金条线_便民贷_3Y	55979545.51	0.03	317235.3788	2026-08-16 10:11:27
6669	4a6ba152-325f-4776-bdb7-ea260d17594a	2026-08-16 00:00:00	1_4_1_2_2	个金条线_公积金秒贷	3201734935.39	109759604.39	13397140.8989	2026-08-16 10:11:27
6670	4a6ba152-325f-4776-bdb7-ea260d17594a	2026-08-16 00:00:00	1_4_1_2_2_1	个金条线_公积金秒贷_3M	0.0	0.0	0.0	2026-08-16 10:11:27
6671	4a6ba152-325f-4776-bdb7-ea260d17594a	2026-08-16 00:00:00	1_4_1_2_2_2	个金条线_公积金秒贷_6M	0.0	0.0	0.0	2026-08-16 10:11:27
6672	4a6ba152-325f-4776-bdb7-ea260d17594a	2026-08-16 00:00:00	1_4_1_2_2_3	个金条线_公积金秒贷_1Y	2866313785.53	109058161.76	11842001.6601	2026-08-16 10:11:27
6673	4a6ba152-325f-4776-bdb7-ea260d17594a	2026-08-16 00:00:00	1_4_1_2_2_4	个金条线_公积金秒贷_2Y	324118645.75	0.16	1479585.1093	2026-08-16 10:11:27
6674	4a6ba152-325f-4776-bdb7-ea260d17594a	2026-08-16 00:00:00	1_4_1_2_2_5	个金条线_公积金秒贷_3Y	11302507.35	701444.09	75749.6081	2026-08-16 10:11:27
6675	4a6ba152-325f-4776-bdb7-ea260d17594a	2026-08-16 00:00:00	1_4_1_2_3	个金条线_其他个人消费贷款	3105708708.38	3771999.77	15464423.1541	2026-08-16 10:11:27
6676	4a6ba152-325f-4776-bdb7-ea260d17594a	2026-08-16 00:00:00	1_4_1_2_3_1	个金条线_其他个人消费贷款_3M	0.0	0.0	0.0	2026-08-16 10:11:27
6677	4a6ba152-325f-4776-bdb7-ea260d17594a	2026-08-16 00:00:00	1_4_1_2_3_2	个金条线_其他个人消费贷款_6M	270000.0	0.0	1071.2851	2026-08-16 10:11:27
6678	4a6ba152-325f-4776-bdb7-ea260d17594a	2026-08-16 00:00:00	1_4_1_2_3_3	个金条线_其他个人消费贷款_1Y	312817059.14	3222330.52	1362467.912	2026-08-16 10:11:27
6679	4a6ba152-325f-4776-bdb7-ea260d17594a	2026-08-16 00:00:00	1_4_1_2_3_4	个金条线_其他个人消费贷款_2Y	35496665.24	0.02	191195.6249	2026-08-16 10:11:27
6680	4a6ba152-325f-4776-bdb7-ea260d17594a	2026-08-16 00:00:00	1_4_1_2_3_5	个金条线_其他个人消费贷款_3Y	2757124987.15	549670.82	13911145.0291	2026-08-16 10:11:27
6681	4a6ba152-325f-4776-bdb7-ea260d17594a	2026-08-16 00:00:00	1_4_1_3	个金条线_个人住房贷款	49251997930.1	167494.35	215514182.6485	2026-08-16 10:11:27
6682	4a6ba152-325f-4776-bdb7-ea260d17594a	2026-08-16 00:00:00	1_4_1_3_1	个金条线_个人住房贷款_1Y	30000.0	0.0	9.7637	2026-08-16 10:11:27
6683	4a6ba152-325f-4776-bdb7-ea260d17594a	2026-08-16 00:00:00	1_4_1_3_2	个金条线_个人住房贷款_2Y	0.0	0.0	0.0	2026-08-16 10:11:27
6684	4a6ba152-325f-4776-bdb7-ea260d17594a	2026-08-16 00:00:00	1_4_1_3_3	个金条线_个人住房贷款_3Y	1108505.88	0.0	5682.4619	2026-08-16 10:11:27
6685	4a6ba152-325f-4776-bdb7-ea260d17594a	2026-08-16 00:00:00	1_4_1_3_4	个金条线_个人住房贷款_5Y	1678547.93	8849.87	8379.7595	2026-08-16 10:11:27
6686	4a6ba152-325f-4776-bdb7-ea260d17594a	2026-08-16 00:00:00	1_4_1_3_5	个金条线_个人住房贷款_10Y	49249180926.14	158669.42	215500112.7481	2026-08-16 10:11:27
6687	4a6ba152-325f-4776-bdb7-ea260d17594a	2026-08-16 00:00:00	1_4_1_4	个金条线_个人贷记卡透支	2308796917.05	2056808889.87	2477342.9044	2026-08-16 10:11:27
6688	4a6ba152-325f-4776-bdb7-ea260d17594a	2026-08-16 00:00:00	1_4_1_4_1	个金条线_个人贷记卡透支_3M	2300877861.59	2056734865.38	2477342.812	2026-08-16 10:11:27
6689	4a6ba152-325f-4776-bdb7-ea260d17594a	2026-08-16 00:00:00	1_4_1_4_2	个金条线_个人贷记卡透支_6M	935465.01	15745.16	0.0	2026-08-16 10:11:27
6690	4a6ba152-325f-4776-bdb7-ea260d17594a	2026-08-16 00:00:00	1_4_1_4_3	个金条线_个人贷记卡透支_1Y	1514996.23	55977.15	0.0	2026-08-16 10:11:27
6691	4a6ba152-325f-4776-bdb7-ea260d17594a	2026-08-16 00:00:00	1_4_1_4_4	个金条线_个人贷记卡透支_2Y	2318596.55	178.73	0.0	2026-08-16 10:11:27
6692	4a6ba152-325f-4776-bdb7-ea260d17594a	2026-08-16 00:00:00	1_4_1_4_5	个金条线_个人贷记卡透支_3Y	3150000.0	2124.62	0.0	2026-08-16 10:11:27
6693	4a6ba152-325f-4776-bdb7-ea260d17594a	2026-08-16 00:00:00	1_4_1_5	个金条线_其他贷款	4999.99	0.0	0.0	2026-08-16 10:11:27
6694	4a6ba152-325f-4776-bdb7-ea260d17594a	2026-08-16 00:00:00	1_4_1_5_1	个金条线_其他贷款_3M	0.0	0.0	0.0	2026-08-16 10:11:27
6695	4a6ba152-325f-4776-bdb7-ea260d17594a	2026-08-16 00:00:00	1_4_1_5_2	个金条线_其他贷款_6M	0.0	0.0	0.0	2026-08-16 10:11:27
6696	4a6ba152-325f-4776-bdb7-ea260d17594a	2026-08-16 00:00:00	1_4_1_5_3	个金条线_其他贷款_1Y	0.0	0.0	0.0	2026-08-16 10:11:27
6697	4a6ba152-325f-4776-bdb7-ea260d17594a	2026-08-16 00:00:00	1_4_1_5_4	个金条线_其他贷款_2Y	0.0	0.0	0.0	2026-08-16 10:11:27
6698	4a6ba152-325f-4776-bdb7-ea260d17594a	2026-08-16 00:00:00	1_4_1_5_5	个金条线_其他贷款_3Y	4999.99	0.0	0.0	2026-08-16 10:11:27
6699	4a6ba152-325f-4776-bdb7-ea260d17594a	2026-08-16 00:00:00	1_4_2	小微条线贷款	13290914456.06	432212949.62	71170954.1724	2026-08-16 10:11:27
6700	4a6ba152-325f-4776-bdb7-ea260d17594a	2026-08-16 00:00:00	1_4_2_1	小微条线_单位流动资金贷款	7625019773.66	210400722.52	40752188.9952	2026-08-16 10:11:27
6701	4a6ba152-325f-4776-bdb7-ea260d17594a	2026-08-16 00:00:00	1_4_2_1_1	小微条线_单位流动资金贷款_3M	49000000.05	0.02	27725.414	2026-08-16 10:11:27
6702	4a6ba152-325f-4776-bdb7-ea260d17594a	2026-08-16 00:00:00	1_4_2_1_2	小微条线_单位流动资金贷款_6M	50311470.05	0.03	-86184.7992	2026-08-16 10:11:27
6703	4a6ba152-325f-4776-bdb7-ea260d17594a	2026-08-16 00:00:00	1_4_2_1_3	小微条线_单位流动资金贷款_1Y	6305237380.58	202672460.36	32281647.3003	2026-08-16 10:11:27
6704	4a6ba152-325f-4776-bdb7-ea260d17594a	2026-08-16 00:00:00	1_4_2_1_4	小微条线_单位流动资金贷款_2Y	675070624.09	3612903.57	4516290.3546	2026-08-16 10:11:27
6705	4a6ba152-325f-4776-bdb7-ea260d17594a	2026-08-16 00:00:00	1_4_2_1_5	小微条线_单位流动资金贷款_3Y	545400306.6	4115362.41	4061954.2959	2026-08-16 10:11:27
6706	4a6ba152-325f-4776-bdb7-ea260d17594a	2026-08-16 00:00:00	1_4_2_2	小微条线_单位其他固定资产贷款	46623755.22	0.0	209783.7104	2026-08-16 10:11:27
6707	4a6ba152-325f-4776-bdb7-ea260d17594a	2026-08-16 00:00:00	1_4_2_2_1	小微条线_单位其他固定资产贷款_1Y	3600000.0	0.0	1520.8333	2026-08-16 10:11:27
6708	4a6ba152-325f-4776-bdb7-ea260d17594a	2026-08-16 00:00:00	1_4_2_2_2	小微条线_单位其他固定资产贷款_3Y	0.0	0.0	0.0	2026-08-16 10:11:27
6709	4a6ba152-325f-4776-bdb7-ea260d17594a	2026-08-16 00:00:00	1_4_2_2_3	小微条线_单位其他固定资产贷款_5Y	10000000.01	0.01	46131.955	2026-08-16 10:11:27
6710	4a6ba152-325f-4776-bdb7-ea260d17594a	2026-08-16 00:00:00	1_4_2_2_4	小微条线_单位其他固定资产贷款_10Y	33023755.25	0.02	162130.9211	2026-08-16 10:11:27
6711	4a6ba152-325f-4776-bdb7-ea260d17594a	2026-08-16 00:00:00	1_4_2_3	小微条线_个人经营贷款	5618766715.57	221812227.1	30125806.0491	2026-08-16 10:11:27
6712	4a6ba152-325f-4776-bdb7-ea260d17594a	2026-08-16 00:00:00	1_4_2_3_1	小微条线_个人经营贷款_线上	1131626047.95	61643420.06	6353716.7885	2026-08-16 10:11:27
6713	4a6ba152-325f-4776-bdb7-ea260d17594a	2026-08-16 00:00:00	1_4_2_3_1_1	小微条线_个人经营贷款_线上_3M	4919841.1	990296.67	14266.46	2026-08-16 10:11:27
6714	4a6ba152-325f-4776-bdb7-ea260d17594a	2026-08-16 00:00:00	1_4_2_3_1_2	小微条线_个人经营贷款_线上_6M	6719720.2	1709677.42	20216.3071	2026-08-16 10:11:27
6715	4a6ba152-325f-4776-bdb7-ea260d17594a	2026-08-16 00:00:00	1_4_2_3_1_3	小微条线_个人经营贷款_线上_1Y	971425919.21	58943446.46	5464493.3699	2026-08-16 10:11:27
6716	4a6ba152-325f-4776-bdb7-ea260d17594a	2026-08-16 00:00:00	1_4_2_3_1_4	小微条线_个人经营贷款_线上_2Y	39502113.21	0.02	42436.8717	2026-08-16 10:11:27
6717	4a6ba152-325f-4776-bdb7-ea260d17594a	2026-08-16 00:00:00	1_4_2_3_1_5	小微条线_个人经营贷款_线上_3Y	109058455.37	0.06	893797.9891	2026-08-16 10:11:27
6718	4a6ba152-325f-4776-bdb7-ea260d17594a	2026-08-16 00:00:00	1_4_2_3_2	小微条线_个人经营贷款_线下	4487140667.62	160168807.04	23776461.0897	2026-08-16 10:11:27
6719	4a6ba152-325f-4776-bdb7-ea260d17594a	2026-08-16 00:00:00	1_4_2_3_2_1	小微条线_个人经营贷款_线下_3M	2254244.76	0.0	0.0	2026-08-16 10:11:27
6720	4a6ba152-325f-4776-bdb7-ea260d17594a	2026-08-16 00:00:00	1_4_2_3_2_2	小微条线_个人经营贷款_线下_6M	4870955.74	0.0	0.0	2026-08-16 10:11:27
6721	4a6ba152-325f-4776-bdb7-ea260d17594a	2026-08-16 00:00:00	1_4_2_3_2_3	小微条线_个人经营贷款_线下_1Y	2532720576.96	132408059.44	13851350.428	2026-08-16 10:11:27
6722	4a6ba152-325f-4776-bdb7-ea260d17594a	2026-08-16 00:00:00	1_4_2_3_2_4	小微条线_个人经营贷款_线下_2Y	718440404.48	3961290.68	3519651.4178	2026-08-16 10:11:27
6723	4a6ba152-325f-4776-bdb7-ea260d17594a	2026-08-16 00:00:00	1_4_2_3_2_5	小微条线_个人经营贷款_线下_3Y	1228854490.21	23799459.18	6291060.4228	2026-08-16 10:11:27
6724	4a6ba152-325f-4776-bdb7-ea260d17594a	2026-08-16 00:00:00	1_4_2_4	小微条线_个人消费贷款	504211.61	0.0	1852.3616	2026-08-16 10:11:27
6725	4a6ba152-325f-4776-bdb7-ea260d17594a	2026-08-16 00:00:00	1_4_2_4_1	小微条线_个人消费贷款_3M	0.0	0.0	0.0	2026-08-16 10:11:27
6726	4a6ba152-325f-4776-bdb7-ea260d17594a	2026-08-16 00:00:00	1_4_2_4_2	小微条线_个人消费贷款_6M	0.0	0.0	0.0	2026-08-16 10:11:27
6727	4a6ba152-325f-4776-bdb7-ea260d17594a	2026-08-16 00:00:00	1_4_2_4_3	小微条线_个人消费贷款_1Y	0.0	0.0	0.0	2026-08-16 10:11:27
6728	4a6ba152-325f-4776-bdb7-ea260d17594a	2026-08-16 00:00:00	1_4_2_4_4	小微条线_个人消费贷款_2Y	0.0	0.0	0.0	2026-08-16 10:11:27
6729	4a6ba152-325f-4776-bdb7-ea260d17594a	2026-08-16 00:00:00	1_4_2_4_5	小微条线_个人消费贷款_3Y	504211.61	0.0	1852.3616	2026-08-16 10:11:27
6730	4a6ba152-325f-4776-bdb7-ea260d17594a	2026-08-16 00:00:00	1_4_3	对公条线贷款	96772976571.62	2940619203.64	421455259.2088	2026-08-16 10:11:27
6731	4a6ba152-325f-4776-bdb7-ea260d17594a	2026-08-16 00:00:00	1_4_3_1	对公条线_单位房地产贷款	7959675760.51	152980645.16	44269140.8948	2026-08-16 10:11:27
6732	4a6ba152-325f-4776-bdb7-ea260d17594a	2026-08-16 00:00:00	1_4_3_1_1	对公条线_单位房地产贷款_1Y	30800000.03	71206451.63	409702.3432	2026-08-16 10:11:27
6733	4a6ba152-325f-4776-bdb7-ea260d17594a	2026-08-16 00:00:00	1_4_3_1_2	对公条线_单位房地产贷款_3Y	6049185406.38	2419357.9	34613428.2019	2026-08-16 10:11:27
6734	4a6ba152-325f-4776-bdb7-ea260d17594a	2026-08-16 00:00:00	1_4_3_1_3	对公条线_单位房地产贷款_5Y	1528690361.8	79354839.48	7082584.9783	2026-08-16 10:11:27
6735	4a6ba152-325f-4776-bdb7-ea260d17594a	2026-08-16 00:00:00	1_4_3_1_4	对公条线_单位房地产贷款_10Y	351000000.36	0.18	2190215.079	2026-08-16 10:11:27
6736	4a6ba152-325f-4776-bdb7-ea260d17594a	2026-08-16 00:00:00	1_4_3_2	对公条线_单位项目融资贷款	2625647357.1	0.0	13318266.3495	2026-08-16 10:11:27
6737	4a6ba152-325f-4776-bdb7-ea260d17594a	2026-08-16 00:00:00	1_4_3_2_1	对公条线_单位项目融资贷款_3M	0.0	0.0	0.0	2026-08-16 10:11:27
6738	4a6ba152-325f-4776-bdb7-ea260d17594a	2026-08-16 00:00:00	1_4_3_2_2	对公条线_单位项目融资贷款_6M	0.0	0.0	0.0	2026-08-16 10:11:27
6739	4a6ba152-325f-4776-bdb7-ea260d17594a	2026-08-16 00:00:00	1_4_3_2_3	对公条线_单位项目融资贷款_1Y	0.0	0.0	0.0	2026-08-16 10:11:27
6740	4a6ba152-325f-4776-bdb7-ea260d17594a	2026-08-16 00:00:00	1_4_3_2_4	对公条线_单位项目融资贷款_2Y	0.0	0.0	0.0	2026-08-16 10:11:27
6741	4a6ba152-325f-4776-bdb7-ea260d17594a	2026-08-16 00:00:00	1_4_3_2_5	对公条线_单位项目融资贷款_3Y	2625647359.76	1.33	13318266.3495	2026-08-16 10:11:27
6742	4a6ba152-325f-4776-bdb7-ea260d17594a	2026-08-16 00:00:00	1_4_3_3	对公条线_单位其他固定资产贷款	16755827011.48	0.0	78094931.3182	2026-08-16 10:11:27
6743	4a6ba152-325f-4776-bdb7-ea260d17594a	2026-08-16 00:00:00	1_4_3_3_1	对公条线_单位其他固定资产贷款_1Y	0.0	0.0	0.0	2026-08-16 10:11:27
6744	4a6ba152-325f-4776-bdb7-ea260d17594a	2026-08-16 00:00:00	1_4_3_3_2	对公条线_单位其他固定资产贷款_3Y	2226216002.25	1.13	10669028.3964	2026-08-16 10:11:27
6745	4a6ba152-325f-4776-bdb7-ea260d17594a	2026-08-16 00:00:00	1_4_3_3_3	对公条线_单位其他固定资产贷款_5Y	2033377802.06	1.03	10413261.0183	2026-08-16 10:11:27
6746	4a6ba152-325f-4776-bdb7-ea260d17594a	2026-08-16 00:00:00	1_4_3_3_4	对公条线_单位其他固定资产贷款_10Y	12496233224.13	6.33	57012752.4393	2026-08-16 10:11:27
6747	4a6ba152-325f-4776-bdb7-ea260d17594a	2026-08-16 00:00:00	1_4_3_4	对公条线_单位流动资金贷款	69271779814.21	2626336774.19	285476465.8465	2026-08-16 10:11:27
6748	4a6ba152-325f-4776-bdb7-ea260d17594a	2026-08-16 00:00:00	1_4_3_4_1	对公条线_单位流动资金贷款_3M	13492708.45	8709677.43	7893.627	2026-08-16 10:11:27
6749	4a6ba152-325f-4776-bdb7-ea260d17594a	2026-08-16 00:00:00	1_4_3_4_2	对公条线_单位流动资金贷款_6M	416900000.42	0.21	503259.9615	2026-08-16 10:11:27
6750	4a6ba152-325f-4776-bdb7-ea260d17594a	2026-08-16 00:00:00	1_4_3_4_3	对公条线_单位流动资金贷款_1Y	33956298199.73	1835477436.55	132633025.5935	2026-08-16 10:11:27
6751	4a6ba152-325f-4776-bdb7-ea260d17594a	2026-08-16 00:00:00	1_4_3_4_4	对公条线_单位流动资金贷款_2Y	10686139244.98	17741940.89	43004710.9438	2026-08-16 10:11:27
6752	4a6ba152-325f-4776-bdb7-ea260d17594a	2026-08-16 00:00:00	1_4_3_4_5	对公条线_单位流动资金贷款_3Y	24198949730.74	764407754.19	109407064.7239	2026-08-16 10:11:27
6753	4a6ba152-325f-4776-bdb7-ea260d17594a	2026-08-16 00:00:00	1_4_3_5	对公条线_其他贷款	160046628.32	161301784.28	194665.0407	2026-08-16 10:11:27
6754	4a6ba152-325f-4776-bdb7-ea260d17594a	2026-08-16 00:00:00	1_4_3_5_1	对公条线_其他贷款_3M	26999344.57	32546348.38	98455.9317	2026-08-16 10:11:27
6755	4a6ba152-325f-4776-bdb7-ea260d17594a	2026-08-16 00:00:00	1_4_3_5_2	对公条线_其他贷款_6M	0.0	0.0	0.0	2026-08-16 10:11:27
6756	4a6ba152-325f-4776-bdb7-ea260d17594a	2026-08-16 00:00:00	1_4_3_5_3	对公条线_其他贷款_1Y	0.0	0.0	0.0	2026-08-16 10:11:27
6757	4a6ba152-325f-4776-bdb7-ea260d17594a	2026-08-16 00:00:00	1_4_3_5_4	对公条线_其他贷款_2Y	0.0	0.0	0.0	2026-08-16 10:11:27
6758	4a6ba152-325f-4776-bdb7-ea260d17594a	2026-08-16 00:00:00	1_4_3_5_5	对公条线_其他贷款_3Y	133047283.91	128755435.99	96209.1075	2026-08-16 10:11:27
6759	4a6ba152-325f-4776-bdb7-ea260d17594a	2026-08-16 00:00:00	1_4_4	数金条线贷款	6138937400.44	204424426.34	39179377.1304	2026-08-16 10:11:27
6760	4a6ba152-325f-4776-bdb7-ea260d17594a	2026-08-16 00:00:00	1_4_4_1	数金条线_个人经营贷款	6396912.44	1458020.51	54566.5769	2026-08-16 10:11:27
6761	4a6ba152-325f-4776-bdb7-ea260d17594a	2026-08-16 00:00:00	1_4_4_1_1	数金条线_个人经营贷款_线上	0.0	0.0	0.0	2026-08-16 10:11:27
6762	4a6ba152-325f-4776-bdb7-ea260d17594a	2026-08-16 00:00:00	1_4_4_1_1_1	数金条线_个人经营贷款_线上_3M	0.0	0.0	0.0	2026-08-16 10:11:27
6763	4a6ba152-325f-4776-bdb7-ea260d17594a	2026-08-16 00:00:00	1_4_4_1_1_2	数金条线_个人经营贷款_线上_6M	0.0	0.0	0.0	2026-08-16 10:11:27
6764	4a6ba152-325f-4776-bdb7-ea260d17594a	2026-08-16 00:00:00	1_4_4_1_1_3	数金条线_个人经营贷款_线上_1Y	0.0	0.0	0.0	2026-08-16 10:11:27
6765	4a6ba152-325f-4776-bdb7-ea260d17594a	2026-08-16 00:00:00	1_4_4_1_1_4	数金条线_个人经营贷款_线上_2Y	0.0	0.0	0.0	2026-08-16 10:11:27
6766	4a6ba152-325f-4776-bdb7-ea260d17594a	2026-08-16 00:00:00	1_4_4_1_1_5	数金条线_个人经营贷款_线上_3Y	0.0	0.0	0.0	2026-08-16 10:11:27
6767	4a6ba152-325f-4776-bdb7-ea260d17594a	2026-08-16 00:00:00	1_4_4_1_2	数金条线_个人经营贷款_线下	6396912.44	1458020.51	54566.5769	2026-08-16 10:11:27
6768	4a6ba152-325f-4776-bdb7-ea260d17594a	2026-08-16 00:00:00	1_4_4_1_2_1	数金条线_个人经营贷款_线下_3M	0.0	0.0	0.0	2026-08-16 10:11:27
6769	4a6ba152-325f-4776-bdb7-ea260d17594a	2026-08-16 00:00:00	1_4_4_1_2_2	数金条线_个人经营贷款_线下_6M	0.0	0.0	0.0	2026-08-16 10:11:27
6770	4a6ba152-325f-4776-bdb7-ea260d17594a	2026-08-16 00:00:00	1_4_4_1_2_3	数金条线_个人经营贷款_线下_1Y	0.0	0.0	0.0	2026-08-16 10:11:27
6771	4a6ba152-325f-4776-bdb7-ea260d17594a	2026-08-16 00:00:00	1_4_4_1_2_4	数金条线_个人经营贷款_线下_2Y	0.0	0.0	0.0	2026-08-16 10:11:27
6772	4a6ba152-325f-4776-bdb7-ea260d17594a	2026-08-16 00:00:00	1_4_4_1_2_5	数金条线_个人经营贷款_线下_3Y	6396912.45	1458020.51	54566.5769	2026-08-16 10:11:27
6773	4a6ba152-325f-4776-bdb7-ea260d17594a	2026-08-16 00:00:00	1_4_4_2	数金条线_个人消费贷款	6132540488.0	202966405.82	39124021.6591	2026-08-16 10:11:27
6774	4a6ba152-325f-4776-bdb7-ea260d17594a	2026-08-16 00:00:00	1_4_4_2_1	数金条线_个人消费贷款_3M	339308041.4	73951560.88	1735001.1855	2026-08-16 10:11:27
6775	4a6ba152-325f-4776-bdb7-ea260d17594a	2026-08-16 00:00:00	1_4_4_2_2	数金条线_个人消费贷款_6M	472778276.44	24302265.07	1530124.8342	2026-08-16 10:11:27
6776	4a6ba152-325f-4776-bdb7-ea260d17594a	2026-08-16 00:00:00	1_4_4_2_3	数金条线_个人消费贷款_1Y	4999063609.57	104689801.04	34243763.2163	2026-08-16 10:11:27
6777	4a6ba152-325f-4776-bdb7-ea260d17594a	2026-08-16 00:00:00	1_4_4_2_4	数金条线_个人消费贷款_2Y	307173973.42	22781.94	1522278.9533	2026-08-16 10:11:27
6778	4a6ba152-325f-4776-bdb7-ea260d17594a	2026-08-16 00:00:00	1_4_4_2_5	数金条线_个人消费贷款_3Y	14216593.37	0.01	106071.2308	2026-08-16 10:11:27
6779	4a6ba152-325f-4776-bdb7-ea260d17594a	2026-08-16 00:00:00	1_4_5	贸易融资	3273562990.18	387324359.64	7118234.8087	2026-08-16 10:11:27
6780	4a6ba152-325f-4776-bdb7-ea260d17594a	2026-08-16 00:00:00	1_4_5_1	贸易融资_3M	703982757.67	387324360.0	1117458.3414	2026-08-16 10:11:27
6781	4a6ba152-325f-4776-bdb7-ea260d17594a	2026-08-16 00:00:00	1_4_5_2	贸易融资_6M	2039580235.29	1.03	3286421.0419	2026-08-16 10:11:27
6782	4a6ba152-325f-4776-bdb7-ea260d17594a	2026-08-16 00:00:00	1_4_5_3	贸易融资_1Y	0.0	0.0	0.0	2026-08-16 10:11:27
6783	4a6ba152-325f-4776-bdb7-ea260d17594a	2026-08-16 00:00:00	1_4_5_4	贸易融资_2Y	0.0	0.0	0.0	2026-08-16 10:11:27
6784	4a6ba152-325f-4776-bdb7-ea260d17594a	2026-08-16 00:00:00	1_4_5_5	贸易融资_3Y	530000000.54	0.27	2777832.3783	2026-08-16 10:11:27
6785	4a6ba152-325f-4776-bdb7-ea260d17594a	2026-08-16 00:00:00	1_4_6	贴现	8723858837.99	940820635.1	19681816.2623	2026-08-16 10:11:27
6786	4a6ba152-325f-4776-bdb7-ea260d17594a	2026-08-16 00:00:00	1_4_6_1	直贴_3M	703236650.59	397021142.67	11823969.6273	2026-08-16 10:11:27
6787	4a6ba152-325f-4776-bdb7-ea260d17594a	2026-08-16 00:00:00	1_4_6_2	转贴_6M	6731154972.56	466286056.07	8384831.3891	2026-08-16 10:11:27
6788	4a6ba152-325f-4776-bdb7-ea260d17594a	2026-08-16 00:00:00	1_4_6_3	福费廷_3M	1289467223.67	77513440.78	235281.1794	2026-08-16 10:11:27
6789	4a6ba152-325f-4776-bdb7-ea260d17594a	2026-08-16 00:00:00	1_4_6_4	应收款买断_3M	0.0	0.0	0.0	2026-08-16 10:11:27
6790	4a6ba152-325f-4776-bdb7-ea260d17594a	2026-08-16 00:00:00	1_5	其他资产	20562683409.17	16697443249.88	0.0	2026-08-16 10:11:27
6791	4a6ba152-325f-4776-bdb7-ea260d17594a	2026-08-16 00:00:00	1_5_1	贵金属_30Y	0.0	0.0	0.0	2026-08-16 10:11:27
6792	4a6ba152-325f-4776-bdb7-ea260d17594a	2026-08-16 00:00:00	1_5_1_1	贵金属_黄金_1D	0.0	0.0	0.0	2026-08-16 10:11:27
6793	4a6ba152-325f-4776-bdb7-ea260d17594a	2026-08-16 00:00:00	1_5_1_2	贵金属_非黄金_30Y	0.0	0.0	0.0	2026-08-16 10:11:27
6794	4a6ba152-325f-4776-bdb7-ea260d17594a	2026-08-16 00:00:00	1_5_2	各类应收款_30Y	2758822984.88	2297068341.74	0.0	2026-08-16 10:11:27
6795	4a6ba152-325f-4776-bdb7-ea260d17594a	2026-08-16 00:00:00	1_5_3	其他资产_30Y	17803860436.28	14400374914.14	0.0	2026-08-16 10:11:27
6796	4a6ba152-325f-4776-bdb7-ea260d17594a	2026-08-16 00:00:00	2_1	向中央银行借款	13220221887.02	782031989.31	20247325.6126	2026-08-16 10:11:27
6797	4a6ba152-325f-4776-bdb7-ea260d17594a	2026-08-16 00:00:00	2_1_1	再贴现_1Y	3326709892.06	782031991.82	3891188.0469	2026-08-16 10:11:27
6798	4a6ba152-325f-4776-bdb7-ea260d17594a	2026-08-16 00:00:00	2_1_2	再贷款_1Y	9893512015.0	7.45	16355836.2718	2026-08-16 10:11:27
6799	4a6ba152-325f-4776-bdb7-ea260d17594a	2026-08-16 00:00:00	2_2	同业负债	33386978675.08	3958346118.26	35045535.7617	2026-08-16 10:11:27
6800	4a6ba152-325f-4776-bdb7-ea260d17594a	2026-08-16 00:00:00	2_2_1	同业存放款项	17057013301.15	3035967860.2	23838358.9692	2026-08-16 10:11:27
6801	4a6ba152-325f-4776-bdb7-ea260d17594a	2026-08-16 00:00:00	2_2_1_1	同业存放活期款项	4951622651.15	3035967860.2	3236033.8159	2026-08-16 10:11:27
6802	4a6ba152-325f-4776-bdb7-ea260d17594a	2026-08-16 00:00:00	2_2_1_1_1	同业存放活期款项_1D	4951622654.12	3035967861.68	3236033.8159	2026-08-16 10:11:27
6803	4a6ba152-325f-4776-bdb7-ea260d17594a	2026-08-16 00:00:00	2_2_1_2	同业存放定期款项	12105390650.0	0.0	19601858.522	2026-08-16 10:11:27
6804	4a6ba152-325f-4776-bdb7-ea260d17594a	2026-08-16 00:00:00	2_2_1_2_1	同业存放定期款项_1M	0.0	0.0	0.0	2026-08-16 10:11:27
6805	4a6ba152-325f-4776-bdb7-ea260d17594a	2026-08-16 00:00:00	2_2_1_2_2	同业存放定期款项_3M	300000000.18	0.09	49849.54	2026-08-16 10:11:27
6806	4a6ba152-325f-4776-bdb7-ea260d17594a	2026-08-16 00:00:00	2_2_1_2_3	同业存放定期款项_6M	3650000002.19	1.09	5549492.684	2026-08-16 10:11:27
6807	4a6ba152-325f-4776-bdb7-ea260d17594a	2026-08-16 00:00:00	2_2_1_2_4	同业存放定期款项_1Y	8155390654.9	2.43	13893534.6518	2026-08-16 10:11:27
6808	4a6ba152-325f-4776-bdb7-ea260d17594a	2026-08-16 00:00:00	2_2_2	同业拆入	3568465373.93	72270000.0	3211786.1118	2026-08-16 10:11:27
6809	4a6ba152-325f-4776-bdb7-ea260d17594a	2026-08-16 00:00:00	2_2_2_1	同业拆入_1D	3568465376.07	72270001.06	3211786.1118	2026-08-16 10:11:27
6810	4a6ba152-325f-4776-bdb7-ea260d17594a	2026-08-16 00:00:00	2_2_3	同业借款借入	2990000000.0	0.0	8500824.6483	2026-08-16 10:11:27
6811	4a6ba152-325f-4776-bdb7-ea260d17594a	2026-08-16 00:00:00	2_2_3_1	同业借款借入_1D	2990000001.79	0.89	8500824.6483	2026-08-16 10:11:27
6812	4a6ba152-325f-4776-bdb7-ea260d17594a	2026-08-16 00:00:00	2_2_4	卖出回购	9771500000.0	850108258.06	1598452.4864	2026-08-16 10:11:27
6813	4a6ba152-325f-4776-bdb7-ea260d17594a	2026-08-16 00:00:00	2_2_4_1	卖出回购债券	9771500000.0	850108258.06	1598429.5737	2026-08-16 10:11:27
6814	4a6ba152-325f-4776-bdb7-ea260d17594a	2026-08-16 00:00:00	2_2_4_1_1	卖出回购债券_买断式_1D	0.0	196209677.42	353892.826	2026-08-16 10:11:27
6815	4a6ba152-325f-4776-bdb7-ea260d17594a	2026-08-16 00:00:00	2_2_4_1_2	卖出回购债券_买断式_7D	9771500005.87	653898583.57	1255732.6247	2026-08-16 10:11:27
6816	4a6ba152-325f-4776-bdb7-ea260d17594a	2026-08-16 00:00:00	2_2_4_1_3	卖出回购债券_质押式_1D	0.0	0.0	0.0	2026-08-16 10:11:27
6817	4a6ba152-325f-4776-bdb7-ea260d17594a	2026-08-16 00:00:00	2_2_4_1_4	卖出回购债券_质押式_7D	0.0	0.0	0.0	2026-08-16 10:11:27
6818	4a6ba152-325f-4776-bdb7-ea260d17594a	2026-08-16 00:00:00	2_2_4_2	卖出回购票据	0.0	0.0	0.0	2026-08-16 10:11:27
6819	4a6ba152-325f-4776-bdb7-ea260d17594a	2026-08-16 00:00:00	2_2_4_2_1	卖出回购票据_买断式_1D	0.0	0.0	0.0	2026-08-16 10:11:27
6820	4a6ba152-325f-4776-bdb7-ea260d17594a	2026-08-16 00:00:00	2_2_4_2_2	卖出回购票据_买断式_7D	0.0	0.0	0.0	2026-08-16 10:11:27
6821	4a6ba152-325f-4776-bdb7-ea260d17594a	2026-08-16 00:00:00	2_2_4_2_3	卖出回购票据_质押式_1D	0.0	0.0	0.0	2026-08-16 10:11:27
6822	4a6ba152-325f-4776-bdb7-ea260d17594a	2026-08-16 00:00:00	2_2_4_2_4	卖出回购票据_质押式_7D	0.0	0.0	0.0	2026-08-16 10:11:27
6823	4a6ba152-325f-4776-bdb7-ea260d17594a	2026-08-16 00:00:00	2_3	发行同业存单	51565555503.83	2723704286.01	116600474.6322	2026-08-16 10:11:27
6824	4a6ba152-325f-4776-bdb7-ea260d17594a	2026-08-16 00:00:00	2_3_1	发行同业存单_1M	2484643688.75	147106050.48	347519.2854	2026-08-16 10:11:27
6825	4a6ba152-325f-4776-bdb7-ea260d17594a	2026-08-16 00:00:00	2_3_2	发行同业存单_3M	129954261.64	125629387.57	290727.2919	2026-08-16 10:11:27
6826	4a6ba152-325f-4776-bdb7-ea260d17594a	2026-08-16 00:00:00	2_3_3	发行同业存单_6M	4737902293.27	0.0	5351727.2136	2026-08-16 10:11:27
6827	4a6ba152-325f-4776-bdb7-ea260d17594a	2026-08-16 00:00:00	2_3_4	发行同业存单_9M	19898451671.24	859467776.27	48880348.21	2026-08-16 10:11:27
6828	4a6ba152-325f-4776-bdb7-ea260d17594a	2026-08-16 00:00:00	2_3_5	发行同业存单_1Y	24314603588.93	1591501071.69	62195972.3953	2026-08-16 10:11:27
6829	4a6ba152-325f-4776-bdb7-ea260d17594a	2026-08-16 00:00:00	2_4	发行债券	10214516252.14	191397765.02	35112500.3503	2026-08-16 10:11:27
6830	4a6ba152-325f-4776-bdb7-ea260d17594a	2026-08-16 00:00:00	2_4_1	发行债券_3Y	4214516322.3	191397800.07	12645833.2779	2026-08-16 10:11:27
6831	4a6ba152-325f-4776-bdb7-ea260d17594a	2026-08-16 00:00:00	2_4_2	发行债券_5Y	2000000033.29	16.64	6666666.6667	2026-08-16 10:11:27
6832	4a6ba152-325f-4776-bdb7-ea260d17594a	2026-08-16 00:00:00	2_4_3	发行债券_10Y	4000000066.59	33.27	15800000.0	2026-08-16 10:11:27
6833	4a6ba152-325f-4776-bdb7-ea260d17594a	2026-08-16 00:00:00	2_5	吸收存款	206064840581.44	74566603089.56	423035556.0841	2026-08-16 10:11:27
6834	4a6ba152-325f-4776-bdb7-ea260d17594a	2026-08-16 00:00:00	2_5_1	单位存款	145009240241.68	55460688827.66	280878475.7006	2026-08-16 10:11:27
6835	4a6ba152-325f-4776-bdb7-ea260d17594a	2026-08-16 00:00:00	2_5_1_1	单位活期存款	59652530636.94	41648275881.29	54707010.1815	2026-08-16 10:11:27
6836	4a6ba152-325f-4776-bdb7-ea260d17594a	2026-08-16 00:00:00	2_5_1_1_1	单位普通活期存款_1D	59652530694.85	41648275910.23	57569679.6666	2026-08-16 10:11:27
6837	4a6ba152-325f-4776-bdb7-ea260d17594a	2026-08-16 00:00:00	2_5_1_1_2	单位协议活期存款_1D	0.0	0.0	0.0	2026-08-16 10:11:27
6838	4a6ba152-325f-4776-bdb7-ea260d17594a	2026-08-16 00:00:00	2_5_1_2	单位协议存款	6064000000.0	22258064.52	24037358.5108	2026-08-16 10:11:27
6839	4a6ba152-325f-4776-bdb7-ea260d17594a	2026-08-16 00:00:00	2_5_1_2_1	单位协议存款_1Y	1064000001.03	22258065.04	3489298.624	2026-08-16 10:11:27
6840	4a6ba152-325f-4776-bdb7-ea260d17594a	2026-08-16 00:00:00	2_5_1_2_2	单位协议存款_3Y	0.0	0.0	3252.8902	2026-08-16 10:11:27
6841	4a6ba152-325f-4776-bdb7-ea260d17594a	2026-08-16 00:00:00	2_5_1_2_3	单位协议存款_5Y	5000000004.85	2.43	20544806.9933	2026-08-16 10:11:27
6842	4a6ba152-325f-4776-bdb7-ea260d17594a	2026-08-16 00:00:00	2_5_1_3	单位定期	24957048396.94	1777014300.14	63161725.0515	2026-08-16 10:11:27
6843	4a6ba152-325f-4776-bdb7-ea260d17594a	2026-08-16 00:00:00	2_5_1_3_1	单位定期_3M	854359881.51	85435291.96	1455789.9851	2026-08-16 10:11:27
6844	4a6ba152-325f-4776-bdb7-ea260d17594a	2026-08-16 00:00:00	2_5_1_3_2	单位定期_6M	705084605.78	0.34	1100363.6012	2026-08-16 10:11:27
6845	4a6ba152-325f-4776-bdb7-ea260d17594a	2026-08-16 00:00:00	2_5_1_3_3	单位定期_1Y	16339524310.7	1654940306.85	43174624.4998	2026-08-16 10:11:27
6846	4a6ba152-325f-4776-bdb7-ea260d17594a	2026-08-16 00:00:00	2_5_1_3_4	单位定期_2Y	3662473116.67	1.78	8013370.2474	2026-08-16 10:11:27
6847	4a6ba152-325f-4776-bdb7-ea260d17594a	2026-08-16 00:00:00	2_5_1_3_5	单位定期_3Y	1090121466.97	0.53	2949194.5885	2026-08-16 10:11:27
6848	4a6ba152-325f-4776-bdb7-ea260d17594a	2026-08-16 00:00:00	2_5_1_3_6	单位定期_5Y	2305485039.54	36638710.8	6357297.675	2026-08-16 10:11:27
6849	4a6ba152-325f-4776-bdb7-ea260d17594a	2026-08-16 00:00:00	2_5_1_4	单位通知存款	942557807.0	515740636.73	711264.4477	2026-08-16 10:11:27
6850	4a6ba152-325f-4776-bdb7-ea260d17594a	2026-08-16 00:00:00	2_5_1_4_1	单位通知存款_1D	292204301.57	14232224.77	13561.684	2026-08-16 10:11:27
6851	4a6ba152-325f-4776-bdb7-ea260d17594a	2026-08-16 00:00:00	2_5_1_4_2	单位通知存款_7D	650353506.34	501508412.42	699115.5484	2026-08-16 10:11:27
6852	4a6ba152-325f-4776-bdb7-ea260d17594a	2026-08-16 00:00:00	2_5_1_5	单位保本理财	0.0	0.0	0.0	2026-08-16 10:11:27
6853	4a6ba152-325f-4776-bdb7-ea260d17594a	2026-08-16 00:00:00	2_5_1_5_1	单位保本理财_1Y	0.0	0.0	0.0	2026-08-16 10:11:27
6854	4a6ba152-325f-4776-bdb7-ea260d17594a	2026-08-16 00:00:00	2_5_1_6	单位大额存单存款	296000000.0	9677419.35	791557.2484	2026-08-16 10:11:27
6855	4a6ba152-325f-4776-bdb7-ea260d17594a	2026-08-16 00:00:00	2_5_1_6_1	单位大额存单存款_1Y	114000000.11	0.06	154813.7782	2026-08-16 10:11:27
6856	4a6ba152-325f-4776-bdb7-ea260d17594a	2026-08-16 00:00:00	2_5_1_6_2	单位大额存单存款_2Y	30000000.03	9677419.36	78441.2075	2026-08-16 10:11:27
6857	4a6ba152-325f-4776-bdb7-ea260d17594a	2026-08-16 00:00:00	2_5_1_6_3	单位大额存单存款_3Y	152000000.15	0.07	558302.27	2026-08-16 10:11:27
6858	4a6ba152-325f-4776-bdb7-ea260d17594a	2026-08-16 00:00:00	2_5_1_7	单位保证金存款	53097103400.79	11487722525.63	147481980.521	2026-08-16 10:11:27
6859	4a6ba152-325f-4776-bdb7-ea260d17594a	2026-08-16 00:00:00	2_5_1_7_1	单位活期保证金存款_1D	8861988297.19	6999769409.93	22389110.2547	2026-08-16 10:11:27
6860	4a6ba152-325f-4776-bdb7-ea260d17594a	2026-08-16 00:00:00	2_5_1_7_2	单位定期保证金存款	44235115112.2	4487953120.0	125045839.946	2026-08-16 10:11:27
6861	4a6ba152-325f-4776-bdb7-ea260d17594a	2026-08-16 00:00:00	2_5_1_7_2_1	单位定期保证金存款_3M	2417426304.15	171473428.66	585432.544	2026-08-16 10:11:27
6862	4a6ba152-325f-4776-bdb7-ea260d17594a	2026-08-16 00:00:00	2_5_1_7_2_2	单位定期保证金存款_6M	1217410154.23	20281109.35	1172534.9616	2026-08-16 10:11:27
6863	4a6ba152-325f-4776-bdb7-ea260d17594a	2026-08-16 00:00:00	2_5_1_7_2_3	单位定期保证金存款_1Y	39416825024.08	4296198602.87	121978001.7617	2026-08-16 10:11:27
6864	4a6ba152-325f-4776-bdb7-ea260d17594a	2026-08-16 00:00:00	2_5_1_7_2_4	单位定期保证金存款_2Y	641658394.45	0.31	1563680.7455	2026-08-16 10:11:27
6865	4a6ba152-325f-4776-bdb7-ea260d17594a	2026-08-16 00:00:00	2_5_1_7_2_5	单位定期保证金存款_3Y	541795278.23	0.26	800237.1411	2026-08-16 10:11:27
6866	4a6ba152-325f-4776-bdb7-ea260d17594a	2026-08-16 00:00:00	2_5_2	个人存款	60550339597.77	19082336979.53	142412517.0119	2026-08-16 10:11:27
6867	4a6ba152-325f-4776-bdb7-ea260d17594a	2026-08-16 00:00:00	2_5_2_1	个人活期存款	23127159027.96	17726865224.38	18514727.0336	2026-08-16 10:11:27
6868	4a6ba152-325f-4776-bdb7-ea260d17594a	2026-08-16 00:00:00	2_5_2_1_1	个人普通活期存款_1D	23127159050.41	17726865235.6	18504034.0407	2026-08-16 10:11:27
6869	4a6ba152-325f-4776-bdb7-ea260d17594a	2026-08-16 00:00:00	2_5_2_1_2	个人协议活期存款_1D	0.0	0.0	0.0	2026-08-16 10:11:27
6870	4a6ba152-325f-4776-bdb7-ea260d17594a	2026-08-16 00:00:00	2_5_2_2	个人定期存款	30847499996.2	480928531.84	114558549.0504	2026-08-16 10:11:27
6871	4a6ba152-325f-4776-bdb7-ea260d17594a	2026-08-16 00:00:00	2_5_2_2_1	高兴存	3676000228.57	0.0	13985734.6421	2026-08-16 10:11:27
6872	4a6ba152-325f-4776-bdb7-ea260d17594a	2026-08-16 00:00:00	2_5_2_2_1_1	高兴存	2866463058.59	0.0	10473048.4751	2026-08-16 10:11:27
6873	4a6ba152-325f-4776-bdb7-ea260d17594a	2026-08-16 00:00:00	2_5_2_2_1_1_1	高兴存_3Y	355333852.23	0.17	1236299.3004	2026-08-16 10:11:27
6874	4a6ba152-325f-4776-bdb7-ea260d17594a	2026-08-16 00:00:00	2_5_2_2_1_1_2	高兴存_5Y	2511129209.14	1.22	9236749.0361	2026-08-16 10:11:27
6875	4a6ba152-325f-4776-bdb7-ea260d17594a	2026-08-16 00:00:00	2_5_2_2_1_2	高兴存（节庆专属）_3Y	809537170.77	0.39	3164480.6006	2026-08-16 10:11:27
6876	4a6ba152-325f-4776-bdb7-ea260d17594a	2026-08-16 00:00:00	2_5_2_2_1_3	高兴存（村镇银行专属）	0.0	0.0	348205.5168	2026-08-16 10:11:27
6877	4a6ba152-325f-4776-bdb7-ea260d17594a	2026-08-16 00:00:00	2_5_2_2_1_3_1	高兴存（村镇银行专属）_3Y	0.0	0.0	20350.7371	2026-08-16 10:11:27
6878	4a6ba152-325f-4776-bdb7-ea260d17594a	2026-08-16 00:00:00	2_5_2_2_1_3_2	高兴存（村镇银行专属）_5Y	0.0	0.0	327854.7846	2026-08-16 10:11:27
6879	4a6ba152-325f-4776-bdb7-ea260d17594a	2026-08-16 00:00:00	2_5_2_2_2	富桂存	19258406162.06	1500000.0	81616696.3863	2026-08-16 10:11:27
6880	4a6ba152-325f-4776-bdb7-ea260d17594a	2026-08-16 00:00:00	2_5_2_2_2_1	富桂存_月得利	6910533237.94	1500000.0	29634456.0471	2026-08-16 10:11:27
6881	4a6ba152-325f-4776-bdb7-ea260d17594a	2026-08-16 00:00:00	2_5_2_2_2_1_1	富桂存_月得利_3Y	0.0	0.0	0.0	2026-08-16 10:11:27
6882	4a6ba152-325f-4776-bdb7-ea260d17594a	2026-08-16 00:00:00	2_5_2_2_2_1_2	富桂存_月得利_5Y	6910533244.65	1500003.35	28858286.6705	2026-08-16 10:11:27
6883	4a6ba152-325f-4776-bdb7-ea260d17594a	2026-08-16 00:00:00	2_5_2_2_2_2	富桂存_月得利（二期）	2599032587.86	0.0	11316135.1385	2026-08-16 10:11:27
6884	4a6ba152-325f-4776-bdb7-ea260d17594a	2026-08-16 00:00:00	2_5_2_2_2_2_1	富桂存_月得利（二期）_3Y	62695000.06	0.03	209811.4468	2026-08-16 10:11:27
6885	4a6ba152-325f-4776-bdb7-ea260d17594a	2026-08-16 00:00:00	2_5_2_2_2_2_2	富桂存_月得利（二期）_5Y	2536337590.32	1.23	11106323.672	2026-08-16 10:11:27
6886	4a6ba152-325f-4776-bdb7-ea260d17594a	2026-08-16 00:00:00	2_5_2_2_2_3	富桂存_月得利(尊享版)_5Y	3998211032.24	1.94	15269748.4624	2026-08-16 10:11:27
6887	4a6ba152-325f-4776-bdb7-ea260d17594a	2026-08-16 00:00:00	2_5_2_2_2_4	富桂存_月得利（E版三年）_3Y	2000.0	0.0	6.8336	2026-08-16 10:11:27
6888	4a6ba152-325f-4776-bdb7-ea260d17594a	2026-08-16 00:00:00	2_5_2_2_2_5	富桂存_月得利（县域专属）	143420934.31	0.0	878925.5988	2026-08-16 10:11:27
6889	4a6ba152-325f-4776-bdb7-ea260d17594a	2026-08-16 00:00:00	2_5_2_2_2_5_1	富桂存_月得利（县域专属）_3Y	3171000.0	0.0	46638.1586	2026-08-16 10:11:27
6890	4a6ba152-325f-4776-bdb7-ea260d17594a	2026-08-16 00:00:00	2_5_2_2_2_5_2	富桂存_月得利（县域专属）_5Y	140249934.45	0.07	832287.4458	2026-08-16 10:11:27
6891	4a6ba152-325f-4776-bdb7-ea260d17594a	2026-08-16 00:00:00	2_5_2_2_2_6	富桂存_月得利（E版五年）_5Y	2825212.0	0.0	10166.5175	2026-08-16 10:11:27
6892	4a6ba152-325f-4776-bdb7-ea260d17594a	2026-08-16 00:00:00	2_5_2_2_2_7	行庆专属存款_5Y	4802214458.28	2.33	21097523.6272	2026-08-16 10:11:27
6893	4a6ba152-325f-4776-bdb7-ea260d17594a	2026-08-16 00:00:00	2_5_2_2_2_8	区庆专属存款	802166707.97	0.0	3409725.3505	2026-08-16 10:11:27
6894	4a6ba152-325f-4776-bdb7-ea260d17594a	2026-08-16 00:00:00	2_5_2_2_2_8_1	区庆专属存款_3Y	0.0	0.0	0.0	2026-08-16 10:11:27
6895	4a6ba152-325f-4776-bdb7-ea260d17594a	2026-08-16 00:00:00	2_5_2_2_2_8_2	区庆专属存款_5Y	802166708.75	0.39	3338146.4875	2026-08-16 10:11:27
6896	4a6ba152-325f-4776-bdb7-ea260d17594a	2026-08-16 00:00:00	2_5_2_2_3	其他个人定期存款	7913093605.57	479428531.84	19273842.2991	2026-08-16 10:11:27
6897	4a6ba152-325f-4776-bdb7-ea260d17594a	2026-08-16 00:00:00	2_5_2_2_3_1	其他个人定期存款_3M	227352126.13	73404938.81	655266.7354	2026-08-16 10:11:27
6898	4a6ba152-325f-4776-bdb7-ea260d17594a	2026-08-16 00:00:00	2_5_2_2_3_2	其他个人定期存款_6M	136123164.61	0.07	118533.1728	2026-08-16 10:11:27
6899	4a6ba152-325f-4776-bdb7-ea260d17594a	2026-08-16 00:00:00	2_5_2_2_3_3	其他个人定期存款_1Y	4237208692.17	315434019.71	10466298.7363	2026-08-16 10:11:27
6900	4a6ba152-325f-4776-bdb7-ea260d17594a	2026-08-16 00:00:00	2_5_2_2_3_4	其他个人定期存款_2Y	428198388.88	0.21	1396286.0867	2026-08-16 10:11:27
6901	4a6ba152-325f-4776-bdb7-ea260d17594a	2026-08-16 00:00:00	2_5_2_2_3_5	其他个人定期存款_3Y	471556449.79	24480788.14	1573550.508	2026-08-16 10:11:27
6902	4a6ba152-325f-4776-bdb7-ea260d17594a	2026-08-16 00:00:00	2_5_2_2_3_6	其他个人定期存款_5Y	2412654791.67	66108788.76	5059126.6685	2026-08-16 10:11:27
6903	4a6ba152-325f-4776-bdb7-ea260d17594a	2026-08-16 00:00:00	2_5_2_3	个人通知存款	1595894322.43	809771542.53	1358738.7992	2026-08-16 10:11:27
6904	4a6ba152-325f-4776-bdb7-ea260d17594a	2026-08-16 00:00:00	2_5_2_3_1	个人通知存款_1D	116396477.2	11605352.9	8937.5343	2026-08-16 10:11:27
6905	4a6ba152-325f-4776-bdb7-ea260d17594a	2026-08-16 00:00:00	2_5_2_3_2	个人通知存款_7D	1479497846.78	798166190.41	1358260.4079	2026-08-16 10:11:27
6906	4a6ba152-325f-4776-bdb7-ea260d17594a	2026-08-16 00:00:00	2_5_2_4	个人保本理财	0.0	0.0	0.0	2026-08-16 10:11:27
6907	4a6ba152-325f-4776-bdb7-ea260d17594a	2026-08-16 00:00:00	2_5_2_4_1	个人保本理财_1Y	0.0	0.0	0.0	2026-08-16 10:11:27
6908	4a6ba152-325f-4776-bdb7-ea260d17594a	2026-08-16 00:00:00	2_5_2_5	个人大额存单存款	4276445254.14	56964569.66	13723420.5469	2026-08-16 10:11:27
6909	4a6ba152-325f-4776-bdb7-ea260d17594a	2026-08-16 00:00:00	2_5_2_5_1	个人大额存单存款_3M	53222000.05	10310161.32	171217.2245	2026-08-16 10:11:27
6910	4a6ba152-325f-4776-bdb7-ea260d17594a	2026-08-16 00:00:00	2_5_2_5_2	个人大额存单存款_6M	6953026.2	0.0	5624.0966	2026-08-16 10:11:27
6911	4a6ba152-325f-4776-bdb7-ea260d17594a	2026-08-16 00:00:00	2_5_2_5_3	个人大额存单存款_1Y	382716522.77	45009247.27	903268.2535	2026-08-16 10:11:27
6912	4a6ba152-325f-4776-bdb7-ea260d17594a	2026-08-16 00:00:00	2_5_2_5_4	个人大额存单存款_3Y	1830205707.33	1645162.18	6042286.7272	2026-08-16 10:11:27
6913	4a6ba152-325f-4776-bdb7-ea260d17594a	2026-08-16 00:00:00	2_5_2_5_5	个人大额存单存款_5Y	2003348001.94	0.97	6615527.1091	2026-08-16 10:11:27
6914	4a6ba152-325f-4776-bdb7-ea260d17594a	2026-08-16 00:00:00	2_5_2_6	个人协议存款	703338369.0	7805161.29	2520344.3319	2026-08-16 10:11:27
6915	4a6ba152-325f-4776-bdb7-ea260d17594a	2026-08-16 00:00:00	2_5_2_6_1	个人协议存款_1Y	339438369.33	7805161.45	1078523.0909	2026-08-16 10:11:27
6916	4a6ba152-325f-4776-bdb7-ea260d17594a	2026-08-16 00:00:00	2_5_2_6_2	个人协议存款_5Y	363900000.35	0.18	1455033.3561	2026-08-16 10:11:27
6917	4a6ba152-325f-4776-bdb7-ea260d17594a	2026-08-16 00:00:00	2_5_2_7	个人定活两便	2628.03	1949.83	0.3653	2026-08-16 10:11:27
6918	4a6ba152-325f-4776-bdb7-ea260d17594a	2026-08-16 00:00:00	2_5_2_7_1	个人定活两便_1D	2628.03	1949.83	0.3653	2026-08-16 10:11:27
6919	4a6ba152-325f-4776-bdb7-ea260d17594a	2026-08-16 00:00:00	2_5_3	国库定期存款	0.0	0.0	0.0	2026-08-16 10:11:27
6920	4a6ba152-325f-4776-bdb7-ea260d17594a	2026-08-16 00:00:00	2_5_3_1	国库定期存款_1Y	0.0	0.0	0.0	2026-08-16 10:11:27
6921	4a6ba152-325f-4776-bdb7-ea260d17594a	2026-08-16 00:00:00	2_5_4	财政性存款	5260529.99	23532908.76	0.0	2026-08-16 10:11:27
6922	4a6ba152-325f-4776-bdb7-ea260d17594a	2026-08-16 00:00:00	2_5_4_1	财政性存款_1Y	5260530.0	23532908.76	0.0	2026-08-16 10:11:27
6923	4a6ba152-325f-4776-bdb7-ea260d17594a	2026-08-16 00:00:00	2_5_5	其他存款	500000212.01	44373.61	0.0	2026-08-16 10:11:27
6924	4a6ba152-325f-4776-bdb7-ea260d17594a	2026-08-16 00:00:00	2_5_5_1	应解汇款机临时存款_1D	212.01	44373.61	0.0	2026-08-16 10:11:27
6925	4a6ba152-325f-4776-bdb7-ea260d17594a	2026-08-16 00:00:00	2_5_5_2	开出银行汇票_1D	0.0	0.0	0.0	2026-08-16 10:11:27
6926	4a6ba152-325f-4776-bdb7-ea260d17594a	2026-08-16 00:00:00	2_5_5_3	开出银行本票_1D	0.0	0.0	0.0	2026-08-16 10:11:27
6927	4a6ba152-325f-4776-bdb7-ea260d17594a	2026-08-16 00:00:00	2_5_5_4	转股协议存款_1D	500000000.49	0.24	0.0	2026-08-16 10:11:27
6928	4a6ba152-325f-4776-bdb7-ea260d17594a	2026-08-16 00:00:00	2_6	其他负债	12442989328.77	12461805484.29	0.0	2026-08-16 10:11:27
6929	4a6ba152-325f-4776-bdb7-ea260d17594a	2026-08-16 00:00:00	2_6_1	代理类负债_1Y	3015144150.4	2860744293.49	0.0	2026-08-16 10:11:27
6930	4a6ba152-325f-4776-bdb7-ea260d17594a	2026-08-16 00:00:00	2_6_2	转贴现负债_3M	0.0	0.0	0.0	2026-08-16 10:11:27
6931	4a6ba152-325f-4776-bdb7-ea260d17594a	2026-08-16 00:00:00	2_6_3	其他负债_30Y	9427845186.41	9601061194.76	0.0	2026-08-16 10:11:27
6932	4a6ba152-325f-4776-bdb7-ea260d17594a	2026-08-16 00:00:00	3_1	所有者权益	24140467204.32	0.0	0.0	2026-08-16 10:11:27
6933	4a6ba152-325f-4776-bdb7-ea260d17594a	2026-08-16 00:00:00	3_1_1	所有者权益_10Y	21680118122.12	12.0	0.0	2026-08-16 10:11:27
7708	saver-smoke-test	2026-08-15 00:00:00	ROOT	资产负债账户册	0.0	0.0	0.0	2026-08-16 10:13:50
7709	saver-smoke-test	2026-08-15 00:00:00	1_1	现金及存放央行	17950159801.66	10915535758.27	14643383.2725	2026-08-16 10:13:50
7710	saver-smoke-test	2026-08-15 00:00:00	1_1_1	现金_1D	352301313.61	315817522.25	0.0	2026-08-16 10:13:50
7711	saver-smoke-test	2026-08-15 00:00:00	1_1_2	存放央行法定准备金_30Y	12993396478.69	9867795685.68	-29043911.0066	2026-08-16 10:13:50
7712	saver-smoke-test	2026-08-15 00:00:00	1_1_3	存放央行超额准备金_1D	4590822029.39	722989947.4	49601960.1174	2026-08-16 10:13:50
7713	saver-smoke-test	2026-08-15 00:00:00	1_1_4	存放央行其他款项_30Y	13640000.02	8932612.91	0.0	2026-08-16 10:13:50
7714	saver-smoke-test	2026-08-15 00:00:00	1_2	同业资产	25399096836.7	9741609449.5	44563467.373	2026-08-16 10:13:50
7715	saver-smoke-test	2026-08-15 00:00:00	1_2_1	存放同业款项	12267470836.7	7933941377.03	20915999.1117	2026-08-16 10:13:50
7716	saver-smoke-test	2026-08-15 00:00:00	1_2_1_1	存放同业款项_金融市场部	0.0	0.0	0.0	2026-08-16 10:13:50
7717	saver-smoke-test	2026-08-15 00:00:00	1_2_1_1_1	存放同业活期款项_金融市场部_1D	0.0	0.0	0.0	2026-08-16 10:13:50
7718	saver-smoke-test	2026-08-15 00:00:00	1_2_1_1_2	存放同业定期款项_金融市场部_1M	0.0	0.0	0.0	2026-08-16 10:13:50
7719	saver-smoke-test	2026-08-15 00:00:00	1_2_1_1_3	存放同业定期款项_金融市场部_3M	0.0	0.0	0.0	2026-08-16 10:13:50
7720	saver-smoke-test	2026-08-15 00:00:00	1_2_1_1_4	存放同业定期款项_金融市场部_6M	0.0	0.0	0.0	2026-08-16 10:13:50
7721	saver-smoke-test	2026-08-15 00:00:00	1_2_1_1_5	存放同业定期款项_金融市场部_1Y	0.0	0.0	0.0	2026-08-16 10:13:50
7722	saver-smoke-test	2026-08-15 00:00:00	1_2_1_2	存放同业款项_公司金融部	12267470836.7	7933941377.03	20915999.1117	2026-08-16 10:13:50
7723	saver-smoke-test	2026-08-15 00:00:00	1_2_1_2_1	存放同业活期款项_公司金融部_1D	8467470836.7	7933941377.03	9910125.3354	2026-08-16 10:13:50
7724	saver-smoke-test	2026-08-15 00:00:00	1_2_1_2_2	存放同业定期款项_公司金融部_1M	0.0	0.0	0.0	2026-08-16 10:13:50
7725	saver-smoke-test	2026-08-15 00:00:00	1_2_1_2_3	存放同业定期款项_公司金融部_3M	2000000000.0	0.0	779427.0833	2026-08-16 10:13:50
7726	saver-smoke-test	2026-08-15 00:00:00	1_2_1_2_4	存放同业定期款项_公司金融部_6M	0.0	0.0	0.0	2026-08-16 10:13:50
7727	saver-smoke-test	2026-08-15 00:00:00	1_2_1_2_5	存放同业定期款项_公司金融部_1Y	1800000000.0	0.0	8118741.12	2026-08-16 10:13:50
7728	saver-smoke-test	2026-08-15 00:00:00	1_2_2	拆放同业款项	4138716000.0	461408967.74	20460371.0276	2026-08-16 10:13:50
7729	saver-smoke-test	2026-08-15 00:00:00	1_2_2_1	拆放同业款项_1D	0.0	0.0	0.0	2026-08-16 10:13:50
7730	saver-smoke-test	2026-08-15 00:00:00	1_2_2_2	拆放同业款项_1M	129358000.0	70938258.06	55740.7215	2026-08-16 10:13:50
7731	saver-smoke-test	2026-08-15 00:00:00	1_2_2_3	拆放同业款项_3M	229358000.0	196922322.58	467350.1824	2026-08-16 10:13:50
7732	saver-smoke-test	2026-08-15 00:00:00	1_2_2_4	拆放同业款项_6M	250000000.0	0.0	1161747.6875	2026-08-16 10:13:50
7733	saver-smoke-test	2026-08-15 00:00:00	1_2_2_5	拆放同业款项_1Y	3530000000.0	193548387.1	18775532.5575	2026-08-16 10:13:50
7734	saver-smoke-test	2026-08-15 00:00:00	1_2_3	买入返售	8992910000.0	1346259104.73	4071344.2718	2026-08-16 10:13:50
7735	saver-smoke-test	2026-08-15 00:00:00	1_2_3_1	买入返售债券	6992910000.0	433355878.92	1056694.5936	2026-08-16 10:13:50
7736	saver-smoke-test	2026-08-15 00:00:00	1_2_3_1_1	买入返售债券_买断式_1D	0.0	14620072.47	21059.1429	2026-08-16 10:13:50
7737	saver-smoke-test	2026-08-15 00:00:00	1_2_3_1_2	买入返售债券_买断式_7D	6992910000.0	418735806.45	1074960.9964	2026-08-16 10:13:50
7738	saver-smoke-test	2026-08-15 00:00:00	1_2_3_1_3	买入返售债券_质押式_1D	0.0	0.0	0.0	2026-08-16 10:13:50
7739	saver-smoke-test	2026-08-15 00:00:00	1_2_3_1_4	买入返售债券_质押式_7D	0.0	0.0	0.0	2026-08-16 10:13:50
7740	saver-smoke-test	2026-08-15 00:00:00	1_2_3_2	买入返售票据	2000000000.0	912903225.81	2956129.0908	2026-08-16 10:13:50
7741	saver-smoke-test	2026-08-15 00:00:00	1_2_3_2_1	买入返售票据_买断式_1D	0.0	0.0	0.0	2026-08-16 10:13:50
7742	saver-smoke-test	2026-08-15 00:00:00	1_2_3_2_2	买入返售票据_买断式_7D	2000000000.0	912903225.81	2956129.0908	2026-08-16 10:13:50
7743	saver-smoke-test	2026-08-15 00:00:00	1_2_3_2_3	买入返售票据_质押式_1D	0.0	0.0	0.0	2026-08-16 10:13:50
7744	saver-smoke-test	2026-08-15 00:00:00	1_2_3_2_4	买入返售票据_质押式_7D	0.0	0.0	0.0	2026-08-16 10:13:50
7745	saver-smoke-test	2026-08-15 00:00:00	1_3	各项投资	110159732825.43	25640168009.1	453181145.9075	2026-08-16 10:13:50
7746	saver-smoke-test	2026-08-15 00:00:00	1_3_1	金融市场部投资	53901916889.84	19600422907.1	183740100.3979	2026-08-16 10:13:50
7747	saver-smoke-test	2026-08-15 00:00:00	1_3_1_1	金融市场部_交易性金融资产	18348493643.13	19231016157.81	51430488.308	2026-08-16 10:13:50
7748	saver-smoke-test	2026-08-15 00:00:00	1_3_1_1_1	金融市场部_交易性国债投资	0.0	477203.72	1001.5498	2026-08-16 10:13:50
7749	saver-smoke-test	2026-08-15 00:00:00	1_3_1_1_1_1	金融市场部_交易性国债投资_司库	0.0	0.0	0.0	2026-08-16 10:13:50
7750	saver-smoke-test	2026-08-15 00:00:00	1_3_1_1_1_1_1	金融市场部_交易性国债投资_司库_1Y	0.0	0.0	0.0	2026-08-16 10:13:50
7751	saver-smoke-test	2026-08-15 00:00:00	1_3_1_1_1_1_2	金融市场部_交易性国债投资_司库_3Y	0.0	0.0	0.0	2026-08-16 10:13:50
7752	saver-smoke-test	2026-08-15 00:00:00	1_3_1_1_1_1_3	金融市场部_交易性国债投资_司库_5Y	0.0	0.0	0.0	2026-08-16 10:13:50
7753	saver-smoke-test	2026-08-15 00:00:00	1_3_1_1_1_1_4	金融市场部_交易性国债投资_司库_10Y	0.0	0.0	0.0	2026-08-16 10:13:50
7754	saver-smoke-test	2026-08-15 00:00:00	1_3_1_1_1_2	金融市场部_交易性国债投资_非司库	0.0	477203.72	1001.5498	2026-08-16 10:13:50
7755	saver-smoke-test	2026-08-15 00:00:00	1_3_1_1_1_2_1	金融市场部_交易性国债投资_非司库_交易账户	0.0	477203.72	1001.5498	2026-08-16 10:13:50
7756	saver-smoke-test	2026-08-15 00:00:00	1_3_1_1_1_2_1_1	金融市场部_交易性国债投资_非司库_交易账户_1Y	0.0	0.0	0.0	2026-08-16 10:13:50
7757	saver-smoke-test	2026-08-15 00:00:00	1_3_1_1_1_2_1_2	金融市场部_交易性国债投资_非司库_交易账户_3Y	0.0	0.0	0.0	2026-08-16 10:13:50
7758	saver-smoke-test	2026-08-15 00:00:00	1_3_1_1_1_2_1_3	金融市场部_交易性国债投资_非司库_交易账户_5Y	0.0	477203.72	1001.5296	2026-08-16 10:13:50
7759	saver-smoke-test	2026-08-15 00:00:00	1_3_1_1_1_2_1_4	金融市场部_交易性国债投资_非司库_交易账户_10Y	0.0	0.0	0.0	2026-08-16 10:13:50
7760	saver-smoke-test	2026-08-15 00:00:00	1_3_1_1_1_2_2	金融市场部_交易性国债投资_非司库_银行账户	0.0	0.0	0.0	2026-08-16 10:13:50
7761	saver-smoke-test	2026-08-15 00:00:00	1_3_1_1_1_2_2_1	金融市场部_交易性国债投资_非司库_银行账户_1Y	0.0	0.0	0.0	2026-08-16 10:13:50
7762	saver-smoke-test	2026-08-15 00:00:00	1_3_1_1_1_2_2_2	金融市场部_交易性国债投资_非司库_银行账户_3Y	0.0	0.0	0.0	2026-08-16 10:13:50
7763	saver-smoke-test	2026-08-15 00:00:00	1_3_1_1_1_2_2_3	金融市场部_交易性国债投资_非司库_银行账户_5Y	0.0	0.0	0.0	2026-08-16 10:13:50
7764	saver-smoke-test	2026-08-15 00:00:00	1_3_1_1_1_2_2_4	金融市场部_交易性国债投资_非司库_银行账户_10Y	0.0	0.0	0.0	2026-08-16 10:13:50
7765	saver-smoke-test	2026-08-15 00:00:00	1_3_1_1_2	金融市场部_交易性央票投资	0.0	0.0	0.0	2026-08-16 10:13:50
7766	saver-smoke-test	2026-08-15 00:00:00	1_3_1_1_2_1	金融市场部_交易性央票投资_司库	0.0	0.0	0.0	2026-08-16 10:13:50
7767	saver-smoke-test	2026-08-15 00:00:00	1_3_1_1_2_1_1	金融市场部_交易性央票投资_司库_1Y	0.0	0.0	0.0	2026-08-16 10:13:50
7768	saver-smoke-test	2026-08-15 00:00:00	1_3_1_1_2_1_2	金融市场部_交易性央票投资_司库_3Y	0.0	0.0	0.0	2026-08-16 10:13:50
7769	saver-smoke-test	2026-08-15 00:00:00	1_3_1_1_2_1_3	金融市场部_交易性央票投资_司库_5Y	0.0	0.0	0.0	2026-08-16 10:13:50
7770	saver-smoke-test	2026-08-15 00:00:00	1_3_1_1_2_1_4	金融市场部_交易性央票投资_司库_10Y	0.0	0.0	0.0	2026-08-16 10:13:50
7771	saver-smoke-test	2026-08-15 00:00:00	1_3_1_1_2_2	金融市场部_交易性央票投资_非司库	0.0	0.0	0.0	2026-08-16 10:13:50
7772	saver-smoke-test	2026-08-15 00:00:00	1_3_1_1_2_2_1	金融市场部_交易性央票投资_非司库_交易账户	0.0	0.0	0.0	2026-08-16 10:13:50
7773	saver-smoke-test	2026-08-15 00:00:00	1_3_1_1_2_2_1_1	金融市场部_交易性央票投资_非司库_交易账户_1Y	0.0	0.0	0.0	2026-08-16 10:13:50
7774	saver-smoke-test	2026-08-15 00:00:00	1_3_1_1_2_2_1_2	金融市场部_交易性央票投资_非司库_交易账户_3Y	0.0	0.0	0.0	2026-08-16 10:13:50
7775	saver-smoke-test	2026-08-15 00:00:00	1_3_1_1_2_2_1_3	金融市场部_交易性央票投资_非司库_交易账户_5Y	0.0	0.0	0.0	2026-08-16 10:13:50
7776	saver-smoke-test	2026-08-15 00:00:00	1_3_1_1_2_2_1_4	金融市场部_交易性央票投资_非司库_交易账户_10Y	0.0	0.0	0.0	2026-08-16 10:13:50
7777	saver-smoke-test	2026-08-15 00:00:00	1_3_1_1_2_2_2	金融市场部_交易性央票投资_非司库_银行账户	0.0	0.0	0.0	2026-08-16 10:13:50
7778	saver-smoke-test	2026-08-15 00:00:00	1_3_1_1_2_2_2_1	金融市场部_交易性央票投资_非司库_银行账户_1Y	0.0	0.0	0.0	2026-08-16 10:13:50
7779	saver-smoke-test	2026-08-15 00:00:00	1_3_1_1_2_2_2_2	金融市场部_交易性央票投资_非司库_银行账户_3Y	0.0	0.0	0.0	2026-08-16 10:13:50
7780	saver-smoke-test	2026-08-15 00:00:00	1_3_1_1_2_2_2_3	金融市场部_交易性央票投资_非司库_银行账户_5Y	0.0	0.0	0.0	2026-08-16 10:13:50
7781	saver-smoke-test	2026-08-15 00:00:00	1_3_1_1_2_2_2_4	金融市场部_交易性央票投资_非司库_银行账户_10Y	0.0	0.0	0.0	2026-08-16 10:13:50
7782	saver-smoke-test	2026-08-15 00:00:00	1_3_1_1_3	金融市场部_交易性地方政府债投资	500003891.3	484641654.98	1438179.3561	2026-08-16 10:13:50
7783	saver-smoke-test	2026-08-15 00:00:00	1_3_1_1_3_1	金融市场部_交易性地方政府债投资_司库	0.0	0.0	0.0	2026-08-16 10:13:50
7784	saver-smoke-test	2026-08-15 00:00:00	1_3_1_1_3_1_1	金融市场部_交易性地方政府债投资_司库_1Y	0.0	0.0	0.0	2026-08-16 10:13:50
7785	saver-smoke-test	2026-08-15 00:00:00	1_3_1_1_3_1_2	金融市场部_交易性地方政府债投资_司库_3Y	0.0	0.0	0.0	2026-08-16 10:13:50
7786	saver-smoke-test	2026-08-15 00:00:00	1_3_1_1_3_1_3	金融市场部_交易性地方政府债投资_司库_5Y	0.0	0.0	0.0	2026-08-16 10:13:50
7787	saver-smoke-test	2026-08-15 00:00:00	1_3_1_1_3_1_4	金融市场部_交易性地方政府债投资_司库_10Y	0.0	0.0	0.0	2026-08-16 10:13:50
7788	saver-smoke-test	2026-08-15 00:00:00	1_3_1_1_3_2	金融市场部_交易性地方政府债投资_非司库	500003891.3	484641654.98	1438179.3561	2026-08-16 10:13:50
7789	saver-smoke-test	2026-08-15 00:00:00	1_3_1_1_3_2_1	金融市场部_交易性地方政府债投资_非司库_交易账户	500003891.3	484641654.98	1438179.3561	2026-08-16 10:13:50
7790	saver-smoke-test	2026-08-15 00:00:00	1_3_1_1_3_2_1_1	金融市场部_交易性地方政府债投资_非司库_交易账户_1Y	0.0	0.0	0.0	2026-08-16 10:13:50
7791	saver-smoke-test	2026-08-15 00:00:00	1_3_1_1_3_2_1_2	金融市场部_交易性地方政府债投资_非司库_交易账户_3Y	0.0	0.0	0.0	2026-08-16 10:13:50
7792	saver-smoke-test	2026-08-15 00:00:00	1_3_1_1_3_2_1_3	金融市场部_交易性地方政府债投资_非司库_交易账户_5Y	0.0	0.0	0.0	2026-08-16 10:13:50
7793	saver-smoke-test	2026-08-15 00:00:00	1_3_1_1_3_2_1_4	金融市场部_交易性地方政府债投资_非司库_交易账户_10Y	500003892.3	484641655.48	1438179.3561	2026-08-16 10:13:50
7794	saver-smoke-test	2026-08-15 00:00:00	1_3_1_1_3_2_2	金融市场部_交易性地方政府债投资_非司库_银行账户	0.0	0.0	0.0	2026-08-16 10:13:50
7795	saver-smoke-test	2026-08-15 00:00:00	1_3_1_1_3_2_2_1	金融市场部_交易性地方政府债投资_非司库_银行账户_1Y	0.0	0.0	0.0	2026-08-16 10:13:50
7796	saver-smoke-test	2026-08-15 00:00:00	1_3_1_1_3_2_2_2	金融市场部_交易性地方政府债投资_非司库_银行账户_3Y	0.0	0.0	0.0	2026-08-16 10:13:50
7797	saver-smoke-test	2026-08-15 00:00:00	1_3_1_1_3_2_2_3	金融市场部_交易性地方政府债投资_非司库_银行账户_5Y	0.0	0.0	0.0	2026-08-16 10:13:50
7798	saver-smoke-test	2026-08-15 00:00:00	1_3_1_1_3_2_2_4	金融市场部_交易性地方政府债投资_非司库_银行账户_10Y	0.0	0.0	0.0	2026-08-16 10:13:50
7799	saver-smoke-test	2026-08-15 00:00:00	1_3_1_1_4	金融市场部_交易性政策性金融债投资	307242895.89	331570085.76	843655.8353	2026-08-16 10:13:50
7800	saver-smoke-test	2026-08-15 00:00:00	1_3_1_1_4_1	金融市场部_交易性政策性金融债投资_司库	0.0	0.0	0.0	2026-08-16 10:13:50
7801	saver-smoke-test	2026-08-15 00:00:00	1_3_1_1_4_1_1	金融市场部_交易性政策性金融债投资_ 司库_1Y	0.0	0.0	0.0	2026-08-16 10:13:50
7802	saver-smoke-test	2026-08-15 00:00:00	1_3_1_1_4_1_2	金融市场部_交易性政策性金融债投资_ 司库_3Y	0.0	0.0	0.0	2026-08-16 10:13:50
7803	saver-smoke-test	2026-08-15 00:00:00	1_3_1_1_4_1_3	金融市场部_交易性政策性金融债投资_ 司库_5Y	0.0	0.0	0.0	2026-08-16 10:13:50
7804	saver-smoke-test	2026-08-15 00:00:00	1_3_1_1_4_1_4	金融市场部_交易性政策性金融债投资_ 司库_10Y	0.0	0.0	0.0	2026-08-16 10:13:50
7805	saver-smoke-test	2026-08-15 00:00:00	1_3_1_1_4_2	金融市场部_交易性政策性金融债投资_非司库	307242895.89	331570085.76	843655.8353	2026-08-16 10:13:50
7806	saver-smoke-test	2026-08-15 00:00:00	1_3_1_1_4_2_1	金融市场部_交易性政策性金融债投资_非司库_交易账户	307242895.89	331570085.76	843655.8353	2026-08-16 10:13:50
7807	saver-smoke-test	2026-08-15 00:00:00	1_3_1_1_4_2_1_1	金融市场部_交易性政策性金融债投资_非司库_交易账户_1Y	0.0	21276333.61	40744.1996	2026-08-16 10:13:50
7808	saver-smoke-test	2026-08-15 00:00:00	1_3_1_1_4_2_1_2	金融市场部_交易性政策性金融债投资_非司库_交易账户_3Y	307242896.5	310293752.45	811144.4466	2026-08-16 10:13:50
7809	saver-smoke-test	2026-08-15 00:00:00	1_3_1_1_4_2_1_3	金融市场部_交易性政策性金融债投资_非司库_交易账户_5Y	0.0	0.0	0.0	2026-08-16 10:13:50
7810	saver-smoke-test	2026-08-15 00:00:00	1_3_1_1_4_2_1_4	金融市场部_交易性政策性金融债投资_非司库_交易账户_10Y	0.0	0.0	0.0	2026-08-16 10:13:50
7811	saver-smoke-test	2026-08-15 00:00:00	1_3_1_1_4_2_2	金融市场部_交易性政策性金融债投资_非司库_银行账户	0.0	0.0	0.0	2026-08-16 10:13:50
7812	saver-smoke-test	2026-08-15 00:00:00	1_3_1_1_4_2_2_1	金融市场部_交易性政策性金融债投资_非司库_银行账户_1Y	0.0	0.0	0.0	2026-08-16 10:13:50
7813	saver-smoke-test	2026-08-15 00:00:00	1_3_1_1_4_2_2_2	金融市场部_交易性政策性金融债投资_非司库_银行账户_3Y	0.0	0.0	0.0	2026-08-16 10:13:50
7814	saver-smoke-test	2026-08-15 00:00:00	1_3_1_1_4_2_2_3	金融市场部_交易性政策性金融债投资_非司库_银行账户_5Y	0.0	0.0	0.0	2026-08-16 10:13:50
7815	saver-smoke-test	2026-08-15 00:00:00	1_3_1_1_4_2_2_4	金融市场部_交易性政策性金融债投资_非司库_银行账户_10Y	0.0	0.0	0.0	2026-08-16 10:13:50
7816	saver-smoke-test	2026-08-15 00:00:00	1_3_1_1_5	金融市场部_交易性商业银行债投资	1564604917.13	215722891.52	5083472.2235	2026-08-16 10:13:50
7817	saver-smoke-test	2026-08-15 00:00:00	1_3_1_1_5_1	金融市场部_交易性商业银行债投资_司库	0.0	0.0	0.0	2026-08-16 10:13:50
7818	saver-smoke-test	2026-08-15 00:00:00	1_3_1_1_5_1_1	金融市场部_交易性商业银行债投资_司库_1Y	0.0	0.0	0.0	2026-08-16 10:13:50
7819	saver-smoke-test	2026-08-15 00:00:00	1_3_1_1_5_1_2	金融市场部_交易性商业银行债投资_司库_3Y	0.0	0.0	0.0	2026-08-16 10:13:50
7820	saver-smoke-test	2026-08-15 00:00:00	1_3_1_1_5_1_3	金融市场部_交易性商业银行债投资_司库_5Y	0.0	0.0	0.0	2026-08-16 10:13:50
7821	saver-smoke-test	2026-08-15 00:00:00	1_3_1_1_5_1_4	金融市场部_交易性商业银行债投资_司库_10Y	0.0	0.0	0.0	2026-08-16 10:13:50
7822	saver-smoke-test	2026-08-15 00:00:00	1_3_1_1_5_2	金融市场部_交易性商业银行债投资_非司库	1564604917.13	215722891.52	5083472.2235	2026-08-16 10:13:50
7823	saver-smoke-test	2026-08-15 00:00:00	1_3_1_1_5_2_1	金融市场部_交易性商业银行债投资_非司库_交易账户	398808939.73	215722891.52	661805.5626	2026-08-16 10:13:50
7824	saver-smoke-test	2026-08-15 00:00:00	1_3_1_1_5_2_1_1	金融市场部_交易性商业银行债投资_非司库_交易账户_1Y	0.0	0.0	0.0	2026-08-16 10:13:50
7825	saver-smoke-test	2026-08-15 00:00:00	1_3_1_1_5_2_1_2	金融市场部_交易性商业银行债投资_非司库_交易账户_3Y	0.0	0.0	0.0	2026-08-16 10:13:50
7826	saver-smoke-test	2026-08-15 00:00:00	1_3_1_1_5_2_1_3	金融市场部_交易性商业银行债投资_非司库_交易账户_5Y	299264240.33	202867191.82	621250.0086	2026-08-16 10:13:50
7827	saver-smoke-test	2026-08-15 00:00:00	1_3_1_1_5_2_1_4	金融市场部_交易性商业银行债投资_非司库_交易账户_10Y	99544700.2	12855700.1	40555.556	2026-08-16 10:13:50
7828	saver-smoke-test	2026-08-15 00:00:00	1_3_1_1_5_2_2	金融市场部_交易性商业银行债投资_非司库_银行账户	1165795977.4	0.0	4421666.631	2026-08-16 10:13:50
7829	saver-smoke-test	2026-08-15 00:00:00	1_3_1_1_5_2_2_1	金融市场部_交易性商业银行债投资_非司库_银行账户_1Y	0.0	0.0	0.0	2026-08-16 10:13:50
7830	saver-smoke-test	2026-08-15 00:00:00	1_3_1_1_5_2_2_2	金融市场部_交易性商业银行债投资_非司库_银行账户_3Y	0.0	0.0	0.0	2026-08-16 10:13:50
7831	saver-smoke-test	2026-08-15 00:00:00	1_3_1_1_5_2_2_3	金融市场部_交易性商业银行债投资_非司库_银行账户_5Y	0.0	0.0	0.0	2026-08-16 10:13:50
7832	saver-smoke-test	2026-08-15 00:00:00	1_3_1_1_5_2_2_4	金融市场部_交易性商业银行债投资_非司库_银行账户_10Y	1165795979.73	1.16	4421666.631	2026-08-16 10:13:50
7833	saver-smoke-test	2026-08-15 00:00:00	1_3_1_1_6	金融市场部_交易性金融机构债投资	0.0	0.0	0.0	2026-08-16 10:13:50
7834	saver-smoke-test	2026-08-15 00:00:00	1_3_1_1_6_1	金融市场部_交易性金融机构债投资_非司库	0.0	0.0	0.0	2026-08-16 10:13:50
7835	saver-smoke-test	2026-08-15 00:00:00	1_3_1_1_6_1_1	金融市场部_交易性金融机构债投资_非司库_交易账户	0.0	0.0	0.0	2026-08-16 10:13:50
7836	saver-smoke-test	2026-08-15 00:00:00	1_3_1_1_6_1_1_1	金融市场部_交易性金融机构债投资_非司库_交易账户_1Y	0.0	0.0	0.0	2026-08-16 10:13:50
7837	saver-smoke-test	2026-08-15 00:00:00	1_3_1_1_6_1_1_2	金融市场部_交易性金融机构债投资_非司库_交易账户_3Y	0.0	0.0	0.0	2026-08-16 10:13:50
7838	saver-smoke-test	2026-08-15 00:00:00	1_3_1_1_6_1_1_3	金融市场部_交易性金融机构债投资_非司库_交易账户_5Y	0.0	0.0	0.0	2026-08-16 10:13:50
7839	saver-smoke-test	2026-08-15 00:00:00	1_3_1_1_6_1_1_4	金融市场部_交易性金融机构债投资_非司库_交易账户_10Y	0.0	0.0	0.0	2026-08-16 10:13:50
7840	saver-smoke-test	2026-08-15 00:00:00	1_3_1_1_6_1_2	金融市场部_交易性金融机构债投资_非司库_银行账户	0.0	0.0	0.0	2026-08-16 10:13:50
7841	saver-smoke-test	2026-08-15 00:00:00	1_3_1_1_6_1_2_1	金融市场部_交易性金融机构债投资_非司库_银行账户_1Y	0.0	0.0	0.0	2026-08-16 10:13:50
7842	saver-smoke-test	2026-08-15 00:00:00	1_3_1_1_6_1_2_2	金融市场部_交易性金融机构债投资_非司库_银行账户_3Y	0.0	0.0	0.0	2026-08-16 10:13:50
7843	saver-smoke-test	2026-08-15 00:00:00	1_3_1_1_6_1_2_3	金融市场部_交易性金融机构债投资_非司库_银行账户_5Y	0.0	0.0	0.0	2026-08-16 10:13:50
7844	saver-smoke-test	2026-08-15 00:00:00	1_3_1_1_6_1_2_4	金融市场部_交易性金融机构债投资_非司库_银行账户_10Y	0.0	0.0	0.0	2026-08-16 10:13:50
7845	saver-smoke-test	2026-08-15 00:00:00	1_3_1_1_7	金融市场部_交易性公司债投资	574520754.66	444454079.18	2743780.612	2026-08-16 10:13:50
7846	saver-smoke-test	2026-08-15 00:00:00	1_3_1_1_7_1	金融市场部_交易性公司债投资_非司库	574520754.66	444454079.18	2743780.612	2026-08-16 10:13:50
7847	saver-smoke-test	2026-08-15 00:00:00	1_3_1_1_7_1_1	金融市场部_交易性公司债投资_非司库_交易账户	514383362.88	444454079.18	2604480.6233	2026-08-16 10:13:50
7848	saver-smoke-test	2026-08-15 00:00:00	1_3_1_1_7_1_1_1	金融市场部_交易性公司债投资_非司库_交易账户_1Y	253920938.73	181678089.92	988688.92	2026-08-16 10:13:50
7849	saver-smoke-test	2026-08-15 00:00:00	1_3_1_1_7_1_1_2	金融市场部_交易性公司债投资_非司库_交易账户_3Y	260462425.18	253419957.16	1582516.7052	2026-08-16 10:13:50
7850	saver-smoke-test	2026-08-15 00:00:00	1_3_1_1_7_1_1_3	金融市场部_交易性公司债投资_非司库_交易账户_5Y	0.0	2258366.42	9488.8847	2026-08-16 10:13:50
7851	saver-smoke-test	2026-08-15 00:00:00	1_3_1_1_7_1_1_4	金融市场部_交易性公司债投资_非司库_交易账户_10Y	0.0	7097666.2	23786.1272	2026-08-16 10:13:50
7852	saver-smoke-test	2026-08-15 00:00:00	1_3_1_1_7_1_2	金融市场部_交易性公司债投资_非司库_银行账户	60137391.78	0.0	139300.0006	2026-08-16 10:13:50
7853	saver-smoke-test	2026-08-15 00:00:00	1_3_1_1_7_1_2_1	金融市场部_交易性公司债投资_非司库_银行账户_1Y	60137391.9	0.06	139300.0006	2026-08-16 10:13:50
7854	saver-smoke-test	2026-08-15 00:00:00	1_3_1_1_7_1_2_2	金融市场部_交易性公司债投资_非司库_银行账户_3Y	0.0	0.0	0.0	2026-08-16 10:13:50
7855	saver-smoke-test	2026-08-15 00:00:00	1_3_1_1_7_1_2_3	金融市场部_交易性公司债投资_非司库_银行账户_5Y	0.0	0.0	0.0	2026-08-16 10:13:50
7856	saver-smoke-test	2026-08-15 00:00:00	1_3_1_1_7_1_2_4	金融市场部_交易性公司债投资_非司库_银行账户_10Y	0.0	0.0	0.0	2026-08-16 10:13:50
7857	saver-smoke-test	2026-08-15 00:00:00	1_3_1_1_8	金融市场部_交易性同业存单投资	498946083.33	16095034.95	40640.0427	2026-08-16 10:13:50
7858	saver-smoke-test	2026-08-15 00:00:00	1_3_1_1_8_1	金融市场部_交易性同业存单投资_非司库	498946083.33	16095034.95	40640.0427	2026-08-16 10:13:50
7859	saver-smoke-test	2026-08-15 00:00:00	1_3_1_1_8_1_1	金融市场部_交易性同业存单投资_非司库_交易账户	498946083.33	16095034.95	40640.0427	2026-08-16 10:13:50
7860	saver-smoke-test	2026-08-15 00:00:00	1_3_1_1_8_1_1_1	金融市场部_交易性同业存单投资_非司库_交易账户_1M	498946084.33	16095035.45	40640.0427	2026-08-16 10:13:50
7861	saver-smoke-test	2026-08-15 00:00:00	1_3_1_1_8_1_1_2	金融市场部_交易性同业存单投资_非司库_交易账户_3M	0.0	0.0	0.0	2026-08-16 10:13:50
7862	saver-smoke-test	2026-08-15 00:00:00	1_3_1_1_8_1_1_3	金融市场部_交易性同业存单投资_非司库_交易账户_6M	0.0	0.0	0.0	2026-08-16 10:13:50
7863	saver-smoke-test	2026-08-15 00:00:00	1_3_1_1_8_1_1_4	金融市场部_交易性同业存单投资_非司库_交易账户_1Y	0.0	0.0	0.0	2026-08-16 10:13:50
7864	saver-smoke-test	2026-08-15 00:00:00	1_3_1_1_8_1_2	金融市场部_交易性同业存单投资_非司库_银行账户	0.0	0.0	0.0	2026-08-16 10:13:50
7865	saver-smoke-test	2026-08-15 00:00:00	1_3_1_1_8_1_2_1	金融市场部_交易性同业存单投资_非司库_银行账户_1M	0.0	0.0	0.0	2026-08-16 10:13:50
7866	saver-smoke-test	2026-08-15 00:00:00	1_3_1_1_8_1_2_2	金融市场部_交易性同业存单投资_非司库_银行账户_3M	0.0	0.0	0.0	2026-08-16 10:13:50
7867	saver-smoke-test	2026-08-15 00:00:00	1_3_1_1_8_1_2_3	金融市场部_交易性同业存单投资_非司库_银行账户_6M	0.0	0.0	0.0	2026-08-16 10:13:50
7868	saver-smoke-test	2026-08-15 00:00:00	1_3_1_1_8_1_2_4	金融市场部_交易性同业存单投资_非司库_银行账户_1Y	0.0	0.0	0.0	2026-08-16 10:13:50
7869	saver-smoke-test	2026-08-15 00:00:00	1_3_1_1_9	金融市场部_交易性金融资产_其他	14903175100.82	17738055207.71	41279758.6246	2026-08-16 10:13:50
7870	saver-smoke-test	2026-08-15 00:00:00	1_3_1_1_9_1	金融市场部_交易性金融资产_其他_非司库	14903175100.82	17738055207.71	41279758.6246	2026-08-16 10:13:50
7871	saver-smoke-test	2026-08-15 00:00:00	1_3_1_1_9_1_1	金融市场部_交易性金融资产_其他_非司库_交易账户	14903175100.82	17738055207.71	41279758.6246	2026-08-16 10:13:50
7872	saver-smoke-test	2026-08-15 00:00:00	1_3_1_1_9_1_1_1	金融市场部_交易性金融资产_其他_非司库_交易账户_1Y	7571408219.92	10648326082.8	32427258.2764	2026-08-16 10:13:50
7873	saver-smoke-test	2026-08-15 00:00:00	1_3_1_1_9_1_1_2	金融市场部_交易性金融资产_其他_非司库_交易账户_3Y	5803873838.6	5613265625.79	8852499.6201	2026-08-16 10:13:50
7874	saver-smoke-test	2026-08-15 00:00:00	1_3_1_1_9_1_1_3	金融市场部_交易性金融资产_其他_非司库_交易账户_5Y	1527893072.06	1476463514.01	0.0	2026-08-16 10:13:50
7875	saver-smoke-test	2026-08-15 00:00:00	1_3_1_1_9_1_2	金融市场部_交易性金融资产_其他_非司库_银行账户	0.0	0.0	0.0	2026-08-16 10:13:50
7876	saver-smoke-test	2026-08-15 00:00:00	1_3_1_1_9_1_2_1	金融市场部_交易性金融资产_其他_非司库_银行账户_1Y	0.0	0.0	0.0	2026-08-16 10:13:50
7877	saver-smoke-test	2026-08-15 00:00:00	1_3_1_1_9_1_2_2	金融市场部_交易性金融资产_其他_非司库_银行账户_3Y	0.0	0.0	0.0	2026-08-16 10:13:50
7878	saver-smoke-test	2026-08-15 00:00:00	1_3_1_1_9_1_2_3	金融市场部_交易性金融资产_其他_非司库_银行账户_5Y	0.0	0.0	0.0	2026-08-16 10:13:50
7879	saver-smoke-test	2026-08-15 00:00:00	1_3_1_2	金融市场部_其他债权投资	4160729104.47	280397783.31	11717828.8702	2026-08-16 10:13:50
7880	saver-smoke-test	2026-08-15 00:00:00	1_3_1_2_1	金融市场部_其他债权投资_国债	512161849.32	0.0	1405750.4625	2026-08-16 10:13:50
7881	saver-smoke-test	2026-08-15 00:00:00	1_3_1_2_1_1	金融市场部_其他债权投资_国债_司库	0.0	0.0	0.0	2026-08-16 10:13:50
7882	saver-smoke-test	2026-08-15 00:00:00	1_3_1_2_1_1_1	金融市场部_其他债权投资_国债_司库_1Y	0.0	0.0	0.0	2026-08-16 10:13:50
7883	saver-smoke-test	2026-08-15 00:00:00	1_3_1_2_1_1_2	金融市场部_其他债权投资_国债_司库_3Y	0.0	0.0	0.0	2026-08-16 10:13:50
7884	saver-smoke-test	2026-08-15 00:00:00	1_3_1_2_1_1_3	金融市场部_其他债权投资_国债_司库_5Y	0.0	0.0	0.0	2026-08-16 10:13:50
7885	saver-smoke-test	2026-08-15 00:00:00	1_3_1_2_1_1_4	金融市场部_其他债权投资_国债_司库_10Y	0.0	0.0	0.0	2026-08-16 10:13:50
7886	saver-smoke-test	2026-08-15 00:00:00	1_3_1_2_1_2	金融市场部_其他债权投资_国债_非司库	512161849.32	0.0	1405750.4625	2026-08-16 10:13:50
7887	saver-smoke-test	2026-08-15 00:00:00	1_3_1_2_1_2_1	金融市场部_其他债权投资_国债_非司库_1Y	0.0	0.0	0.0	2026-08-16 10:13:50
7888	saver-smoke-test	2026-08-15 00:00:00	1_3_1_2_1_2_2	金融市场部_其他债权投资_国债_非司库_3Y	0.0	0.0	0.0	2026-08-16 10:13:50
7889	saver-smoke-test	2026-08-15 00:00:00	1_3_1_2_1_2_3	金融市场部_其他债权投资_国债_非司库_5Y	0.0	0.0	0.0	2026-08-16 10:13:50
7890	saver-smoke-test	2026-08-15 00:00:00	1_3_1_2_1_2_4	金融市场部_其他债权投资_国债_非司库_10Y	512161850.34	0.51	1405750.4625	2026-08-16 10:13:50
7891	saver-smoke-test	2026-08-15 00:00:00	1_3_1_2_2	金融市场部_其他债权投资_央票	0.0	0.0	0.0	2026-08-16 10:13:50
7892	saver-smoke-test	2026-08-15 00:00:00	1_3_1_2_2_1	金融市场部_其他债权投资_央票_司库	0.0	0.0	0.0	2026-08-16 10:13:50
7893	saver-smoke-test	2026-08-15 00:00:00	1_3_1_2_2_1_1	金融市场部_其他债权投资_央票_司库_1Y	0.0	0.0	0.0	2026-08-16 10:13:50
7894	saver-smoke-test	2026-08-15 00:00:00	1_3_1_2_2_1_2	金融市场部_其他债权投资_央票_司库_3Y	0.0	0.0	0.0	2026-08-16 10:13:50
7895	saver-smoke-test	2026-08-15 00:00:00	1_3_1_2_2_1_3	金融市场部_其他债权投资_央票_司库_5Y	0.0	0.0	0.0	2026-08-16 10:13:50
7896	saver-smoke-test	2026-08-15 00:00:00	1_3_1_2_2_1_4	金融市场部_其他债权投资_央票_司库_10Y	0.0	0.0	0.0	2026-08-16 10:13:50
7897	saver-smoke-test	2026-08-15 00:00:00	1_3_1_2_2_2	金融市场部_其他债权投资_央票_非司库	0.0	0.0	0.0	2026-08-16 10:13:50
7898	saver-smoke-test	2026-08-15 00:00:00	1_3_1_2_2_2_1	金融市场部_其他债权投资_央票_非司库_1Y	0.0	0.0	0.0	2026-08-16 10:13:50
7899	saver-smoke-test	2026-08-15 00:00:00	1_3_1_2_2_2_2	金融市场部_其他债权投资_央票_非司库_3Y	0.0	0.0	0.0	2026-08-16 10:13:50
7900	saver-smoke-test	2026-08-15 00:00:00	1_3_1_2_2_2_3	金融市场部_其他债权投资_央票_非司库_5Y	0.0	0.0	0.0	2026-08-16 10:13:50
7901	saver-smoke-test	2026-08-15 00:00:00	1_3_1_2_2_2_4	金融市场部_其他债权投资_央票_非司库_10Y	0.0	0.0	0.0	2026-08-16 10:13:50
7902	saver-smoke-test	2026-08-15 00:00:00	1_3_1_2_3	金融市场部_其他债权投资_地方政府债	467829120.17	0.0	1164373.5164	2026-08-16 10:13:50
7903	saver-smoke-test	2026-08-15 00:00:00	1_3_1_2_3_1	金融市场部_其他债权投资_地方政府债_司库	0.0	0.0	0.0	2026-08-16 10:13:50
7904	saver-smoke-test	2026-08-15 00:00:00	1_3_1_2_3_1_1	金融市场部_其他债权投资_地方政府债_司库_1Y	0.0	0.0	0.0	2026-08-16 10:13:50
7905	saver-smoke-test	2026-08-15 00:00:00	1_3_1_2_3_1_2	金融市场部_其他债权投资_地方政府债_司库_3Y	0.0	0.0	0.0	2026-08-16 10:13:50
7906	saver-smoke-test	2026-08-15 00:00:00	1_3_1_2_3_1_3	金融市场部_其他债权投资_地方政府债_司库_5Y	0.0	0.0	0.0	2026-08-16 10:13:50
7907	saver-smoke-test	2026-08-15 00:00:00	1_3_1_2_3_1_4	金融市场部_其他债权投资_地方政府债_司库_10Y	0.0	0.0	0.0	2026-08-16 10:13:50
7908	saver-smoke-test	2026-08-15 00:00:00	1_3_1_2_3_2	金融市场部_其他债权投资_地方政府债_非司库	467829120.17	0.0	1164373.5164	2026-08-16 10:13:50
7909	saver-smoke-test	2026-08-15 00:00:00	1_3_1_2_3_2_1	金融市场部_其他债权投资_地方政府债_非司库_1Y	0.0	0.0	0.0	2026-08-16 10:13:50
7910	saver-smoke-test	2026-08-15 00:00:00	1_3_1_2_3_2_2	金融市场部_其他债权投资_地方政府债_非司库_3Y	0.0	0.0	0.0	2026-08-16 10:13:50
7911	saver-smoke-test	2026-08-15 00:00:00	1_3_1_2_3_2_3	金融市场部_其他债权投资_地方政府债_非司库_5Y	0.0	0.0	0.0	2026-08-16 10:13:50
7912	saver-smoke-test	2026-08-15 00:00:00	1_3_1_2_3_2_4	金融市场部_其他债权投资_地方政府债_非司库_10Y	467829121.1	0.47	1164373.5164	2026-08-16 10:13:50
7913	saver-smoke-test	2026-08-15 00:00:00	1_3_1_2_4	金融市场部_其他债权投资_政策性金融债	765783645.89	0.0	2095637.9378	2026-08-16 10:13:50
7914	saver-smoke-test	2026-08-15 00:00:00	1_3_1_2_4_1	金融市场部_其他债权投资_政策性金融债_司库	0.0	0.0	0.0	2026-08-16 10:13:50
7915	saver-smoke-test	2026-08-15 00:00:00	1_3_1_2_4_1_1	金融市场部_其他债权投资_政策性金融债_司库_1Y	0.0	0.0	0.0	2026-08-16 10:13:50
7916	saver-smoke-test	2026-08-15 00:00:00	1_3_1_2_4_1_2	金融市场部_其他债权投资_政策性金融债_司库_3Y	0.0	0.0	0.0	2026-08-16 10:13:50
7917	saver-smoke-test	2026-08-15 00:00:00	1_3_1_2_4_1_3	金融市场部_其他债权投资_政策性金融债_司库_5Y	0.0	0.0	0.0	2026-08-16 10:13:50
7918	saver-smoke-test	2026-08-15 00:00:00	1_3_1_2_4_1_4	金融市场部_其他债权投资_政策性金融债_司库_10Y	0.0	0.0	0.0	2026-08-16 10:13:50
7919	saver-smoke-test	2026-08-15 00:00:00	1_3_1_2_4_2	金融市场部_其他债权投资_政策性金融债_非司库	765783645.89	0.0	2095637.9378	2026-08-16 10:13:50
7920	saver-smoke-test	2026-08-15 00:00:00	1_3_1_2_4_2_1	金融市场部_其他债权投资_政策性金融债_非司库_1Y	0.0	0.0	0.0	2026-08-16 10:13:50
7921	saver-smoke-test	2026-08-15 00:00:00	1_3_1_2_4_2_2	金融市场部_其他债权投资_政策性金融债_非司库_3Y	358406274.01	0.36	992010.3201	2026-08-16 10:13:50
7922	saver-smoke-test	2026-08-15 00:00:00	1_3_1_2_4_2_3	金融市场部_其他债权投资_政策性金融债_非司库_5Y	304774447.19	0.3	802822.3037	2026-08-16 10:13:50
7923	saver-smoke-test	2026-08-15 00:00:00	1_3_1_2_4_2_4	金融市场部_其他债权投资_政策性金融债_非司库_10Y	102602926.22	0.1	300805.309	2026-08-16 10:13:50
7924	saver-smoke-test	2026-08-15 00:00:00	1_3_1_2_5	金融市场部_其他债权投资_商业银行债	203486341.1	0.0	406729.0594	2026-08-16 10:13:50
7925	saver-smoke-test	2026-08-15 00:00:00	1_3_1_2_5_1	金融市场部_其他债权投资_商业银行债_司库	0.0	0.0	0.0	2026-08-16 10:13:50
7926	saver-smoke-test	2026-08-15 00:00:00	1_3_1_2_5_1_1	金融市场部_其他债权投资_商业银行债_司库_1Y	0.0	0.0	0.0	2026-08-16 10:13:50
7927	saver-smoke-test	2026-08-15 00:00:00	1_3_1_2_5_1_2	金融市场部_其他债权投资_商业银行债_司库_3Y	0.0	0.0	0.0	2026-08-16 10:13:50
7928	saver-smoke-test	2026-08-15 00:00:00	1_3_1_2_5_1_3	金融市场部_其他债权投资_商业银行债_司库_5Y	0.0	0.0	0.0	2026-08-16 10:13:50
7929	saver-smoke-test	2026-08-15 00:00:00	1_3_1_2_5_1_4	金融市场部_其他债权投资_商业银行债_司库_10Y	0.0	0.0	0.0	2026-08-16 10:13:50
7930	saver-smoke-test	2026-08-15 00:00:00	1_3_1_2_5_2	金融市场部_其他债权投资_商业银行债_非司库	203486341.1	0.0	406729.0594	2026-08-16 10:13:50
7931	saver-smoke-test	2026-08-15 00:00:00	1_3_1_2_5_2_1	金融市场部_其他债权投资_商业银行债_非司库_1Y	0.0	0.0	0.0	2026-08-16 10:13:50
7932	saver-smoke-test	2026-08-15 00:00:00	1_3_1_2_5_2_2	金融市场部_其他债权投资_商业银行债_非司库_3Y	0.0	0.0	0.0	2026-08-16 10:13:50
7933	saver-smoke-test	2026-08-15 00:00:00	1_3_1_2_5_2_3	金融市场部_其他债权投资_商业银行债_非司库_5Y	203486341.51	0.2	406729.0594	2026-08-16 10:13:50
7934	saver-smoke-test	2026-08-15 00:00:00	1_3_1_2_5_2_4	金融市场部_其他债权投资_商业银行债_非司库_10Y	0.0	0.0	0.0	2026-08-16 10:13:50
7935	saver-smoke-test	2026-08-15 00:00:00	1_3_1_2_6	金融市场部_其他债权投资_金融机构债	0.0	0.0	0.0	2026-08-16 10:13:50
7936	saver-smoke-test	2026-08-15 00:00:00	1_3_1_2_6_1	金融市场部_其他债权投资_金融机构债_非司库	0.0	0.0	0.0	2026-08-16 10:13:50
7937	saver-smoke-test	2026-08-15 00:00:00	1_3_1_2_6_1_1	金融市场部_其他债权投资_金融机构债_非司库_1Y	0.0	0.0	0.0	2026-08-16 10:13:50
7938	saver-smoke-test	2026-08-15 00:00:00	1_3_1_2_6_1_2	金融市场部_其他债权投资_金融机构债_非司库_3Y	0.0	0.0	0.0	2026-08-16 10:13:50
7939	saver-smoke-test	2026-08-15 00:00:00	1_3_1_2_6_1_3	金融市场部_其他债权投资_金融机构债_非司库_5Y	0.0	0.0	0.0	2026-08-16 10:13:50
7940	saver-smoke-test	2026-08-15 00:00:00	1_3_1_2_6_1_4	金融市场部_其他债权投资_金融机构债_非司库_10Y	0.0	0.0	0.0	2026-08-16 10:13:50
7941	saver-smoke-test	2026-08-15 00:00:00	1_3_1_2_7	金融市场部_其他债权投资_公司债	529767109.53	0.0	2169464.7696	2026-08-16 10:13:50
7942	saver-smoke-test	2026-08-15 00:00:00	1_3_1_2_7_1	金融市场部_其他债权投资_公司债_非司库	529767109.53	0.0	2169464.7696	2026-08-16 10:13:50
7943	saver-smoke-test	2026-08-15 00:00:00	1_3_1_2_7_1_1	金融市场部_其他债权投资_公司债_非司库_1Y	289715611.22	0.29	1272820.5458	2026-08-16 10:13:50
7944	saver-smoke-test	2026-08-15 00:00:00	1_3_1_2_7_1_2	金融市场部_其他债权投资_公司债_非司库_3Y	240051499.37	0.24	896644.2239	2026-08-16 10:13:50
7945	saver-smoke-test	2026-08-15 00:00:00	1_3_1_2_7_1_3	金融市场部_其他债权投资_公司债_非司库_5Y	0.0	0.0	0.0	2026-08-16 10:13:50
7946	saver-smoke-test	2026-08-15 00:00:00	1_3_1_2_7_1_4	金融市场部_其他债权投资_公司债_非司库_10Y	0.0	0.0	0.0	2026-08-16 10:13:50
7947	saver-smoke-test	2026-08-15 00:00:00	1_3_1_2_8	金融市场部_其他债权投资_同业存单债	1477021038.46	280397783.31	4475873.1927	2026-08-16 10:13:50
7948	saver-smoke-test	2026-08-15 00:00:00	1_3_1_2_8_1	金融市场部_其他债权投资_同业存单债_非司库	1477021038.46	280397783.31	4475873.1927	2026-08-16 10:13:50
7949	saver-smoke-test	2026-08-15 00:00:00	1_3_1_2_8_1_1	金融市场部_其他债权投资_同业存单债_非司库_1M	1477021041.41	280397784.79	4475873.1927	2026-08-16 10:13:50
7950	saver-smoke-test	2026-08-15 00:00:00	1_3_1_2_8_1_2	金融市场部_其他债权投资_同业存单债_非司库_3M	0.0	0.0	0.0	2026-08-16 10:13:50
7951	saver-smoke-test	2026-08-15 00:00:00	1_3_1_2_8_1_3	金融市场部_其他债权投资_同业存单债_非司库_6M	0.0	0.0	0.0	2026-08-16 10:13:50
7952	saver-smoke-test	2026-08-15 00:00:00	1_3_1_2_8_1_4	金融市场部_其他债权投资_同业存单债_非司库_1Y	0.0	0.0	0.0	2026-08-16 10:13:50
7953	saver-smoke-test	2026-08-15 00:00:00	1_3_1_2_9	金融市场部_其他债权投资_其他	204680000.0	0.0	0.0	2026-08-16 10:13:50
7954	saver-smoke-test	2026-08-15 00:00:00	1_3_1_2_9_1	金融市场部_其他债权投资_其他_非司库	204680000.0	0.0	0.0	2026-08-16 10:13:50
7955	saver-smoke-test	2026-08-15 00:00:00	1_3_1_2_9_1_1	金融市场部_其他债权投资_其他_非司库_1Y	204680000.41	0.2	0.0	2026-08-16 10:13:50
7956	saver-smoke-test	2026-08-15 00:00:00	1_3_1_2_9_1_2	金融市场部_其他债权投资_其他_非司库_3Y	0.0	0.0	0.0	2026-08-16 10:13:50
7957	saver-smoke-test	2026-08-15 00:00:00	1_3_1_2_9_1_3	金融市场部_其他债权投资_其他_非司库_5Y	0.0	0.0	0.0	2026-08-16 10:13:50
7958	saver-smoke-test	2026-08-15 00:00:00	1_3_1_3	金融市场部_债权投资	31392694142.24	89008965.97	120236751.2181	2026-08-16 10:13:50
7959	saver-smoke-test	2026-08-15 00:00:00	1_3_1_3_1	金融市场部_债权投资_国债	0.0	0.0	0.0	2026-08-16 10:13:50
7960	saver-smoke-test	2026-08-15 00:00:00	1_3_1_3_1_1	金融市场部_债权投资_国债_司库	0.0	0.0	0.0	2026-08-16 10:13:50
7961	saver-smoke-test	2026-08-15 00:00:00	1_3_1_3_1_1_1	金融市场部_债权投资_国债_司库_1Y	0.0	0.0	0.0	2026-08-16 10:13:50
7962	saver-smoke-test	2026-08-15 00:00:00	1_3_1_3_1_1_2	金融市场部_债权投资_国债_司库_3Y	0.0	0.0	0.0	2026-08-16 10:13:50
7963	saver-smoke-test	2026-08-15 00:00:00	1_3_1_3_1_1_3	金融市场部_债权投资_国债_司库_5Y	0.0	0.0	0.0	2026-08-16 10:13:50
7964	saver-smoke-test	2026-08-15 00:00:00	1_3_1_3_1_1_4	金融市场部_债权投资_国债_司库_10Y	0.0	0.0	0.0	2026-08-16 10:13:50
7965	saver-smoke-test	2026-08-15 00:00:00	1_3_1_3_1_2	金融市场部_债权投资_国债_非司库	0.0	0.0	0.0	2026-08-16 10:13:50
7966	saver-smoke-test	2026-08-15 00:00:00	1_3_1_3_1_2_1	金融市场部_债权投资_国债_非司库_1Y	0.0	0.0	0.0	2026-08-16 10:13:50
7967	saver-smoke-test	2026-08-15 00:00:00	1_3_1_3_1_2_2	金融市场部_债权投资_国债_非司库_3Y	0.0	0.0	0.0	2026-08-16 10:13:50
7968	saver-smoke-test	2026-08-15 00:00:00	1_3_1_3_1_2_3	金融市场部_债权投资_国债_非司库_5Y	0.0	0.0	0.0	2026-08-16 10:13:50
7969	saver-smoke-test	2026-08-15 00:00:00	1_3_1_3_1_2_4	金融市场部_债权投资_国债_非司库_10Y	0.0	0.0	0.0	2026-08-16 10:13:50
7970	saver-smoke-test	2026-08-15 00:00:00	1_3_1_3_2	金融市场部_债权投资_央票	0.0	0.0	0.0	2026-08-16 10:13:50
7971	saver-smoke-test	2026-08-15 00:00:00	1_3_1_3_2_1	金融市场部_债权投资_央票_司库	0.0	0.0	0.0	2026-08-16 10:13:50
7972	saver-smoke-test	2026-08-15 00:00:00	1_3_1_3_2_1_1	金融市场部_债权投资_央票_司库_1Y	0.0	0.0	0.0	2026-08-16 10:13:50
7973	saver-smoke-test	2026-08-15 00:00:00	1_3_1_3_2_1_2	金融市场部_债权投资_央票_司库_3Y	0.0	0.0	0.0	2026-08-16 10:13:50
7974	saver-smoke-test	2026-08-15 00:00:00	1_3_1_3_2_1_3	金融市场部_债权投资_央票_司库_5Y	0.0	0.0	0.0	2026-08-16 10:13:50
7975	saver-smoke-test	2026-08-15 00:00:00	1_3_1_3_2_1_4	金融市场部_债权投资_央票_司库_10Y	0.0	0.0	0.0	2026-08-16 10:13:50
7976	saver-smoke-test	2026-08-15 00:00:00	1_3_1_3_2_2	金融市场部_债权投资_央票_非司库	0.0	0.0	0.0	2026-08-16 10:13:50
7977	saver-smoke-test	2026-08-15 00:00:00	1_3_1_3_2_2_1	金融市场部_债权投资_央票_非司库_1Y	0.0	0.0	0.0	2026-08-16 10:13:50
7978	saver-smoke-test	2026-08-15 00:00:00	1_3_1_3_2_2_2	金融市场部_债权投资_央票_非司库_3Y	0.0	0.0	0.0	2026-08-16 10:13:50
7979	saver-smoke-test	2026-08-15 00:00:00	1_3_1_3_2_2_3	金融市场部_债权投资_央票_非司库_5Y	0.0	0.0	0.0	2026-08-16 10:13:50
7980	saver-smoke-test	2026-08-15 00:00:00	1_3_1_3_2_2_4	金融市场部_债权投资_央票_非司库_10Y	0.0	0.0	0.0	2026-08-16 10:13:50
7981	saver-smoke-test	2026-08-15 00:00:00	1_3_1_3_3	金融市场部_债权投资_地方政府债	2819483140.46	0.0	7226758.7372	2026-08-16 10:13:50
7982	saver-smoke-test	2026-08-15 00:00:00	1_3_1_3_3_1	金融市场部_债权投资_地方政府债_司库	0.0	0.0	0.0	2026-08-16 10:13:50
7983	saver-smoke-test	2026-08-15 00:00:00	1_3_1_3_3_1_1	金融市场部_债权投资_地方政府债_司库_1Y	0.0	0.0	0.0	2026-08-16 10:13:50
7984	saver-smoke-test	2026-08-15 00:00:00	1_3_1_3_3_1_2	金融市场部_债权投资_地方政府债_司库_3Y	0.0	0.0	0.0	2026-08-16 10:13:50
7985	saver-smoke-test	2026-08-15 00:00:00	1_3_1_3_3_1_3	金融市场部_债权投资_地方政府债_司库_5Y	0.0	0.0	0.0	2026-08-16 10:13:50
7986	saver-smoke-test	2026-08-15 00:00:00	1_3_1_3_3_1_4	金融市场部_债权投资_地方政府债_司库_10Y	0.0	0.0	0.0	2026-08-16 10:13:50
7987	saver-smoke-test	2026-08-15 00:00:00	1_3_1_3_3_2	金融市场部_债权投资_地方政府债_非司库	2819483140.46	0.0	7226758.7372	2026-08-16 10:13:50
7988	saver-smoke-test	2026-08-15 00:00:00	1_3_1_3_3_2_1	金融市场部_债权投资_地方政府债_非司库_1Y	0.0	0.0	0.0	2026-08-16 10:13:50
7989	saver-smoke-test	2026-08-15 00:00:00	1_3_1_3_3_2_2	金融市场部_债权投资_地方政府债_非司库_3Y	30671221.74	0.03	69676.7664	2026-08-16 10:13:50
7990	saver-smoke-test	2026-08-15 00:00:00	1_3_1_3_3_2_3	金融市场部_债权投资_地方政府债_非司库_5Y	0.0	0.0	0.0	2026-08-16 10:13:50
7991	saver-smoke-test	2026-08-15 00:00:00	1_3_1_3_3_2_4	金融市场部_债权投资_地方政府债_非司库_10Y	2788811924.35	2.79	7157082.0693	2026-08-16 10:13:50
7992	saver-smoke-test	2026-08-15 00:00:00	1_3_1_3_4	金融市场部_债权投资_政策性金融债	12727963893.62	0.0	36213190.4543	2026-08-16 10:13:50
7993	saver-smoke-test	2026-08-15 00:00:00	1_3_1_3_4_1	金融市场部_债权投资_政策性金融债_司库	0.0	0.0	0.0	2026-08-16 10:13:50
7994	saver-smoke-test	2026-08-15 00:00:00	1_3_1_3_4_1_1	金融市场部_债权投资_政策性金融债_司库_1Y	0.0	0.0	0.0	2026-08-16 10:13:50
7995	saver-smoke-test	2026-08-15 00:00:00	1_3_1_3_4_1_2	金融市场部_债权投资_政策性金融债_司库_3Y	0.0	0.0	0.0	2026-08-16 10:13:50
7996	saver-smoke-test	2026-08-15 00:00:00	1_3_1_3_4_1_3	金融市场部_债权投资_政策性金融债_司库_5Y	0.0	0.0	0.0	2026-08-16 10:13:50
7997	saver-smoke-test	2026-08-15 00:00:00	1_3_1_3_4_1_4	金融市场部_债权投资_政策性金融债_司库_10Y	0.0	0.0	0.0	2026-08-16 10:13:50
7998	saver-smoke-test	2026-08-15 00:00:00	1_3_1_3_4_2	金融市场部_债权投资_政策性金融债_非司库	12727963893.62	0.0	36213190.4543	2026-08-16 10:13:50
7999	saver-smoke-test	2026-08-15 00:00:00	1_3_1_3_4_2_1	金融市场部_债权投资_政策性金融债_非司库_1Y	0.0	0.0	0.0	2026-08-16 10:13:50
8000	saver-smoke-test	2026-08-15 00:00:00	1_3_1_3_4_2_2	金融市场部_债权投资_政策性金融债_非司库_3Y	0.0	0.0	0.0	2026-08-16 10:13:50
8001	saver-smoke-test	2026-08-15 00:00:00	1_3_1_3_4_2_3	金融市场部_债权投资_政策性金融债_非司库_5Y	174734685.81	0.17	495135.505	2026-08-16 10:13:50
8002	saver-smoke-test	2026-08-15 00:00:00	1_3_1_3_4_2_4	金融市场部_债权投资_政策性金融债_非司库_10Y	12553229233.23	12.54	35718054.7556	2026-08-16 10:13:50
8003	saver-smoke-test	2026-08-15 00:00:00	1_3_1_3_5	金融市场部_债权投资_商业银行债	1394012123.33	0.0	4387113.7604	2026-08-16 10:13:50
8004	saver-smoke-test	2026-08-15 00:00:00	1_3_1_3_5_1	金融市场部_债权投资_商业银行债_司库	0.0	0.0	0.0	2026-08-16 10:13:50
8005	saver-smoke-test	2026-08-15 00:00:00	1_3_1_3_5_1_1	金融市场部_债权投资_商业银行债_司库_1Y	0.0	0.0	0.0	2026-08-16 10:13:50
8006	saver-smoke-test	2026-08-15 00:00:00	1_3_1_3_5_1_2	金融市场部_债权投资_商业银行债_司库_3Y	0.0	0.0	0.0	2026-08-16 10:13:50
8007	saver-smoke-test	2026-08-15 00:00:00	1_3_1_3_5_1_3	金融市场部_债权投资_商业银行债_司库_5Y	0.0	0.0	0.0	2026-08-16 10:13:50
8008	saver-smoke-test	2026-08-15 00:00:00	1_3_1_3_5_1_4	金融市场部_债权投资_商业银行债_司库_10Y	0.0	0.0	0.0	2026-08-16 10:13:50
8009	saver-smoke-test	2026-08-15 00:00:00	1_3_1_3_5_2	金融市场部_债权投资_商业银行债_非司库	1394012123.33	0.0	4387113.7604	2026-08-16 10:13:50
8010	saver-smoke-test	2026-08-15 00:00:00	1_3_1_3_5_2_1	金融市场部_债权投资_商业银行债_非司库_1Y	0.0	0.0	0.0	2026-08-16 10:13:50
8011	saver-smoke-test	2026-08-15 00:00:00	1_3_1_3_5_2_2	金融市场部_债权投资_商业银行债_非司库_3Y	647891822.73	0.65	1979117.0109	2026-08-16 10:13:50
8012	saver-smoke-test	2026-08-15 00:00:00	1_3_1_3_5_2_3	金融市场部_债权投资_商业银行债_非司库_5Y	746120303.38	0.75	2407996.8221	2026-08-16 10:13:50
8013	saver-smoke-test	2026-08-15 00:00:00	1_3_1_3_5_2_4	金融市场部_债权投资_商业银行债_非司库_10Y	0.0	0.0	0.0	2026-08-16 10:13:50
8014	saver-smoke-test	2026-08-15 00:00:00	1_3_1_3_6	金融市场部_债权投资_金融机构债	712089972.64	0.0	2656374.2858	2026-08-16 10:13:50
8015	saver-smoke-test	2026-08-15 00:00:00	1_3_1_3_6_1	金融市场部_债权投资_金融机构债_非司库	712089972.64	0.0	2656374.2858	2026-08-16 10:13:50
8016	saver-smoke-test	2026-08-15 00:00:00	1_3_1_3_6_1_1	金融市场部_债权投资_金融机构债_非司库_1Y	95692494.88	0.1	439732.2701	2026-08-16 10:13:50
8017	saver-smoke-test	2026-08-15 00:00:00	1_3_1_3_6_1_2	金融市场部_债权投资_金融机构债_非司库_3Y	409904603.44	0.41	1533327.0262	2026-08-16 10:13:50
8018	saver-smoke-test	2026-08-15 00:00:00	1_3_1_3_6_1_3	金融市场部_债权投资_金融机构债_非司库_5Y	206492875.74	0.21	683315.0118	2026-08-16 10:13:50
8019	saver-smoke-test	2026-08-15 00:00:00	1_3_1_3_6_1_4	金融市场部_债权投资_金融机构债_非司库_10Y	0.0	0.0	0.0	2026-08-16 10:13:50
8020	saver-smoke-test	2026-08-15 00:00:00	1_3_1_3_7	金融市场部_债权投资_公司债	13582656562.27	89008965.97	68134523.6448	2026-08-16 10:13:50
8021	saver-smoke-test	2026-08-15 00:00:00	1_3_1_3_7_1	金融市场部_债权投资_公司债_非司库	13582656562.27	89008965.97	68134523.6448	2026-08-16 10:13:50
8022	saver-smoke-test	2026-08-15 00:00:00	1_3_1_3_7_1_1	金融市场部_债权投资_公司债_非司库_1Y	695958976.74	89008966.67	2636151.9858	2026-08-16 10:13:50
8023	saver-smoke-test	2026-08-15 00:00:00	1_3_1_3_7_1_2	金融市场部_债权投资_公司债_非司库_3Y	2173022935.13	2.17	10533636.5426	2026-08-16 10:13:50
8024	saver-smoke-test	2026-08-15 00:00:00	1_3_1_3_7_1_3	金融市场部_债权投资_公司债_非司库_5Y	2722682764.78	2.72	9032785.3899	2026-08-16 10:13:50
8025	saver-smoke-test	2026-08-15 00:00:00	1_3_1_3_7_1_4	金融市场部_债权投资_公司债_非司库_10Y	7990991912.75	7.98	46621444.2893	2026-08-16 10:13:50
8026	saver-smoke-test	2026-08-15 00:00:00	1_3_1_3_8	金融市场部_债权投资_同业存单债	0.0	0.0	0.0	2026-08-16 10:13:50
8027	saver-smoke-test	2026-08-15 00:00:00	1_3_1_3_8_1	金融市场部_债权投资_同业存单债_非司库	0.0	0.0	0.0	2026-08-16 10:13:50
8028	saver-smoke-test	2026-08-15 00:00:00	1_3_1_3_8_1_1	金融市场部_债权投资_同业存单债_非司库_1M	0.0	0.0	0.0	2026-08-16 10:13:50
8029	saver-smoke-test	2026-08-15 00:00:00	1_3_1_3_8_1_2	金融市场部_债权投资_同业存单债_非司库_3M	0.0	0.0	0.0	2026-08-16 10:13:50
8030	saver-smoke-test	2026-08-15 00:00:00	1_3_1_3_8_1_3	金融市场部_债权投资_同业存单债_非司库_6M	0.0	0.0	0.0	2026-08-16 10:13:50
8031	saver-smoke-test	2026-08-15 00:00:00	1_3_1_3_8_1_4	金融市场部_债权投资_同业存单债_非司库_1Y	0.0	0.0	0.0	2026-08-16 10:13:50
8032	saver-smoke-test	2026-08-15 00:00:00	1_3_1_3_9	金融市场部_债权投资_其他	156488449.92	0.0	938590.9272	2026-08-16 10:13:50
8033	saver-smoke-test	2026-08-15 00:00:00	1_3_1_3_9_1	金融市场部_债权投资_其他_非司库	156488449.92	0.0	938590.9272	2026-08-16 10:13:50
8034	saver-smoke-test	2026-08-15 00:00:00	1_3_1_3_9_1_1	金融市场部_债权投资_其他_非司库_1Y	156488450.23	0.16	938590.9272	2026-08-16 10:13:50
8035	saver-smoke-test	2026-08-15 00:00:00	1_3_1_3_9_1_2	金融市场部_债权投资_其他_非司库_3Y	0.0	0.0	0.0	2026-08-16 10:13:50
8036	saver-smoke-test	2026-08-15 00:00:00	1_3_1_3_9_1_3	金融市场部_债权投资_其他_非司库_5Y	0.0	0.0	0.0	2026-08-16 10:13:50
8037	saver-smoke-test	2026-08-15 00:00:00	1_3_1_4	金融市场部_其他权益工具投资	0.0	0.0	0.0	2026-08-16 10:13:50
8038	saver-smoke-test	2026-08-15 00:00:00	1_3_1_4_1	金融市场部_其他权益工具投资_司库_5Y	0.0	0.0	0.0	2026-08-16 10:13:50
8039	saver-smoke-test	2026-08-15 00:00:00	1_3_1_4_2	金融市场部_其他权益工具投资_非司库_5Y	0.0	0.0	0.0	2026-08-16 10:13:50
8040	saver-smoke-test	2026-08-15 00:00:00	1_3_2	投资银行部投资	56257815935.59	6039745102.0	269315074.5492	2026-08-16 10:13:50
8041	saver-smoke-test	2026-08-15 00:00:00	1_3_2_1	投资银行部_交易性金融资产	10532109378.66	6039745102.0	18706619.2569	2026-08-16 10:13:50
8042	saver-smoke-test	2026-08-15 00:00:00	1_3_2_1_1	投资银行部_交易性政策性金融债投资	0.0	0.0	0.0	2026-08-16 10:13:50
8043	saver-smoke-test	2026-08-15 00:00:00	1_3_2_1_1_1	投资银行部_交易性政策性金融债投资_交易账户	0.0	0.0	0.0	2026-08-16 10:13:50
8044	saver-smoke-test	2026-08-15 00:00:00	1_3_2_1_1_1_1	投资银行部_交易性政策性金融债投资_交易账户_1Y	0.0	0.0	0.0	2026-08-16 10:13:50
8045	saver-smoke-test	2026-08-15 00:00:00	1_3_2_1_1_1_2	投资银行部_交易性政策性金融债投资_交易账户_3Y	0.0	0.0	0.0	2026-08-16 10:13:50
8046	saver-smoke-test	2026-08-15 00:00:00	1_3_2_1_1_1_3	投资银行部_交易性政策性金融债投资_交易账户_5Y	0.0	0.0	0.0	2026-08-16 10:13:50
8047	saver-smoke-test	2026-08-15 00:00:00	1_3_2_1_1_1_4	投资银行部_交易性政策性金融债投资_交易账户_10Y	0.0	0.0	0.0	2026-08-16 10:13:50
8048	saver-smoke-test	2026-08-15 00:00:00	1_3_2_1_1_2	投资银行部_交易性政策性金融债投资_银行账户	0.0	0.0	0.0	2026-08-16 10:13:50
8049	saver-smoke-test	2026-08-15 00:00:00	1_3_2_1_1_2_1	投资银行部_交易性政策性金融债投资_银行账户_1Y	0.0	0.0	0.0	2026-08-16 10:13:50
8050	saver-smoke-test	2026-08-15 00:00:00	1_3_2_1_1_2_2	投资银行部_交易性政策性金融债投资_银行账户_3Y	0.0	0.0	0.0	2026-08-16 10:13:50
8051	saver-smoke-test	2026-08-15 00:00:00	1_3_2_1_1_2_3	投资银行部_交易性政策性金融债投资_银行账户_5Y	0.0	0.0	0.0	2026-08-16 10:13:50
8052	saver-smoke-test	2026-08-15 00:00:00	1_3_2_1_1_2_4	投资银行部_交易性政策性金融债投资_银行账户_10Y	0.0	0.0	0.0	2026-08-16 10:13:50
8053	saver-smoke-test	2026-08-15 00:00:00	1_3_2_1_10	投资银行部_交易性融资租赁	0.0	0.0	0.0	2026-08-16 10:13:50
8054	saver-smoke-test	2026-08-15 00:00:00	1_3_2_1_10_1	投资银行部_交易性融资租赁_1Y	0.0	0.0	0.0	2026-08-16 10:13:50
8055	saver-smoke-test	2026-08-15 00:00:00	1_3_2_1_10_2	投资银行部_交易性融资租赁_3Y	0.0	0.0	0.0	2026-08-16 10:13:50
8056	saver-smoke-test	2026-08-15 00:00:00	1_3_2_1_10_3	投资银行部_交易性融资租赁_5Y	0.0	0.0	0.0	2026-08-16 10:13:50
8057	saver-smoke-test	2026-08-15 00:00:00	1_3_2_1_11	投资银行部_交易性金融资产_资产证券化产品	0.0	0.0	0.0	2026-08-16 10:13:50
8058	saver-smoke-test	2026-08-15 00:00:00	1_3_2_1_11_1	投资银行部_交易性金融资产_资产证券化产品_1Y	0.0	0.0	0.0	2026-08-16 10:13:50
8059	saver-smoke-test	2026-08-15 00:00:00	1_3_2_1_11_2	投资银行部_交易性金融资产_资产证券化产品_3Y	0.0	0.0	0.0	2026-08-16 10:13:50
8060	saver-smoke-test	2026-08-15 00:00:00	1_3_2_1_11_3	投资银行部_交易性金融资产_资产证券化产品_5Y	0.0	0.0	0.0	2026-08-16 10:13:50
8061	saver-smoke-test	2026-08-15 00:00:00	1_3_2_1_12	投资银行部_交易性其他资产	5778494116.07	3844339904.01	-5522119.3276	2026-08-16 10:13:50
8062	saver-smoke-test	2026-08-15 00:00:00	1_3_2_1_12_1	投资银行部_交易性其他资产_1Y	5075185195.75	3844339909.08	-5600184.0607	2026-08-16 10:13:50
8063	saver-smoke-test	2026-08-15 00:00:00	1_3_2_1_12_2	投资银行部_交易性其他资产_3Y	403188931.26	0.4	0.0	2026-08-16 10:13:50
8064	saver-smoke-test	2026-08-15 00:00:00	1_3_2_1_12_3	投资银行部_交易性其他资产_5Y	300120000.6	0.3	121666.6674	2026-08-16 10:13:50
8065	saver-smoke-test	2026-08-15 00:00:00	1_3_2_1_2	投资银行部_交易性商业银行债投资	0.0	0.0	0.0	2026-08-16 10:13:50
8066	saver-smoke-test	2026-08-15 00:00:00	1_3_2_1_2_1	投资银行部_交易性商业银行债投资_交易账户	0.0	0.0	0.0	2026-08-16 10:13:50
8067	saver-smoke-test	2026-08-15 00:00:00	1_3_2_1_2_1_1	投资银行部_交易性商业银行债投资_交易账户_1Y	0.0	0.0	0.0	2026-08-16 10:13:50
8068	saver-smoke-test	2026-08-15 00:00:00	1_3_2_1_2_1_2	投资银行部_交易性商业银行债投资_交易账户_3Y	0.0	0.0	0.0	2026-08-16 10:13:50
8069	saver-smoke-test	2026-08-15 00:00:00	1_3_2_1_2_1_3	投资银行部_交易性商业银行债投资_交易账户_5Y	0.0	0.0	0.0	2026-08-16 10:13:50
8070	saver-smoke-test	2026-08-15 00:00:00	1_3_2_1_2_1_4	投资银行部_交易性商业银行债投资_交易账户_10Y	0.0	0.0	0.0	2026-08-16 10:13:50
8071	saver-smoke-test	2026-08-15 00:00:00	1_3_2_1_2_2	投资银行部_交易性商业银行债投资_银行账户	0.0	0.0	0.0	2026-08-16 10:13:50
8072	saver-smoke-test	2026-08-15 00:00:00	1_3_2_1_2_2_1	投资银行部_交易性商业银行债投资_银行账户_1Y	0.0	0.0	0.0	2026-08-16 10:13:50
8073	saver-smoke-test	2026-08-15 00:00:00	1_3_2_1_2_2_2	投资银行部_交易性商业银行债投资_银行账户_3Y	0.0	0.0	0.0	2026-08-16 10:13:50
8074	saver-smoke-test	2026-08-15 00:00:00	1_3_2_1_2_2_3	投资银行部_交易性商业银行债投资_银行账户_5Y	0.0	0.0	0.0	2026-08-16 10:13:50
8075	saver-smoke-test	2026-08-15 00:00:00	1_3_2_1_2_2_4	投资银行部_交易性商业银行债投资_银行账户_10Y	0.0	0.0	0.0	2026-08-16 10:13:50
8076	saver-smoke-test	2026-08-15 00:00:00	1_3_2_1_3	投资银行部_交易性金融机构债投资	4303377.4	4168502.21	0.0	2026-08-16 10:13:50
8077	saver-smoke-test	2026-08-15 00:00:00	1_3_2_1_3_1	投资银行部_交易性金融机构债投资_交易账户	4303377.4	4168502.21	0.0	2026-08-16 10:13:50
8078	saver-smoke-test	2026-08-15 00:00:00	1_3_2_1_3_1_1	投资银行部_交易性金融机构债投资_交易账户_1Y	4303377.41	4168502.21	0.0	2026-08-16 10:13:50
8079	saver-smoke-test	2026-08-15 00:00:00	1_3_2_1_3_1_2	投资银行部_交易性金融机构债投资_交易账户_3Y	0.0	0.0	0.0	2026-08-16 10:13:50
8080	saver-smoke-test	2026-08-15 00:00:00	1_3_2_1_3_1_3	投资银行部_交易性金融机构债投资_交易账户_5Y	0.0	0.0	0.0	2026-08-16 10:13:50
8081	saver-smoke-test	2026-08-15 00:00:00	1_3_2_1_3_1_4	投资银行部_交易性金融机构债投资_交易账户_10Y	0.0	0.0	0.0	2026-08-16 10:13:50
8082	saver-smoke-test	2026-08-15 00:00:00	1_3_2_1_3_2	投资银行部_交易性金融机构债投资_银行账户	0.0	0.0	0.0	2026-08-16 10:13:50
8083	saver-smoke-test	2026-08-15 00:00:00	1_3_2_1_3_2_1	投资银行部_交易性金融机构债投资_银行账户_1Y	0.0	0.0	0.0	2026-08-16 10:13:50
8084	saver-smoke-test	2026-08-15 00:00:00	1_3_2_1_3_2_2	投资银行部_交易性金融机构债投资_银行账户_3Y	0.0	0.0	0.0	2026-08-16 10:13:50
8085	saver-smoke-test	2026-08-15 00:00:00	1_3_2_1_3_2_3	投资银行部_交易性金融机构债投资_银行账户_5Y	0.0	0.0	0.0	2026-08-16 10:13:50
8086	saver-smoke-test	2026-08-15 00:00:00	1_3_2_1_3_2_4	投资银行部_交易性金融机构债投资_银行账户_10Y	0.0	0.0	0.0	2026-08-16 10:13:50
8087	saver-smoke-test	2026-08-15 00:00:00	1_3_2_1_4	投资银行部_交易性公司债投资	2263808260.51	2191236695.78	12396333.4602	2026-08-16 10:13:50
8088	saver-smoke-test	2026-08-15 00:00:00	1_3_2_1_4_1	投资银行部_交易性公司债投资_交易账户	2263808260.51	2191236695.78	12396333.4602	2026-08-16 10:13:50
8089	saver-smoke-test	2026-08-15 00:00:00	1_3_2_1_4_1_1	投资银行部_交易性公司债投资_交易账户_1Y	727863189.46	703796490.54	4206750.0051	2026-08-16 10:13:50
8090	saver-smoke-test	2026-08-15 00:00:00	1_3_2_1_4_1_2	投资银行部_交易性公司债投资_交易账户_3Y	1535945075.57	1487440207.5	8189583.4351	2026-08-16 10:13:50
8091	saver-smoke-test	2026-08-15 00:00:00	1_3_2_1_4_1_3	投资银行部_交易性公司债投资_交易账户_5Y	0.0	0.0	0.0	2026-08-16 10:13:50
8092	saver-smoke-test	2026-08-15 00:00:00	1_3_2_1_4_1_4	投资银行部_交易性公司债投资_交易账户_10Y	0.0	0.0	0.0	2026-08-16 10:13:50
8093	saver-smoke-test	2026-08-15 00:00:00	1_3_2_1_4_2	投资银行部_交易性公司债投资_银行账户	0.0	0.0	0.0	2026-08-16 10:13:50
8094	saver-smoke-test	2026-08-15 00:00:00	1_3_2_1_4_2_1	投资银行部_交易性公司债投资_银行账户_1Y	0.0	0.0	0.0	2026-08-16 10:13:50
8095	saver-smoke-test	2026-08-15 00:00:00	1_3_2_1_4_2_2	投资银行部_交易性公司债投资_银行账户_3Y	0.0	0.0	0.0	2026-08-16 10:13:50
8096	saver-smoke-test	2026-08-15 00:00:00	1_3_2_1_4_2_3	投资银行部_交易性公司债投资_银行账户_5Y	0.0	0.0	0.0	2026-08-16 10:13:50
8097	saver-smoke-test	2026-08-15 00:00:00	1_3_2_1_4_2_4	投资银行部_交易性公司债投资_银行账户_10Y	0.0	0.0	0.0	2026-08-16 10:13:50
8098	saver-smoke-test	2026-08-15 00:00:00	1_3_2_1_5	投资银行部_交易性信托	510000000.0	0.0	3581900.4677	2026-08-16 10:13:50
8099	saver-smoke-test	2026-08-15 00:00:00	1_3_2_1_5_1	投资银行部_交易性信托_1Y	0.0	0.0	0.0	2026-08-16 10:13:50
8100	saver-smoke-test	2026-08-15 00:00:00	1_3_2_1_5_2	投资银行部_交易性信托_3Y	510000001.02	0.51	3581900.4677	2026-08-16 10:13:50
8101	saver-smoke-test	2026-08-15 00:00:00	1_3_2_1_5_3	投资银行部_交易性信托_5Y	0.0	0.0	0.0	2026-08-16 10:13:50
8102	saver-smoke-test	2026-08-15 00:00:00	1_3_2_1_6	投资银行部_交易性资管计划	1775109005.18	0.0	8231931.0685	2026-08-16 10:13:50
8103	saver-smoke-test	2026-08-15 00:00:00	1_3_2_1_6_1	投资银行部_交易性资管计划_1Y	559040537.99	0.56	1744803.8589	2026-08-16 10:13:50
8104	saver-smoke-test	2026-08-15 00:00:00	1_3_2_1_6_2	投资银行部_交易性资管计划_3Y	519624782.43	0.52	3280432.0424	2026-08-16 10:13:50
8105	saver-smoke-test	2026-08-15 00:00:00	1_3_2_1_6_3	投资银行部_交易性资管计划_5Y	696443688.31	0.7	3327500.0123	2026-08-16 10:13:50
8106	saver-smoke-test	2026-08-15 00:00:00	1_3_2_1_7	投资银行部_交易性债权融资计划	0.0	0.0	0.0	2026-08-16 10:13:50
8107	saver-smoke-test	2026-08-15 00:00:00	1_3_2_1_7_1	投资银行部_交易性债权融资计划_1Y	0.0	0.0	0.0	2026-08-16 10:13:50
8108	saver-smoke-test	2026-08-15 00:00:00	1_3_2_1_7_2	投资银行部_交易性债权融资计划_3Y	0.0	0.0	0.0	2026-08-16 10:13:50
8109	saver-smoke-test	2026-08-15 00:00:00	1_3_2_1_7_3	投资银行部_交易性债权融资计划_5Y	0.0	0.0	0.0	2026-08-16 10:13:50
8110	saver-smoke-test	2026-08-15 00:00:00	1_3_2_1_8	投资银行部_交易性私募基金	200394619.5	0.0	1144004.5893	2026-08-16 10:13:50
8111	saver-smoke-test	2026-08-15 00:00:00	1_3_2_1_8_1	投资银行部_交易性私募基金_1Y	0.0	0.0	0.0	2026-08-16 10:13:50
8112	saver-smoke-test	2026-08-15 00:00:00	1_3_2_1_8_2	投资银行部_交易性私募基金_3Y	0.0	0.0	0.0	2026-08-16 10:13:50
8113	saver-smoke-test	2026-08-15 00:00:00	1_3_2_1_8_3	投资银行部_交易性私募基金_5Y	200394619.9	0.2	1144004.5893	2026-08-16 10:13:50
8114	saver-smoke-test	2026-08-15 00:00:00	1_3_2_1_9	投资银行部_交易性公募基金	0.0	0.0	0.0	2026-08-16 10:13:50
8115	saver-smoke-test	2026-08-15 00:00:00	1_3_2_1_9_1	投资银行部_交易性公募基金_3Y	0.0	0.0	0.0	2026-08-16 10:13:50
8116	saver-smoke-test	2026-08-15 00:00:00	1_3_2_2	投资银行部_其他债权投资	0.0	0.0	0.0	2026-08-16 10:13:50
8117	saver-smoke-test	2026-08-15 00:00:00	1_3_2_2_1	投资银行部_其他债权投资_商业银行债	0.0	0.0	0.0	2026-08-16 10:13:50
8118	saver-smoke-test	2026-08-15 00:00:00	1_3_2_2_1_1	投资银行部_其他债权投资_商业银行债_1Y	0.0	0.0	0.0	2026-08-16 10:13:50
8119	saver-smoke-test	2026-08-15 00:00:00	1_3_2_2_1_2	投资银行部_其他债权投资_商业银行债_3Y	0.0	0.0	0.0	2026-08-16 10:13:50
8120	saver-smoke-test	2026-08-15 00:00:00	1_3_2_2_1_3	投资银行部_其他债权投资_商业银行债_5Y	0.0	0.0	0.0	2026-08-16 10:13:50
8121	saver-smoke-test	2026-08-15 00:00:00	1_3_2_2_1_4	投资银行部_其他债权投资_商业银行债_10Y	0.0	0.0	0.0	2026-08-16 10:13:50
8122	saver-smoke-test	2026-08-15 00:00:00	1_3_2_2_10	投资银行部_其他债权投资_其他	0.0	0.0	0.0	2026-08-16 10:13:50
8123	saver-smoke-test	2026-08-15 00:00:00	1_3_2_2_10_1	投资银行部_其他债权投资_其他_1Y	0.0	0.0	0.0	2026-08-16 10:13:50
8124	saver-smoke-test	2026-08-15 00:00:00	1_3_2_2_10_2	投资银行部_其他债权投资_其他_3Y	0.0	0.0	0.0	2026-08-16 10:13:50
8125	saver-smoke-test	2026-08-15 00:00:00	1_3_2_2_10_3	投资银行部_其他债权投资_其他_5Y	0.0	0.0	0.0	2026-08-16 10:13:50
8126	saver-smoke-test	2026-08-15 00:00:00	1_3_2_2_2	投资银行部_其他债权投资_金融机构债	0.0	0.0	0.0	2026-08-16 10:13:50
8127	saver-smoke-test	2026-08-15 00:00:00	1_3_2_2_2_1	投资银行部_其他债权投资_金融机构债_1Y	0.0	0.0	0.0	2026-08-16 10:13:50
8128	saver-smoke-test	2026-08-15 00:00:00	1_3_2_2_2_2	投资银行部_其他债权投资_金融机构债_3Y	0.0	0.0	0.0	2026-08-16 10:13:50
8129	saver-smoke-test	2026-08-15 00:00:00	1_3_2_2_2_3	投资银行部_其他债权投资_金融机构债_5Y	0.0	0.0	0.0	2026-08-16 10:13:50
8130	saver-smoke-test	2026-08-15 00:00:00	1_3_2_2_2_4	投资银行部_其他债权投资_金融机构债_10Y	0.0	0.0	0.0	2026-08-16 10:13:50
8131	saver-smoke-test	2026-08-15 00:00:00	1_3_2_2_3	投资银行部_其他债权投资_公司债	0.0	0.0	0.0	2026-08-16 10:13:50
8132	saver-smoke-test	2026-08-15 00:00:00	1_3_2_2_3_1	投资银行部_其他债权投资_公司债_1Y	0.0	0.0	0.0	2026-08-16 10:13:50
8133	saver-smoke-test	2026-08-15 00:00:00	1_3_2_2_3_2	投资银行部_其他债权投资_公司债_3Y	0.0	0.0	0.0	2026-08-16 10:13:50
8134	saver-smoke-test	2026-08-15 00:00:00	1_3_2_2_3_3	投资银行部_其他债权投资_公司债_5Y	0.0	0.0	0.0	2026-08-16 10:13:50
8135	saver-smoke-test	2026-08-15 00:00:00	1_3_2_2_3_4	投资银行部_其他债权投资_公司债_10Y	0.0	0.0	0.0	2026-08-16 10:13:50
8136	saver-smoke-test	2026-08-15 00:00:00	1_3_2_2_4	投资银行部_其他债权投资_信托	0.0	0.0	0.0	2026-08-16 10:13:50
8137	saver-smoke-test	2026-08-15 00:00:00	1_3_2_2_4_1	投资银行部_其他债权投资_信托_1Y	0.0	0.0	0.0	2026-08-16 10:13:50
8138	saver-smoke-test	2026-08-15 00:00:00	1_3_2_2_4_2	投资银行部_其他债权投资_信托_3Y	0.0	0.0	0.0	2026-08-16 10:13:50
8139	saver-smoke-test	2026-08-15 00:00:00	1_3_2_2_4_3	投资银行部_其他债权投资_信托_5Y	0.0	0.0	0.0	2026-08-16 10:13:50
8140	saver-smoke-test	2026-08-15 00:00:00	1_3_2_2_5	投资银行部_其他债权投资_资管计划	0.0	0.0	0.0	2026-08-16 10:13:50
8141	saver-smoke-test	2026-08-15 00:00:00	1_3_2_2_5_1	投资银行部_其他债权投资_资管计划_1Y	0.0	0.0	0.0	2026-08-16 10:13:50
8142	saver-smoke-test	2026-08-15 00:00:00	1_3_2_2_5_2	投资银行部_其他债权投资_资管计划_3Y	0.0	0.0	0.0	2026-08-16 10:13:50
8143	saver-smoke-test	2026-08-15 00:00:00	1_3_2_2_5_3	投资银行部_其他债权投资_资管计划_5Y	0.0	0.0	0.0	2026-08-16 10:13:50
8144	saver-smoke-test	2026-08-15 00:00:00	1_3_2_2_6	投资银行部_其他债权投资_债权融资计划	0.0	0.0	0.0	2026-08-16 10:13:50
8145	saver-smoke-test	2026-08-15 00:00:00	1_3_2_2_6_1	投资银行部_其他债权投资_债权融资计划_1Y	0.0	0.0	0.0	2026-08-16 10:13:50
8146	saver-smoke-test	2026-08-15 00:00:00	1_3_2_2_6_2	投资银行部_其他债权投资_债权融资计划_3Y	0.0	0.0	0.0	2026-08-16 10:13:50
8147	saver-smoke-test	2026-08-15 00:00:00	1_3_2_2_6_3	投资银行部_其他债权投资_债权融资计划_5Y	0.0	0.0	0.0	2026-08-16 10:13:50
8148	saver-smoke-test	2026-08-15 00:00:00	1_3_2_2_7	投资银行部_其他债权投资_私募基金	0.0	0.0	0.0	2026-08-16 10:13:50
8149	saver-smoke-test	2026-08-15 00:00:00	1_3_2_2_7_1	投资银行部_其他债权投资_私募基金_1Y	0.0	0.0	0.0	2026-08-16 10:13:50
8150	saver-smoke-test	2026-08-15 00:00:00	1_3_2_2_7_2	投资银行部_其他债权投资_私募基金_3Y	0.0	0.0	0.0	2026-08-16 10:13:50
8151	saver-smoke-test	2026-08-15 00:00:00	1_3_2_2_7_3	投资银行部_其他债权投资_私募基金_5Y	0.0	0.0	0.0	2026-08-16 10:13:50
8152	saver-smoke-test	2026-08-15 00:00:00	1_3_2_2_8	投资银行部_其他债权投资_公募基金	0.0	0.0	0.0	2026-08-16 10:13:50
8153	saver-smoke-test	2026-08-15 00:00:00	1_3_2_2_8_1	投资银行部_其他债权投资_公募基金_3Y	0.0	0.0	0.0	2026-08-16 10:13:50
8154	saver-smoke-test	2026-08-15 00:00:00	1_3_2_2_9	投资银行部_其他债权投资_融资租赁	0.0	0.0	0.0	2026-08-16 10:13:50
8155	saver-smoke-test	2026-08-15 00:00:00	1_3_2_2_9_1	投资银行部_其他债权投资_融资租赁_1Y	0.0	0.0	0.0	2026-08-16 10:13:50
8156	saver-smoke-test	2026-08-15 00:00:00	1_3_2_2_9_2	投资银行部_其他债权投资_融资租赁_3Y	0.0	0.0	0.0	2026-08-16 10:13:50
8157	saver-smoke-test	2026-08-15 00:00:00	1_3_2_2_9_3	投资银行部_其他债权投资_融资租赁_5Y	0.0	0.0	0.0	2026-08-16 10:13:50
8158	saver-smoke-test	2026-08-15 00:00:00	1_3_2_3	投资银行部_债权投资	45715426189.02	0.0	252709813.3857	2026-08-16 10:13:50
8159	saver-smoke-test	2026-08-15 00:00:00	1_3_2_3_1	投资银行部_债权投资_商业银行债	0.0	0.0	0.0	2026-08-16 10:13:50
8160	saver-smoke-test	2026-08-15 00:00:00	1_3_2_3_1_1	投资银行部_债权投资_商业银行债_1Y	0.0	0.0	0.0	2026-08-16 10:13:50
8161	saver-smoke-test	2026-08-15 00:00:00	1_3_2_3_1_2	投资银行部_债权投资_商业银行债_3Y	0.0	0.0	0.0	2026-08-16 10:13:50
8162	saver-smoke-test	2026-08-15 00:00:00	1_3_2_3_1_3	投资银行部_债权投资_商业银行债_5Y	0.0	0.0	0.0	2026-08-16 10:13:50
8163	saver-smoke-test	2026-08-15 00:00:00	1_3_2_3_1_4	投资银行部_债权投资_商业银行债_10Y	0.0	0.0	0.0	2026-08-16 10:13:50
8164	saver-smoke-test	2026-08-15 00:00:00	1_3_2_3_10	投资银行部_债权投资_其他	2425222399.91	0.0	13791628.4791	2026-08-16 10:13:50
8165	saver-smoke-test	2026-08-15 00:00:00	1_3_2_3_10_1	投资银行部_债权投资_其他_1Y	0.0	0.0	0.0	2026-08-16 10:13:50
8166	saver-smoke-test	2026-08-15 00:00:00	1_3_2_3_10_2	投资银行部_债权投资_其他_3Y	1625189370.27	1.62	9123568.5054	2026-08-16 10:13:50
8167	saver-smoke-test	2026-08-15 00:00:00	1_3_2_3_10_3	投资银行部_债权投资_其他_5Y	800033034.49	0.8	4475790.7922	2026-08-16 10:13:50
8168	saver-smoke-test	2026-08-15 00:00:00	1_3_2_3_2	投资银行部_债权投资_金融机构债	0.0	0.0	0.0	2026-08-16 10:13:50
8169	saver-smoke-test	2026-08-15 00:00:00	1_3_2_3_2_1	投资银行部_债权投资_金融机构债_1Y	0.0	0.0	0.0	2026-08-16 10:13:50
8170	saver-smoke-test	2026-08-15 00:00:00	1_3_2_3_2_2	投资银行部_债权投资_金融机构债_3Y	0.0	0.0	0.0	2026-08-16 10:13:50
8171	saver-smoke-test	2026-08-15 00:00:00	1_3_2_3_2_3	投资银行部_债权投资_金融机构债_5Y	0.0	0.0	0.0	2026-08-16 10:13:50
8172	saver-smoke-test	2026-08-15 00:00:00	1_3_2_3_2_4	投资银行部_债权投资_金融机构债_10Y	0.0	0.0	0.0	2026-08-16 10:13:50
8173	saver-smoke-test	2026-08-15 00:00:00	1_3_2_3_3	投资银行部_债权投资_公司债	10410689899.56	0.0	58781509.6386	2026-08-16 10:13:50
8174	saver-smoke-test	2026-08-15 00:00:00	1_3_2_3_3_1	投资银行部_债权投资_公司债_1Y	1046929522.84	1.05	2833204.3663	2026-08-16 10:13:50
8175	saver-smoke-test	2026-08-15 00:00:00	1_3_2_3_3_2	投资银行部_债权投资_公司债_3Y	6384721386.5	6.38	38047377.5598	2026-08-16 10:13:50
8176	saver-smoke-test	2026-08-15 00:00:00	1_3_2_3_3_3	投资银行部_债权投资_公司债_5Y	2979039011.01	2.98	17900927.8898	2026-08-16 10:13:50
8177	saver-smoke-test	2026-08-15 00:00:00	1_3_2_3_3_4	投资银行部_债权投资_公司债_10Y	0.0	0.0	0.0	2026-08-16 10:13:50
8178	saver-smoke-test	2026-08-15 00:00:00	1_3_2_3_4	投资银行部_债权投资_信托	4143516867.07	0.0	25298789.8186	2026-08-16 10:13:50
8179	saver-smoke-test	2026-08-15 00:00:00	1_3_2_3_4_1	投资银行部_债权投资_信托_1Y	632150342.04	0.63	4527659.8732	2026-08-16 10:13:50
8180	saver-smoke-test	2026-08-15 00:00:00	1_3_2_3_4_2	投资银行部_债权投资_信托_3Y	2672249638.64	2.67	16366360.4275	2026-08-16 10:13:50
8181	saver-smoke-test	2026-08-15 00:00:00	1_3_2_3_4_3	投资银行部_债权投资_信托_5Y	839116894.67	0.84	4404769.3313	2026-08-16 10:13:50
8182	saver-smoke-test	2026-08-15 00:00:00	1_3_2_3_5	投资银行部_债权投资_资管计划	10971174703.68	0.0	53235508.9167	2026-08-16 10:13:50
8183	saver-smoke-test	2026-08-15 00:00:00	1_3_2_3_5_1	投资银行部_债权投资_资管计划_1Y	0.0	0.0	0.0	2026-08-16 10:13:50
8184	saver-smoke-test	2026-08-15 00:00:00	1_3_2_3_5_2	投资银行部_债权投资_资管计划_3Y	3276024198.21	3.27	16710577.9421	2026-08-16 10:13:50
8185	saver-smoke-test	2026-08-15 00:00:00	1_3_2_3_5_3	投资银行部_债权投资_资管计划_5Y	7695150527.38	7.69	36524930.8692	2026-08-16 10:13:50
8186	saver-smoke-test	2026-08-15 00:00:00	1_3_2_3_6	投资银行部_债权投资_债权融资计划	11393448380.51	0.0	67435185.8933	2026-08-16 10:13:50
8187	saver-smoke-test	2026-08-15 00:00:00	1_3_2_3_6_1	投资银行部_债权投资_债权融资计划_1Y	2459928019.88	2.46	15045917.3875	2026-08-16 10:13:50
8188	saver-smoke-test	2026-08-15 00:00:00	1_3_2_3_6_2	投资银行部_债权投资_债权融资计划_3Y	6213167692.45	6.21	36486705.044	2026-08-16 10:13:50
8189	saver-smoke-test	2026-08-15 00:00:00	1_3_2_3_6_3	投资银行部_债权投资_债权融资计划_5Y	2720352690.93	2.72	15902563.6628	2026-08-16 10:13:50
8190	saver-smoke-test	2026-08-15 00:00:00	1_3_2_3_7	投资银行部_债权投资_私募基金	5470337682.35	0.0	28784399.3597	2026-08-16 10:13:50
8191	saver-smoke-test	2026-08-15 00:00:00	1_3_2_3_7_1	投资银行部_债权投资_私募基金_1Y	0.0	0.0	0.0	2026-08-16 10:13:50
8192	saver-smoke-test	2026-08-15 00:00:00	1_3_2_3_7_2	投资银行部_债权投资_私募基金_3Y	802415009.26	0.8	4544852.7849	2026-08-16 10:13:50
8193	saver-smoke-test	2026-08-15 00:00:00	1_3_2_3_7_3	投资银行部_债权投资_私募基金_5Y	4667922684.01	4.66	24239546.6592	2026-08-16 10:13:50
8194	saver-smoke-test	2026-08-15 00:00:00	1_3_2_3_8	投资银行部_债权投资_公募基金	0.0	0.0	0.0	2026-08-16 10:13:50
8195	saver-smoke-test	2026-08-15 00:00:00	1_3_2_3_8_1	投资银行部_债权投资_公募基金_3Y	0.0	0.0	0.0	2026-08-16 10:13:50
8196	saver-smoke-test	2026-08-15 00:00:00	1_3_2_3_9	投资银行部_债权投资_融资租赁	901036255.94	0.0	5374872.4292	2026-08-16 10:13:50
8197	saver-smoke-test	2026-08-15 00:00:00	1_3_2_3_9_1	投资银行部_债权投资_融资租赁_1Y	0.0	0.0	0.0	2026-08-16 10:13:50
8198	saver-smoke-test	2026-08-15 00:00:00	1_3_2_3_9_2	投资银行部_债权投资_融资租赁_3Y	0.0	0.0	0.0	2026-08-16 10:13:50
8199	saver-smoke-test	2026-08-15 00:00:00	1_3_2_3_9_3	投资银行部_债权投资_融资租赁_5Y	901036257.74	0.9	5374872.4292	2026-08-16 10:13:50
8200	saver-smoke-test	2026-08-15 00:00:00	1_3_2_4	投资银行部_其他权益工具投资	10280367.91	0.0	248689.7286	2026-08-16 10:13:50
8201	saver-smoke-test	2026-08-15 00:00:00	1_3_2_4_1	投资银行部_其他权益工具投资_5Y	10280367.93	0.01	248689.7286	2026-08-16 10:13:50
8202	saver-smoke-test	2026-08-15 00:00:00	1_4	发放贷款	187681479451.64	7107588432.93	819226932.29	2026-08-16 10:13:50
8203	saver-smoke-test	2026-08-15 00:00:00	1_4_1	个金条线贷款	59481229195.35	2202186858.59	261780888.6301	2026-08-16 10:13:50
8204	saver-smoke-test	2026-08-15 00:00:00	1_4_1_1	个金条线_个人经营贷款	1089633180.64	23984025.88	11242082.7283	2026-08-16 10:13:50
8205	saver-smoke-test	2026-08-15 00:00:00	1_4_1_1_1	个金条线_个人经营贷款_3M	2146697.47	0.0	0.0	2026-08-16 10:13:50
8206	saver-smoke-test	2026-08-15 00:00:00	1_4_1_1_2	个金条线_个人经营贷款_6M	0.0	0.0	0.0	2026-08-16 10:13:50
8207	saver-smoke-test	2026-08-15 00:00:00	1_4_1_1_3	个金条线_个人经营贷款_1Y	147037130.22	19164838.78	1190540.1708	2026-08-16 10:13:50
8208	saver-smoke-test	2026-08-15 00:00:00	1_4_1_1_4	个金条线_个人经营贷款_2Y	29630444.16	0.02	1810929.3287	2026-08-16 10:13:50
8209	saver-smoke-test	2026-08-15 00:00:00	1_4_1_1_5	个金条线_个人经营贷款_3Y	910818909.89	4819187.63	8238681.0432	2026-08-16 10:13:50
8210	saver-smoke-test	2026-08-15 00:00:00	1_4_1_2	个金条线_个人消费贷款	6830796167.57	121226448.48	32227125.7093	2026-08-16 10:13:50
8211	saver-smoke-test	2026-08-15 00:00:00	1_4_1_2_1	个金条线_便民贷	523352523.8	7694844.31	3397519.0373	2026-08-16 10:13:50
8212	saver-smoke-test	2026-08-15 00:00:00	1_4_1_2_1_1	个金条线_便民贷_3M	7018459.97	1642705.67	53530.9386	2026-08-16 10:13:50
8213	saver-smoke-test	2026-08-15 00:00:00	1_4_1_2_1_2	个金条线_便民贷_6M	9954814.64	1320309.61	45709.1733	2026-08-16 10:13:50
8214	saver-smoke-test	2026-08-15 00:00:00	1_4_1_2_1_3	个金条线_便民贷_1Y	123046971.98	4538090.37	842687.6243	2026-08-16 10:13:50
8215	saver-smoke-test	2026-08-15 00:00:00	1_4_1_2_1_4	个金条线_便民贷_2Y	327352732.23	193738.9	2136322.5671	2026-08-16 10:13:50
8216	saver-smoke-test	2026-08-15 00:00:00	1_4_1_2_1_5	个金条线_便民贷_3Y	55979545.51	0.03	317235.3788	2026-08-16 10:13:50
8217	saver-smoke-test	2026-08-15 00:00:00	1_4_1_2_2	个金条线_公积金秒贷	3201734935.39	109759604.39	13397140.8989	2026-08-16 10:13:50
8218	saver-smoke-test	2026-08-15 00:00:00	1_4_1_2_2_1	个金条线_公积金秒贷_3M	0.0	0.0	0.0	2026-08-16 10:13:50
8219	saver-smoke-test	2026-08-15 00:00:00	1_4_1_2_2_2	个金条线_公积金秒贷_6M	0.0	0.0	0.0	2026-08-16 10:13:50
8220	saver-smoke-test	2026-08-15 00:00:00	1_4_1_2_2_3	个金条线_公积金秒贷_1Y	2866313785.53	109058161.76	11842001.6601	2026-08-16 10:13:50
8221	saver-smoke-test	2026-08-15 00:00:00	1_4_1_2_2_4	个金条线_公积金秒贷_2Y	324118645.75	0.16	1479585.1093	2026-08-16 10:13:50
8222	saver-smoke-test	2026-08-15 00:00:00	1_4_1_2_2_5	个金条线_公积金秒贷_3Y	11302507.35	701444.09	75749.6081	2026-08-16 10:13:50
8223	saver-smoke-test	2026-08-15 00:00:00	1_4_1_2_3	个金条线_其他个人消费贷款	3105708708.38	3771999.77	15464423.1541	2026-08-16 10:13:50
8224	saver-smoke-test	2026-08-15 00:00:00	1_4_1_2_3_1	个金条线_其他个人消费贷款_3M	0.0	0.0	0.0	2026-08-16 10:13:50
8225	saver-smoke-test	2026-08-15 00:00:00	1_4_1_2_3_2	个金条线_其他个人消费贷款_6M	270000.0	0.0	1071.2851	2026-08-16 10:13:50
8226	saver-smoke-test	2026-08-15 00:00:00	1_4_1_2_3_3	个金条线_其他个人消费贷款_1Y	312817059.14	3222330.52	1362467.912	2026-08-16 10:13:50
8227	saver-smoke-test	2026-08-15 00:00:00	1_4_1_2_3_4	个金条线_其他个人消费贷款_2Y	35496665.24	0.02	191195.6249	2026-08-16 10:13:50
8228	saver-smoke-test	2026-08-15 00:00:00	1_4_1_2_3_5	个金条线_其他个人消费贷款_3Y	2757124987.15	549670.82	13911145.0291	2026-08-16 10:13:50
8229	saver-smoke-test	2026-08-15 00:00:00	1_4_1_3	个金条线_个人住房贷款	49251997930.1	167494.35	215514182.6485	2026-08-16 10:13:50
8230	saver-smoke-test	2026-08-15 00:00:00	1_4_1_3_1	个金条线_个人住房贷款_1Y	30000.0	0.0	9.7637	2026-08-16 10:13:50
8231	saver-smoke-test	2026-08-15 00:00:00	1_4_1_3_2	个金条线_个人住房贷款_2Y	0.0	0.0	0.0	2026-08-16 10:13:50
8232	saver-smoke-test	2026-08-15 00:00:00	1_4_1_3_3	个金条线_个人住房贷款_3Y	1108505.88	0.0	5682.4619	2026-08-16 10:13:50
8233	saver-smoke-test	2026-08-15 00:00:00	1_4_1_3_4	个金条线_个人住房贷款_5Y	1678547.93	8849.87	8379.7595	2026-08-16 10:13:50
8234	saver-smoke-test	2026-08-15 00:00:00	1_4_1_3_5	个金条线_个人住房贷款_10Y	49249180926.14	158669.42	215500112.7481	2026-08-16 10:13:50
8235	saver-smoke-test	2026-08-15 00:00:00	1_4_1_4	个金条线_个人贷记卡透支	2308796917.05	2056808889.87	2477342.9044	2026-08-16 10:13:50
8236	saver-smoke-test	2026-08-15 00:00:00	1_4_1_4_1	个金条线_个人贷记卡透支_3M	2300877861.59	2056734865.38	2477342.812	2026-08-16 10:13:50
8237	saver-smoke-test	2026-08-15 00:00:00	1_4_1_4_2	个金条线_个人贷记卡透支_6M	935465.01	15745.16	0.0	2026-08-16 10:13:50
8238	saver-smoke-test	2026-08-15 00:00:00	1_4_1_4_3	个金条线_个人贷记卡透支_1Y	1514996.23	55977.15	0.0	2026-08-16 10:13:50
8239	saver-smoke-test	2026-08-15 00:00:00	1_4_1_4_4	个金条线_个人贷记卡透支_2Y	2318596.55	178.73	0.0	2026-08-16 10:13:50
8240	saver-smoke-test	2026-08-15 00:00:00	1_4_1_4_5	个金条线_个人贷记卡透支_3Y	3150000.0	2124.62	0.0	2026-08-16 10:13:50
8241	saver-smoke-test	2026-08-15 00:00:00	1_4_1_5	个金条线_其他贷款	4999.99	0.0	0.0	2026-08-16 10:13:50
8242	saver-smoke-test	2026-08-15 00:00:00	1_4_1_5_1	个金条线_其他贷款_3M	0.0	0.0	0.0	2026-08-16 10:13:50
8243	saver-smoke-test	2026-08-15 00:00:00	1_4_1_5_2	个金条线_其他贷款_6M	0.0	0.0	0.0	2026-08-16 10:13:50
8244	saver-smoke-test	2026-08-15 00:00:00	1_4_1_5_3	个金条线_其他贷款_1Y	0.0	0.0	0.0	2026-08-16 10:13:50
8245	saver-smoke-test	2026-08-15 00:00:00	1_4_1_5_4	个金条线_其他贷款_2Y	0.0	0.0	0.0	2026-08-16 10:13:50
8246	saver-smoke-test	2026-08-15 00:00:00	1_4_1_5_5	个金条线_其他贷款_3Y	4999.99	0.0	0.0	2026-08-16 10:13:50
8247	saver-smoke-test	2026-08-15 00:00:00	1_4_2	小微条线贷款	13290914456.06	432212949.62	71170954.1724	2026-08-16 10:13:50
8248	saver-smoke-test	2026-08-15 00:00:00	1_4_2_1	小微条线_单位流动资金贷款	7625019773.66	210400722.52	40752188.9952	2026-08-16 10:13:50
8249	saver-smoke-test	2026-08-15 00:00:00	1_4_2_1_1	小微条线_单位流动资金贷款_3M	49000000.05	0.02	27725.414	2026-08-16 10:13:50
8250	saver-smoke-test	2026-08-15 00:00:00	1_4_2_1_2	小微条线_单位流动资金贷款_6M	50311470.05	0.03	-86184.7992	2026-08-16 10:13:50
8251	saver-smoke-test	2026-08-15 00:00:00	1_4_2_1_3	小微条线_单位流动资金贷款_1Y	6305237380.58	202672460.36	32281647.3003	2026-08-16 10:13:50
8252	saver-smoke-test	2026-08-15 00:00:00	1_4_2_1_4	小微条线_单位流动资金贷款_2Y	675070624.09	3612903.57	4516290.3546	2026-08-16 10:13:50
8253	saver-smoke-test	2026-08-15 00:00:00	1_4_2_1_5	小微条线_单位流动资金贷款_3Y	545400306.6	4115362.41	4061954.2959	2026-08-16 10:13:50
8254	saver-smoke-test	2026-08-15 00:00:00	1_4_2_2	小微条线_单位其他固定资产贷款	46623755.22	0.0	209783.7104	2026-08-16 10:13:50
8255	saver-smoke-test	2026-08-15 00:00:00	1_4_2_2_1	小微条线_单位其他固定资产贷款_1Y	3600000.0	0.0	1520.8333	2026-08-16 10:13:50
8256	saver-smoke-test	2026-08-15 00:00:00	1_4_2_2_2	小微条线_单位其他固定资产贷款_3Y	0.0	0.0	0.0	2026-08-16 10:13:50
8257	saver-smoke-test	2026-08-15 00:00:00	1_4_2_2_3	小微条线_单位其他固定资产贷款_5Y	10000000.01	0.01	46131.955	2026-08-16 10:13:50
8258	saver-smoke-test	2026-08-15 00:00:00	1_4_2_2_4	小微条线_单位其他固定资产贷款_10Y	33023755.25	0.02	162130.9211	2026-08-16 10:13:50
8259	saver-smoke-test	2026-08-15 00:00:00	1_4_2_3	小微条线_个人经营贷款	5618766715.57	221812227.1	30125806.0491	2026-08-16 10:13:50
8260	saver-smoke-test	2026-08-15 00:00:00	1_4_2_3_1	小微条线_个人经营贷款_线上	1131626047.95	61643420.06	6353716.7885	2026-08-16 10:13:50
8261	saver-smoke-test	2026-08-15 00:00:00	1_4_2_3_1_1	小微条线_个人经营贷款_线上_3M	4919841.1	990296.67	14266.46	2026-08-16 10:13:50
8262	saver-smoke-test	2026-08-15 00:00:00	1_4_2_3_1_2	小微条线_个人经营贷款_线上_6M	6719720.2	1709677.42	20216.3071	2026-08-16 10:13:50
8263	saver-smoke-test	2026-08-15 00:00:00	1_4_2_3_1_3	小微条线_个人经营贷款_线上_1Y	971425919.21	58943446.46	5464493.3699	2026-08-16 10:13:50
8264	saver-smoke-test	2026-08-15 00:00:00	1_4_2_3_1_4	小微条线_个人经营贷款_线上_2Y	39502113.21	0.02	42436.8717	2026-08-16 10:13:50
8265	saver-smoke-test	2026-08-15 00:00:00	1_4_2_3_1_5	小微条线_个人经营贷款_线上_3Y	109058455.37	0.06	893797.9891	2026-08-16 10:13:50
8266	saver-smoke-test	2026-08-15 00:00:00	1_4_2_3_2	小微条线_个人经营贷款_线下	4487140667.62	160168807.04	23776461.0897	2026-08-16 10:13:50
8267	saver-smoke-test	2026-08-15 00:00:00	1_4_2_3_2_1	小微条线_个人经营贷款_线下_3M	2254244.76	0.0	0.0	2026-08-16 10:13:50
8268	saver-smoke-test	2026-08-15 00:00:00	1_4_2_3_2_2	小微条线_个人经营贷款_线下_6M	4870955.74	0.0	0.0	2026-08-16 10:13:50
8269	saver-smoke-test	2026-08-15 00:00:00	1_4_2_3_2_3	小微条线_个人经营贷款_线下_1Y	2532720576.96	132408059.44	13851350.428	2026-08-16 10:13:50
8270	saver-smoke-test	2026-08-15 00:00:00	1_4_2_3_2_4	小微条线_个人经营贷款_线下_2Y	718440404.48	3961290.68	3519651.4178	2026-08-16 10:13:50
8271	saver-smoke-test	2026-08-15 00:00:00	1_4_2_3_2_5	小微条线_个人经营贷款_线下_3Y	1228854490.21	23799459.18	6291060.4228	2026-08-16 10:13:50
8272	saver-smoke-test	2026-08-15 00:00:00	1_4_2_4	小微条线_个人消费贷款	504211.61	0.0	1852.3616	2026-08-16 10:13:50
8273	saver-smoke-test	2026-08-15 00:00:00	1_4_2_4_1	小微条线_个人消费贷款_3M	0.0	0.0	0.0	2026-08-16 10:13:50
8274	saver-smoke-test	2026-08-15 00:00:00	1_4_2_4_2	小微条线_个人消费贷款_6M	0.0	0.0	0.0	2026-08-16 10:13:50
8275	saver-smoke-test	2026-08-15 00:00:00	1_4_2_4_3	小微条线_个人消费贷款_1Y	0.0	0.0	0.0	2026-08-16 10:13:50
8276	saver-smoke-test	2026-08-15 00:00:00	1_4_2_4_4	小微条线_个人消费贷款_2Y	0.0	0.0	0.0	2026-08-16 10:13:50
8277	saver-smoke-test	2026-08-15 00:00:00	1_4_2_4_5	小微条线_个人消费贷款_3Y	504211.61	0.0	1852.3616	2026-08-16 10:13:50
8278	saver-smoke-test	2026-08-15 00:00:00	1_4_3	对公条线贷款	96772976571.62	2940619203.64	421455259.2088	2026-08-16 10:13:50
8279	saver-smoke-test	2026-08-15 00:00:00	1_4_3_1	对公条线_单位房地产贷款	7959675760.51	152980645.16	44269140.8948	2026-08-16 10:13:50
8280	saver-smoke-test	2026-08-15 00:00:00	1_4_3_1_1	对公条线_单位房地产贷款_1Y	30800000.03	71206451.63	409702.3432	2026-08-16 10:13:50
8281	saver-smoke-test	2026-08-15 00:00:00	1_4_3_1_2	对公条线_单位房地产贷款_3Y	6049185406.38	2419357.9	34613428.2019	2026-08-16 10:13:50
8282	saver-smoke-test	2026-08-15 00:00:00	1_4_3_1_3	对公条线_单位房地产贷款_5Y	1528690361.8	79354839.48	7082584.9783	2026-08-16 10:13:50
8283	saver-smoke-test	2026-08-15 00:00:00	1_4_3_1_4	对公条线_单位房地产贷款_10Y	351000000.36	0.18	2190215.079	2026-08-16 10:13:50
8284	saver-smoke-test	2026-08-15 00:00:00	1_4_3_2	对公条线_单位项目融资贷款	2625647357.1	0.0	13318266.3495	2026-08-16 10:13:50
8285	saver-smoke-test	2026-08-15 00:00:00	1_4_3_2_1	对公条线_单位项目融资贷款_3M	0.0	0.0	0.0	2026-08-16 10:13:50
8286	saver-smoke-test	2026-08-15 00:00:00	1_4_3_2_2	对公条线_单位项目融资贷款_6M	0.0	0.0	0.0	2026-08-16 10:13:50
8287	saver-smoke-test	2026-08-15 00:00:00	1_4_3_2_3	对公条线_单位项目融资贷款_1Y	0.0	0.0	0.0	2026-08-16 10:13:50
8288	saver-smoke-test	2026-08-15 00:00:00	1_4_3_2_4	对公条线_单位项目融资贷款_2Y	0.0	0.0	0.0	2026-08-16 10:13:50
8289	saver-smoke-test	2026-08-15 00:00:00	1_4_3_2_5	对公条线_单位项目融资贷款_3Y	2625647359.76	1.33	13318266.3495	2026-08-16 10:13:50
8290	saver-smoke-test	2026-08-15 00:00:00	1_4_3_3	对公条线_单位其他固定资产贷款	16755827011.48	0.0	78094931.3182	2026-08-16 10:13:50
8291	saver-smoke-test	2026-08-15 00:00:00	1_4_3_3_1	对公条线_单位其他固定资产贷款_1Y	0.0	0.0	0.0	2026-08-16 10:13:50
8292	saver-smoke-test	2026-08-15 00:00:00	1_4_3_3_2	对公条线_单位其他固定资产贷款_3Y	2226216002.25	1.13	10669028.3964	2026-08-16 10:13:50
8293	saver-smoke-test	2026-08-15 00:00:00	1_4_3_3_3	对公条线_单位其他固定资产贷款_5Y	2033377802.06	1.03	10413261.0183	2026-08-16 10:13:50
8294	saver-smoke-test	2026-08-15 00:00:00	1_4_3_3_4	对公条线_单位其他固定资产贷款_10Y	12496233224.13	6.33	57012752.4393	2026-08-16 10:13:50
8295	saver-smoke-test	2026-08-15 00:00:00	1_4_3_4	对公条线_单位流动资金贷款	69271779814.21	2626336774.19	285476465.8465	2026-08-16 10:13:50
8296	saver-smoke-test	2026-08-15 00:00:00	1_4_3_4_1	对公条线_单位流动资金贷款_3M	13492708.45	8709677.43	7893.627	2026-08-16 10:13:50
8297	saver-smoke-test	2026-08-15 00:00:00	1_4_3_4_2	对公条线_单位流动资金贷款_6M	416900000.42	0.21	503259.9615	2026-08-16 10:13:50
8298	saver-smoke-test	2026-08-15 00:00:00	1_4_3_4_3	对公条线_单位流动资金贷款_1Y	33956298199.73	1835477436.55	132633025.5935	2026-08-16 10:13:50
8299	saver-smoke-test	2026-08-15 00:00:00	1_4_3_4_4	对公条线_单位流动资金贷款_2Y	10686139244.98	17741940.89	43004710.9438	2026-08-16 10:13:50
8300	saver-smoke-test	2026-08-15 00:00:00	1_4_3_4_5	对公条线_单位流动资金贷款_3Y	24198949730.74	764407754.19	109407064.7239	2026-08-16 10:13:50
8301	saver-smoke-test	2026-08-15 00:00:00	1_4_3_5	对公条线_其他贷款	160046628.32	161301784.28	194665.0407	2026-08-16 10:13:50
8302	saver-smoke-test	2026-08-15 00:00:00	1_4_3_5_1	对公条线_其他贷款_3M	26999344.57	32546348.38	98455.9317	2026-08-16 10:13:50
8303	saver-smoke-test	2026-08-15 00:00:00	1_4_3_5_2	对公条线_其他贷款_6M	0.0	0.0	0.0	2026-08-16 10:13:50
8304	saver-smoke-test	2026-08-15 00:00:00	1_4_3_5_3	对公条线_其他贷款_1Y	0.0	0.0	0.0	2026-08-16 10:13:50
8305	saver-smoke-test	2026-08-15 00:00:00	1_4_3_5_4	对公条线_其他贷款_2Y	0.0	0.0	0.0	2026-08-16 10:13:50
8306	saver-smoke-test	2026-08-15 00:00:00	1_4_3_5_5	对公条线_其他贷款_3Y	133047283.91	128755435.99	96209.1075	2026-08-16 10:13:50
8307	saver-smoke-test	2026-08-15 00:00:00	1_4_4	数金条线贷款	6138937400.44	204424426.34	39179377.1304	2026-08-16 10:13:50
8308	saver-smoke-test	2026-08-15 00:00:00	1_4_4_1	数金条线_个人经营贷款	6396912.44	1458020.51	54566.5769	2026-08-16 10:13:50
8309	saver-smoke-test	2026-08-15 00:00:00	1_4_4_1_1	数金条线_个人经营贷款_线上	0.0	0.0	0.0	2026-08-16 10:13:50
8310	saver-smoke-test	2026-08-15 00:00:00	1_4_4_1_1_1	数金条线_个人经营贷款_线上_3M	0.0	0.0	0.0	2026-08-16 10:13:50
8311	saver-smoke-test	2026-08-15 00:00:00	1_4_4_1_1_2	数金条线_个人经营贷款_线上_6M	0.0	0.0	0.0	2026-08-16 10:13:50
8312	saver-smoke-test	2026-08-15 00:00:00	1_4_4_1_1_3	数金条线_个人经营贷款_线上_1Y	0.0	0.0	0.0	2026-08-16 10:13:50
8313	saver-smoke-test	2026-08-15 00:00:00	1_4_4_1_1_4	数金条线_个人经营贷款_线上_2Y	0.0	0.0	0.0	2026-08-16 10:13:50
8314	saver-smoke-test	2026-08-15 00:00:00	1_4_4_1_1_5	数金条线_个人经营贷款_线上_3Y	0.0	0.0	0.0	2026-08-16 10:13:50
8315	saver-smoke-test	2026-08-15 00:00:00	1_4_4_1_2	数金条线_个人经营贷款_线下	6396912.44	1458020.51	54566.5769	2026-08-16 10:13:50
8316	saver-smoke-test	2026-08-15 00:00:00	1_4_4_1_2_1	数金条线_个人经营贷款_线下_3M	0.0	0.0	0.0	2026-08-16 10:13:50
8317	saver-smoke-test	2026-08-15 00:00:00	1_4_4_1_2_2	数金条线_个人经营贷款_线下_6M	0.0	0.0	0.0	2026-08-16 10:13:50
8318	saver-smoke-test	2026-08-15 00:00:00	1_4_4_1_2_3	数金条线_个人经营贷款_线下_1Y	0.0	0.0	0.0	2026-08-16 10:13:50
8319	saver-smoke-test	2026-08-15 00:00:00	1_4_4_1_2_4	数金条线_个人经营贷款_线下_2Y	0.0	0.0	0.0	2026-08-16 10:13:50
8320	saver-smoke-test	2026-08-15 00:00:00	1_4_4_1_2_5	数金条线_个人经营贷款_线下_3Y	6396912.45	1458020.51	54566.5769	2026-08-16 10:13:50
8321	saver-smoke-test	2026-08-15 00:00:00	1_4_4_2	数金条线_个人消费贷款	6132540488.0	202966405.82	39124021.6591	2026-08-16 10:13:50
8322	saver-smoke-test	2026-08-15 00:00:00	1_4_4_2_1	数金条线_个人消费贷款_3M	339308041.4	73951560.88	1735001.1855	2026-08-16 10:13:50
8323	saver-smoke-test	2026-08-15 00:00:00	1_4_4_2_2	数金条线_个人消费贷款_6M	472778276.44	24302265.07	1530124.8342	2026-08-16 10:13:50
8324	saver-smoke-test	2026-08-15 00:00:00	1_4_4_2_3	数金条线_个人消费贷款_1Y	4999063609.57	104689801.04	34243763.2163	2026-08-16 10:13:50
8325	saver-smoke-test	2026-08-15 00:00:00	1_4_4_2_4	数金条线_个人消费贷款_2Y	307173973.42	22781.94	1522278.9533	2026-08-16 10:13:50
8326	saver-smoke-test	2026-08-15 00:00:00	1_4_4_2_5	数金条线_个人消费贷款_3Y	14216593.37	0.01	106071.2308	2026-08-16 10:13:50
8327	saver-smoke-test	2026-08-15 00:00:00	1_4_5	贸易融资	3273562990.18	387324359.64	7118234.8087	2026-08-16 10:13:50
8328	saver-smoke-test	2026-08-15 00:00:00	1_4_5_1	贸易融资_3M	703982757.67	387324360.0	1117458.3414	2026-08-16 10:13:50
8329	saver-smoke-test	2026-08-15 00:00:00	1_4_5_2	贸易融资_6M	2039580235.29	1.03	3286421.0419	2026-08-16 10:13:50
8330	saver-smoke-test	2026-08-15 00:00:00	1_4_5_3	贸易融资_1Y	0.0	0.0	0.0	2026-08-16 10:13:50
8331	saver-smoke-test	2026-08-15 00:00:00	1_4_5_4	贸易融资_2Y	0.0	0.0	0.0	2026-08-16 10:13:50
8332	saver-smoke-test	2026-08-15 00:00:00	1_4_5_5	贸易融资_3Y	530000000.54	0.27	2777832.3783	2026-08-16 10:13:50
8333	saver-smoke-test	2026-08-15 00:00:00	1_4_6	贴现	8723858837.99	940820635.1	19681816.2623	2026-08-16 10:13:50
8334	saver-smoke-test	2026-08-15 00:00:00	1_4_6_1	直贴_3M	703236650.59	397021142.67	11823969.6273	2026-08-16 10:13:50
8335	saver-smoke-test	2026-08-15 00:00:00	1_4_6_2	转贴_6M	6731154972.56	466286056.07	8384831.3891	2026-08-16 10:13:50
8336	saver-smoke-test	2026-08-15 00:00:00	1_4_6_3	福费廷_3M	1289467223.67	77513440.78	235281.1794	2026-08-16 10:13:50
8337	saver-smoke-test	2026-08-15 00:00:00	1_4_6_4	应收款买断_3M	0.0	0.0	0.0	2026-08-16 10:13:50
8338	saver-smoke-test	2026-08-15 00:00:00	1_5	其他资产	20562683409.17	16697443249.88	0.0	2026-08-16 10:13:50
8339	saver-smoke-test	2026-08-15 00:00:00	1_5_1	贵金属_30Y	0.0	0.0	0.0	2026-08-16 10:13:50
8340	saver-smoke-test	2026-08-15 00:00:00	1_5_1_1	贵金属_黄金_1D	0.0	0.0	0.0	2026-08-16 10:13:50
8341	saver-smoke-test	2026-08-15 00:00:00	1_5_1_2	贵金属_非黄金_30Y	0.0	0.0	0.0	2026-08-16 10:13:50
8342	saver-smoke-test	2026-08-15 00:00:00	1_5_2	各类应收款_30Y	2758822984.88	2297068341.74	0.0	2026-08-16 10:13:50
8343	saver-smoke-test	2026-08-15 00:00:00	1_5_3	其他资产_30Y	17803860436.28	14400374914.14	0.0	2026-08-16 10:13:50
8344	saver-smoke-test	2026-08-15 00:00:00	2_1	向中央银行借款	-13220221887.02	-782031989.31	20247325.6126	2026-08-16 10:13:50
8345	saver-smoke-test	2026-08-15 00:00:00	2_1_1	再贴现_1Y	-3326709892.06	-782031991.82	3891188.0469	2026-08-16 10:13:50
8346	saver-smoke-test	2026-08-15 00:00:00	2_1_2	再贷款_1Y	-9893512015.0	-7.45	16355836.2718	2026-08-16 10:13:50
8347	saver-smoke-test	2026-08-15 00:00:00	2_2	同业负债	-33386978675.08	-3958346118.26	35045535.7617	2026-08-16 10:13:50
8348	saver-smoke-test	2026-08-15 00:00:00	2_2_1	同业存放款项	-17057013301.15	-3035967860.2	23838358.9692	2026-08-16 10:13:50
8349	saver-smoke-test	2026-08-15 00:00:00	2_2_1_1	同业存放活期款项	-4951622651.15	-3035967860.2	3236033.8159	2026-08-16 10:13:50
8350	saver-smoke-test	2026-08-15 00:00:00	2_2_1_1_1	同业存放活期款项_1D	-4951622654.12	-3035967861.68	3236033.8159	2026-08-16 10:13:50
8351	saver-smoke-test	2026-08-15 00:00:00	2_2_1_2	同业存放定期款项	-12105390650.0	0.0	19601858.522	2026-08-16 10:13:50
8352	saver-smoke-test	2026-08-15 00:00:00	2_2_1_2_1	同业存放定期款项_1M	0.0	0.0	0.0	2026-08-16 10:13:50
8353	saver-smoke-test	2026-08-15 00:00:00	2_2_1_2_2	同业存放定期款项_3M	-300000000.18	-0.09	49849.54	2026-08-16 10:13:50
8354	saver-smoke-test	2026-08-15 00:00:00	2_2_1_2_3	同业存放定期款项_6M	-3650000002.19	-1.09	5549492.684	2026-08-16 10:13:50
8355	saver-smoke-test	2026-08-15 00:00:00	2_2_1_2_4	同业存放定期款项_1Y	-8155390654.9	-2.43	13893534.6518	2026-08-16 10:13:50
8356	saver-smoke-test	2026-08-15 00:00:00	2_2_2	同业拆入	-3568465373.93	-72270000.0	3211786.1118	2026-08-16 10:13:50
8357	saver-smoke-test	2026-08-15 00:00:00	2_2_2_1	同业拆入_1D	-3568465376.07	-72270001.06	3211786.1118	2026-08-16 10:13:50
8358	saver-smoke-test	2026-08-15 00:00:00	2_2_3	同业借款借入	-2990000000.0	0.0	8500824.6483	2026-08-16 10:13:50
8359	saver-smoke-test	2026-08-15 00:00:00	2_2_3_1	同业借款借入_1D	-2990000001.79	-0.89	8500824.6483	2026-08-16 10:13:50
8360	saver-smoke-test	2026-08-15 00:00:00	2_2_4	卖出回购	-9771500000.0	-850108258.06	1598452.4864	2026-08-16 10:13:50
8361	saver-smoke-test	2026-08-15 00:00:00	2_2_4_1	卖出回购债券	-9771500000.0	-850108258.06	1598429.5737	2026-08-16 10:13:50
8362	saver-smoke-test	2026-08-15 00:00:00	2_2_4_1_1	卖出回购债券_买断式_1D	0.0	-196209677.42	353892.826	2026-08-16 10:13:50
8363	saver-smoke-test	2026-08-15 00:00:00	2_2_4_1_2	卖出回购债券_买断式_7D	-9771500005.87	-653898583.57	1255732.6247	2026-08-16 10:13:50
8364	saver-smoke-test	2026-08-15 00:00:00	2_2_4_1_3	卖出回购债券_质押式_1D	0.0	0.0	0.0	2026-08-16 10:13:50
8365	saver-smoke-test	2026-08-15 00:00:00	2_2_4_1_4	卖出回购债券_质押式_7D	0.0	0.0	0.0	2026-08-16 10:13:50
8366	saver-smoke-test	2026-08-15 00:00:00	2_2_4_2	卖出回购票据	0.0	0.0	0.0	2026-08-16 10:13:50
8367	saver-smoke-test	2026-08-15 00:00:00	2_2_4_2_1	卖出回购票据_买断式_1D	0.0	0.0	0.0	2026-08-16 10:13:50
8368	saver-smoke-test	2026-08-15 00:00:00	2_2_4_2_2	卖出回购票据_买断式_7D	0.0	0.0	0.0	2026-08-16 10:13:50
8369	saver-smoke-test	2026-08-15 00:00:00	2_2_4_2_3	卖出回购票据_质押式_1D	0.0	0.0	0.0	2026-08-16 10:13:50
8370	saver-smoke-test	2026-08-15 00:00:00	2_2_4_2_4	卖出回购票据_质押式_7D	0.0	0.0	0.0	2026-08-16 10:13:50
8371	saver-smoke-test	2026-08-15 00:00:00	2_3	发行同业存单	-51565555503.83	-2723704286.01	116600474.6322	2026-08-16 10:13:50
8372	saver-smoke-test	2026-08-15 00:00:00	2_3_1	发行同业存单_1M	-2484643688.75	-147106050.48	347519.2854	2026-08-16 10:13:50
8373	saver-smoke-test	2026-08-15 00:00:00	2_3_2	发行同业存单_3M	-129954261.64	-125629387.57	290727.2919	2026-08-16 10:13:50
8374	saver-smoke-test	2026-08-15 00:00:00	2_3_3	发行同业存单_6M	-4737902293.27	0.0	5351727.2136	2026-08-16 10:13:50
8375	saver-smoke-test	2026-08-15 00:00:00	2_3_4	发行同业存单_9M	-19898451671.24	-859467776.27	48880348.21	2026-08-16 10:13:50
8376	saver-smoke-test	2026-08-15 00:00:00	2_3_5	发行同业存单_1Y	-24314603588.93	-1591501071.69	62195972.3953	2026-08-16 10:13:50
8377	saver-smoke-test	2026-08-15 00:00:00	2_4	发行债券	-10214516252.14	-191397765.02	35112500.3503	2026-08-16 10:13:50
8378	saver-smoke-test	2026-08-15 00:00:00	2_4_1	发行债券_3Y	-4214516322.3	-191397800.07	12645833.2779	2026-08-16 10:13:50
8379	saver-smoke-test	2026-08-15 00:00:00	2_4_2	发行债券_5Y	-2000000033.29	-16.64	6666666.6667	2026-08-16 10:13:50
8380	saver-smoke-test	2026-08-15 00:00:00	2_4_3	发行债券_10Y	-4000000066.59	-33.27	15800000.0	2026-08-16 10:13:50
8381	saver-smoke-test	2026-08-15 00:00:00	2_5	吸收存款	-206064840581.44	-74566603089.56	423035556.0841	2026-08-16 10:13:50
8382	saver-smoke-test	2026-08-15 00:00:00	2_5_1	单位存款	-145009240241.68	-55460688827.66	280878475.7006	2026-08-16 10:13:50
8383	saver-smoke-test	2026-08-15 00:00:00	2_5_1_1	单位活期存款	-59652530636.94	-41648275881.29	54707010.1815	2026-08-16 10:13:50
8384	saver-smoke-test	2026-08-15 00:00:00	2_5_1_1_1	单位普通活期存款_1D	-59652530694.85	-41648275910.23	57569679.6666	2026-08-16 10:13:50
8385	saver-smoke-test	2026-08-15 00:00:00	2_5_1_1_2	单位协议活期存款_1D	0.0	0.0	0.0	2026-08-16 10:13:50
8386	saver-smoke-test	2026-08-15 00:00:00	2_5_1_2	单位协议存款	-6064000000.0	-22258064.52	24037358.5108	2026-08-16 10:13:50
8387	saver-smoke-test	2026-08-15 00:00:00	2_5_1_2_1	单位协议存款_1Y	-1064000001.03	-22258065.04	3489298.624	2026-08-16 10:13:50
8388	saver-smoke-test	2026-08-15 00:00:00	2_5_1_2_2	单位协议存款_3Y	0.0	0.0	3252.8902	2026-08-16 10:13:50
8389	saver-smoke-test	2026-08-15 00:00:00	2_5_1_2_3	单位协议存款_5Y	-5000000004.85	-2.43	20544806.9933	2026-08-16 10:13:50
8390	saver-smoke-test	2026-08-15 00:00:00	2_5_1_3	单位定期	-24957048396.94	-1777014300.14	63161725.0515	2026-08-16 10:13:50
8391	saver-smoke-test	2026-08-15 00:00:00	2_5_1_3_1	单位定期_3M	-854359881.51	-85435291.96	1455789.9851	2026-08-16 10:13:50
8392	saver-smoke-test	2026-08-15 00:00:00	2_5_1_3_2	单位定期_6M	-705084605.78	-0.34	1100363.6012	2026-08-16 10:13:50
8393	saver-smoke-test	2026-08-15 00:00:00	2_5_1_3_3	单位定期_1Y	-16339524310.7	-1654940306.85	43174624.4998	2026-08-16 10:13:50
8394	saver-smoke-test	2026-08-15 00:00:00	2_5_1_3_4	单位定期_2Y	-3662473116.67	-1.78	8013370.2474	2026-08-16 10:13:50
8395	saver-smoke-test	2026-08-15 00:00:00	2_5_1_3_5	单位定期_3Y	-1090121466.97	-0.53	2949194.5885	2026-08-16 10:13:50
8396	saver-smoke-test	2026-08-15 00:00:00	2_5_1_3_6	单位定期_5Y	-2305485039.54	-36638710.8	6357297.675	2026-08-16 10:13:50
8397	saver-smoke-test	2026-08-15 00:00:00	2_5_1_4	单位通知存款	-942557807.0	-515740636.73	711264.4477	2026-08-16 10:13:50
8398	saver-smoke-test	2026-08-15 00:00:00	2_5_1_4_1	单位通知存款_1D	-292204301.57	-14232224.77	13561.684	2026-08-16 10:13:50
8399	saver-smoke-test	2026-08-15 00:00:00	2_5_1_4_2	单位通知存款_7D	-650353506.34	-501508412.42	699115.5484	2026-08-16 10:13:50
8400	saver-smoke-test	2026-08-15 00:00:00	2_5_1_5	单位保本理财	0.0	0.0	0.0	2026-08-16 10:13:50
8401	saver-smoke-test	2026-08-15 00:00:00	2_5_1_5_1	单位保本理财_1Y	0.0	0.0	0.0	2026-08-16 10:13:50
8402	saver-smoke-test	2026-08-15 00:00:00	2_5_1_6	单位大额存单存款	-296000000.0	-9677419.35	791557.2484	2026-08-16 10:13:50
8403	saver-smoke-test	2026-08-15 00:00:00	2_5_1_6_1	单位大额存单存款_1Y	-114000000.11	-0.06	154813.7782	2026-08-16 10:13:50
8404	saver-smoke-test	2026-08-15 00:00:00	2_5_1_6_2	单位大额存单存款_2Y	-30000000.03	-9677419.36	78441.2075	2026-08-16 10:13:50
8405	saver-smoke-test	2026-08-15 00:00:00	2_5_1_6_3	单位大额存单存款_3Y	-152000000.15	-0.07	558302.27	2026-08-16 10:13:50
8406	saver-smoke-test	2026-08-15 00:00:00	2_5_1_7	单位保证金存款	-53097103400.79	-11487722525.63	147481980.521	2026-08-16 10:13:50
8407	saver-smoke-test	2026-08-15 00:00:00	2_5_1_7_1	单位活期保证金存款_1D	-8861988297.19	-6999769409.93	22389110.2547	2026-08-16 10:13:50
8408	saver-smoke-test	2026-08-15 00:00:00	2_5_1_7_2	单位定期保证金存款	-44235115112.2	-4487953120.0	125045839.946	2026-08-16 10:13:50
8409	saver-smoke-test	2026-08-15 00:00:00	2_5_1_7_2_1	单位定期保证金存款_3M	-2417426304.15	-171473428.66	585432.544	2026-08-16 10:13:50
8410	saver-smoke-test	2026-08-15 00:00:00	2_5_1_7_2_2	单位定期保证金存款_6M	-1217410154.23	-20281109.35	1172534.9616	2026-08-16 10:13:50
8411	saver-smoke-test	2026-08-15 00:00:00	2_5_1_7_2_3	单位定期保证金存款_1Y	-39416825024.08	-4296198602.87	121978001.7617	2026-08-16 10:13:50
8412	saver-smoke-test	2026-08-15 00:00:00	2_5_1_7_2_4	单位定期保证金存款_2Y	-641658394.45	-0.31	1563680.7455	2026-08-16 10:13:50
8413	saver-smoke-test	2026-08-15 00:00:00	2_5_1_7_2_5	单位定期保证金存款_3Y	-541795278.23	-0.26	800237.1411	2026-08-16 10:13:50
8414	saver-smoke-test	2026-08-15 00:00:00	2_5_2	个人存款	-60550339597.77	-19082336979.53	142412517.0119	2026-08-16 10:13:50
8415	saver-smoke-test	2026-08-15 00:00:00	2_5_2_1	个人活期存款	-23127159027.96	-17726865224.38	18514727.0336	2026-08-16 10:13:50
8416	saver-smoke-test	2026-08-15 00:00:00	2_5_2_1_1	个人普通活期存款_1D	-23127159050.41	-17726865235.6	18504034.0407	2026-08-16 10:13:50
8417	saver-smoke-test	2026-08-15 00:00:00	2_5_2_1_2	个人协议活期存款_1D	0.0	0.0	0.0	2026-08-16 10:13:50
8418	saver-smoke-test	2026-08-15 00:00:00	2_5_2_2	个人定期存款	-30847499996.2	-480928531.84	114558549.0504	2026-08-16 10:13:50
8419	saver-smoke-test	2026-08-15 00:00:00	2_5_2_2_1	高兴存	-3676000228.57	0.0	13985734.6421	2026-08-16 10:13:50
8420	saver-smoke-test	2026-08-15 00:00:00	2_5_2_2_1_1	高兴存	-2866463058.59	0.0	10473048.4751	2026-08-16 10:13:50
8421	saver-smoke-test	2026-08-15 00:00:00	2_5_2_2_1_1_1	高兴存_3Y	-355333852.23	-0.17	1236299.3004	2026-08-16 10:13:50
8422	saver-smoke-test	2026-08-15 00:00:00	2_5_2_2_1_1_2	高兴存_5Y	-2511129209.14	-1.22	9236749.0361	2026-08-16 10:13:50
8423	saver-smoke-test	2026-08-15 00:00:00	2_5_2_2_1_2	高兴存（节庆专属）_3Y	-809537170.77	-0.39	3164480.6006	2026-08-16 10:13:50
8424	saver-smoke-test	2026-08-15 00:00:00	2_5_2_2_1_3	高兴存（村镇银行专属）	0.0	0.0	348205.5168	2026-08-16 10:13:50
8425	saver-smoke-test	2026-08-15 00:00:00	2_5_2_2_1_3_1	高兴存（村镇银行专属）_3Y	0.0	0.0	20350.7371	2026-08-16 10:13:50
8426	saver-smoke-test	2026-08-15 00:00:00	2_5_2_2_1_3_2	高兴存（村镇银行专属）_5Y	0.0	0.0	327854.7846	2026-08-16 10:13:50
8427	saver-smoke-test	2026-08-15 00:00:00	2_5_2_2_2	富桂存	-19258406162.06	-1500000.0	81616696.3863	2026-08-16 10:13:50
8428	saver-smoke-test	2026-08-15 00:00:00	2_5_2_2_2_1	富桂存_月得利	-6910533237.94	-1500000.0	29634456.0471	2026-08-16 10:13:50
8429	saver-smoke-test	2026-08-15 00:00:00	2_5_2_2_2_1_1	富桂存_月得利_3Y	0.0	0.0	0.0	2026-08-16 10:13:50
8430	saver-smoke-test	2026-08-15 00:00:00	2_5_2_2_2_1_2	富桂存_月得利_5Y	-6910533244.65	-1500003.35	28858286.6705	2026-08-16 10:13:50
8431	saver-smoke-test	2026-08-15 00:00:00	2_5_2_2_2_2	富桂存_月得利（二期）	-2599032587.86	0.0	11316135.1385	2026-08-16 10:13:50
8432	saver-smoke-test	2026-08-15 00:00:00	2_5_2_2_2_2_1	富桂存_月得利（二期）_3Y	-62695000.06	-0.03	209811.4468	2026-08-16 10:13:50
8433	saver-smoke-test	2026-08-15 00:00:00	2_5_2_2_2_2_2	富桂存_月得利（二期）_5Y	-2536337590.32	-1.23	11106323.672	2026-08-16 10:13:50
8434	saver-smoke-test	2026-08-15 00:00:00	2_5_2_2_2_3	富桂存_月得利(尊享版)_5Y	-3998211032.24	-1.94	15269748.4624	2026-08-16 10:13:50
8435	saver-smoke-test	2026-08-15 00:00:00	2_5_2_2_2_4	富桂存_月得利（E版三年）_3Y	-2000.0	0.0	6.8336	2026-08-16 10:13:50
8436	saver-smoke-test	2026-08-15 00:00:00	2_5_2_2_2_5	富桂存_月得利（县域专属）	-143420934.31	0.0	878925.5988	2026-08-16 10:13:50
8437	saver-smoke-test	2026-08-15 00:00:00	2_5_2_2_2_5_1	富桂存_月得利（县域专属）_3Y	-3171000.0	0.0	46638.1586	2026-08-16 10:13:50
8438	saver-smoke-test	2026-08-15 00:00:00	2_5_2_2_2_5_2	富桂存_月得利（县域专属）_5Y	-140249934.45	-0.07	832287.4458	2026-08-16 10:13:50
8439	saver-smoke-test	2026-08-15 00:00:00	2_5_2_2_2_6	富桂存_月得利（E版五年）_5Y	-2825212.0	0.0	10166.5175	2026-08-16 10:13:50
8440	saver-smoke-test	2026-08-15 00:00:00	2_5_2_2_2_7	行庆专属存款_5Y	-4802214458.28	-2.33	21097523.6272	2026-08-16 10:13:50
8441	saver-smoke-test	2026-08-15 00:00:00	2_5_2_2_2_8	区庆专属存款	-802166707.97	0.0	3409725.3505	2026-08-16 10:13:50
8442	saver-smoke-test	2026-08-15 00:00:00	2_5_2_2_2_8_1	区庆专属存款_3Y	0.0	0.0	0.0	2026-08-16 10:13:50
8443	saver-smoke-test	2026-08-15 00:00:00	2_5_2_2_2_8_2	区庆专属存款_5Y	-802166708.75	-0.39	3338146.4875	2026-08-16 10:13:50
8444	saver-smoke-test	2026-08-15 00:00:00	2_5_2_2_3	其他个人定期存款	-7913093605.57	-479428531.84	19273842.2991	2026-08-16 10:13:50
8445	saver-smoke-test	2026-08-15 00:00:00	2_5_2_2_3_1	其他个人定期存款_3M	-227352126.13	-73404938.81	655266.7354	2026-08-16 10:13:50
8446	saver-smoke-test	2026-08-15 00:00:00	2_5_2_2_3_2	其他个人定期存款_6M	-136123164.61	-0.07	118533.1728	2026-08-16 10:13:50
8447	saver-smoke-test	2026-08-15 00:00:00	2_5_2_2_3_3	其他个人定期存款_1Y	-4237208692.17	-315434019.71	10466298.7363	2026-08-16 10:13:50
8448	saver-smoke-test	2026-08-15 00:00:00	2_5_2_2_3_4	其他个人定期存款_2Y	-428198388.88	-0.21	1396286.0867	2026-08-16 10:13:50
8449	saver-smoke-test	2026-08-15 00:00:00	2_5_2_2_3_5	其他个人定期存款_3Y	-471556449.79	-24480788.14	1573550.508	2026-08-16 10:13:50
8450	saver-smoke-test	2026-08-15 00:00:00	2_5_2_2_3_6	其他个人定期存款_5Y	-2412654791.67	-66108788.76	5059126.6685	2026-08-16 10:13:50
8451	saver-smoke-test	2026-08-15 00:00:00	2_5_2_3	个人通知存款	-1595894322.43	-809771542.53	1358738.7992	2026-08-16 10:13:50
8452	saver-smoke-test	2026-08-15 00:00:00	2_5_2_3_1	个人通知存款_1D	-116396477.2	-11605352.9	8937.5343	2026-08-16 10:13:50
8453	saver-smoke-test	2026-08-15 00:00:00	2_5_2_3_2	个人通知存款_7D	-1479497846.78	-798166190.41	1358260.4079	2026-08-16 10:13:50
8454	saver-smoke-test	2026-08-15 00:00:00	2_5_2_4	个人保本理财	0.0	0.0	0.0	2026-08-16 10:13:50
8455	saver-smoke-test	2026-08-15 00:00:00	2_5_2_4_1	个人保本理财_1Y	0.0	0.0	0.0	2026-08-16 10:13:50
8456	saver-smoke-test	2026-08-15 00:00:00	2_5_2_5	个人大额存单存款	-4276445254.14	-56964569.66	13723420.5469	2026-08-16 10:13:50
8457	saver-smoke-test	2026-08-15 00:00:00	2_5_2_5_1	个人大额存单存款_3M	-53222000.05	-10310161.32	171217.2245	2026-08-16 10:13:50
8458	saver-smoke-test	2026-08-15 00:00:00	2_5_2_5_2	个人大额存单存款_6M	-6953026.2	0.0	5624.0966	2026-08-16 10:13:50
8459	saver-smoke-test	2026-08-15 00:00:00	2_5_2_5_3	个人大额存单存款_1Y	-382716522.77	-45009247.27	903268.2535	2026-08-16 10:13:50
8460	saver-smoke-test	2026-08-15 00:00:00	2_5_2_5_4	个人大额存单存款_3Y	-1830205707.33	-1645162.18	6042286.7272	2026-08-16 10:13:50
8461	saver-smoke-test	2026-08-15 00:00:00	2_5_2_5_5	个人大额存单存款_5Y	-2003348001.94	-0.97	6615527.1091	2026-08-16 10:13:50
8462	saver-smoke-test	2026-08-15 00:00:00	2_5_2_6	个人协议存款	-703338369.0	-7805161.29	2520344.3319	2026-08-16 10:13:50
8463	saver-smoke-test	2026-08-15 00:00:00	2_5_2_6_1	个人协议存款_1Y	-339438369.33	-7805161.45	1078523.0909	2026-08-16 10:13:50
8464	saver-smoke-test	2026-08-15 00:00:00	2_5_2_6_2	个人协议存款_5Y	-363900000.35	-0.18	1455033.3561	2026-08-16 10:13:50
8465	saver-smoke-test	2026-08-15 00:00:00	2_5_2_7	个人定活两便	-2628.03	-1949.83	0.3653	2026-08-16 10:13:50
8466	saver-smoke-test	2026-08-15 00:00:00	2_5_2_7_1	个人定活两便_1D	-2628.03	-1949.83	0.3653	2026-08-16 10:13:50
8467	saver-smoke-test	2026-08-15 00:00:00	2_5_3	国库定期存款	0.0	0.0	0.0	2026-08-16 10:13:50
8468	saver-smoke-test	2026-08-15 00:00:00	2_5_3_1	国库定期存款_1Y	0.0	0.0	0.0	2026-08-16 10:13:50
8469	saver-smoke-test	2026-08-15 00:00:00	2_5_4	财政性存款	-5260529.99	-23532908.76	0.0	2026-08-16 10:13:50
8470	saver-smoke-test	2026-08-15 00:00:00	2_5_4_1	财政性存款_1Y	-5260530.0	-23532908.76	0.0	2026-08-16 10:13:50
8471	saver-smoke-test	2026-08-15 00:00:00	2_5_5	其他存款	-500000212.01	-44373.61	0.0	2026-08-16 10:13:50
8472	saver-smoke-test	2026-08-15 00:00:00	2_5_5_1	应解汇款机临时存款_1D	-212.01	-44373.61	0.0	2026-08-16 10:13:50
8473	saver-smoke-test	2026-08-15 00:00:00	2_5_5_2	开出银行汇票_1D	0.0	0.0	0.0	2026-08-16 10:13:50
8474	saver-smoke-test	2026-08-15 00:00:00	2_5_5_3	开出银行本票_1D	0.0	0.0	0.0	2026-08-16 10:13:50
8475	saver-smoke-test	2026-08-15 00:00:00	2_5_5_4	转股协议存款_1D	-500000000.49	-0.24	0.0	2026-08-16 10:13:50
8476	saver-smoke-test	2026-08-15 00:00:00	2_6	其他负债	-12442989328.77	-12461805484.29	0.0	2026-08-16 10:13:50
8477	saver-smoke-test	2026-08-15 00:00:00	2_6_1	代理类负债_1Y	-3015144150.4	-2860744293.49	0.0	2026-08-16 10:13:50
8478	saver-smoke-test	2026-08-15 00:00:00	2_6_2	转贴现负债_3M	0.0	0.0	0.0	2026-08-16 10:13:50
8479	saver-smoke-test	2026-08-15 00:00:00	2_6_3	其他负债_30Y	-9427845186.41	-9601061194.76	0.0	2026-08-16 10:13:50
8480	saver-smoke-test	2026-08-15 00:00:00	3_1	所有者权益	24140467204.32	0.0	0.0	2026-08-16 10:13:50
8481	saver-smoke-test	2026-08-15 00:00:00	3_1_1	所有者权益_10Y	21680118122.12	12.0	0.0	2026-08-16 10:13:50
8482	cb679e87-713c-4b1d-8c39-dfe444f3432f	2026-08-16 00:00:00	ROOT	资产负债账户册	0.0	0.0	0.0	2026-08-16 10:15:23
8483	cb679e87-713c-4b1d-8c39-dfe444f3432f	2026-08-16 00:00:00	1_1	现金及存放央行	17950159801.66	10915535758.27	14643383.2725	2026-08-16 10:15:23
8484	cb679e87-713c-4b1d-8c39-dfe444f3432f	2026-08-16 00:00:00	1_1_1	现金_1D	352301313.61	315817522.25	0.0	2026-08-16 10:15:23
8485	cb679e87-713c-4b1d-8c39-dfe444f3432f	2026-08-16 00:00:00	1_1_2	存放央行法定准备金_30Y	12993396478.69	9867795685.68	-29043911.0066	2026-08-16 10:15:23
8486	cb679e87-713c-4b1d-8c39-dfe444f3432f	2026-08-16 00:00:00	1_1_3	存放央行超额准备金_1D	4590822029.39	722989947.4	49601960.1174	2026-08-16 10:15:23
8487	cb679e87-713c-4b1d-8c39-dfe444f3432f	2026-08-16 00:00:00	1_1_4	存放央行其他款项_30Y	13640000.02	8932612.91	0.0	2026-08-16 10:15:23
8488	cb679e87-713c-4b1d-8c39-dfe444f3432f	2026-08-16 00:00:00	1_2	同业资产	25399096836.7	9741609449.5	44563467.373	2026-08-16 10:15:23
8489	cb679e87-713c-4b1d-8c39-dfe444f3432f	2026-08-16 00:00:00	1_2_1	存放同业款项	12267470836.7	7933941377.03	20915999.1117	2026-08-16 10:15:23
8490	cb679e87-713c-4b1d-8c39-dfe444f3432f	2026-08-16 00:00:00	1_2_1_1	存放同业款项_金融市场部	0.0	0.0	0.0	2026-08-16 10:15:23
8491	cb679e87-713c-4b1d-8c39-dfe444f3432f	2026-08-16 00:00:00	1_2_1_1_1	存放同业活期款项_金融市场部_1D	0.0	0.0	0.0	2026-08-16 10:15:23
8492	cb679e87-713c-4b1d-8c39-dfe444f3432f	2026-08-16 00:00:00	1_2_1_1_2	存放同业定期款项_金融市场部_1M	0.0	0.0	0.0	2026-08-16 10:15:23
8493	cb679e87-713c-4b1d-8c39-dfe444f3432f	2026-08-16 00:00:00	1_2_1_1_3	存放同业定期款项_金融市场部_3M	0.0	0.0	0.0	2026-08-16 10:15:23
8494	cb679e87-713c-4b1d-8c39-dfe444f3432f	2026-08-16 00:00:00	1_2_1_1_4	存放同业定期款项_金融市场部_6M	0.0	0.0	0.0	2026-08-16 10:15:23
8495	cb679e87-713c-4b1d-8c39-dfe444f3432f	2026-08-16 00:00:00	1_2_1_1_5	存放同业定期款项_金融市场部_1Y	0.0	0.0	0.0	2026-08-16 10:15:23
8496	cb679e87-713c-4b1d-8c39-dfe444f3432f	2026-08-16 00:00:00	1_2_1_2	存放同业款项_公司金融部	12267470836.7	7933941377.03	20915999.1117	2026-08-16 10:15:23
8497	cb679e87-713c-4b1d-8c39-dfe444f3432f	2026-08-16 00:00:00	1_2_1_2_1	存放同业活期款项_公司金融部_1D	8467470836.7	7933941377.03	9910125.3354	2026-08-16 10:15:23
8498	cb679e87-713c-4b1d-8c39-dfe444f3432f	2026-08-16 00:00:00	1_2_1_2_2	存放同业定期款项_公司金融部_1M	0.0	0.0	0.0	2026-08-16 10:15:23
8499	cb679e87-713c-4b1d-8c39-dfe444f3432f	2026-08-16 00:00:00	1_2_1_2_3	存放同业定期款项_公司金融部_3M	2000000000.0	0.0	779427.0833	2026-08-16 10:15:23
8500	cb679e87-713c-4b1d-8c39-dfe444f3432f	2026-08-16 00:00:00	1_2_1_2_4	存放同业定期款项_公司金融部_6M	0.0	0.0	0.0	2026-08-16 10:15:23
8501	cb679e87-713c-4b1d-8c39-dfe444f3432f	2026-08-16 00:00:00	1_2_1_2_5	存放同业定期款项_公司金融部_1Y	1800000000.0	0.0	8118741.12	2026-08-16 10:15:23
8502	cb679e87-713c-4b1d-8c39-dfe444f3432f	2026-08-16 00:00:00	1_2_2	拆放同业款项	4138716000.0	461408967.74	20460371.0276	2026-08-16 10:15:23
8503	cb679e87-713c-4b1d-8c39-dfe444f3432f	2026-08-16 00:00:00	1_2_2_1	拆放同业款项_1D	0.0	0.0	0.0	2026-08-16 10:15:23
8504	cb679e87-713c-4b1d-8c39-dfe444f3432f	2026-08-16 00:00:00	1_2_2_2	拆放同业款项_1M	129358000.0	70938258.06	55740.7215	2026-08-16 10:15:23
8505	cb679e87-713c-4b1d-8c39-dfe444f3432f	2026-08-16 00:00:00	1_2_2_3	拆放同业款项_3M	229358000.0	196922322.58	467350.1824	2026-08-16 10:15:23
8506	cb679e87-713c-4b1d-8c39-dfe444f3432f	2026-08-16 00:00:00	1_2_2_4	拆放同业款项_6M	250000000.0	0.0	1161747.6875	2026-08-16 10:15:23
8507	cb679e87-713c-4b1d-8c39-dfe444f3432f	2026-08-16 00:00:00	1_2_2_5	拆放同业款项_1Y	3530000000.0	193548387.1	18775532.5575	2026-08-16 10:15:23
8508	cb679e87-713c-4b1d-8c39-dfe444f3432f	2026-08-16 00:00:00	1_2_3	买入返售	8992910000.0	1346259104.73	4071344.2718	2026-08-16 10:15:23
8509	cb679e87-713c-4b1d-8c39-dfe444f3432f	2026-08-16 00:00:00	1_2_3_1	买入返售债券	6992910000.0	433355878.92	1056694.5936	2026-08-16 10:15:23
8510	cb679e87-713c-4b1d-8c39-dfe444f3432f	2026-08-16 00:00:00	1_2_3_1_1	买入返售债券_买断式_1D	0.0	14620072.47	21059.1429	2026-08-16 10:15:23
8511	cb679e87-713c-4b1d-8c39-dfe444f3432f	2026-08-16 00:00:00	1_2_3_1_2	买入返售债券_买断式_7D	6992910000.0	418735806.45	1074960.9964	2026-08-16 10:15:23
8512	cb679e87-713c-4b1d-8c39-dfe444f3432f	2026-08-16 00:00:00	1_2_3_1_3	买入返售债券_质押式_1D	0.0	0.0	0.0	2026-08-16 10:15:23
8513	cb679e87-713c-4b1d-8c39-dfe444f3432f	2026-08-16 00:00:00	1_2_3_1_4	买入返售债券_质押式_7D	0.0	0.0	0.0	2026-08-16 10:15:23
8514	cb679e87-713c-4b1d-8c39-dfe444f3432f	2026-08-16 00:00:00	1_2_3_2	买入返售票据	2000000000.0	912903225.81	2956129.0908	2026-08-16 10:15:23
8515	cb679e87-713c-4b1d-8c39-dfe444f3432f	2026-08-16 00:00:00	1_2_3_2_1	买入返售票据_买断式_1D	0.0	0.0	0.0	2026-08-16 10:15:23
8516	cb679e87-713c-4b1d-8c39-dfe444f3432f	2026-08-16 00:00:00	1_2_3_2_2	买入返售票据_买断式_7D	2000000000.0	912903225.81	2956129.0908	2026-08-16 10:15:23
8517	cb679e87-713c-4b1d-8c39-dfe444f3432f	2026-08-16 00:00:00	1_2_3_2_3	买入返售票据_质押式_1D	0.0	0.0	0.0	2026-08-16 10:15:23
8518	cb679e87-713c-4b1d-8c39-dfe444f3432f	2026-08-16 00:00:00	1_2_3_2_4	买入返售票据_质押式_7D	0.0	0.0	0.0	2026-08-16 10:15:23
8519	cb679e87-713c-4b1d-8c39-dfe444f3432f	2026-08-16 00:00:00	1_3	各项投资	110159732825.43	25640168009.1	453181145.9075	2026-08-16 10:15:23
8520	cb679e87-713c-4b1d-8c39-dfe444f3432f	2026-08-16 00:00:00	1_3_1	金融市场部投资	53901916889.84	19600422907.1	183740100.3979	2026-08-16 10:15:23
8521	cb679e87-713c-4b1d-8c39-dfe444f3432f	2026-08-16 00:00:00	1_3_1_1	金融市场部_交易性金融资产	18348493643.13	19231016157.81	51430488.308	2026-08-16 10:15:23
8522	cb679e87-713c-4b1d-8c39-dfe444f3432f	2026-08-16 00:00:00	1_3_1_1_1	金融市场部_交易性国债投资	0.0	477203.72	1001.5498	2026-08-16 10:15:23
8523	cb679e87-713c-4b1d-8c39-dfe444f3432f	2026-08-16 00:00:00	1_3_1_1_1_1	金融市场部_交易性国债投资_司库	0.0	0.0	0.0	2026-08-16 10:15:23
8524	cb679e87-713c-4b1d-8c39-dfe444f3432f	2026-08-16 00:00:00	1_3_1_1_1_1_1	金融市场部_交易性国债投资_司库_1Y	0.0	0.0	0.0	2026-08-16 10:15:23
8525	cb679e87-713c-4b1d-8c39-dfe444f3432f	2026-08-16 00:00:00	1_3_1_1_1_1_2	金融市场部_交易性国债投资_司库_3Y	0.0	0.0	0.0	2026-08-16 10:15:23
8526	cb679e87-713c-4b1d-8c39-dfe444f3432f	2026-08-16 00:00:00	1_3_1_1_1_1_3	金融市场部_交易性国债投资_司库_5Y	0.0	0.0	0.0	2026-08-16 10:15:23
8527	cb679e87-713c-4b1d-8c39-dfe444f3432f	2026-08-16 00:00:00	1_3_1_1_1_1_4	金融市场部_交易性国债投资_司库_10Y	0.0	0.0	0.0	2026-08-16 10:15:23
8528	cb679e87-713c-4b1d-8c39-dfe444f3432f	2026-08-16 00:00:00	1_3_1_1_1_2	金融市场部_交易性国债投资_非司库	0.0	477203.72	1001.5498	2026-08-16 10:15:23
8529	cb679e87-713c-4b1d-8c39-dfe444f3432f	2026-08-16 00:00:00	1_3_1_1_1_2_1	金融市场部_交易性国债投资_非司库_交易账户	0.0	477203.72	1001.5498	2026-08-16 10:15:23
8530	cb679e87-713c-4b1d-8c39-dfe444f3432f	2026-08-16 00:00:00	1_3_1_1_1_2_1_1	金融市场部_交易性国债投资_非司库_交易账户_1Y	0.0	0.0	0.0	2026-08-16 10:15:23
8531	cb679e87-713c-4b1d-8c39-dfe444f3432f	2026-08-16 00:00:00	1_3_1_1_1_2_1_2	金融市场部_交易性国债投资_非司库_交易账户_3Y	0.0	0.0	0.0	2026-08-16 10:15:23
8532	cb679e87-713c-4b1d-8c39-dfe444f3432f	2026-08-16 00:00:00	1_3_1_1_1_2_1_3	金融市场部_交易性国债投资_非司库_交易账户_5Y	0.0	477203.72	1001.5296	2026-08-16 10:15:23
8533	cb679e87-713c-4b1d-8c39-dfe444f3432f	2026-08-16 00:00:00	1_3_1_1_1_2_1_4	金融市场部_交易性国债投资_非司库_交易账户_10Y	0.0	0.0	0.0	2026-08-16 10:15:23
8534	cb679e87-713c-4b1d-8c39-dfe444f3432f	2026-08-16 00:00:00	1_3_1_1_1_2_2	金融市场部_交易性国债投资_非司库_银行账户	0.0	0.0	0.0	2026-08-16 10:15:23
8535	cb679e87-713c-4b1d-8c39-dfe444f3432f	2026-08-16 00:00:00	1_3_1_1_1_2_2_1	金融市场部_交易性国债投资_非司库_银行账户_1Y	0.0	0.0	0.0	2026-08-16 10:15:23
8536	cb679e87-713c-4b1d-8c39-dfe444f3432f	2026-08-16 00:00:00	1_3_1_1_1_2_2_2	金融市场部_交易性国债投资_非司库_银行账户_3Y	0.0	0.0	0.0	2026-08-16 10:15:23
8537	cb679e87-713c-4b1d-8c39-dfe444f3432f	2026-08-16 00:00:00	1_3_1_1_1_2_2_3	金融市场部_交易性国债投资_非司库_银行账户_5Y	0.0	0.0	0.0	2026-08-16 10:15:23
8538	cb679e87-713c-4b1d-8c39-dfe444f3432f	2026-08-16 00:00:00	1_3_1_1_1_2_2_4	金融市场部_交易性国债投资_非司库_银行账户_10Y	0.0	0.0	0.0	2026-08-16 10:15:23
8539	cb679e87-713c-4b1d-8c39-dfe444f3432f	2026-08-16 00:00:00	1_3_1_1_2	金融市场部_交易性央票投资	0.0	0.0	0.0	2026-08-16 10:15:23
8540	cb679e87-713c-4b1d-8c39-dfe444f3432f	2026-08-16 00:00:00	1_3_1_1_2_1	金融市场部_交易性央票投资_司库	0.0	0.0	0.0	2026-08-16 10:15:23
8541	cb679e87-713c-4b1d-8c39-dfe444f3432f	2026-08-16 00:00:00	1_3_1_1_2_1_1	金融市场部_交易性央票投资_司库_1Y	0.0	0.0	0.0	2026-08-16 10:15:23
8542	cb679e87-713c-4b1d-8c39-dfe444f3432f	2026-08-16 00:00:00	1_3_1_1_2_1_2	金融市场部_交易性央票投资_司库_3Y	0.0	0.0	0.0	2026-08-16 10:15:23
8543	cb679e87-713c-4b1d-8c39-dfe444f3432f	2026-08-16 00:00:00	1_3_1_1_2_1_3	金融市场部_交易性央票投资_司库_5Y	0.0	0.0	0.0	2026-08-16 10:15:23
8544	cb679e87-713c-4b1d-8c39-dfe444f3432f	2026-08-16 00:00:00	1_3_1_1_2_1_4	金融市场部_交易性央票投资_司库_10Y	0.0	0.0	0.0	2026-08-16 10:15:23
8545	cb679e87-713c-4b1d-8c39-dfe444f3432f	2026-08-16 00:00:00	1_3_1_1_2_2	金融市场部_交易性央票投资_非司库	0.0	0.0	0.0	2026-08-16 10:15:23
8546	cb679e87-713c-4b1d-8c39-dfe444f3432f	2026-08-16 00:00:00	1_3_1_1_2_2_1	金融市场部_交易性央票投资_非司库_交易账户	0.0	0.0	0.0	2026-08-16 10:15:23
8547	cb679e87-713c-4b1d-8c39-dfe444f3432f	2026-08-16 00:00:00	1_3_1_1_2_2_1_1	金融市场部_交易性央票投资_非司库_交易账户_1Y	0.0	0.0	0.0	2026-08-16 10:15:23
8548	cb679e87-713c-4b1d-8c39-dfe444f3432f	2026-08-16 00:00:00	1_3_1_1_2_2_1_2	金融市场部_交易性央票投资_非司库_交易账户_3Y	0.0	0.0	0.0	2026-08-16 10:15:23
8549	cb679e87-713c-4b1d-8c39-dfe444f3432f	2026-08-16 00:00:00	1_3_1_1_2_2_1_3	金融市场部_交易性央票投资_非司库_交易账户_5Y	0.0	0.0	0.0	2026-08-16 10:15:23
8550	cb679e87-713c-4b1d-8c39-dfe444f3432f	2026-08-16 00:00:00	1_3_1_1_2_2_1_4	金融市场部_交易性央票投资_非司库_交易账户_10Y	0.0	0.0	0.0	2026-08-16 10:15:23
8551	cb679e87-713c-4b1d-8c39-dfe444f3432f	2026-08-16 00:00:00	1_3_1_1_2_2_2	金融市场部_交易性央票投资_非司库_银行账户	0.0	0.0	0.0	2026-08-16 10:15:23
8552	cb679e87-713c-4b1d-8c39-dfe444f3432f	2026-08-16 00:00:00	1_3_1_1_2_2_2_1	金融市场部_交易性央票投资_非司库_银行账户_1Y	0.0	0.0	0.0	2026-08-16 10:15:23
8553	cb679e87-713c-4b1d-8c39-dfe444f3432f	2026-08-16 00:00:00	1_3_1_1_2_2_2_2	金融市场部_交易性央票投资_非司库_银行账户_3Y	0.0	0.0	0.0	2026-08-16 10:15:23
8554	cb679e87-713c-4b1d-8c39-dfe444f3432f	2026-08-16 00:00:00	1_3_1_1_2_2_2_3	金融市场部_交易性央票投资_非司库_银行账户_5Y	0.0	0.0	0.0	2026-08-16 10:15:23
8555	cb679e87-713c-4b1d-8c39-dfe444f3432f	2026-08-16 00:00:00	1_3_1_1_2_2_2_4	金融市场部_交易性央票投资_非司库_银行账户_10Y	0.0	0.0	0.0	2026-08-16 10:15:23
8556	cb679e87-713c-4b1d-8c39-dfe444f3432f	2026-08-16 00:00:00	1_3_1_1_3	金融市场部_交易性地方政府债投资	500003891.3	484641654.98	1438179.3561	2026-08-16 10:15:23
8557	cb679e87-713c-4b1d-8c39-dfe444f3432f	2026-08-16 00:00:00	1_3_1_1_3_1	金融市场部_交易性地方政府债投资_司库	0.0	0.0	0.0	2026-08-16 10:15:23
8558	cb679e87-713c-4b1d-8c39-dfe444f3432f	2026-08-16 00:00:00	1_3_1_1_3_1_1	金融市场部_交易性地方政府债投资_司库_1Y	0.0	0.0	0.0	2026-08-16 10:15:23
8559	cb679e87-713c-4b1d-8c39-dfe444f3432f	2026-08-16 00:00:00	1_3_1_1_3_1_2	金融市场部_交易性地方政府债投资_司库_3Y	0.0	0.0	0.0	2026-08-16 10:15:23
8560	cb679e87-713c-4b1d-8c39-dfe444f3432f	2026-08-16 00:00:00	1_3_1_1_3_1_3	金融市场部_交易性地方政府债投资_司库_5Y	0.0	0.0	0.0	2026-08-16 10:15:23
8561	cb679e87-713c-4b1d-8c39-dfe444f3432f	2026-08-16 00:00:00	1_3_1_1_3_1_4	金融市场部_交易性地方政府债投资_司库_10Y	0.0	0.0	0.0	2026-08-16 10:15:23
8562	cb679e87-713c-4b1d-8c39-dfe444f3432f	2026-08-16 00:00:00	1_3_1_1_3_2	金融市场部_交易性地方政府债投资_非司库	500003891.3	484641654.98	1438179.3561	2026-08-16 10:15:23
8563	cb679e87-713c-4b1d-8c39-dfe444f3432f	2026-08-16 00:00:00	1_3_1_1_3_2_1	金融市场部_交易性地方政府债投资_非司库_交易账户	500003891.3	484641654.98	1438179.3561	2026-08-16 10:15:23
8564	cb679e87-713c-4b1d-8c39-dfe444f3432f	2026-08-16 00:00:00	1_3_1_1_3_2_1_1	金融市场部_交易性地方政府债投资_非司库_交易账户_1Y	0.0	0.0	0.0	2026-08-16 10:15:23
8565	cb679e87-713c-4b1d-8c39-dfe444f3432f	2026-08-16 00:00:00	1_3_1_1_3_2_1_2	金融市场部_交易性地方政府债投资_非司库_交易账户_3Y	0.0	0.0	0.0	2026-08-16 10:15:23
8566	cb679e87-713c-4b1d-8c39-dfe444f3432f	2026-08-16 00:00:00	1_3_1_1_3_2_1_3	金融市场部_交易性地方政府债投资_非司库_交易账户_5Y	0.0	0.0	0.0	2026-08-16 10:15:23
8567	cb679e87-713c-4b1d-8c39-dfe444f3432f	2026-08-16 00:00:00	1_3_1_1_3_2_1_4	金融市场部_交易性地方政府债投资_非司库_交易账户_10Y	500003892.3	484641655.48	1438179.3561	2026-08-16 10:15:23
8568	cb679e87-713c-4b1d-8c39-dfe444f3432f	2026-08-16 00:00:00	1_3_1_1_3_2_2	金融市场部_交易性地方政府债投资_非司库_银行账户	0.0	0.0	0.0	2026-08-16 10:15:23
8569	cb679e87-713c-4b1d-8c39-dfe444f3432f	2026-08-16 00:00:00	1_3_1_1_3_2_2_1	金融市场部_交易性地方政府债投资_非司库_银行账户_1Y	0.0	0.0	0.0	2026-08-16 10:15:23
8570	cb679e87-713c-4b1d-8c39-dfe444f3432f	2026-08-16 00:00:00	1_3_1_1_3_2_2_2	金融市场部_交易性地方政府债投资_非司库_银行账户_3Y	0.0	0.0	0.0	2026-08-16 10:15:23
8571	cb679e87-713c-4b1d-8c39-dfe444f3432f	2026-08-16 00:00:00	1_3_1_1_3_2_2_3	金融市场部_交易性地方政府债投资_非司库_银行账户_5Y	0.0	0.0	0.0	2026-08-16 10:15:23
8572	cb679e87-713c-4b1d-8c39-dfe444f3432f	2026-08-16 00:00:00	1_3_1_1_3_2_2_4	金融市场部_交易性地方政府债投资_非司库_银行账户_10Y	0.0	0.0	0.0	2026-08-16 10:15:23
8573	cb679e87-713c-4b1d-8c39-dfe444f3432f	2026-08-16 00:00:00	1_3_1_1_4	金融市场部_交易性政策性金融债投资	307242895.89	331570085.76	843655.8353	2026-08-16 10:15:23
8574	cb679e87-713c-4b1d-8c39-dfe444f3432f	2026-08-16 00:00:00	1_3_1_1_4_1	金融市场部_交易性政策性金融债投资_司库	0.0	0.0	0.0	2026-08-16 10:15:23
8575	cb679e87-713c-4b1d-8c39-dfe444f3432f	2026-08-16 00:00:00	1_3_1_1_4_1_1	金融市场部_交易性政策性金融债投资_ 司库_1Y	0.0	0.0	0.0	2026-08-16 10:15:23
8576	cb679e87-713c-4b1d-8c39-dfe444f3432f	2026-08-16 00:00:00	1_3_1_1_4_1_2	金融市场部_交易性政策性金融债投资_ 司库_3Y	0.0	0.0	0.0	2026-08-16 10:15:23
8577	cb679e87-713c-4b1d-8c39-dfe444f3432f	2026-08-16 00:00:00	1_3_1_1_4_1_3	金融市场部_交易性政策性金融债投资_ 司库_5Y	0.0	0.0	0.0	2026-08-16 10:15:23
8578	cb679e87-713c-4b1d-8c39-dfe444f3432f	2026-08-16 00:00:00	1_3_1_1_4_1_4	金融市场部_交易性政策性金融债投资_ 司库_10Y	0.0	0.0	0.0	2026-08-16 10:15:23
8579	cb679e87-713c-4b1d-8c39-dfe444f3432f	2026-08-16 00:00:00	1_3_1_1_4_2	金融市场部_交易性政策性金融债投资_非司库	307242895.89	331570085.76	843655.8353	2026-08-16 10:15:23
8580	cb679e87-713c-4b1d-8c39-dfe444f3432f	2026-08-16 00:00:00	1_3_1_1_4_2_1	金融市场部_交易性政策性金融债投资_非司库_交易账户	307242895.89	331570085.76	843655.8353	2026-08-16 10:15:23
8581	cb679e87-713c-4b1d-8c39-dfe444f3432f	2026-08-16 00:00:00	1_3_1_1_4_2_1_1	金融市场部_交易性政策性金融债投资_非司库_交易账户_1Y	0.0	21276333.61	40744.1996	2026-08-16 10:15:23
8582	cb679e87-713c-4b1d-8c39-dfe444f3432f	2026-08-16 00:00:00	1_3_1_1_4_2_1_2	金融市场部_交易性政策性金融债投资_非司库_交易账户_3Y	307242896.5	310293752.45	811144.4466	2026-08-16 10:15:23
8583	cb679e87-713c-4b1d-8c39-dfe444f3432f	2026-08-16 00:00:00	1_3_1_1_4_2_1_3	金融市场部_交易性政策性金融债投资_非司库_交易账户_5Y	0.0	0.0	0.0	2026-08-16 10:15:23
8584	cb679e87-713c-4b1d-8c39-dfe444f3432f	2026-08-16 00:00:00	1_3_1_1_4_2_1_4	金融市场部_交易性政策性金融债投资_非司库_交易账户_10Y	0.0	0.0	0.0	2026-08-16 10:15:23
8585	cb679e87-713c-4b1d-8c39-dfe444f3432f	2026-08-16 00:00:00	1_3_1_1_4_2_2	金融市场部_交易性政策性金融债投资_非司库_银行账户	0.0	0.0	0.0	2026-08-16 10:15:23
8586	cb679e87-713c-4b1d-8c39-dfe444f3432f	2026-08-16 00:00:00	1_3_1_1_4_2_2_1	金融市场部_交易性政策性金融债投资_非司库_银行账户_1Y	0.0	0.0	0.0	2026-08-16 10:15:23
8587	cb679e87-713c-4b1d-8c39-dfe444f3432f	2026-08-16 00:00:00	1_3_1_1_4_2_2_2	金融市场部_交易性政策性金融债投资_非司库_银行账户_3Y	0.0	0.0	0.0	2026-08-16 10:15:23
8588	cb679e87-713c-4b1d-8c39-dfe444f3432f	2026-08-16 00:00:00	1_3_1_1_4_2_2_3	金融市场部_交易性政策性金融债投资_非司库_银行账户_5Y	0.0	0.0	0.0	2026-08-16 10:15:23
8589	cb679e87-713c-4b1d-8c39-dfe444f3432f	2026-08-16 00:00:00	1_3_1_1_4_2_2_4	金融市场部_交易性政策性金融债投资_非司库_银行账户_10Y	0.0	0.0	0.0	2026-08-16 10:15:23
8590	cb679e87-713c-4b1d-8c39-dfe444f3432f	2026-08-16 00:00:00	1_3_1_1_5	金融市场部_交易性商业银行债投资	1564604917.13	215722891.52	5083472.2235	2026-08-16 10:15:23
8591	cb679e87-713c-4b1d-8c39-dfe444f3432f	2026-08-16 00:00:00	1_3_1_1_5_1	金融市场部_交易性商业银行债投资_司库	0.0	0.0	0.0	2026-08-16 10:15:23
8592	cb679e87-713c-4b1d-8c39-dfe444f3432f	2026-08-16 00:00:00	1_3_1_1_5_1_1	金融市场部_交易性商业银行债投资_司库_1Y	0.0	0.0	0.0	2026-08-16 10:15:23
8593	cb679e87-713c-4b1d-8c39-dfe444f3432f	2026-08-16 00:00:00	1_3_1_1_5_1_2	金融市场部_交易性商业银行债投资_司库_3Y	0.0	0.0	0.0	2026-08-16 10:15:23
8594	cb679e87-713c-4b1d-8c39-dfe444f3432f	2026-08-16 00:00:00	1_3_1_1_5_1_3	金融市场部_交易性商业银行债投资_司库_5Y	0.0	0.0	0.0	2026-08-16 10:15:23
8595	cb679e87-713c-4b1d-8c39-dfe444f3432f	2026-08-16 00:00:00	1_3_1_1_5_1_4	金融市场部_交易性商业银行债投资_司库_10Y	0.0	0.0	0.0	2026-08-16 10:15:23
8596	cb679e87-713c-4b1d-8c39-dfe444f3432f	2026-08-16 00:00:00	1_3_1_1_5_2	金融市场部_交易性商业银行债投资_非司库	1564604917.13	215722891.52	5083472.2235	2026-08-16 10:15:23
8597	cb679e87-713c-4b1d-8c39-dfe444f3432f	2026-08-16 00:00:00	1_3_1_1_5_2_1	金融市场部_交易性商业银行债投资_非司库_交易账户	398808939.73	215722891.52	661805.5626	2026-08-16 10:15:23
8598	cb679e87-713c-4b1d-8c39-dfe444f3432f	2026-08-16 00:00:00	1_3_1_1_5_2_1_1	金融市场部_交易性商业银行债投资_非司库_交易账户_1Y	0.0	0.0	0.0	2026-08-16 10:15:23
8599	cb679e87-713c-4b1d-8c39-dfe444f3432f	2026-08-16 00:00:00	1_3_1_1_5_2_1_2	金融市场部_交易性商业银行债投资_非司库_交易账户_3Y	0.0	0.0	0.0	2026-08-16 10:15:23
8600	cb679e87-713c-4b1d-8c39-dfe444f3432f	2026-08-16 00:00:00	1_3_1_1_5_2_1_3	金融市场部_交易性商业银行债投资_非司库_交易账户_5Y	299264240.33	202867191.82	621250.0086	2026-08-16 10:15:23
8601	cb679e87-713c-4b1d-8c39-dfe444f3432f	2026-08-16 00:00:00	1_3_1_1_5_2_1_4	金融市场部_交易性商业银行债投资_非司库_交易账户_10Y	99544700.2	12855700.1	40555.556	2026-08-16 10:15:23
8602	cb679e87-713c-4b1d-8c39-dfe444f3432f	2026-08-16 00:00:00	1_3_1_1_5_2_2	金融市场部_交易性商业银行债投资_非司库_银行账户	1165795977.4	0.0	4421666.631	2026-08-16 10:15:23
8603	cb679e87-713c-4b1d-8c39-dfe444f3432f	2026-08-16 00:00:00	1_3_1_1_5_2_2_1	金融市场部_交易性商业银行债投资_非司库_银行账户_1Y	0.0	0.0	0.0	2026-08-16 10:15:23
8604	cb679e87-713c-4b1d-8c39-dfe444f3432f	2026-08-16 00:00:00	1_3_1_1_5_2_2_2	金融市场部_交易性商业银行债投资_非司库_银行账户_3Y	0.0	0.0	0.0	2026-08-16 10:15:23
8605	cb679e87-713c-4b1d-8c39-dfe444f3432f	2026-08-16 00:00:00	1_3_1_1_5_2_2_3	金融市场部_交易性商业银行债投资_非司库_银行账户_5Y	0.0	0.0	0.0	2026-08-16 10:15:23
8606	cb679e87-713c-4b1d-8c39-dfe444f3432f	2026-08-16 00:00:00	1_3_1_1_5_2_2_4	金融市场部_交易性商业银行债投资_非司库_银行账户_10Y	1165795979.73	1.16	4421666.631	2026-08-16 10:15:23
8607	cb679e87-713c-4b1d-8c39-dfe444f3432f	2026-08-16 00:00:00	1_3_1_1_6	金融市场部_交易性金融机构债投资	0.0	0.0	0.0	2026-08-16 10:15:23
8608	cb679e87-713c-4b1d-8c39-dfe444f3432f	2026-08-16 00:00:00	1_3_1_1_6_1	金融市场部_交易性金融机构债投资_非司库	0.0	0.0	0.0	2026-08-16 10:15:23
8609	cb679e87-713c-4b1d-8c39-dfe444f3432f	2026-08-16 00:00:00	1_3_1_1_6_1_1	金融市场部_交易性金融机构债投资_非司库_交易账户	0.0	0.0	0.0	2026-08-16 10:15:23
8610	cb679e87-713c-4b1d-8c39-dfe444f3432f	2026-08-16 00:00:00	1_3_1_1_6_1_1_1	金融市场部_交易性金融机构债投资_非司库_交易账户_1Y	0.0	0.0	0.0	2026-08-16 10:15:23
8611	cb679e87-713c-4b1d-8c39-dfe444f3432f	2026-08-16 00:00:00	1_3_1_1_6_1_1_2	金融市场部_交易性金融机构债投资_非司库_交易账户_3Y	0.0	0.0	0.0	2026-08-16 10:15:23
8612	cb679e87-713c-4b1d-8c39-dfe444f3432f	2026-08-16 00:00:00	1_3_1_1_6_1_1_3	金融市场部_交易性金融机构债投资_非司库_交易账户_5Y	0.0	0.0	0.0	2026-08-16 10:15:23
8613	cb679e87-713c-4b1d-8c39-dfe444f3432f	2026-08-16 00:00:00	1_3_1_1_6_1_1_4	金融市场部_交易性金融机构债投资_非司库_交易账户_10Y	0.0	0.0	0.0	2026-08-16 10:15:23
8614	cb679e87-713c-4b1d-8c39-dfe444f3432f	2026-08-16 00:00:00	1_3_1_1_6_1_2	金融市场部_交易性金融机构债投资_非司库_银行账户	0.0	0.0	0.0	2026-08-16 10:15:23
8615	cb679e87-713c-4b1d-8c39-dfe444f3432f	2026-08-16 00:00:00	1_3_1_1_6_1_2_1	金融市场部_交易性金融机构债投资_非司库_银行账户_1Y	0.0	0.0	0.0	2026-08-16 10:15:23
8616	cb679e87-713c-4b1d-8c39-dfe444f3432f	2026-08-16 00:00:00	1_3_1_1_6_1_2_2	金融市场部_交易性金融机构债投资_非司库_银行账户_3Y	0.0	0.0	0.0	2026-08-16 10:15:23
8617	cb679e87-713c-4b1d-8c39-dfe444f3432f	2026-08-16 00:00:00	1_3_1_1_6_1_2_3	金融市场部_交易性金融机构债投资_非司库_银行账户_5Y	0.0	0.0	0.0	2026-08-16 10:15:23
8618	cb679e87-713c-4b1d-8c39-dfe444f3432f	2026-08-16 00:00:00	1_3_1_1_6_1_2_4	金融市场部_交易性金融机构债投资_非司库_银行账户_10Y	0.0	0.0	0.0	2026-08-16 10:15:23
8619	cb679e87-713c-4b1d-8c39-dfe444f3432f	2026-08-16 00:00:00	1_3_1_1_7	金融市场部_交易性公司债投资	574520754.66	444454079.18	2743780.612	2026-08-16 10:15:23
8620	cb679e87-713c-4b1d-8c39-dfe444f3432f	2026-08-16 00:00:00	1_3_1_1_7_1	金融市场部_交易性公司债投资_非司库	574520754.66	444454079.18	2743780.612	2026-08-16 10:15:23
8621	cb679e87-713c-4b1d-8c39-dfe444f3432f	2026-08-16 00:00:00	1_3_1_1_7_1_1	金融市场部_交易性公司债投资_非司库_交易账户	514383362.88	444454079.18	2604480.6233	2026-08-16 10:15:23
8622	cb679e87-713c-4b1d-8c39-dfe444f3432f	2026-08-16 00:00:00	1_3_1_1_7_1_1_1	金融市场部_交易性公司债投资_非司库_交易账户_1Y	253920938.73	181678089.92	988688.92	2026-08-16 10:15:23
8623	cb679e87-713c-4b1d-8c39-dfe444f3432f	2026-08-16 00:00:00	1_3_1_1_7_1_1_2	金融市场部_交易性公司债投资_非司库_交易账户_3Y	260462425.18	253419957.16	1582516.7052	2026-08-16 10:15:23
8624	cb679e87-713c-4b1d-8c39-dfe444f3432f	2026-08-16 00:00:00	1_3_1_1_7_1_1_3	金融市场部_交易性公司债投资_非司库_交易账户_5Y	0.0	2258366.42	9488.8847	2026-08-16 10:15:23
8625	cb679e87-713c-4b1d-8c39-dfe444f3432f	2026-08-16 00:00:00	1_3_1_1_7_1_1_4	金融市场部_交易性公司债投资_非司库_交易账户_10Y	0.0	7097666.2	23786.1272	2026-08-16 10:15:23
8626	cb679e87-713c-4b1d-8c39-dfe444f3432f	2026-08-16 00:00:00	1_3_1_1_7_1_2	金融市场部_交易性公司债投资_非司库_银行账户	60137391.78	0.0	139300.0006	2026-08-16 10:15:23
8627	cb679e87-713c-4b1d-8c39-dfe444f3432f	2026-08-16 00:00:00	1_3_1_1_7_1_2_1	金融市场部_交易性公司债投资_非司库_银行账户_1Y	60137391.9	0.06	139300.0006	2026-08-16 10:15:23
8628	cb679e87-713c-4b1d-8c39-dfe444f3432f	2026-08-16 00:00:00	1_3_1_1_7_1_2_2	金融市场部_交易性公司债投资_非司库_银行账户_3Y	0.0	0.0	0.0	2026-08-16 10:15:23
8629	cb679e87-713c-4b1d-8c39-dfe444f3432f	2026-08-16 00:00:00	1_3_1_1_7_1_2_3	金融市场部_交易性公司债投资_非司库_银行账户_5Y	0.0	0.0	0.0	2026-08-16 10:15:23
8630	cb679e87-713c-4b1d-8c39-dfe444f3432f	2026-08-16 00:00:00	1_3_1_1_7_1_2_4	金融市场部_交易性公司债投资_非司库_银行账户_10Y	0.0	0.0	0.0	2026-08-16 10:15:23
8631	cb679e87-713c-4b1d-8c39-dfe444f3432f	2026-08-16 00:00:00	1_3_1_1_8	金融市场部_交易性同业存单投资	498946083.33	16095034.95	40640.0427	2026-08-16 10:15:23
8632	cb679e87-713c-4b1d-8c39-dfe444f3432f	2026-08-16 00:00:00	1_3_1_1_8_1	金融市场部_交易性同业存单投资_非司库	498946083.33	16095034.95	40640.0427	2026-08-16 10:15:23
8633	cb679e87-713c-4b1d-8c39-dfe444f3432f	2026-08-16 00:00:00	1_3_1_1_8_1_1	金融市场部_交易性同业存单投资_非司库_交易账户	498946083.33	16095034.95	40640.0427	2026-08-16 10:15:23
8634	cb679e87-713c-4b1d-8c39-dfe444f3432f	2026-08-16 00:00:00	1_3_1_1_8_1_1_1	金融市场部_交易性同业存单投资_非司库_交易账户_1M	498946084.33	16095035.45	40640.0427	2026-08-16 10:15:23
8635	cb679e87-713c-4b1d-8c39-dfe444f3432f	2026-08-16 00:00:00	1_3_1_1_8_1_1_2	金融市场部_交易性同业存单投资_非司库_交易账户_3M	0.0	0.0	0.0	2026-08-16 10:15:23
8636	cb679e87-713c-4b1d-8c39-dfe444f3432f	2026-08-16 00:00:00	1_3_1_1_8_1_1_3	金融市场部_交易性同业存单投资_非司库_交易账户_6M	0.0	0.0	0.0	2026-08-16 10:15:23
8637	cb679e87-713c-4b1d-8c39-dfe444f3432f	2026-08-16 00:00:00	1_3_1_1_8_1_1_4	金融市场部_交易性同业存单投资_非司库_交易账户_1Y	0.0	0.0	0.0	2026-08-16 10:15:23
8638	cb679e87-713c-4b1d-8c39-dfe444f3432f	2026-08-16 00:00:00	1_3_1_1_8_1_2	金融市场部_交易性同业存单投资_非司库_银行账户	0.0	0.0	0.0	2026-08-16 10:15:23
8639	cb679e87-713c-4b1d-8c39-dfe444f3432f	2026-08-16 00:00:00	1_3_1_1_8_1_2_1	金融市场部_交易性同业存单投资_非司库_银行账户_1M	0.0	0.0	0.0	2026-08-16 10:15:23
8640	cb679e87-713c-4b1d-8c39-dfe444f3432f	2026-08-16 00:00:00	1_3_1_1_8_1_2_2	金融市场部_交易性同业存单投资_非司库_银行账户_3M	0.0	0.0	0.0	2026-08-16 10:15:23
8641	cb679e87-713c-4b1d-8c39-dfe444f3432f	2026-08-16 00:00:00	1_3_1_1_8_1_2_3	金融市场部_交易性同业存单投资_非司库_银行账户_6M	0.0	0.0	0.0	2026-08-16 10:15:23
8642	cb679e87-713c-4b1d-8c39-dfe444f3432f	2026-08-16 00:00:00	1_3_1_1_8_1_2_4	金融市场部_交易性同业存单投资_非司库_银行账户_1Y	0.0	0.0	0.0	2026-08-16 10:15:23
8643	cb679e87-713c-4b1d-8c39-dfe444f3432f	2026-08-16 00:00:00	1_3_1_1_9	金融市场部_交易性金融资产_其他	14903175100.82	17738055207.71	41279758.6246	2026-08-16 10:15:23
8644	cb679e87-713c-4b1d-8c39-dfe444f3432f	2026-08-16 00:00:00	1_3_1_1_9_1	金融市场部_交易性金融资产_其他_非司库	14903175100.82	17738055207.71	41279758.6246	2026-08-16 10:15:23
8645	cb679e87-713c-4b1d-8c39-dfe444f3432f	2026-08-16 00:00:00	1_3_1_1_9_1_1	金融市场部_交易性金融资产_其他_非司库_交易账户	14903175100.82	17738055207.71	41279758.6246	2026-08-16 10:15:23
8646	cb679e87-713c-4b1d-8c39-dfe444f3432f	2026-08-16 00:00:00	1_3_1_1_9_1_1_1	金融市场部_交易性金融资产_其他_非司库_交易账户_1Y	7571408219.92	10648326082.8	32427258.2764	2026-08-16 10:15:23
8647	cb679e87-713c-4b1d-8c39-dfe444f3432f	2026-08-16 00:00:00	1_3_1_1_9_1_1_2	金融市场部_交易性金融资产_其他_非司库_交易账户_3Y	5803873838.6	5613265625.79	8852499.6201	2026-08-16 10:15:23
8648	cb679e87-713c-4b1d-8c39-dfe444f3432f	2026-08-16 00:00:00	1_3_1_1_9_1_1_3	金融市场部_交易性金融资产_其他_非司库_交易账户_5Y	1527893072.06	1476463514.01	0.0	2026-08-16 10:15:23
8649	cb679e87-713c-4b1d-8c39-dfe444f3432f	2026-08-16 00:00:00	1_3_1_1_9_1_2	金融市场部_交易性金融资产_其他_非司库_银行账户	0.0	0.0	0.0	2026-08-16 10:15:23
8650	cb679e87-713c-4b1d-8c39-dfe444f3432f	2026-08-16 00:00:00	1_3_1_1_9_1_2_1	金融市场部_交易性金融资产_其他_非司库_银行账户_1Y	0.0	0.0	0.0	2026-08-16 10:15:23
8651	cb679e87-713c-4b1d-8c39-dfe444f3432f	2026-08-16 00:00:00	1_3_1_1_9_1_2_2	金融市场部_交易性金融资产_其他_非司库_银行账户_3Y	0.0	0.0	0.0	2026-08-16 10:15:23
8652	cb679e87-713c-4b1d-8c39-dfe444f3432f	2026-08-16 00:00:00	1_3_1_1_9_1_2_3	金融市场部_交易性金融资产_其他_非司库_银行账户_5Y	0.0	0.0	0.0	2026-08-16 10:15:23
8653	cb679e87-713c-4b1d-8c39-dfe444f3432f	2026-08-16 00:00:00	1_3_1_2	金融市场部_其他债权投资	4160729104.47	280397783.31	11717828.8702	2026-08-16 10:15:23
8654	cb679e87-713c-4b1d-8c39-dfe444f3432f	2026-08-16 00:00:00	1_3_1_2_1	金融市场部_其他债权投资_国债	512161849.32	0.0	1405750.4625	2026-08-16 10:15:23
8655	cb679e87-713c-4b1d-8c39-dfe444f3432f	2026-08-16 00:00:00	1_3_1_2_1_1	金融市场部_其他债权投资_国债_司库	0.0	0.0	0.0	2026-08-16 10:15:23
8656	cb679e87-713c-4b1d-8c39-dfe444f3432f	2026-08-16 00:00:00	1_3_1_2_1_1_1	金融市场部_其他债权投资_国债_司库_1Y	0.0	0.0	0.0	2026-08-16 10:15:23
8657	cb679e87-713c-4b1d-8c39-dfe444f3432f	2026-08-16 00:00:00	1_3_1_2_1_1_2	金融市场部_其他债权投资_国债_司库_3Y	0.0	0.0	0.0	2026-08-16 10:15:23
8658	cb679e87-713c-4b1d-8c39-dfe444f3432f	2026-08-16 00:00:00	1_3_1_2_1_1_3	金融市场部_其他债权投资_国债_司库_5Y	0.0	0.0	0.0	2026-08-16 10:15:23
8659	cb679e87-713c-4b1d-8c39-dfe444f3432f	2026-08-16 00:00:00	1_3_1_2_1_1_4	金融市场部_其他债权投资_国债_司库_10Y	0.0	0.0	0.0	2026-08-16 10:15:23
8660	cb679e87-713c-4b1d-8c39-dfe444f3432f	2026-08-16 00:00:00	1_3_1_2_1_2	金融市场部_其他债权投资_国债_非司库	512161849.32	0.0	1405750.4625	2026-08-16 10:15:23
8661	cb679e87-713c-4b1d-8c39-dfe444f3432f	2026-08-16 00:00:00	1_3_1_2_1_2_1	金融市场部_其他债权投资_国债_非司库_1Y	0.0	0.0	0.0	2026-08-16 10:15:23
8662	cb679e87-713c-4b1d-8c39-dfe444f3432f	2026-08-16 00:00:00	1_3_1_2_1_2_2	金融市场部_其他债权投资_国债_非司库_3Y	0.0	0.0	0.0	2026-08-16 10:15:23
8663	cb679e87-713c-4b1d-8c39-dfe444f3432f	2026-08-16 00:00:00	1_3_1_2_1_2_3	金融市场部_其他债权投资_国债_非司库_5Y	0.0	0.0	0.0	2026-08-16 10:15:23
8664	cb679e87-713c-4b1d-8c39-dfe444f3432f	2026-08-16 00:00:00	1_3_1_2_1_2_4	金融市场部_其他债权投资_国债_非司库_10Y	512161850.34	0.51	1405750.4625	2026-08-16 10:15:23
8665	cb679e87-713c-4b1d-8c39-dfe444f3432f	2026-08-16 00:00:00	1_3_1_2_2	金融市场部_其他债权投资_央票	0.0	0.0	0.0	2026-08-16 10:15:23
8666	cb679e87-713c-4b1d-8c39-dfe444f3432f	2026-08-16 00:00:00	1_3_1_2_2_1	金融市场部_其他债权投资_央票_司库	0.0	0.0	0.0	2026-08-16 10:15:23
8667	cb679e87-713c-4b1d-8c39-dfe444f3432f	2026-08-16 00:00:00	1_3_1_2_2_1_1	金融市场部_其他债权投资_央票_司库_1Y	0.0	0.0	0.0	2026-08-16 10:15:23
8668	cb679e87-713c-4b1d-8c39-dfe444f3432f	2026-08-16 00:00:00	1_3_1_2_2_1_2	金融市场部_其他债权投资_央票_司库_3Y	0.0	0.0	0.0	2026-08-16 10:15:23
8669	cb679e87-713c-4b1d-8c39-dfe444f3432f	2026-08-16 00:00:00	1_3_1_2_2_1_3	金融市场部_其他债权投资_央票_司库_5Y	0.0	0.0	0.0	2026-08-16 10:15:23
8670	cb679e87-713c-4b1d-8c39-dfe444f3432f	2026-08-16 00:00:00	1_3_1_2_2_1_4	金融市场部_其他债权投资_央票_司库_10Y	0.0	0.0	0.0	2026-08-16 10:15:23
8671	cb679e87-713c-4b1d-8c39-dfe444f3432f	2026-08-16 00:00:00	1_3_1_2_2_2	金融市场部_其他债权投资_央票_非司库	0.0	0.0	0.0	2026-08-16 10:15:23
8672	cb679e87-713c-4b1d-8c39-dfe444f3432f	2026-08-16 00:00:00	1_3_1_2_2_2_1	金融市场部_其他债权投资_央票_非司库_1Y	0.0	0.0	0.0	2026-08-16 10:15:23
8673	cb679e87-713c-4b1d-8c39-dfe444f3432f	2026-08-16 00:00:00	1_3_1_2_2_2_2	金融市场部_其他债权投资_央票_非司库_3Y	0.0	0.0	0.0	2026-08-16 10:15:23
8674	cb679e87-713c-4b1d-8c39-dfe444f3432f	2026-08-16 00:00:00	1_3_1_2_2_2_3	金融市场部_其他债权投资_央票_非司库_5Y	0.0	0.0	0.0	2026-08-16 10:15:23
8675	cb679e87-713c-4b1d-8c39-dfe444f3432f	2026-08-16 00:00:00	1_3_1_2_2_2_4	金融市场部_其他债权投资_央票_非司库_10Y	0.0	0.0	0.0	2026-08-16 10:15:23
8676	cb679e87-713c-4b1d-8c39-dfe444f3432f	2026-08-16 00:00:00	1_3_1_2_3	金融市场部_其他债权投资_地方政府债	467829120.17	0.0	1164373.5164	2026-08-16 10:15:23
8677	cb679e87-713c-4b1d-8c39-dfe444f3432f	2026-08-16 00:00:00	1_3_1_2_3_1	金融市场部_其他债权投资_地方政府债_司库	0.0	0.0	0.0	2026-08-16 10:15:23
8678	cb679e87-713c-4b1d-8c39-dfe444f3432f	2026-08-16 00:00:00	1_3_1_2_3_1_1	金融市场部_其他债权投资_地方政府债_司库_1Y	0.0	0.0	0.0	2026-08-16 10:15:23
8679	cb679e87-713c-4b1d-8c39-dfe444f3432f	2026-08-16 00:00:00	1_3_1_2_3_1_2	金融市场部_其他债权投资_地方政府债_司库_3Y	0.0	0.0	0.0	2026-08-16 10:15:23
8680	cb679e87-713c-4b1d-8c39-dfe444f3432f	2026-08-16 00:00:00	1_3_1_2_3_1_3	金融市场部_其他债权投资_地方政府债_司库_5Y	0.0	0.0	0.0	2026-08-16 10:15:23
8681	cb679e87-713c-4b1d-8c39-dfe444f3432f	2026-08-16 00:00:00	1_3_1_2_3_1_4	金融市场部_其他债权投资_地方政府债_司库_10Y	0.0	0.0	0.0	2026-08-16 10:15:23
8682	cb679e87-713c-4b1d-8c39-dfe444f3432f	2026-08-16 00:00:00	1_3_1_2_3_2	金融市场部_其他债权投资_地方政府债_非司库	467829120.17	0.0	1164373.5164	2026-08-16 10:15:23
8683	cb679e87-713c-4b1d-8c39-dfe444f3432f	2026-08-16 00:00:00	1_3_1_2_3_2_1	金融市场部_其他债权投资_地方政府债_非司库_1Y	0.0	0.0	0.0	2026-08-16 10:15:23
8684	cb679e87-713c-4b1d-8c39-dfe444f3432f	2026-08-16 00:00:00	1_3_1_2_3_2_2	金融市场部_其他债权投资_地方政府债_非司库_3Y	0.0	0.0	0.0	2026-08-16 10:15:23
8685	cb679e87-713c-4b1d-8c39-dfe444f3432f	2026-08-16 00:00:00	1_3_1_2_3_2_3	金融市场部_其他债权投资_地方政府债_非司库_5Y	0.0	0.0	0.0	2026-08-16 10:15:23
8686	cb679e87-713c-4b1d-8c39-dfe444f3432f	2026-08-16 00:00:00	1_3_1_2_3_2_4	金融市场部_其他债权投资_地方政府债_非司库_10Y	467829121.1	0.47	1164373.5164	2026-08-16 10:15:23
8687	cb679e87-713c-4b1d-8c39-dfe444f3432f	2026-08-16 00:00:00	1_3_1_2_4	金融市场部_其他债权投资_政策性金融债	765783645.89	0.0	2095637.9378	2026-08-16 10:15:23
8688	cb679e87-713c-4b1d-8c39-dfe444f3432f	2026-08-16 00:00:00	1_3_1_2_4_1	金融市场部_其他债权投资_政策性金融债_司库	0.0	0.0	0.0	2026-08-16 10:15:23
8689	cb679e87-713c-4b1d-8c39-dfe444f3432f	2026-08-16 00:00:00	1_3_1_2_4_1_1	金融市场部_其他债权投资_政策性金融债_司库_1Y	0.0	0.0	0.0	2026-08-16 10:15:23
8690	cb679e87-713c-4b1d-8c39-dfe444f3432f	2026-08-16 00:00:00	1_3_1_2_4_1_2	金融市场部_其他债权投资_政策性金融债_司库_3Y	0.0	0.0	0.0	2026-08-16 10:15:23
8691	cb679e87-713c-4b1d-8c39-dfe444f3432f	2026-08-16 00:00:00	1_3_1_2_4_1_3	金融市场部_其他债权投资_政策性金融债_司库_5Y	0.0	0.0	0.0	2026-08-16 10:15:23
8692	cb679e87-713c-4b1d-8c39-dfe444f3432f	2026-08-16 00:00:00	1_3_1_2_4_1_4	金融市场部_其他债权投资_政策性金融债_司库_10Y	0.0	0.0	0.0	2026-08-16 10:15:23
8693	cb679e87-713c-4b1d-8c39-dfe444f3432f	2026-08-16 00:00:00	1_3_1_2_4_2	金融市场部_其他债权投资_政策性金融债_非司库	765783645.89	0.0	2095637.9378	2026-08-16 10:15:23
8694	cb679e87-713c-4b1d-8c39-dfe444f3432f	2026-08-16 00:00:00	1_3_1_2_4_2_1	金融市场部_其他债权投资_政策性金融债_非司库_1Y	0.0	0.0	0.0	2026-08-16 10:15:23
8695	cb679e87-713c-4b1d-8c39-dfe444f3432f	2026-08-16 00:00:00	1_3_1_2_4_2_2	金融市场部_其他债权投资_政策性金融债_非司库_3Y	358406274.01	0.36	992010.3201	2026-08-16 10:15:23
8696	cb679e87-713c-4b1d-8c39-dfe444f3432f	2026-08-16 00:00:00	1_3_1_2_4_2_3	金融市场部_其他债权投资_政策性金融债_非司库_5Y	304774447.19	0.3	802822.3037	2026-08-16 10:15:23
8697	cb679e87-713c-4b1d-8c39-dfe444f3432f	2026-08-16 00:00:00	1_3_1_2_4_2_4	金融市场部_其他债权投资_政策性金融债_非司库_10Y	102602926.22	0.1	300805.309	2026-08-16 10:15:23
8698	cb679e87-713c-4b1d-8c39-dfe444f3432f	2026-08-16 00:00:00	1_3_1_2_5	金融市场部_其他债权投资_商业银行债	203486341.1	0.0	406729.0594	2026-08-16 10:15:23
8699	cb679e87-713c-4b1d-8c39-dfe444f3432f	2026-08-16 00:00:00	1_3_1_2_5_1	金融市场部_其他债权投资_商业银行债_司库	0.0	0.0	0.0	2026-08-16 10:15:23
8700	cb679e87-713c-4b1d-8c39-dfe444f3432f	2026-08-16 00:00:00	1_3_1_2_5_1_1	金融市场部_其他债权投资_商业银行债_司库_1Y	0.0	0.0	0.0	2026-08-16 10:15:23
8701	cb679e87-713c-4b1d-8c39-dfe444f3432f	2026-08-16 00:00:00	1_3_1_2_5_1_2	金融市场部_其他债权投资_商业银行债_司库_3Y	0.0	0.0	0.0	2026-08-16 10:15:23
8702	cb679e87-713c-4b1d-8c39-dfe444f3432f	2026-08-16 00:00:00	1_3_1_2_5_1_3	金融市场部_其他债权投资_商业银行债_司库_5Y	0.0	0.0	0.0	2026-08-16 10:15:23
8703	cb679e87-713c-4b1d-8c39-dfe444f3432f	2026-08-16 00:00:00	1_3_1_2_5_1_4	金融市场部_其他债权投资_商业银行债_司库_10Y	0.0	0.0	0.0	2026-08-16 10:15:23
8704	cb679e87-713c-4b1d-8c39-dfe444f3432f	2026-08-16 00:00:00	1_3_1_2_5_2	金融市场部_其他债权投资_商业银行债_非司库	203486341.1	0.0	406729.0594	2026-08-16 10:15:23
8705	cb679e87-713c-4b1d-8c39-dfe444f3432f	2026-08-16 00:00:00	1_3_1_2_5_2_1	金融市场部_其他债权投资_商业银行债_非司库_1Y	0.0	0.0	0.0	2026-08-16 10:15:23
8706	cb679e87-713c-4b1d-8c39-dfe444f3432f	2026-08-16 00:00:00	1_3_1_2_5_2_2	金融市场部_其他债权投资_商业银行债_非司库_3Y	0.0	0.0	0.0	2026-08-16 10:15:23
8707	cb679e87-713c-4b1d-8c39-dfe444f3432f	2026-08-16 00:00:00	1_3_1_2_5_2_3	金融市场部_其他债权投资_商业银行债_非司库_5Y	203486341.51	0.2	406729.0594	2026-08-16 10:15:23
8708	cb679e87-713c-4b1d-8c39-dfe444f3432f	2026-08-16 00:00:00	1_3_1_2_5_2_4	金融市场部_其他债权投资_商业银行债_非司库_10Y	0.0	0.0	0.0	2026-08-16 10:15:23
8709	cb679e87-713c-4b1d-8c39-dfe444f3432f	2026-08-16 00:00:00	1_3_1_2_6	金融市场部_其他债权投资_金融机构债	0.0	0.0	0.0	2026-08-16 10:15:23
8710	cb679e87-713c-4b1d-8c39-dfe444f3432f	2026-08-16 00:00:00	1_3_1_2_6_1	金融市场部_其他债权投资_金融机构债_非司库	0.0	0.0	0.0	2026-08-16 10:15:23
8711	cb679e87-713c-4b1d-8c39-dfe444f3432f	2026-08-16 00:00:00	1_3_1_2_6_1_1	金融市场部_其他债权投资_金融机构债_非司库_1Y	0.0	0.0	0.0	2026-08-16 10:15:23
8712	cb679e87-713c-4b1d-8c39-dfe444f3432f	2026-08-16 00:00:00	1_3_1_2_6_1_2	金融市场部_其他债权投资_金融机构债_非司库_3Y	0.0	0.0	0.0	2026-08-16 10:15:23
8713	cb679e87-713c-4b1d-8c39-dfe444f3432f	2026-08-16 00:00:00	1_3_1_2_6_1_3	金融市场部_其他债权投资_金融机构债_非司库_5Y	0.0	0.0	0.0	2026-08-16 10:15:23
8714	cb679e87-713c-4b1d-8c39-dfe444f3432f	2026-08-16 00:00:00	1_3_1_2_6_1_4	金融市场部_其他债权投资_金融机构债_非司库_10Y	0.0	0.0	0.0	2026-08-16 10:15:23
8715	cb679e87-713c-4b1d-8c39-dfe444f3432f	2026-08-16 00:00:00	1_3_1_2_7	金融市场部_其他债权投资_公司债	529767109.53	0.0	2169464.7696	2026-08-16 10:15:23
8716	cb679e87-713c-4b1d-8c39-dfe444f3432f	2026-08-16 00:00:00	1_3_1_2_7_1	金融市场部_其他债权投资_公司债_非司库	529767109.53	0.0	2169464.7696	2026-08-16 10:15:23
8717	cb679e87-713c-4b1d-8c39-dfe444f3432f	2026-08-16 00:00:00	1_3_1_2_7_1_1	金融市场部_其他债权投资_公司债_非司库_1Y	289715611.22	0.29	1272820.5458	2026-08-16 10:15:23
8718	cb679e87-713c-4b1d-8c39-dfe444f3432f	2026-08-16 00:00:00	1_3_1_2_7_1_2	金融市场部_其他债权投资_公司债_非司库_3Y	240051499.37	0.24	896644.2239	2026-08-16 10:15:23
8719	cb679e87-713c-4b1d-8c39-dfe444f3432f	2026-08-16 00:00:00	1_3_1_2_7_1_3	金融市场部_其他债权投资_公司债_非司库_5Y	0.0	0.0	0.0	2026-08-16 10:15:23
8720	cb679e87-713c-4b1d-8c39-dfe444f3432f	2026-08-16 00:00:00	1_3_1_2_7_1_4	金融市场部_其他债权投资_公司债_非司库_10Y	0.0	0.0	0.0	2026-08-16 10:15:23
8721	cb679e87-713c-4b1d-8c39-dfe444f3432f	2026-08-16 00:00:00	1_3_1_2_8	金融市场部_其他债权投资_同业存单债	1477021038.46	280397783.31	4475873.1927	2026-08-16 10:15:23
8722	cb679e87-713c-4b1d-8c39-dfe444f3432f	2026-08-16 00:00:00	1_3_1_2_8_1	金融市场部_其他债权投资_同业存单债_非司库	1477021038.46	280397783.31	4475873.1927	2026-08-16 10:15:23
8723	cb679e87-713c-4b1d-8c39-dfe444f3432f	2026-08-16 00:00:00	1_3_1_2_8_1_1	金融市场部_其他债权投资_同业存单债_非司库_1M	1477021041.41	280397784.79	4475873.1927	2026-08-16 10:15:23
8724	cb679e87-713c-4b1d-8c39-dfe444f3432f	2026-08-16 00:00:00	1_3_1_2_8_1_2	金融市场部_其他债权投资_同业存单债_非司库_3M	0.0	0.0	0.0	2026-08-16 10:15:23
8725	cb679e87-713c-4b1d-8c39-dfe444f3432f	2026-08-16 00:00:00	1_3_1_2_8_1_3	金融市场部_其他债权投资_同业存单债_非司库_6M	0.0	0.0	0.0	2026-08-16 10:15:23
8726	cb679e87-713c-4b1d-8c39-dfe444f3432f	2026-08-16 00:00:00	1_3_1_2_8_1_4	金融市场部_其他债权投资_同业存单债_非司库_1Y	0.0	0.0	0.0	2026-08-16 10:15:23
8727	cb679e87-713c-4b1d-8c39-dfe444f3432f	2026-08-16 00:00:00	1_3_1_2_9	金融市场部_其他债权投资_其他	204680000.0	0.0	0.0	2026-08-16 10:15:23
8728	cb679e87-713c-4b1d-8c39-dfe444f3432f	2026-08-16 00:00:00	1_3_1_2_9_1	金融市场部_其他债权投资_其他_非司库	204680000.0	0.0	0.0	2026-08-16 10:15:23
8729	cb679e87-713c-4b1d-8c39-dfe444f3432f	2026-08-16 00:00:00	1_3_1_2_9_1_1	金融市场部_其他债权投资_其他_非司库_1Y	204680000.41	0.2	0.0	2026-08-16 10:15:23
8730	cb679e87-713c-4b1d-8c39-dfe444f3432f	2026-08-16 00:00:00	1_3_1_2_9_1_2	金融市场部_其他债权投资_其他_非司库_3Y	0.0	0.0	0.0	2026-08-16 10:15:23
8731	cb679e87-713c-4b1d-8c39-dfe444f3432f	2026-08-16 00:00:00	1_3_1_2_9_1_3	金融市场部_其他债权投资_其他_非司库_5Y	0.0	0.0	0.0	2026-08-16 10:15:23
8732	cb679e87-713c-4b1d-8c39-dfe444f3432f	2026-08-16 00:00:00	1_3_1_3	金融市场部_债权投资	31392694142.24	89008965.97	120236751.2181	2026-08-16 10:15:23
8733	cb679e87-713c-4b1d-8c39-dfe444f3432f	2026-08-16 00:00:00	1_3_1_3_1	金融市场部_债权投资_国债	0.0	0.0	0.0	2026-08-16 10:15:23
8734	cb679e87-713c-4b1d-8c39-dfe444f3432f	2026-08-16 00:00:00	1_3_1_3_1_1	金融市场部_债权投资_国债_司库	0.0	0.0	0.0	2026-08-16 10:15:23
8735	cb679e87-713c-4b1d-8c39-dfe444f3432f	2026-08-16 00:00:00	1_3_1_3_1_1_1	金融市场部_债权投资_国债_司库_1Y	0.0	0.0	0.0	2026-08-16 10:15:23
8736	cb679e87-713c-4b1d-8c39-dfe444f3432f	2026-08-16 00:00:00	1_3_1_3_1_1_2	金融市场部_债权投资_国债_司库_3Y	0.0	0.0	0.0	2026-08-16 10:15:23
8737	cb679e87-713c-4b1d-8c39-dfe444f3432f	2026-08-16 00:00:00	1_3_1_3_1_1_3	金融市场部_债权投资_国债_司库_5Y	0.0	0.0	0.0	2026-08-16 10:15:23
8738	cb679e87-713c-4b1d-8c39-dfe444f3432f	2026-08-16 00:00:00	1_3_1_3_1_1_4	金融市场部_债权投资_国债_司库_10Y	0.0	0.0	0.0	2026-08-16 10:15:23
8739	cb679e87-713c-4b1d-8c39-dfe444f3432f	2026-08-16 00:00:00	1_3_1_3_1_2	金融市场部_债权投资_国债_非司库	0.0	0.0	0.0	2026-08-16 10:15:23
8740	cb679e87-713c-4b1d-8c39-dfe444f3432f	2026-08-16 00:00:00	1_3_1_3_1_2_1	金融市场部_债权投资_国债_非司库_1Y	0.0	0.0	0.0	2026-08-16 10:15:23
8741	cb679e87-713c-4b1d-8c39-dfe444f3432f	2026-08-16 00:00:00	1_3_1_3_1_2_2	金融市场部_债权投资_国债_非司库_3Y	0.0	0.0	0.0	2026-08-16 10:15:23
8742	cb679e87-713c-4b1d-8c39-dfe444f3432f	2026-08-16 00:00:00	1_3_1_3_1_2_3	金融市场部_债权投资_国债_非司库_5Y	0.0	0.0	0.0	2026-08-16 10:15:23
8743	cb679e87-713c-4b1d-8c39-dfe444f3432f	2026-08-16 00:00:00	1_3_1_3_1_2_4	金融市场部_债权投资_国债_非司库_10Y	0.0	0.0	0.0	2026-08-16 10:15:23
8744	cb679e87-713c-4b1d-8c39-dfe444f3432f	2026-08-16 00:00:00	1_3_1_3_2	金融市场部_债权投资_央票	0.0	0.0	0.0	2026-08-16 10:15:23
8745	cb679e87-713c-4b1d-8c39-dfe444f3432f	2026-08-16 00:00:00	1_3_1_3_2_1	金融市场部_债权投资_央票_司库	0.0	0.0	0.0	2026-08-16 10:15:23
8746	cb679e87-713c-4b1d-8c39-dfe444f3432f	2026-08-16 00:00:00	1_3_1_3_2_1_1	金融市场部_债权投资_央票_司库_1Y	0.0	0.0	0.0	2026-08-16 10:15:23
8747	cb679e87-713c-4b1d-8c39-dfe444f3432f	2026-08-16 00:00:00	1_3_1_3_2_1_2	金融市场部_债权投资_央票_司库_3Y	0.0	0.0	0.0	2026-08-16 10:15:23
8748	cb679e87-713c-4b1d-8c39-dfe444f3432f	2026-08-16 00:00:00	1_3_1_3_2_1_3	金融市场部_债权投资_央票_司库_5Y	0.0	0.0	0.0	2026-08-16 10:15:23
8749	cb679e87-713c-4b1d-8c39-dfe444f3432f	2026-08-16 00:00:00	1_3_1_3_2_1_4	金融市场部_债权投资_央票_司库_10Y	0.0	0.0	0.0	2026-08-16 10:15:23
8750	cb679e87-713c-4b1d-8c39-dfe444f3432f	2026-08-16 00:00:00	1_3_1_3_2_2	金融市场部_债权投资_央票_非司库	0.0	0.0	0.0	2026-08-16 10:15:23
8751	cb679e87-713c-4b1d-8c39-dfe444f3432f	2026-08-16 00:00:00	1_3_1_3_2_2_1	金融市场部_债权投资_央票_非司库_1Y	0.0	0.0	0.0	2026-08-16 10:15:23
8752	cb679e87-713c-4b1d-8c39-dfe444f3432f	2026-08-16 00:00:00	1_3_1_3_2_2_2	金融市场部_债权投资_央票_非司库_3Y	0.0	0.0	0.0	2026-08-16 10:15:23
8753	cb679e87-713c-4b1d-8c39-dfe444f3432f	2026-08-16 00:00:00	1_3_1_3_2_2_3	金融市场部_债权投资_央票_非司库_5Y	0.0	0.0	0.0	2026-08-16 10:15:23
8754	cb679e87-713c-4b1d-8c39-dfe444f3432f	2026-08-16 00:00:00	1_3_1_3_2_2_4	金融市场部_债权投资_央票_非司库_10Y	0.0	0.0	0.0	2026-08-16 10:15:23
8755	cb679e87-713c-4b1d-8c39-dfe444f3432f	2026-08-16 00:00:00	1_3_1_3_3	金融市场部_债权投资_地方政府债	2819483140.46	0.0	7226758.7372	2026-08-16 10:15:23
8756	cb679e87-713c-4b1d-8c39-dfe444f3432f	2026-08-16 00:00:00	1_3_1_3_3_1	金融市场部_债权投资_地方政府债_司库	0.0	0.0	0.0	2026-08-16 10:15:23
8757	cb679e87-713c-4b1d-8c39-dfe444f3432f	2026-08-16 00:00:00	1_3_1_3_3_1_1	金融市场部_债权投资_地方政府债_司库_1Y	0.0	0.0	0.0	2026-08-16 10:15:23
8758	cb679e87-713c-4b1d-8c39-dfe444f3432f	2026-08-16 00:00:00	1_3_1_3_3_1_2	金融市场部_债权投资_地方政府债_司库_3Y	0.0	0.0	0.0	2026-08-16 10:15:23
8759	cb679e87-713c-4b1d-8c39-dfe444f3432f	2026-08-16 00:00:00	1_3_1_3_3_1_3	金融市场部_债权投资_地方政府债_司库_5Y	0.0	0.0	0.0	2026-08-16 10:15:23
8760	cb679e87-713c-4b1d-8c39-dfe444f3432f	2026-08-16 00:00:00	1_3_1_3_3_1_4	金融市场部_债权投资_地方政府债_司库_10Y	0.0	0.0	0.0	2026-08-16 10:15:23
8761	cb679e87-713c-4b1d-8c39-dfe444f3432f	2026-08-16 00:00:00	1_3_1_3_3_2	金融市场部_债权投资_地方政府债_非司库	2819483140.46	0.0	7226758.7372	2026-08-16 10:15:23
8762	cb679e87-713c-4b1d-8c39-dfe444f3432f	2026-08-16 00:00:00	1_3_1_3_3_2_1	金融市场部_债权投资_地方政府债_非司库_1Y	0.0	0.0	0.0	2026-08-16 10:15:23
8763	cb679e87-713c-4b1d-8c39-dfe444f3432f	2026-08-16 00:00:00	1_3_1_3_3_2_2	金融市场部_债权投资_地方政府债_非司库_3Y	30671221.74	0.03	69676.7664	2026-08-16 10:15:23
8764	cb679e87-713c-4b1d-8c39-dfe444f3432f	2026-08-16 00:00:00	1_3_1_3_3_2_3	金融市场部_债权投资_地方政府债_非司库_5Y	0.0	0.0	0.0	2026-08-16 10:15:23
8765	cb679e87-713c-4b1d-8c39-dfe444f3432f	2026-08-16 00:00:00	1_3_1_3_3_2_4	金融市场部_债权投资_地方政府债_非司库_10Y	2788811924.35	2.79	7157082.0693	2026-08-16 10:15:23
8766	cb679e87-713c-4b1d-8c39-dfe444f3432f	2026-08-16 00:00:00	1_3_1_3_4	金融市场部_债权投资_政策性金融债	12727963893.62	0.0	36213190.4543	2026-08-16 10:15:23
8767	cb679e87-713c-4b1d-8c39-dfe444f3432f	2026-08-16 00:00:00	1_3_1_3_4_1	金融市场部_债权投资_政策性金融债_司库	0.0	0.0	0.0	2026-08-16 10:15:23
8768	cb679e87-713c-4b1d-8c39-dfe444f3432f	2026-08-16 00:00:00	1_3_1_3_4_1_1	金融市场部_债权投资_政策性金融债_司库_1Y	0.0	0.0	0.0	2026-08-16 10:15:23
8769	cb679e87-713c-4b1d-8c39-dfe444f3432f	2026-08-16 00:00:00	1_3_1_3_4_1_2	金融市场部_债权投资_政策性金融债_司库_3Y	0.0	0.0	0.0	2026-08-16 10:15:23
8770	cb679e87-713c-4b1d-8c39-dfe444f3432f	2026-08-16 00:00:00	1_3_1_3_4_1_3	金融市场部_债权投资_政策性金融债_司库_5Y	0.0	0.0	0.0	2026-08-16 10:15:23
8771	cb679e87-713c-4b1d-8c39-dfe444f3432f	2026-08-16 00:00:00	1_3_1_3_4_1_4	金融市场部_债权投资_政策性金融债_司库_10Y	0.0	0.0	0.0	2026-08-16 10:15:23
8772	cb679e87-713c-4b1d-8c39-dfe444f3432f	2026-08-16 00:00:00	1_3_1_3_4_2	金融市场部_债权投资_政策性金融债_非司库	12727963893.62	0.0	36213190.4543	2026-08-16 10:15:23
8773	cb679e87-713c-4b1d-8c39-dfe444f3432f	2026-08-16 00:00:00	1_3_1_3_4_2_1	金融市场部_债权投资_政策性金融债_非司库_1Y	0.0	0.0	0.0	2026-08-16 10:15:23
8774	cb679e87-713c-4b1d-8c39-dfe444f3432f	2026-08-16 00:00:00	1_3_1_3_4_2_2	金融市场部_债权投资_政策性金融债_非司库_3Y	0.0	0.0	0.0	2026-08-16 10:15:23
8775	cb679e87-713c-4b1d-8c39-dfe444f3432f	2026-08-16 00:00:00	1_3_1_3_4_2_3	金融市场部_债权投资_政策性金融债_非司库_5Y	174734685.81	0.17	495135.505	2026-08-16 10:15:23
8776	cb679e87-713c-4b1d-8c39-dfe444f3432f	2026-08-16 00:00:00	1_3_1_3_4_2_4	金融市场部_债权投资_政策性金融债_非司库_10Y	12553229233.23	12.54	35718054.7556	2026-08-16 10:15:23
8777	cb679e87-713c-4b1d-8c39-dfe444f3432f	2026-08-16 00:00:00	1_3_1_3_5	金融市场部_债权投资_商业银行债	1394012123.33	0.0	4387113.7604	2026-08-16 10:15:23
8778	cb679e87-713c-4b1d-8c39-dfe444f3432f	2026-08-16 00:00:00	1_3_1_3_5_1	金融市场部_债权投资_商业银行债_司库	0.0	0.0	0.0	2026-08-16 10:15:23
8779	cb679e87-713c-4b1d-8c39-dfe444f3432f	2026-08-16 00:00:00	1_3_1_3_5_1_1	金融市场部_债权投资_商业银行债_司库_1Y	0.0	0.0	0.0	2026-08-16 10:15:23
8780	cb679e87-713c-4b1d-8c39-dfe444f3432f	2026-08-16 00:00:00	1_3_1_3_5_1_2	金融市场部_债权投资_商业银行债_司库_3Y	0.0	0.0	0.0	2026-08-16 10:15:23
8781	cb679e87-713c-4b1d-8c39-dfe444f3432f	2026-08-16 00:00:00	1_3_1_3_5_1_3	金融市场部_债权投资_商业银行债_司库_5Y	0.0	0.0	0.0	2026-08-16 10:15:23
8782	cb679e87-713c-4b1d-8c39-dfe444f3432f	2026-08-16 00:00:00	1_3_1_3_5_1_4	金融市场部_债权投资_商业银行债_司库_10Y	0.0	0.0	0.0	2026-08-16 10:15:23
8783	cb679e87-713c-4b1d-8c39-dfe444f3432f	2026-08-16 00:00:00	1_3_1_3_5_2	金融市场部_债权投资_商业银行债_非司库	1394012123.33	0.0	4387113.7604	2026-08-16 10:15:23
8784	cb679e87-713c-4b1d-8c39-dfe444f3432f	2026-08-16 00:00:00	1_3_1_3_5_2_1	金融市场部_债权投资_商业银行债_非司库_1Y	0.0	0.0	0.0	2026-08-16 10:15:23
8785	cb679e87-713c-4b1d-8c39-dfe444f3432f	2026-08-16 00:00:00	1_3_1_3_5_2_2	金融市场部_债权投资_商业银行债_非司库_3Y	647891822.73	0.65	1979117.0109	2026-08-16 10:15:23
8786	cb679e87-713c-4b1d-8c39-dfe444f3432f	2026-08-16 00:00:00	1_3_1_3_5_2_3	金融市场部_债权投资_商业银行债_非司库_5Y	746120303.38	0.75	2407996.8221	2026-08-16 10:15:23
8787	cb679e87-713c-4b1d-8c39-dfe444f3432f	2026-08-16 00:00:00	1_3_1_3_5_2_4	金融市场部_债权投资_商业银行债_非司库_10Y	0.0	0.0	0.0	2026-08-16 10:15:23
8788	cb679e87-713c-4b1d-8c39-dfe444f3432f	2026-08-16 00:00:00	1_3_1_3_6	金融市场部_债权投资_金融机构债	712089972.64	0.0	2656374.2858	2026-08-16 10:15:23
8789	cb679e87-713c-4b1d-8c39-dfe444f3432f	2026-08-16 00:00:00	1_3_1_3_6_1	金融市场部_债权投资_金融机构债_非司库	712089972.64	0.0	2656374.2858	2026-08-16 10:15:23
8790	cb679e87-713c-4b1d-8c39-dfe444f3432f	2026-08-16 00:00:00	1_3_1_3_6_1_1	金融市场部_债权投资_金融机构债_非司库_1Y	95692494.88	0.1	439732.2701	2026-08-16 10:15:23
8791	cb679e87-713c-4b1d-8c39-dfe444f3432f	2026-08-16 00:00:00	1_3_1_3_6_1_2	金融市场部_债权投资_金融机构债_非司库_3Y	409904603.44	0.41	1533327.0262	2026-08-16 10:15:23
8792	cb679e87-713c-4b1d-8c39-dfe444f3432f	2026-08-16 00:00:00	1_3_1_3_6_1_3	金融市场部_债权投资_金融机构债_非司库_5Y	206492875.74	0.21	683315.0118	2026-08-16 10:15:23
8793	cb679e87-713c-4b1d-8c39-dfe444f3432f	2026-08-16 00:00:00	1_3_1_3_6_1_4	金融市场部_债权投资_金融机构债_非司库_10Y	0.0	0.0	0.0	2026-08-16 10:15:23
8794	cb679e87-713c-4b1d-8c39-dfe444f3432f	2026-08-16 00:00:00	1_3_1_3_7	金融市场部_债权投资_公司债	13582656562.27	89008965.97	68134523.6448	2026-08-16 10:15:23
8795	cb679e87-713c-4b1d-8c39-dfe444f3432f	2026-08-16 00:00:00	1_3_1_3_7_1	金融市场部_债权投资_公司债_非司库	13582656562.27	89008965.97	68134523.6448	2026-08-16 10:15:23
8796	cb679e87-713c-4b1d-8c39-dfe444f3432f	2026-08-16 00:00:00	1_3_1_3_7_1_1	金融市场部_债权投资_公司债_非司库_1Y	695958976.74	89008966.67	2636151.9858	2026-08-16 10:15:23
8797	cb679e87-713c-4b1d-8c39-dfe444f3432f	2026-08-16 00:00:00	1_3_1_3_7_1_2	金融市场部_债权投资_公司债_非司库_3Y	2173022935.13	2.17	10533636.5426	2026-08-16 10:15:23
8798	cb679e87-713c-4b1d-8c39-dfe444f3432f	2026-08-16 00:00:00	1_3_1_3_7_1_3	金融市场部_债权投资_公司债_非司库_5Y	2722682764.78	2.72	9032785.3899	2026-08-16 10:15:23
8799	cb679e87-713c-4b1d-8c39-dfe444f3432f	2026-08-16 00:00:00	1_3_1_3_7_1_4	金融市场部_债权投资_公司债_非司库_10Y	7990991912.75	7.98	46621444.2893	2026-08-16 10:15:23
8800	cb679e87-713c-4b1d-8c39-dfe444f3432f	2026-08-16 00:00:00	1_3_1_3_8	金融市场部_债权投资_同业存单债	0.0	0.0	0.0	2026-08-16 10:15:23
8801	cb679e87-713c-4b1d-8c39-dfe444f3432f	2026-08-16 00:00:00	1_3_1_3_8_1	金融市场部_债权投资_同业存单债_非司库	0.0	0.0	0.0	2026-08-16 10:15:23
8802	cb679e87-713c-4b1d-8c39-dfe444f3432f	2026-08-16 00:00:00	1_3_1_3_8_1_1	金融市场部_债权投资_同业存单债_非司库_1M	0.0	0.0	0.0	2026-08-16 10:15:23
8803	cb679e87-713c-4b1d-8c39-dfe444f3432f	2026-08-16 00:00:00	1_3_1_3_8_1_2	金融市场部_债权投资_同业存单债_非司库_3M	0.0	0.0	0.0	2026-08-16 10:15:23
8804	cb679e87-713c-4b1d-8c39-dfe444f3432f	2026-08-16 00:00:00	1_3_1_3_8_1_3	金融市场部_债权投资_同业存单债_非司库_6M	0.0	0.0	0.0	2026-08-16 10:15:23
8805	cb679e87-713c-4b1d-8c39-dfe444f3432f	2026-08-16 00:00:00	1_3_1_3_8_1_4	金融市场部_债权投资_同业存单债_非司库_1Y	0.0	0.0	0.0	2026-08-16 10:15:23
8806	cb679e87-713c-4b1d-8c39-dfe444f3432f	2026-08-16 00:00:00	1_3_1_3_9	金融市场部_债权投资_其他	156488449.92	0.0	938590.9272	2026-08-16 10:15:23
8807	cb679e87-713c-4b1d-8c39-dfe444f3432f	2026-08-16 00:00:00	1_3_1_3_9_1	金融市场部_债权投资_其他_非司库	156488449.92	0.0	938590.9272	2026-08-16 10:15:23
8808	cb679e87-713c-4b1d-8c39-dfe444f3432f	2026-08-16 00:00:00	1_3_1_3_9_1_1	金融市场部_债权投资_其他_非司库_1Y	156488450.23	0.16	938590.9272	2026-08-16 10:15:23
8809	cb679e87-713c-4b1d-8c39-dfe444f3432f	2026-08-16 00:00:00	1_3_1_3_9_1_2	金融市场部_债权投资_其他_非司库_3Y	0.0	0.0	0.0	2026-08-16 10:15:23
8810	cb679e87-713c-4b1d-8c39-dfe444f3432f	2026-08-16 00:00:00	1_3_1_3_9_1_3	金融市场部_债权投资_其他_非司库_5Y	0.0	0.0	0.0	2026-08-16 10:15:23
8811	cb679e87-713c-4b1d-8c39-dfe444f3432f	2026-08-16 00:00:00	1_3_1_4	金融市场部_其他权益工具投资	0.0	0.0	0.0	2026-08-16 10:15:23
8812	cb679e87-713c-4b1d-8c39-dfe444f3432f	2026-08-16 00:00:00	1_3_1_4_1	金融市场部_其他权益工具投资_司库_5Y	0.0	0.0	0.0	2026-08-16 10:15:23
8813	cb679e87-713c-4b1d-8c39-dfe444f3432f	2026-08-16 00:00:00	1_3_1_4_2	金融市场部_其他权益工具投资_非司库_5Y	0.0	0.0	0.0	2026-08-16 10:15:23
8814	cb679e87-713c-4b1d-8c39-dfe444f3432f	2026-08-16 00:00:00	1_3_2	投资银行部投资	56257815935.59	6039745102.0	269315074.5492	2026-08-16 10:15:23
8815	cb679e87-713c-4b1d-8c39-dfe444f3432f	2026-08-16 00:00:00	1_3_2_1	投资银行部_交易性金融资产	10532109378.66	6039745102.0	18706619.2569	2026-08-16 10:15:23
8816	cb679e87-713c-4b1d-8c39-dfe444f3432f	2026-08-16 00:00:00	1_3_2_1_1	投资银行部_交易性政策性金融债投资	0.0	0.0	0.0	2026-08-16 10:15:23
8817	cb679e87-713c-4b1d-8c39-dfe444f3432f	2026-08-16 00:00:00	1_3_2_1_1_1	投资银行部_交易性政策性金融债投资_交易账户	0.0	0.0	0.0	2026-08-16 10:15:23
8818	cb679e87-713c-4b1d-8c39-dfe444f3432f	2026-08-16 00:00:00	1_3_2_1_1_1_1	投资银行部_交易性政策性金融债投资_交易账户_1Y	0.0	0.0	0.0	2026-08-16 10:15:23
8819	cb679e87-713c-4b1d-8c39-dfe444f3432f	2026-08-16 00:00:00	1_3_2_1_1_1_2	投资银行部_交易性政策性金融债投资_交易账户_3Y	0.0	0.0	0.0	2026-08-16 10:15:23
8820	cb679e87-713c-4b1d-8c39-dfe444f3432f	2026-08-16 00:00:00	1_3_2_1_1_1_3	投资银行部_交易性政策性金融债投资_交易账户_5Y	0.0	0.0	0.0	2026-08-16 10:15:23
8821	cb679e87-713c-4b1d-8c39-dfe444f3432f	2026-08-16 00:00:00	1_3_2_1_1_1_4	投资银行部_交易性政策性金融债投资_交易账户_10Y	0.0	0.0	0.0	2026-08-16 10:15:23
8822	cb679e87-713c-4b1d-8c39-dfe444f3432f	2026-08-16 00:00:00	1_3_2_1_1_2	投资银行部_交易性政策性金融债投资_银行账户	0.0	0.0	0.0	2026-08-16 10:15:23
8823	cb679e87-713c-4b1d-8c39-dfe444f3432f	2026-08-16 00:00:00	1_3_2_1_1_2_1	投资银行部_交易性政策性金融债投资_银行账户_1Y	0.0	0.0	0.0	2026-08-16 10:15:23
8824	cb679e87-713c-4b1d-8c39-dfe444f3432f	2026-08-16 00:00:00	1_3_2_1_1_2_2	投资银行部_交易性政策性金融债投资_银行账户_3Y	0.0	0.0	0.0	2026-08-16 10:15:23
8825	cb679e87-713c-4b1d-8c39-dfe444f3432f	2026-08-16 00:00:00	1_3_2_1_1_2_3	投资银行部_交易性政策性金融债投资_银行账户_5Y	0.0	0.0	0.0	2026-08-16 10:15:23
8826	cb679e87-713c-4b1d-8c39-dfe444f3432f	2026-08-16 00:00:00	1_3_2_1_1_2_4	投资银行部_交易性政策性金融债投资_银行账户_10Y	0.0	0.0	0.0	2026-08-16 10:15:23
8827	cb679e87-713c-4b1d-8c39-dfe444f3432f	2026-08-16 00:00:00	1_3_2_1_10	投资银行部_交易性融资租赁	0.0	0.0	0.0	2026-08-16 10:15:23
8828	cb679e87-713c-4b1d-8c39-dfe444f3432f	2026-08-16 00:00:00	1_3_2_1_10_1	投资银行部_交易性融资租赁_1Y	0.0	0.0	0.0	2026-08-16 10:15:23
8829	cb679e87-713c-4b1d-8c39-dfe444f3432f	2026-08-16 00:00:00	1_3_2_1_10_2	投资银行部_交易性融资租赁_3Y	0.0	0.0	0.0	2026-08-16 10:15:23
8830	cb679e87-713c-4b1d-8c39-dfe444f3432f	2026-08-16 00:00:00	1_3_2_1_10_3	投资银行部_交易性融资租赁_5Y	0.0	0.0	0.0	2026-08-16 10:15:23
8831	cb679e87-713c-4b1d-8c39-dfe444f3432f	2026-08-16 00:00:00	1_3_2_1_11	投资银行部_交易性金融资产_资产证券化产品	0.0	0.0	0.0	2026-08-16 10:15:23
8832	cb679e87-713c-4b1d-8c39-dfe444f3432f	2026-08-16 00:00:00	1_3_2_1_11_1	投资银行部_交易性金融资产_资产证券化产品_1Y	0.0	0.0	0.0	2026-08-16 10:15:23
8833	cb679e87-713c-4b1d-8c39-dfe444f3432f	2026-08-16 00:00:00	1_3_2_1_11_2	投资银行部_交易性金融资产_资产证券化产品_3Y	0.0	0.0	0.0	2026-08-16 10:15:23
8834	cb679e87-713c-4b1d-8c39-dfe444f3432f	2026-08-16 00:00:00	1_3_2_1_11_3	投资银行部_交易性金融资产_资产证券化产品_5Y	0.0	0.0	0.0	2026-08-16 10:15:23
8835	cb679e87-713c-4b1d-8c39-dfe444f3432f	2026-08-16 00:00:00	1_3_2_1_12	投资银行部_交易性其他资产	5778494116.07	3844339904.01	-5522119.3276	2026-08-16 10:15:23
8836	cb679e87-713c-4b1d-8c39-dfe444f3432f	2026-08-16 00:00:00	1_3_2_1_12_1	投资银行部_交易性其他资产_1Y	5075185195.75	3844339909.08	-5600184.0607	2026-08-16 10:15:23
8837	cb679e87-713c-4b1d-8c39-dfe444f3432f	2026-08-16 00:00:00	1_3_2_1_12_2	投资银行部_交易性其他资产_3Y	403188931.26	0.4	0.0	2026-08-16 10:15:23
8838	cb679e87-713c-4b1d-8c39-dfe444f3432f	2026-08-16 00:00:00	1_3_2_1_12_3	投资银行部_交易性其他资产_5Y	300120000.6	0.3	121666.6674	2026-08-16 10:15:23
8839	cb679e87-713c-4b1d-8c39-dfe444f3432f	2026-08-16 00:00:00	1_3_2_1_2	投资银行部_交易性商业银行债投资	0.0	0.0	0.0	2026-08-16 10:15:23
8840	cb679e87-713c-4b1d-8c39-dfe444f3432f	2026-08-16 00:00:00	1_3_2_1_2_1	投资银行部_交易性商业银行债投资_交易账户	0.0	0.0	0.0	2026-08-16 10:15:23
8841	cb679e87-713c-4b1d-8c39-dfe444f3432f	2026-08-16 00:00:00	1_3_2_1_2_1_1	投资银行部_交易性商业银行债投资_交易账户_1Y	0.0	0.0	0.0	2026-08-16 10:15:23
8842	cb679e87-713c-4b1d-8c39-dfe444f3432f	2026-08-16 00:00:00	1_3_2_1_2_1_2	投资银行部_交易性商业银行债投资_交易账户_3Y	0.0	0.0	0.0	2026-08-16 10:15:23
8843	cb679e87-713c-4b1d-8c39-dfe444f3432f	2026-08-16 00:00:00	1_3_2_1_2_1_3	投资银行部_交易性商业银行债投资_交易账户_5Y	0.0	0.0	0.0	2026-08-16 10:15:23
8844	cb679e87-713c-4b1d-8c39-dfe444f3432f	2026-08-16 00:00:00	1_3_2_1_2_1_4	投资银行部_交易性商业银行债投资_交易账户_10Y	0.0	0.0	0.0	2026-08-16 10:15:23
8845	cb679e87-713c-4b1d-8c39-dfe444f3432f	2026-08-16 00:00:00	1_3_2_1_2_2	投资银行部_交易性商业银行债投资_银行账户	0.0	0.0	0.0	2026-08-16 10:15:23
8846	cb679e87-713c-4b1d-8c39-dfe444f3432f	2026-08-16 00:00:00	1_3_2_1_2_2_1	投资银行部_交易性商业银行债投资_银行账户_1Y	0.0	0.0	0.0	2026-08-16 10:15:23
8847	cb679e87-713c-4b1d-8c39-dfe444f3432f	2026-08-16 00:00:00	1_3_2_1_2_2_2	投资银行部_交易性商业银行债投资_银行账户_3Y	0.0	0.0	0.0	2026-08-16 10:15:23
8848	cb679e87-713c-4b1d-8c39-dfe444f3432f	2026-08-16 00:00:00	1_3_2_1_2_2_3	投资银行部_交易性商业银行债投资_银行账户_5Y	0.0	0.0	0.0	2026-08-16 10:15:23
8849	cb679e87-713c-4b1d-8c39-dfe444f3432f	2026-08-16 00:00:00	1_3_2_1_2_2_4	投资银行部_交易性商业银行债投资_银行账户_10Y	0.0	0.0	0.0	2026-08-16 10:15:23
8850	cb679e87-713c-4b1d-8c39-dfe444f3432f	2026-08-16 00:00:00	1_3_2_1_3	投资银行部_交易性金融机构债投资	4303377.4	4168502.21	0.0	2026-08-16 10:15:23
8851	cb679e87-713c-4b1d-8c39-dfe444f3432f	2026-08-16 00:00:00	1_3_2_1_3_1	投资银行部_交易性金融机构债投资_交易账户	4303377.4	4168502.21	0.0	2026-08-16 10:15:23
8852	cb679e87-713c-4b1d-8c39-dfe444f3432f	2026-08-16 00:00:00	1_3_2_1_3_1_1	投资银行部_交易性金融机构债投资_交易账户_1Y	4303377.41	4168502.21	0.0	2026-08-16 10:15:23
8853	cb679e87-713c-4b1d-8c39-dfe444f3432f	2026-08-16 00:00:00	1_3_2_1_3_1_2	投资银行部_交易性金融机构债投资_交易账户_3Y	0.0	0.0	0.0	2026-08-16 10:15:23
8854	cb679e87-713c-4b1d-8c39-dfe444f3432f	2026-08-16 00:00:00	1_3_2_1_3_1_3	投资银行部_交易性金融机构债投资_交易账户_5Y	0.0	0.0	0.0	2026-08-16 10:15:23
8855	cb679e87-713c-4b1d-8c39-dfe444f3432f	2026-08-16 00:00:00	1_3_2_1_3_1_4	投资银行部_交易性金融机构债投资_交易账户_10Y	0.0	0.0	0.0	2026-08-16 10:15:23
8856	cb679e87-713c-4b1d-8c39-dfe444f3432f	2026-08-16 00:00:00	1_3_2_1_3_2	投资银行部_交易性金融机构债投资_银行账户	0.0	0.0	0.0	2026-08-16 10:15:23
8857	cb679e87-713c-4b1d-8c39-dfe444f3432f	2026-08-16 00:00:00	1_3_2_1_3_2_1	投资银行部_交易性金融机构债投资_银行账户_1Y	0.0	0.0	0.0	2026-08-16 10:15:23
8858	cb679e87-713c-4b1d-8c39-dfe444f3432f	2026-08-16 00:00:00	1_3_2_1_3_2_2	投资银行部_交易性金融机构债投资_银行账户_3Y	0.0	0.0	0.0	2026-08-16 10:15:23
8859	cb679e87-713c-4b1d-8c39-dfe444f3432f	2026-08-16 00:00:00	1_3_2_1_3_2_3	投资银行部_交易性金融机构债投资_银行账户_5Y	0.0	0.0	0.0	2026-08-16 10:15:23
8860	cb679e87-713c-4b1d-8c39-dfe444f3432f	2026-08-16 00:00:00	1_3_2_1_3_2_4	投资银行部_交易性金融机构债投资_银行账户_10Y	0.0	0.0	0.0	2026-08-16 10:15:23
8861	cb679e87-713c-4b1d-8c39-dfe444f3432f	2026-08-16 00:00:00	1_3_2_1_4	投资银行部_交易性公司债投资	2263808260.51	2191236695.78	12396333.4602	2026-08-16 10:15:23
8862	cb679e87-713c-4b1d-8c39-dfe444f3432f	2026-08-16 00:00:00	1_3_2_1_4_1	投资银行部_交易性公司债投资_交易账户	2263808260.51	2191236695.78	12396333.4602	2026-08-16 10:15:23
8863	cb679e87-713c-4b1d-8c39-dfe444f3432f	2026-08-16 00:00:00	1_3_2_1_4_1_1	投资银行部_交易性公司债投资_交易账户_1Y	727863189.46	703796490.54	4206750.0051	2026-08-16 10:15:23
8864	cb679e87-713c-4b1d-8c39-dfe444f3432f	2026-08-16 00:00:00	1_3_2_1_4_1_2	投资银行部_交易性公司债投资_交易账户_3Y	1535945075.57	1487440207.5	8189583.4351	2026-08-16 10:15:23
8865	cb679e87-713c-4b1d-8c39-dfe444f3432f	2026-08-16 00:00:00	1_3_2_1_4_1_3	投资银行部_交易性公司债投资_交易账户_5Y	0.0	0.0	0.0	2026-08-16 10:15:23
8866	cb679e87-713c-4b1d-8c39-dfe444f3432f	2026-08-16 00:00:00	1_3_2_1_4_1_4	投资银行部_交易性公司债投资_交易账户_10Y	0.0	0.0	0.0	2026-08-16 10:15:23
8867	cb679e87-713c-4b1d-8c39-dfe444f3432f	2026-08-16 00:00:00	1_3_2_1_4_2	投资银行部_交易性公司债投资_银行账户	0.0	0.0	0.0	2026-08-16 10:15:23
8868	cb679e87-713c-4b1d-8c39-dfe444f3432f	2026-08-16 00:00:00	1_3_2_1_4_2_1	投资银行部_交易性公司债投资_银行账户_1Y	0.0	0.0	0.0	2026-08-16 10:15:23
8869	cb679e87-713c-4b1d-8c39-dfe444f3432f	2026-08-16 00:00:00	1_3_2_1_4_2_2	投资银行部_交易性公司债投资_银行账户_3Y	0.0	0.0	0.0	2026-08-16 10:15:23
8870	cb679e87-713c-4b1d-8c39-dfe444f3432f	2026-08-16 00:00:00	1_3_2_1_4_2_3	投资银行部_交易性公司债投资_银行账户_5Y	0.0	0.0	0.0	2026-08-16 10:15:23
8871	cb679e87-713c-4b1d-8c39-dfe444f3432f	2026-08-16 00:00:00	1_3_2_1_4_2_4	投资银行部_交易性公司债投资_银行账户_10Y	0.0	0.0	0.0	2026-08-16 10:15:23
8872	cb679e87-713c-4b1d-8c39-dfe444f3432f	2026-08-16 00:00:00	1_3_2_1_5	投资银行部_交易性信托	510000000.0	0.0	3581900.4677	2026-08-16 10:15:23
8873	cb679e87-713c-4b1d-8c39-dfe444f3432f	2026-08-16 00:00:00	1_3_2_1_5_1	投资银行部_交易性信托_1Y	0.0	0.0	0.0	2026-08-16 10:15:23
8874	cb679e87-713c-4b1d-8c39-dfe444f3432f	2026-08-16 00:00:00	1_3_2_1_5_2	投资银行部_交易性信托_3Y	510000001.02	0.51	3581900.4677	2026-08-16 10:15:23
8875	cb679e87-713c-4b1d-8c39-dfe444f3432f	2026-08-16 00:00:00	1_3_2_1_5_3	投资银行部_交易性信托_5Y	0.0	0.0	0.0	2026-08-16 10:15:23
8876	cb679e87-713c-4b1d-8c39-dfe444f3432f	2026-08-16 00:00:00	1_3_2_1_6	投资银行部_交易性资管计划	1775109005.18	0.0	8231931.0685	2026-08-16 10:15:23
8877	cb679e87-713c-4b1d-8c39-dfe444f3432f	2026-08-16 00:00:00	1_3_2_1_6_1	投资银行部_交易性资管计划_1Y	559040537.99	0.56	1744803.8589	2026-08-16 10:15:23
8878	cb679e87-713c-4b1d-8c39-dfe444f3432f	2026-08-16 00:00:00	1_3_2_1_6_2	投资银行部_交易性资管计划_3Y	519624782.43	0.52	3280432.0424	2026-08-16 10:15:23
8879	cb679e87-713c-4b1d-8c39-dfe444f3432f	2026-08-16 00:00:00	1_3_2_1_6_3	投资银行部_交易性资管计划_5Y	696443688.31	0.7	3327500.0123	2026-08-16 10:15:23
8880	cb679e87-713c-4b1d-8c39-dfe444f3432f	2026-08-16 00:00:00	1_3_2_1_7	投资银行部_交易性债权融资计划	0.0	0.0	0.0	2026-08-16 10:15:23
8881	cb679e87-713c-4b1d-8c39-dfe444f3432f	2026-08-16 00:00:00	1_3_2_1_7_1	投资银行部_交易性债权融资计划_1Y	0.0	0.0	0.0	2026-08-16 10:15:23
8882	cb679e87-713c-4b1d-8c39-dfe444f3432f	2026-08-16 00:00:00	1_3_2_1_7_2	投资银行部_交易性债权融资计划_3Y	0.0	0.0	0.0	2026-08-16 10:15:23
8883	cb679e87-713c-4b1d-8c39-dfe444f3432f	2026-08-16 00:00:00	1_3_2_1_7_3	投资银行部_交易性债权融资计划_5Y	0.0	0.0	0.0	2026-08-16 10:15:23
8884	cb679e87-713c-4b1d-8c39-dfe444f3432f	2026-08-16 00:00:00	1_3_2_1_8	投资银行部_交易性私募基金	200394619.5	0.0	1144004.5893	2026-08-16 10:15:23
8885	cb679e87-713c-4b1d-8c39-dfe444f3432f	2026-08-16 00:00:00	1_3_2_1_8_1	投资银行部_交易性私募基金_1Y	0.0	0.0	0.0	2026-08-16 10:15:23
8886	cb679e87-713c-4b1d-8c39-dfe444f3432f	2026-08-16 00:00:00	1_3_2_1_8_2	投资银行部_交易性私募基金_3Y	0.0	0.0	0.0	2026-08-16 10:15:23
8887	cb679e87-713c-4b1d-8c39-dfe444f3432f	2026-08-16 00:00:00	1_3_2_1_8_3	投资银行部_交易性私募基金_5Y	200394619.9	0.2	1144004.5893	2026-08-16 10:15:23
8888	cb679e87-713c-4b1d-8c39-dfe444f3432f	2026-08-16 00:00:00	1_3_2_1_9	投资银行部_交易性公募基金	0.0	0.0	0.0	2026-08-16 10:15:23
8889	cb679e87-713c-4b1d-8c39-dfe444f3432f	2026-08-16 00:00:00	1_3_2_1_9_1	投资银行部_交易性公募基金_3Y	0.0	0.0	0.0	2026-08-16 10:15:23
8890	cb679e87-713c-4b1d-8c39-dfe444f3432f	2026-08-16 00:00:00	1_3_2_2	投资银行部_其他债权投资	0.0	0.0	0.0	2026-08-16 10:15:23
8891	cb679e87-713c-4b1d-8c39-dfe444f3432f	2026-08-16 00:00:00	1_3_2_2_1	投资银行部_其他债权投资_商业银行债	0.0	0.0	0.0	2026-08-16 10:15:23
8892	cb679e87-713c-4b1d-8c39-dfe444f3432f	2026-08-16 00:00:00	1_3_2_2_1_1	投资银行部_其他债权投资_商业银行债_1Y	0.0	0.0	0.0	2026-08-16 10:15:23
8893	cb679e87-713c-4b1d-8c39-dfe444f3432f	2026-08-16 00:00:00	1_3_2_2_1_2	投资银行部_其他债权投资_商业银行债_3Y	0.0	0.0	0.0	2026-08-16 10:15:23
8894	cb679e87-713c-4b1d-8c39-dfe444f3432f	2026-08-16 00:00:00	1_3_2_2_1_3	投资银行部_其他债权投资_商业银行债_5Y	0.0	0.0	0.0	2026-08-16 10:15:23
8895	cb679e87-713c-4b1d-8c39-dfe444f3432f	2026-08-16 00:00:00	1_3_2_2_1_4	投资银行部_其他债权投资_商业银行债_10Y	0.0	0.0	0.0	2026-08-16 10:15:23
8896	cb679e87-713c-4b1d-8c39-dfe444f3432f	2026-08-16 00:00:00	1_3_2_2_10	投资银行部_其他债权投资_其他	0.0	0.0	0.0	2026-08-16 10:15:23
8897	cb679e87-713c-4b1d-8c39-dfe444f3432f	2026-08-16 00:00:00	1_3_2_2_10_1	投资银行部_其他债权投资_其他_1Y	0.0	0.0	0.0	2026-08-16 10:15:23
8898	cb679e87-713c-4b1d-8c39-dfe444f3432f	2026-08-16 00:00:00	1_3_2_2_10_2	投资银行部_其他债权投资_其他_3Y	0.0	0.0	0.0	2026-08-16 10:15:23
8899	cb679e87-713c-4b1d-8c39-dfe444f3432f	2026-08-16 00:00:00	1_3_2_2_10_3	投资银行部_其他债权投资_其他_5Y	0.0	0.0	0.0	2026-08-16 10:15:23
8900	cb679e87-713c-4b1d-8c39-dfe444f3432f	2026-08-16 00:00:00	1_3_2_2_2	投资银行部_其他债权投资_金融机构债	0.0	0.0	0.0	2026-08-16 10:15:23
8901	cb679e87-713c-4b1d-8c39-dfe444f3432f	2026-08-16 00:00:00	1_3_2_2_2_1	投资银行部_其他债权投资_金融机构债_1Y	0.0	0.0	0.0	2026-08-16 10:15:23
8902	cb679e87-713c-4b1d-8c39-dfe444f3432f	2026-08-16 00:00:00	1_3_2_2_2_2	投资银行部_其他债权投资_金融机构债_3Y	0.0	0.0	0.0	2026-08-16 10:15:23
8903	cb679e87-713c-4b1d-8c39-dfe444f3432f	2026-08-16 00:00:00	1_3_2_2_2_3	投资银行部_其他债权投资_金融机构债_5Y	0.0	0.0	0.0	2026-08-16 10:15:23
8904	cb679e87-713c-4b1d-8c39-dfe444f3432f	2026-08-16 00:00:00	1_3_2_2_2_4	投资银行部_其他债权投资_金融机构债_10Y	0.0	0.0	0.0	2026-08-16 10:15:23
8905	cb679e87-713c-4b1d-8c39-dfe444f3432f	2026-08-16 00:00:00	1_3_2_2_3	投资银行部_其他债权投资_公司债	0.0	0.0	0.0	2026-08-16 10:15:23
8906	cb679e87-713c-4b1d-8c39-dfe444f3432f	2026-08-16 00:00:00	1_3_2_2_3_1	投资银行部_其他债权投资_公司债_1Y	0.0	0.0	0.0	2026-08-16 10:15:23
8907	cb679e87-713c-4b1d-8c39-dfe444f3432f	2026-08-16 00:00:00	1_3_2_2_3_2	投资银行部_其他债权投资_公司债_3Y	0.0	0.0	0.0	2026-08-16 10:15:23
8908	cb679e87-713c-4b1d-8c39-dfe444f3432f	2026-08-16 00:00:00	1_3_2_2_3_3	投资银行部_其他债权投资_公司债_5Y	0.0	0.0	0.0	2026-08-16 10:15:23
8909	cb679e87-713c-4b1d-8c39-dfe444f3432f	2026-08-16 00:00:00	1_3_2_2_3_4	投资银行部_其他债权投资_公司债_10Y	0.0	0.0	0.0	2026-08-16 10:15:23
8910	cb679e87-713c-4b1d-8c39-dfe444f3432f	2026-08-16 00:00:00	1_3_2_2_4	投资银行部_其他债权投资_信托	0.0	0.0	0.0	2026-08-16 10:15:23
8911	cb679e87-713c-4b1d-8c39-dfe444f3432f	2026-08-16 00:00:00	1_3_2_2_4_1	投资银行部_其他债权投资_信托_1Y	0.0	0.0	0.0	2026-08-16 10:15:23
8912	cb679e87-713c-4b1d-8c39-dfe444f3432f	2026-08-16 00:00:00	1_3_2_2_4_2	投资银行部_其他债权投资_信托_3Y	0.0	0.0	0.0	2026-08-16 10:15:23
8913	cb679e87-713c-4b1d-8c39-dfe444f3432f	2026-08-16 00:00:00	1_3_2_2_4_3	投资银行部_其他债权投资_信托_5Y	0.0	0.0	0.0	2026-08-16 10:15:23
8914	cb679e87-713c-4b1d-8c39-dfe444f3432f	2026-08-16 00:00:00	1_3_2_2_5	投资银行部_其他债权投资_资管计划	0.0	0.0	0.0	2026-08-16 10:15:23
8915	cb679e87-713c-4b1d-8c39-dfe444f3432f	2026-08-16 00:00:00	1_3_2_2_5_1	投资银行部_其他债权投资_资管计划_1Y	0.0	0.0	0.0	2026-08-16 10:15:23
8916	cb679e87-713c-4b1d-8c39-dfe444f3432f	2026-08-16 00:00:00	1_3_2_2_5_2	投资银行部_其他债权投资_资管计划_3Y	0.0	0.0	0.0	2026-08-16 10:15:23
8917	cb679e87-713c-4b1d-8c39-dfe444f3432f	2026-08-16 00:00:00	1_3_2_2_5_3	投资银行部_其他债权投资_资管计划_5Y	0.0	0.0	0.0	2026-08-16 10:15:23
8918	cb679e87-713c-4b1d-8c39-dfe444f3432f	2026-08-16 00:00:00	1_3_2_2_6	投资银行部_其他债权投资_债权融资计划	0.0	0.0	0.0	2026-08-16 10:15:23
8919	cb679e87-713c-4b1d-8c39-dfe444f3432f	2026-08-16 00:00:00	1_3_2_2_6_1	投资银行部_其他债权投资_债权融资计划_1Y	0.0	0.0	0.0	2026-08-16 10:15:23
8920	cb679e87-713c-4b1d-8c39-dfe444f3432f	2026-08-16 00:00:00	1_3_2_2_6_2	投资银行部_其他债权投资_债权融资计划_3Y	0.0	0.0	0.0	2026-08-16 10:15:23
8921	cb679e87-713c-4b1d-8c39-dfe444f3432f	2026-08-16 00:00:00	1_3_2_2_6_3	投资银行部_其他债权投资_债权融资计划_5Y	0.0	0.0	0.0	2026-08-16 10:15:23
8922	cb679e87-713c-4b1d-8c39-dfe444f3432f	2026-08-16 00:00:00	1_3_2_2_7	投资银行部_其他债权投资_私募基金	0.0	0.0	0.0	2026-08-16 10:15:23
8923	cb679e87-713c-4b1d-8c39-dfe444f3432f	2026-08-16 00:00:00	1_3_2_2_7_1	投资银行部_其他债权投资_私募基金_1Y	0.0	0.0	0.0	2026-08-16 10:15:23
8924	cb679e87-713c-4b1d-8c39-dfe444f3432f	2026-08-16 00:00:00	1_3_2_2_7_2	投资银行部_其他债权投资_私募基金_3Y	0.0	0.0	0.0	2026-08-16 10:15:23
8925	cb679e87-713c-4b1d-8c39-dfe444f3432f	2026-08-16 00:00:00	1_3_2_2_7_3	投资银行部_其他债权投资_私募基金_5Y	0.0	0.0	0.0	2026-08-16 10:15:23
8926	cb679e87-713c-4b1d-8c39-dfe444f3432f	2026-08-16 00:00:00	1_3_2_2_8	投资银行部_其他债权投资_公募基金	0.0	0.0	0.0	2026-08-16 10:15:23
8927	cb679e87-713c-4b1d-8c39-dfe444f3432f	2026-08-16 00:00:00	1_3_2_2_8_1	投资银行部_其他债权投资_公募基金_3Y	0.0	0.0	0.0	2026-08-16 10:15:23
8928	cb679e87-713c-4b1d-8c39-dfe444f3432f	2026-08-16 00:00:00	1_3_2_2_9	投资银行部_其他债权投资_融资租赁	0.0	0.0	0.0	2026-08-16 10:15:23
8929	cb679e87-713c-4b1d-8c39-dfe444f3432f	2026-08-16 00:00:00	1_3_2_2_9_1	投资银行部_其他债权投资_融资租赁_1Y	0.0	0.0	0.0	2026-08-16 10:15:23
8930	cb679e87-713c-4b1d-8c39-dfe444f3432f	2026-08-16 00:00:00	1_3_2_2_9_2	投资银行部_其他债权投资_融资租赁_3Y	0.0	0.0	0.0	2026-08-16 10:15:23
8931	cb679e87-713c-4b1d-8c39-dfe444f3432f	2026-08-16 00:00:00	1_3_2_2_9_3	投资银行部_其他债权投资_融资租赁_5Y	0.0	0.0	0.0	2026-08-16 10:15:23
8932	cb679e87-713c-4b1d-8c39-dfe444f3432f	2026-08-16 00:00:00	1_3_2_3	投资银行部_债权投资	45715426189.02	0.0	252709813.3857	2026-08-16 10:15:23
8933	cb679e87-713c-4b1d-8c39-dfe444f3432f	2026-08-16 00:00:00	1_3_2_3_1	投资银行部_债权投资_商业银行债	0.0	0.0	0.0	2026-08-16 10:15:23
8934	cb679e87-713c-4b1d-8c39-dfe444f3432f	2026-08-16 00:00:00	1_3_2_3_1_1	投资银行部_债权投资_商业银行债_1Y	0.0	0.0	0.0	2026-08-16 10:15:23
8935	cb679e87-713c-4b1d-8c39-dfe444f3432f	2026-08-16 00:00:00	1_3_2_3_1_2	投资银行部_债权投资_商业银行债_3Y	0.0	0.0	0.0	2026-08-16 10:15:23
8936	cb679e87-713c-4b1d-8c39-dfe444f3432f	2026-08-16 00:00:00	1_3_2_3_1_3	投资银行部_债权投资_商业银行债_5Y	0.0	0.0	0.0	2026-08-16 10:15:23
8937	cb679e87-713c-4b1d-8c39-dfe444f3432f	2026-08-16 00:00:00	1_3_2_3_1_4	投资银行部_债权投资_商业银行债_10Y	0.0	0.0	0.0	2026-08-16 10:15:23
8938	cb679e87-713c-4b1d-8c39-dfe444f3432f	2026-08-16 00:00:00	1_3_2_3_10	投资银行部_债权投资_其他	2425222399.91	0.0	13791628.4791	2026-08-16 10:15:23
8939	cb679e87-713c-4b1d-8c39-dfe444f3432f	2026-08-16 00:00:00	1_3_2_3_10_1	投资银行部_债权投资_其他_1Y	0.0	0.0	0.0	2026-08-16 10:15:23
8940	cb679e87-713c-4b1d-8c39-dfe444f3432f	2026-08-16 00:00:00	1_3_2_3_10_2	投资银行部_债权投资_其他_3Y	1625189370.27	1.62	9123568.5054	2026-08-16 10:15:23
8941	cb679e87-713c-4b1d-8c39-dfe444f3432f	2026-08-16 00:00:00	1_3_2_3_10_3	投资银行部_债权投资_其他_5Y	800033034.49	0.8	4475790.7922	2026-08-16 10:15:23
8942	cb679e87-713c-4b1d-8c39-dfe444f3432f	2026-08-16 00:00:00	1_3_2_3_2	投资银行部_债权投资_金融机构债	0.0	0.0	0.0	2026-08-16 10:15:23
8943	cb679e87-713c-4b1d-8c39-dfe444f3432f	2026-08-16 00:00:00	1_3_2_3_2_1	投资银行部_债权投资_金融机构债_1Y	0.0	0.0	0.0	2026-08-16 10:15:23
8944	cb679e87-713c-4b1d-8c39-dfe444f3432f	2026-08-16 00:00:00	1_3_2_3_2_2	投资银行部_债权投资_金融机构债_3Y	0.0	0.0	0.0	2026-08-16 10:15:23
8945	cb679e87-713c-4b1d-8c39-dfe444f3432f	2026-08-16 00:00:00	1_3_2_3_2_3	投资银行部_债权投资_金融机构债_5Y	0.0	0.0	0.0	2026-08-16 10:15:23
8946	cb679e87-713c-4b1d-8c39-dfe444f3432f	2026-08-16 00:00:00	1_3_2_3_2_4	投资银行部_债权投资_金融机构债_10Y	0.0	0.0	0.0	2026-08-16 10:15:23
8947	cb679e87-713c-4b1d-8c39-dfe444f3432f	2026-08-16 00:00:00	1_3_2_3_3	投资银行部_债权投资_公司债	10410689899.56	0.0	58781509.6386	2026-08-16 10:15:23
8948	cb679e87-713c-4b1d-8c39-dfe444f3432f	2026-08-16 00:00:00	1_3_2_3_3_1	投资银行部_债权投资_公司债_1Y	1046929522.84	1.05	2833204.3663	2026-08-16 10:15:23
8949	cb679e87-713c-4b1d-8c39-dfe444f3432f	2026-08-16 00:00:00	1_3_2_3_3_2	投资银行部_债权投资_公司债_3Y	6384721386.5	6.38	38047377.5598	2026-08-16 10:15:23
8950	cb679e87-713c-4b1d-8c39-dfe444f3432f	2026-08-16 00:00:00	1_3_2_3_3_3	投资银行部_债权投资_公司债_5Y	2979039011.01	2.98	17900927.8898	2026-08-16 10:15:23
8951	cb679e87-713c-4b1d-8c39-dfe444f3432f	2026-08-16 00:00:00	1_3_2_3_3_4	投资银行部_债权投资_公司债_10Y	0.0	0.0	0.0	2026-08-16 10:15:23
8952	cb679e87-713c-4b1d-8c39-dfe444f3432f	2026-08-16 00:00:00	1_3_2_3_4	投资银行部_债权投资_信托	4143516867.07	0.0	25298789.8186	2026-08-16 10:15:23
8953	cb679e87-713c-4b1d-8c39-dfe444f3432f	2026-08-16 00:00:00	1_3_2_3_4_1	投资银行部_债权投资_信托_1Y	632150342.04	0.63	4527659.8732	2026-08-16 10:15:23
8954	cb679e87-713c-4b1d-8c39-dfe444f3432f	2026-08-16 00:00:00	1_3_2_3_4_2	投资银行部_债权投资_信托_3Y	2672249638.64	2.67	16366360.4275	2026-08-16 10:15:23
8955	cb679e87-713c-4b1d-8c39-dfe444f3432f	2026-08-16 00:00:00	1_3_2_3_4_3	投资银行部_债权投资_信托_5Y	839116894.67	0.84	4404769.3313	2026-08-16 10:15:23
8956	cb679e87-713c-4b1d-8c39-dfe444f3432f	2026-08-16 00:00:00	1_3_2_3_5	投资银行部_债权投资_资管计划	10971174703.68	0.0	53235508.9167	2026-08-16 10:15:23
8957	cb679e87-713c-4b1d-8c39-dfe444f3432f	2026-08-16 00:00:00	1_3_2_3_5_1	投资银行部_债权投资_资管计划_1Y	0.0	0.0	0.0	2026-08-16 10:15:23
8958	cb679e87-713c-4b1d-8c39-dfe444f3432f	2026-08-16 00:00:00	1_3_2_3_5_2	投资银行部_债权投资_资管计划_3Y	3276024198.21	3.27	16710577.9421	2026-08-16 10:15:23
8959	cb679e87-713c-4b1d-8c39-dfe444f3432f	2026-08-16 00:00:00	1_3_2_3_5_3	投资银行部_债权投资_资管计划_5Y	7695150527.38	7.69	36524930.8692	2026-08-16 10:15:23
8960	cb679e87-713c-4b1d-8c39-dfe444f3432f	2026-08-16 00:00:00	1_3_2_3_6	投资银行部_债权投资_债权融资计划	11393448380.51	0.0	67435185.8933	2026-08-16 10:15:23
8961	cb679e87-713c-4b1d-8c39-dfe444f3432f	2026-08-16 00:00:00	1_3_2_3_6_1	投资银行部_债权投资_债权融资计划_1Y	2459928019.88	2.46	15045917.3875	2026-08-16 10:15:23
8962	cb679e87-713c-4b1d-8c39-dfe444f3432f	2026-08-16 00:00:00	1_3_2_3_6_2	投资银行部_债权投资_债权融资计划_3Y	6213167692.45	6.21	36486705.044	2026-08-16 10:15:23
8963	cb679e87-713c-4b1d-8c39-dfe444f3432f	2026-08-16 00:00:00	1_3_2_3_6_3	投资银行部_债权投资_债权融资计划_5Y	2720352690.93	2.72	15902563.6628	2026-08-16 10:15:23
8964	cb679e87-713c-4b1d-8c39-dfe444f3432f	2026-08-16 00:00:00	1_3_2_3_7	投资银行部_债权投资_私募基金	5470337682.35	0.0	28784399.3597	2026-08-16 10:15:23
8965	cb679e87-713c-4b1d-8c39-dfe444f3432f	2026-08-16 00:00:00	1_3_2_3_7_1	投资银行部_债权投资_私募基金_1Y	0.0	0.0	0.0	2026-08-16 10:15:23
8966	cb679e87-713c-4b1d-8c39-dfe444f3432f	2026-08-16 00:00:00	1_3_2_3_7_2	投资银行部_债权投资_私募基金_3Y	802415009.26	0.8	4544852.7849	2026-08-16 10:15:23
8967	cb679e87-713c-4b1d-8c39-dfe444f3432f	2026-08-16 00:00:00	1_3_2_3_7_3	投资银行部_债权投资_私募基金_5Y	4667922684.01	4.66	24239546.6592	2026-08-16 10:15:23
8968	cb679e87-713c-4b1d-8c39-dfe444f3432f	2026-08-16 00:00:00	1_3_2_3_8	投资银行部_债权投资_公募基金	0.0	0.0	0.0	2026-08-16 10:15:23
8969	cb679e87-713c-4b1d-8c39-dfe444f3432f	2026-08-16 00:00:00	1_3_2_3_8_1	投资银行部_债权投资_公募基金_3Y	0.0	0.0	0.0	2026-08-16 10:15:23
8970	cb679e87-713c-4b1d-8c39-dfe444f3432f	2026-08-16 00:00:00	1_3_2_3_9	投资银行部_债权投资_融资租赁	901036255.94	0.0	5374872.4292	2026-08-16 10:15:23
8971	cb679e87-713c-4b1d-8c39-dfe444f3432f	2026-08-16 00:00:00	1_3_2_3_9_1	投资银行部_债权投资_融资租赁_1Y	0.0	0.0	0.0	2026-08-16 10:15:23
8972	cb679e87-713c-4b1d-8c39-dfe444f3432f	2026-08-16 00:00:00	1_3_2_3_9_2	投资银行部_债权投资_融资租赁_3Y	0.0	0.0	0.0	2026-08-16 10:15:23
8973	cb679e87-713c-4b1d-8c39-dfe444f3432f	2026-08-16 00:00:00	1_3_2_3_9_3	投资银行部_债权投资_融资租赁_5Y	901036257.74	0.9	5374872.4292	2026-08-16 10:15:23
8974	cb679e87-713c-4b1d-8c39-dfe444f3432f	2026-08-16 00:00:00	1_3_2_4	投资银行部_其他权益工具投资	10280367.91	0.0	248689.7286	2026-08-16 10:15:23
8975	cb679e87-713c-4b1d-8c39-dfe444f3432f	2026-08-16 00:00:00	1_3_2_4_1	投资银行部_其他权益工具投资_5Y	10280367.93	0.01	248689.7286	2026-08-16 10:15:23
8976	cb679e87-713c-4b1d-8c39-dfe444f3432f	2026-08-16 00:00:00	1_4	发放贷款	187681479451.64	7107588432.93	819226932.29	2026-08-16 10:15:23
8977	cb679e87-713c-4b1d-8c39-dfe444f3432f	2026-08-16 00:00:00	1_4_1	个金条线贷款	59481229195.35	2202186858.59	261780888.6301	2026-08-16 10:15:23
8978	cb679e87-713c-4b1d-8c39-dfe444f3432f	2026-08-16 00:00:00	1_4_1_1	个金条线_个人经营贷款	1089633180.64	23984025.88	11242082.7283	2026-08-16 10:15:23
8979	cb679e87-713c-4b1d-8c39-dfe444f3432f	2026-08-16 00:00:00	1_4_1_1_1	个金条线_个人经营贷款_3M	2146697.47	0.0	0.0	2026-08-16 10:15:23
8980	cb679e87-713c-4b1d-8c39-dfe444f3432f	2026-08-16 00:00:00	1_4_1_1_2	个金条线_个人经营贷款_6M	0.0	0.0	0.0	2026-08-16 10:15:23
8981	cb679e87-713c-4b1d-8c39-dfe444f3432f	2026-08-16 00:00:00	1_4_1_1_3	个金条线_个人经营贷款_1Y	147037130.22	19164838.78	1190540.1708	2026-08-16 10:15:23
8982	cb679e87-713c-4b1d-8c39-dfe444f3432f	2026-08-16 00:00:00	1_4_1_1_4	个金条线_个人经营贷款_2Y	29630444.16	0.02	1810929.3287	2026-08-16 10:15:23
8983	cb679e87-713c-4b1d-8c39-dfe444f3432f	2026-08-16 00:00:00	1_4_1_1_5	个金条线_个人经营贷款_3Y	910818909.89	4819187.63	8238681.0432	2026-08-16 10:15:23
8984	cb679e87-713c-4b1d-8c39-dfe444f3432f	2026-08-16 00:00:00	1_4_1_2	个金条线_个人消费贷款	6830796167.57	121226448.48	32227125.7093	2026-08-16 10:15:23
8985	cb679e87-713c-4b1d-8c39-dfe444f3432f	2026-08-16 00:00:00	1_4_1_2_1	个金条线_便民贷	523352523.8	7694844.31	3397519.0373	2026-08-16 10:15:23
8986	cb679e87-713c-4b1d-8c39-dfe444f3432f	2026-08-16 00:00:00	1_4_1_2_1_1	个金条线_便民贷_3M	7018459.97	1642705.67	53530.9386	2026-08-16 10:15:23
8987	cb679e87-713c-4b1d-8c39-dfe444f3432f	2026-08-16 00:00:00	1_4_1_2_1_2	个金条线_便民贷_6M	9954814.64	1320309.61	45709.1733	2026-08-16 10:15:23
8988	cb679e87-713c-4b1d-8c39-dfe444f3432f	2026-08-16 00:00:00	1_4_1_2_1_3	个金条线_便民贷_1Y	123046971.98	4538090.37	842687.6243	2026-08-16 10:15:23
8989	cb679e87-713c-4b1d-8c39-dfe444f3432f	2026-08-16 00:00:00	1_4_1_2_1_4	个金条线_便民贷_2Y	327352732.23	193738.9	2136322.5671	2026-08-16 10:15:23
8990	cb679e87-713c-4b1d-8c39-dfe444f3432f	2026-08-16 00:00:00	1_4_1_2_1_5	个金条线_便民贷_3Y	55979545.51	0.03	317235.3788	2026-08-16 10:15:23
8991	cb679e87-713c-4b1d-8c39-dfe444f3432f	2026-08-16 00:00:00	1_4_1_2_2	个金条线_公积金秒贷	3201734935.39	109759604.39	13397140.8989	2026-08-16 10:15:23
8992	cb679e87-713c-4b1d-8c39-dfe444f3432f	2026-08-16 00:00:00	1_4_1_2_2_1	个金条线_公积金秒贷_3M	0.0	0.0	0.0	2026-08-16 10:15:23
8993	cb679e87-713c-4b1d-8c39-dfe444f3432f	2026-08-16 00:00:00	1_4_1_2_2_2	个金条线_公积金秒贷_6M	0.0	0.0	0.0	2026-08-16 10:15:23
8994	cb679e87-713c-4b1d-8c39-dfe444f3432f	2026-08-16 00:00:00	1_4_1_2_2_3	个金条线_公积金秒贷_1Y	2866313785.53	109058161.76	11842001.6601	2026-08-16 10:15:23
8995	cb679e87-713c-4b1d-8c39-dfe444f3432f	2026-08-16 00:00:00	1_4_1_2_2_4	个金条线_公积金秒贷_2Y	324118645.75	0.16	1479585.1093	2026-08-16 10:15:23
8996	cb679e87-713c-4b1d-8c39-dfe444f3432f	2026-08-16 00:00:00	1_4_1_2_2_5	个金条线_公积金秒贷_3Y	11302507.35	701444.09	75749.6081	2026-08-16 10:15:23
8997	cb679e87-713c-4b1d-8c39-dfe444f3432f	2026-08-16 00:00:00	1_4_1_2_3	个金条线_其他个人消费贷款	3105708708.38	3771999.77	15464423.1541	2026-08-16 10:15:23
8998	cb679e87-713c-4b1d-8c39-dfe444f3432f	2026-08-16 00:00:00	1_4_1_2_3_1	个金条线_其他个人消费贷款_3M	0.0	0.0	0.0	2026-08-16 10:15:23
8999	cb679e87-713c-4b1d-8c39-dfe444f3432f	2026-08-16 00:00:00	1_4_1_2_3_2	个金条线_其他个人消费贷款_6M	270000.0	0.0	1071.2851	2026-08-16 10:15:23
9000	cb679e87-713c-4b1d-8c39-dfe444f3432f	2026-08-16 00:00:00	1_4_1_2_3_3	个金条线_其他个人消费贷款_1Y	312817059.14	3222330.52	1362467.912	2026-08-16 10:15:23
9001	cb679e87-713c-4b1d-8c39-dfe444f3432f	2026-08-16 00:00:00	1_4_1_2_3_4	个金条线_其他个人消费贷款_2Y	35496665.24	0.02	191195.6249	2026-08-16 10:15:23
9002	cb679e87-713c-4b1d-8c39-dfe444f3432f	2026-08-16 00:00:00	1_4_1_2_3_5	个金条线_其他个人消费贷款_3Y	2757124987.15	549670.82	13911145.0291	2026-08-16 10:15:23
9003	cb679e87-713c-4b1d-8c39-dfe444f3432f	2026-08-16 00:00:00	1_4_1_3	个金条线_个人住房贷款	49251997930.1	167494.35	215514182.6485	2026-08-16 10:15:23
9004	cb679e87-713c-4b1d-8c39-dfe444f3432f	2026-08-16 00:00:00	1_4_1_3_1	个金条线_个人住房贷款_1Y	30000.0	0.0	9.7637	2026-08-16 10:15:23
9005	cb679e87-713c-4b1d-8c39-dfe444f3432f	2026-08-16 00:00:00	1_4_1_3_2	个金条线_个人住房贷款_2Y	0.0	0.0	0.0	2026-08-16 10:15:23
9006	cb679e87-713c-4b1d-8c39-dfe444f3432f	2026-08-16 00:00:00	1_4_1_3_3	个金条线_个人住房贷款_3Y	1108505.88	0.0	5682.4619	2026-08-16 10:15:23
9007	cb679e87-713c-4b1d-8c39-dfe444f3432f	2026-08-16 00:00:00	1_4_1_3_4	个金条线_个人住房贷款_5Y	1678547.93	8849.87	8379.7595	2026-08-16 10:15:23
9008	cb679e87-713c-4b1d-8c39-dfe444f3432f	2026-08-16 00:00:00	1_4_1_3_5	个金条线_个人住房贷款_10Y	49249180926.14	158669.42	215500112.7481	2026-08-16 10:15:23
9009	cb679e87-713c-4b1d-8c39-dfe444f3432f	2026-08-16 00:00:00	1_4_1_4	个金条线_个人贷记卡透支	2308796917.05	2056808889.87	2477342.9044	2026-08-16 10:15:23
9010	cb679e87-713c-4b1d-8c39-dfe444f3432f	2026-08-16 00:00:00	1_4_1_4_1	个金条线_个人贷记卡透支_3M	2300877861.59	2056734865.38	2477342.812	2026-08-16 10:15:23
9011	cb679e87-713c-4b1d-8c39-dfe444f3432f	2026-08-16 00:00:00	1_4_1_4_2	个金条线_个人贷记卡透支_6M	935465.01	15745.16	0.0	2026-08-16 10:15:23
9012	cb679e87-713c-4b1d-8c39-dfe444f3432f	2026-08-16 00:00:00	1_4_1_4_3	个金条线_个人贷记卡透支_1Y	1514996.23	55977.15	0.0	2026-08-16 10:15:23
9013	cb679e87-713c-4b1d-8c39-dfe444f3432f	2026-08-16 00:00:00	1_4_1_4_4	个金条线_个人贷记卡透支_2Y	2318596.55	178.73	0.0	2026-08-16 10:15:23
9014	cb679e87-713c-4b1d-8c39-dfe444f3432f	2026-08-16 00:00:00	1_4_1_4_5	个金条线_个人贷记卡透支_3Y	3150000.0	2124.62	0.0	2026-08-16 10:15:23
9015	cb679e87-713c-4b1d-8c39-dfe444f3432f	2026-08-16 00:00:00	1_4_1_5	个金条线_其他贷款	4999.99	0.0	0.0	2026-08-16 10:15:23
9016	cb679e87-713c-4b1d-8c39-dfe444f3432f	2026-08-16 00:00:00	1_4_1_5_1	个金条线_其他贷款_3M	0.0	0.0	0.0	2026-08-16 10:15:23
9017	cb679e87-713c-4b1d-8c39-dfe444f3432f	2026-08-16 00:00:00	1_4_1_5_2	个金条线_其他贷款_6M	0.0	0.0	0.0	2026-08-16 10:15:23
9018	cb679e87-713c-4b1d-8c39-dfe444f3432f	2026-08-16 00:00:00	1_4_1_5_3	个金条线_其他贷款_1Y	0.0	0.0	0.0	2026-08-16 10:15:23
9019	cb679e87-713c-4b1d-8c39-dfe444f3432f	2026-08-16 00:00:00	1_4_1_5_4	个金条线_其他贷款_2Y	0.0	0.0	0.0	2026-08-16 10:15:23
9020	cb679e87-713c-4b1d-8c39-dfe444f3432f	2026-08-16 00:00:00	1_4_1_5_5	个金条线_其他贷款_3Y	4999.99	0.0	0.0	2026-08-16 10:15:23
9021	cb679e87-713c-4b1d-8c39-dfe444f3432f	2026-08-16 00:00:00	1_4_2	小微条线贷款	13290914456.06	432212949.62	71170954.1724	2026-08-16 10:15:23
9022	cb679e87-713c-4b1d-8c39-dfe444f3432f	2026-08-16 00:00:00	1_4_2_1	小微条线_单位流动资金贷款	7625019773.66	210400722.52	40752188.9952	2026-08-16 10:15:23
9023	cb679e87-713c-4b1d-8c39-dfe444f3432f	2026-08-16 00:00:00	1_4_2_1_1	小微条线_单位流动资金贷款_3M	49000000.05	0.02	27725.414	2026-08-16 10:15:23
9024	cb679e87-713c-4b1d-8c39-dfe444f3432f	2026-08-16 00:00:00	1_4_2_1_2	小微条线_单位流动资金贷款_6M	50311470.05	0.03	-86184.7992	2026-08-16 10:15:23
9025	cb679e87-713c-4b1d-8c39-dfe444f3432f	2026-08-16 00:00:00	1_4_2_1_3	小微条线_单位流动资金贷款_1Y	6305237380.58	202672460.36	32281647.3003	2026-08-16 10:15:23
9026	cb679e87-713c-4b1d-8c39-dfe444f3432f	2026-08-16 00:00:00	1_4_2_1_4	小微条线_单位流动资金贷款_2Y	675070624.09	3612903.57	4516290.3546	2026-08-16 10:15:23
9027	cb679e87-713c-4b1d-8c39-dfe444f3432f	2026-08-16 00:00:00	1_4_2_1_5	小微条线_单位流动资金贷款_3Y	545400306.6	4115362.41	4061954.2959	2026-08-16 10:15:23
9028	cb679e87-713c-4b1d-8c39-dfe444f3432f	2026-08-16 00:00:00	1_4_2_2	小微条线_单位其他固定资产贷款	46623755.22	0.0	209783.7104	2026-08-16 10:15:23
9029	cb679e87-713c-4b1d-8c39-dfe444f3432f	2026-08-16 00:00:00	1_4_2_2_1	小微条线_单位其他固定资产贷款_1Y	3600000.0	0.0	1520.8333	2026-08-16 10:15:23
9030	cb679e87-713c-4b1d-8c39-dfe444f3432f	2026-08-16 00:00:00	1_4_2_2_2	小微条线_单位其他固定资产贷款_3Y	0.0	0.0	0.0	2026-08-16 10:15:23
9031	cb679e87-713c-4b1d-8c39-dfe444f3432f	2026-08-16 00:00:00	1_4_2_2_3	小微条线_单位其他固定资产贷款_5Y	10000000.01	0.01	46131.955	2026-08-16 10:15:23
9032	cb679e87-713c-4b1d-8c39-dfe444f3432f	2026-08-16 00:00:00	1_4_2_2_4	小微条线_单位其他固定资产贷款_10Y	33023755.25	0.02	162130.9211	2026-08-16 10:15:23
9033	cb679e87-713c-4b1d-8c39-dfe444f3432f	2026-08-16 00:00:00	1_4_2_3	小微条线_个人经营贷款	5618766715.57	221812227.1	30125806.0491	2026-08-16 10:15:23
9034	cb679e87-713c-4b1d-8c39-dfe444f3432f	2026-08-16 00:00:00	1_4_2_3_1	小微条线_个人经营贷款_线上	1131626047.95	61643420.06	6353716.7885	2026-08-16 10:15:23
9035	cb679e87-713c-4b1d-8c39-dfe444f3432f	2026-08-16 00:00:00	1_4_2_3_1_1	小微条线_个人经营贷款_线上_3M	4919841.1	990296.67	14266.46	2026-08-16 10:15:23
9036	cb679e87-713c-4b1d-8c39-dfe444f3432f	2026-08-16 00:00:00	1_4_2_3_1_2	小微条线_个人经营贷款_线上_6M	6719720.2	1709677.42	20216.3071	2026-08-16 10:15:23
9037	cb679e87-713c-4b1d-8c39-dfe444f3432f	2026-08-16 00:00:00	1_4_2_3_1_3	小微条线_个人经营贷款_线上_1Y	971425919.21	58943446.46	5464493.3699	2026-08-16 10:15:23
9038	cb679e87-713c-4b1d-8c39-dfe444f3432f	2026-08-16 00:00:00	1_4_2_3_1_4	小微条线_个人经营贷款_线上_2Y	39502113.21	0.02	42436.8717	2026-08-16 10:15:23
9039	cb679e87-713c-4b1d-8c39-dfe444f3432f	2026-08-16 00:00:00	1_4_2_3_1_5	小微条线_个人经营贷款_线上_3Y	109058455.37	0.06	893797.9891	2026-08-16 10:15:23
9040	cb679e87-713c-4b1d-8c39-dfe444f3432f	2026-08-16 00:00:00	1_4_2_3_2	小微条线_个人经营贷款_线下	4487140667.62	160168807.04	23776461.0897	2026-08-16 10:15:23
9041	cb679e87-713c-4b1d-8c39-dfe444f3432f	2026-08-16 00:00:00	1_4_2_3_2_1	小微条线_个人经营贷款_线下_3M	2254244.76	0.0	0.0	2026-08-16 10:15:23
9042	cb679e87-713c-4b1d-8c39-dfe444f3432f	2026-08-16 00:00:00	1_4_2_3_2_2	小微条线_个人经营贷款_线下_6M	4870955.74	0.0	0.0	2026-08-16 10:15:23
9043	cb679e87-713c-4b1d-8c39-dfe444f3432f	2026-08-16 00:00:00	1_4_2_3_2_3	小微条线_个人经营贷款_线下_1Y	2532720576.96	132408059.44	13851350.428	2026-08-16 10:15:23
9044	cb679e87-713c-4b1d-8c39-dfe444f3432f	2026-08-16 00:00:00	1_4_2_3_2_4	小微条线_个人经营贷款_线下_2Y	718440404.48	3961290.68	3519651.4178	2026-08-16 10:15:23
9045	cb679e87-713c-4b1d-8c39-dfe444f3432f	2026-08-16 00:00:00	1_4_2_3_2_5	小微条线_个人经营贷款_线下_3Y	1228854490.21	23799459.18	6291060.4228	2026-08-16 10:15:23
9046	cb679e87-713c-4b1d-8c39-dfe444f3432f	2026-08-16 00:00:00	1_4_2_4	小微条线_个人消费贷款	504211.61	0.0	1852.3616	2026-08-16 10:15:23
9047	cb679e87-713c-4b1d-8c39-dfe444f3432f	2026-08-16 00:00:00	1_4_2_4_1	小微条线_个人消费贷款_3M	0.0	0.0	0.0	2026-08-16 10:15:23
9048	cb679e87-713c-4b1d-8c39-dfe444f3432f	2026-08-16 00:00:00	1_4_2_4_2	小微条线_个人消费贷款_6M	0.0	0.0	0.0	2026-08-16 10:15:23
9049	cb679e87-713c-4b1d-8c39-dfe444f3432f	2026-08-16 00:00:00	1_4_2_4_3	小微条线_个人消费贷款_1Y	0.0	0.0	0.0	2026-08-16 10:15:23
9050	cb679e87-713c-4b1d-8c39-dfe444f3432f	2026-08-16 00:00:00	1_4_2_4_4	小微条线_个人消费贷款_2Y	0.0	0.0	0.0	2026-08-16 10:15:23
9051	cb679e87-713c-4b1d-8c39-dfe444f3432f	2026-08-16 00:00:00	1_4_2_4_5	小微条线_个人消费贷款_3Y	504211.61	0.0	1852.3616	2026-08-16 10:15:23
9052	cb679e87-713c-4b1d-8c39-dfe444f3432f	2026-08-16 00:00:00	1_4_3	对公条线贷款	96772976571.62	2940619203.64	421455259.2088	2026-08-16 10:15:23
9053	cb679e87-713c-4b1d-8c39-dfe444f3432f	2026-08-16 00:00:00	1_4_3_1	对公条线_单位房地产贷款	7959675760.51	152980645.16	44269140.8948	2026-08-16 10:15:23
9054	cb679e87-713c-4b1d-8c39-dfe444f3432f	2026-08-16 00:00:00	1_4_3_1_1	对公条线_单位房地产贷款_1Y	30800000.03	71206451.63	409702.3432	2026-08-16 10:15:23
9055	cb679e87-713c-4b1d-8c39-dfe444f3432f	2026-08-16 00:00:00	1_4_3_1_2	对公条线_单位房地产贷款_3Y	6049185406.38	2419357.9	34613428.2019	2026-08-16 10:15:23
9056	cb679e87-713c-4b1d-8c39-dfe444f3432f	2026-08-16 00:00:00	1_4_3_1_3	对公条线_单位房地产贷款_5Y	1528690361.8	79354839.48	7082584.9783	2026-08-16 10:15:23
9057	cb679e87-713c-4b1d-8c39-dfe444f3432f	2026-08-16 00:00:00	1_4_3_1_4	对公条线_单位房地产贷款_10Y	351000000.36	0.18	2190215.079	2026-08-16 10:15:23
9058	cb679e87-713c-4b1d-8c39-dfe444f3432f	2026-08-16 00:00:00	1_4_3_2	对公条线_单位项目融资贷款	2625647357.1	0.0	13318266.3495	2026-08-16 10:15:23
9059	cb679e87-713c-4b1d-8c39-dfe444f3432f	2026-08-16 00:00:00	1_4_3_2_1	对公条线_单位项目融资贷款_3M	0.0	0.0	0.0	2026-08-16 10:15:23
9060	cb679e87-713c-4b1d-8c39-dfe444f3432f	2026-08-16 00:00:00	1_4_3_2_2	对公条线_单位项目融资贷款_6M	0.0	0.0	0.0	2026-08-16 10:15:23
9061	cb679e87-713c-4b1d-8c39-dfe444f3432f	2026-08-16 00:00:00	1_4_3_2_3	对公条线_单位项目融资贷款_1Y	0.0	0.0	0.0	2026-08-16 10:15:23
9062	cb679e87-713c-4b1d-8c39-dfe444f3432f	2026-08-16 00:00:00	1_4_3_2_4	对公条线_单位项目融资贷款_2Y	0.0	0.0	0.0	2026-08-16 10:15:23
9063	cb679e87-713c-4b1d-8c39-dfe444f3432f	2026-08-16 00:00:00	1_4_3_2_5	对公条线_单位项目融资贷款_3Y	2625647359.76	1.33	13318266.3495	2026-08-16 10:15:23
9064	cb679e87-713c-4b1d-8c39-dfe444f3432f	2026-08-16 00:00:00	1_4_3_3	对公条线_单位其他固定资产贷款	16755827011.48	0.0	78094931.3182	2026-08-16 10:15:23
9065	cb679e87-713c-4b1d-8c39-dfe444f3432f	2026-08-16 00:00:00	1_4_3_3_1	对公条线_单位其他固定资产贷款_1Y	0.0	0.0	0.0	2026-08-16 10:15:23
9066	cb679e87-713c-4b1d-8c39-dfe444f3432f	2026-08-16 00:00:00	1_4_3_3_2	对公条线_单位其他固定资产贷款_3Y	2226216002.25	1.13	10669028.3964	2026-08-16 10:15:23
9067	cb679e87-713c-4b1d-8c39-dfe444f3432f	2026-08-16 00:00:00	1_4_3_3_3	对公条线_单位其他固定资产贷款_5Y	2033377802.06	1.03	10413261.0183	2026-08-16 10:15:23
9068	cb679e87-713c-4b1d-8c39-dfe444f3432f	2026-08-16 00:00:00	1_4_3_3_4	对公条线_单位其他固定资产贷款_10Y	12496233224.13	6.33	57012752.4393	2026-08-16 10:15:23
9069	cb679e87-713c-4b1d-8c39-dfe444f3432f	2026-08-16 00:00:00	1_4_3_4	对公条线_单位流动资金贷款	69271779814.21	2626336774.19	285476465.8465	2026-08-16 10:15:23
9070	cb679e87-713c-4b1d-8c39-dfe444f3432f	2026-08-16 00:00:00	1_4_3_4_1	对公条线_单位流动资金贷款_3M	13492708.45	8709677.43	7893.627	2026-08-16 10:15:23
9071	cb679e87-713c-4b1d-8c39-dfe444f3432f	2026-08-16 00:00:00	1_4_3_4_2	对公条线_单位流动资金贷款_6M	416900000.42	0.21	503259.9615	2026-08-16 10:15:23
9072	cb679e87-713c-4b1d-8c39-dfe444f3432f	2026-08-16 00:00:00	1_4_3_4_3	对公条线_单位流动资金贷款_1Y	33956298199.73	1835477436.55	132633025.5935	2026-08-16 10:15:23
9073	cb679e87-713c-4b1d-8c39-dfe444f3432f	2026-08-16 00:00:00	1_4_3_4_4	对公条线_单位流动资金贷款_2Y	10686139244.98	17741940.89	43004710.9438	2026-08-16 10:15:23
9074	cb679e87-713c-4b1d-8c39-dfe444f3432f	2026-08-16 00:00:00	1_4_3_4_5	对公条线_单位流动资金贷款_3Y	24198949730.74	764407754.19	109407064.7239	2026-08-16 10:15:23
9075	cb679e87-713c-4b1d-8c39-dfe444f3432f	2026-08-16 00:00:00	1_4_3_5	对公条线_其他贷款	160046628.32	161301784.28	194665.0407	2026-08-16 10:15:23
9076	cb679e87-713c-4b1d-8c39-dfe444f3432f	2026-08-16 00:00:00	1_4_3_5_1	对公条线_其他贷款_3M	26999344.57	32546348.38	98455.9317	2026-08-16 10:15:23
9077	cb679e87-713c-4b1d-8c39-dfe444f3432f	2026-08-16 00:00:00	1_4_3_5_2	对公条线_其他贷款_6M	0.0	0.0	0.0	2026-08-16 10:15:23
9078	cb679e87-713c-4b1d-8c39-dfe444f3432f	2026-08-16 00:00:00	1_4_3_5_3	对公条线_其他贷款_1Y	0.0	0.0	0.0	2026-08-16 10:15:23
9079	cb679e87-713c-4b1d-8c39-dfe444f3432f	2026-08-16 00:00:00	1_4_3_5_4	对公条线_其他贷款_2Y	0.0	0.0	0.0	2026-08-16 10:15:23
9080	cb679e87-713c-4b1d-8c39-dfe444f3432f	2026-08-16 00:00:00	1_4_3_5_5	对公条线_其他贷款_3Y	133047283.91	128755435.99	96209.1075	2026-08-16 10:15:23
9081	cb679e87-713c-4b1d-8c39-dfe444f3432f	2026-08-16 00:00:00	1_4_4	数金条线贷款	6138937400.44	204424426.34	39179377.1304	2026-08-16 10:15:23
9082	cb679e87-713c-4b1d-8c39-dfe444f3432f	2026-08-16 00:00:00	1_4_4_1	数金条线_个人经营贷款	6396912.44	1458020.51	54566.5769	2026-08-16 10:15:23
9083	cb679e87-713c-4b1d-8c39-dfe444f3432f	2026-08-16 00:00:00	1_4_4_1_1	数金条线_个人经营贷款_线上	0.0	0.0	0.0	2026-08-16 10:15:23
9084	cb679e87-713c-4b1d-8c39-dfe444f3432f	2026-08-16 00:00:00	1_4_4_1_1_1	数金条线_个人经营贷款_线上_3M	0.0	0.0	0.0	2026-08-16 10:15:23
9085	cb679e87-713c-4b1d-8c39-dfe444f3432f	2026-08-16 00:00:00	1_4_4_1_1_2	数金条线_个人经营贷款_线上_6M	0.0	0.0	0.0	2026-08-16 10:15:23
9086	cb679e87-713c-4b1d-8c39-dfe444f3432f	2026-08-16 00:00:00	1_4_4_1_1_3	数金条线_个人经营贷款_线上_1Y	0.0	0.0	0.0	2026-08-16 10:15:23
9087	cb679e87-713c-4b1d-8c39-dfe444f3432f	2026-08-16 00:00:00	1_4_4_1_1_4	数金条线_个人经营贷款_线上_2Y	0.0	0.0	0.0	2026-08-16 10:15:23
9088	cb679e87-713c-4b1d-8c39-dfe444f3432f	2026-08-16 00:00:00	1_4_4_1_1_5	数金条线_个人经营贷款_线上_3Y	0.0	0.0	0.0	2026-08-16 10:15:23
9089	cb679e87-713c-4b1d-8c39-dfe444f3432f	2026-08-16 00:00:00	1_4_4_1_2	数金条线_个人经营贷款_线下	6396912.44	1458020.51	54566.5769	2026-08-16 10:15:23
9090	cb679e87-713c-4b1d-8c39-dfe444f3432f	2026-08-16 00:00:00	1_4_4_1_2_1	数金条线_个人经营贷款_线下_3M	0.0	0.0	0.0	2026-08-16 10:15:23
9091	cb679e87-713c-4b1d-8c39-dfe444f3432f	2026-08-16 00:00:00	1_4_4_1_2_2	数金条线_个人经营贷款_线下_6M	0.0	0.0	0.0	2026-08-16 10:15:23
9092	cb679e87-713c-4b1d-8c39-dfe444f3432f	2026-08-16 00:00:00	1_4_4_1_2_3	数金条线_个人经营贷款_线下_1Y	0.0	0.0	0.0	2026-08-16 10:15:23
9093	cb679e87-713c-4b1d-8c39-dfe444f3432f	2026-08-16 00:00:00	1_4_4_1_2_4	数金条线_个人经营贷款_线下_2Y	0.0	0.0	0.0	2026-08-16 10:15:23
9094	cb679e87-713c-4b1d-8c39-dfe444f3432f	2026-08-16 00:00:00	1_4_4_1_2_5	数金条线_个人经营贷款_线下_3Y	6396912.45	1458020.51	54566.5769	2026-08-16 10:15:23
9095	cb679e87-713c-4b1d-8c39-dfe444f3432f	2026-08-16 00:00:00	1_4_4_2	数金条线_个人消费贷款	6132540488.0	202966405.82	39124021.6591	2026-08-16 10:15:23
9096	cb679e87-713c-4b1d-8c39-dfe444f3432f	2026-08-16 00:00:00	1_4_4_2_1	数金条线_个人消费贷款_3M	339308041.4	73951560.88	1735001.1855	2026-08-16 10:15:23
9097	cb679e87-713c-4b1d-8c39-dfe444f3432f	2026-08-16 00:00:00	1_4_4_2_2	数金条线_个人消费贷款_6M	472778276.44	24302265.07	1530124.8342	2026-08-16 10:15:23
9098	cb679e87-713c-4b1d-8c39-dfe444f3432f	2026-08-16 00:00:00	1_4_4_2_3	数金条线_个人消费贷款_1Y	4999063609.57	104689801.04	34243763.2163	2026-08-16 10:15:23
9099	cb679e87-713c-4b1d-8c39-dfe444f3432f	2026-08-16 00:00:00	1_4_4_2_4	数金条线_个人消费贷款_2Y	307173973.42	22781.94	1522278.9533	2026-08-16 10:15:23
9100	cb679e87-713c-4b1d-8c39-dfe444f3432f	2026-08-16 00:00:00	1_4_4_2_5	数金条线_个人消费贷款_3Y	14216593.37	0.01	106071.2308	2026-08-16 10:15:23
9101	cb679e87-713c-4b1d-8c39-dfe444f3432f	2026-08-16 00:00:00	1_4_5	贸易融资	3273562990.18	387324359.64	7118234.8087	2026-08-16 10:15:23
9102	cb679e87-713c-4b1d-8c39-dfe444f3432f	2026-08-16 00:00:00	1_4_5_1	贸易融资_3M	703982757.67	387324360.0	1117458.3414	2026-08-16 10:15:23
9103	cb679e87-713c-4b1d-8c39-dfe444f3432f	2026-08-16 00:00:00	1_4_5_2	贸易融资_6M	2039580235.29	1.03	3286421.0419	2026-08-16 10:15:23
9104	cb679e87-713c-4b1d-8c39-dfe444f3432f	2026-08-16 00:00:00	1_4_5_3	贸易融资_1Y	0.0	0.0	0.0	2026-08-16 10:15:23
9105	cb679e87-713c-4b1d-8c39-dfe444f3432f	2026-08-16 00:00:00	1_4_5_4	贸易融资_2Y	0.0	0.0	0.0	2026-08-16 10:15:23
9106	cb679e87-713c-4b1d-8c39-dfe444f3432f	2026-08-16 00:00:00	1_4_5_5	贸易融资_3Y	530000000.54	0.27	2777832.3783	2026-08-16 10:15:23
9107	cb679e87-713c-4b1d-8c39-dfe444f3432f	2026-08-16 00:00:00	1_4_6	贴现	8723858837.99	940820635.1	19681816.2623	2026-08-16 10:15:23
9108	cb679e87-713c-4b1d-8c39-dfe444f3432f	2026-08-16 00:00:00	1_4_6_1	直贴_3M	703236650.59	397021142.67	11823969.6273	2026-08-16 10:15:23
9109	cb679e87-713c-4b1d-8c39-dfe444f3432f	2026-08-16 00:00:00	1_4_6_2	转贴_6M	6731154972.56	466286056.07	8384831.3891	2026-08-16 10:15:23
9110	cb679e87-713c-4b1d-8c39-dfe444f3432f	2026-08-16 00:00:00	1_4_6_3	福费廷_3M	1289467223.67	77513440.78	235281.1794	2026-08-16 10:15:23
9111	cb679e87-713c-4b1d-8c39-dfe444f3432f	2026-08-16 00:00:00	1_4_6_4	应收款买断_3M	0.0	0.0	0.0	2026-08-16 10:15:23
9112	cb679e87-713c-4b1d-8c39-dfe444f3432f	2026-08-16 00:00:00	1_5	其他资产	20562683409.17	16697443249.88	0.0	2026-08-16 10:15:23
9113	cb679e87-713c-4b1d-8c39-dfe444f3432f	2026-08-16 00:00:00	1_5_1	贵金属_30Y	0.0	0.0	0.0	2026-08-16 10:15:23
9114	cb679e87-713c-4b1d-8c39-dfe444f3432f	2026-08-16 00:00:00	1_5_1_1	贵金属_黄金_1D	0.0	0.0	0.0	2026-08-16 10:15:23
9115	cb679e87-713c-4b1d-8c39-dfe444f3432f	2026-08-16 00:00:00	1_5_1_2	贵金属_非黄金_30Y	0.0	0.0	0.0	2026-08-16 10:15:23
9116	cb679e87-713c-4b1d-8c39-dfe444f3432f	2026-08-16 00:00:00	1_5_2	各类应收款_30Y	2758822984.88	2297068341.74	0.0	2026-08-16 10:15:23
9117	cb679e87-713c-4b1d-8c39-dfe444f3432f	2026-08-16 00:00:00	1_5_3	其他资产_30Y	17803860436.28	14400374914.14	0.0	2026-08-16 10:15:23
9118	cb679e87-713c-4b1d-8c39-dfe444f3432f	2026-08-16 00:00:00	2_1	向中央银行借款	-13220221887.02	-782031989.31	20247325.6126	2026-08-16 10:15:23
9119	cb679e87-713c-4b1d-8c39-dfe444f3432f	2026-08-16 00:00:00	2_1_1	再贴现_1Y	-3326709892.06	-782031991.82	3891188.0469	2026-08-16 10:15:23
9120	cb679e87-713c-4b1d-8c39-dfe444f3432f	2026-08-16 00:00:00	2_1_2	再贷款_1Y	-9893512015.0	-7.45	16355836.2718	2026-08-16 10:15:23
9121	cb679e87-713c-4b1d-8c39-dfe444f3432f	2026-08-16 00:00:00	2_2	同业负债	-33386978675.08	-3958346118.26	35045535.7617	2026-08-16 10:15:23
9122	cb679e87-713c-4b1d-8c39-dfe444f3432f	2026-08-16 00:00:00	2_2_1	同业存放款项	-17057013301.15	-3035967860.2	23838358.9692	2026-08-16 10:15:23
9123	cb679e87-713c-4b1d-8c39-dfe444f3432f	2026-08-16 00:00:00	2_2_1_1	同业存放活期款项	-4951622651.15	-3035967860.2	3236033.8159	2026-08-16 10:15:23
9124	cb679e87-713c-4b1d-8c39-dfe444f3432f	2026-08-16 00:00:00	2_2_1_1_1	同业存放活期款项_1D	-4951622654.12	-3035967861.68	3236033.8159	2026-08-16 10:15:23
9125	cb679e87-713c-4b1d-8c39-dfe444f3432f	2026-08-16 00:00:00	2_2_1_2	同业存放定期款项	-12105390650.0	0.0	19601858.522	2026-08-16 10:15:23
9126	cb679e87-713c-4b1d-8c39-dfe444f3432f	2026-08-16 00:00:00	2_2_1_2_1	同业存放定期款项_1M	0.0	0.0	0.0	2026-08-16 10:15:23
9127	cb679e87-713c-4b1d-8c39-dfe444f3432f	2026-08-16 00:00:00	2_2_1_2_2	同业存放定期款项_3M	-300000000.18	-0.09	49849.54	2026-08-16 10:15:23
9128	cb679e87-713c-4b1d-8c39-dfe444f3432f	2026-08-16 00:00:00	2_2_1_2_3	同业存放定期款项_6M	-3650000002.19	-1.09	5549492.684	2026-08-16 10:15:23
9129	cb679e87-713c-4b1d-8c39-dfe444f3432f	2026-08-16 00:00:00	2_2_1_2_4	同业存放定期款项_1Y	-8155390654.9	-2.43	13893534.6518	2026-08-16 10:15:23
9130	cb679e87-713c-4b1d-8c39-dfe444f3432f	2026-08-16 00:00:00	2_2_2	同业拆入	-3568465373.93	-72270000.0	3211786.1118	2026-08-16 10:15:23
9131	cb679e87-713c-4b1d-8c39-dfe444f3432f	2026-08-16 00:00:00	2_2_2_1	同业拆入_1D	-3568465376.07	-72270001.06	3211786.1118	2026-08-16 10:15:23
9132	cb679e87-713c-4b1d-8c39-dfe444f3432f	2026-08-16 00:00:00	2_2_3	同业借款借入	-2990000000.0	0.0	8500824.6483	2026-08-16 10:15:23
9133	cb679e87-713c-4b1d-8c39-dfe444f3432f	2026-08-16 00:00:00	2_2_3_1	同业借款借入_1D	-2990000001.79	-0.89	8500824.6483	2026-08-16 10:15:23
9134	cb679e87-713c-4b1d-8c39-dfe444f3432f	2026-08-16 00:00:00	2_2_4	卖出回购	-9771500000.0	-850108258.06	1598452.4864	2026-08-16 10:15:23
9135	cb679e87-713c-4b1d-8c39-dfe444f3432f	2026-08-16 00:00:00	2_2_4_1	卖出回购债券	-9771500000.0	-850108258.06	1598429.5737	2026-08-16 10:15:23
9136	cb679e87-713c-4b1d-8c39-dfe444f3432f	2026-08-16 00:00:00	2_2_4_1_1	卖出回购债券_买断式_1D	0.0	-196209677.42	353892.826	2026-08-16 10:15:23
9137	cb679e87-713c-4b1d-8c39-dfe444f3432f	2026-08-16 00:00:00	2_2_4_1_2	卖出回购债券_买断式_7D	-9771500005.87	-653898583.57	1255732.6247	2026-08-16 10:15:23
9138	cb679e87-713c-4b1d-8c39-dfe444f3432f	2026-08-16 00:00:00	2_2_4_1_3	卖出回购债券_质押式_1D	0.0	0.0	0.0	2026-08-16 10:15:23
9139	cb679e87-713c-4b1d-8c39-dfe444f3432f	2026-08-16 00:00:00	2_2_4_1_4	卖出回购债券_质押式_7D	0.0	0.0	0.0	2026-08-16 10:15:23
9140	cb679e87-713c-4b1d-8c39-dfe444f3432f	2026-08-16 00:00:00	2_2_4_2	卖出回购票据	0.0	0.0	0.0	2026-08-16 10:15:23
9141	cb679e87-713c-4b1d-8c39-dfe444f3432f	2026-08-16 00:00:00	2_2_4_2_1	卖出回购票据_买断式_1D	0.0	0.0	0.0	2026-08-16 10:15:23
9142	cb679e87-713c-4b1d-8c39-dfe444f3432f	2026-08-16 00:00:00	2_2_4_2_2	卖出回购票据_买断式_7D	0.0	0.0	0.0	2026-08-16 10:15:23
9143	cb679e87-713c-4b1d-8c39-dfe444f3432f	2026-08-16 00:00:00	2_2_4_2_3	卖出回购票据_质押式_1D	0.0	0.0	0.0	2026-08-16 10:15:23
9144	cb679e87-713c-4b1d-8c39-dfe444f3432f	2026-08-16 00:00:00	2_2_4_2_4	卖出回购票据_质押式_7D	0.0	0.0	0.0	2026-08-16 10:15:23
9145	cb679e87-713c-4b1d-8c39-dfe444f3432f	2026-08-16 00:00:00	2_3	发行同业存单	-51565555503.83	-2723704286.01	116600474.6322	2026-08-16 10:15:23
9146	cb679e87-713c-4b1d-8c39-dfe444f3432f	2026-08-16 00:00:00	2_3_1	发行同业存单_1M	-2484643688.75	-147106050.48	347519.2854	2026-08-16 10:15:23
9147	cb679e87-713c-4b1d-8c39-dfe444f3432f	2026-08-16 00:00:00	2_3_2	发行同业存单_3M	-129954261.64	-125629387.57	290727.2919	2026-08-16 10:15:23
9148	cb679e87-713c-4b1d-8c39-dfe444f3432f	2026-08-16 00:00:00	2_3_3	发行同业存单_6M	-4737902293.27	0.0	5351727.2136	2026-08-16 10:15:23
9149	cb679e87-713c-4b1d-8c39-dfe444f3432f	2026-08-16 00:00:00	2_3_4	发行同业存单_9M	-19898451671.24	-859467776.27	48880348.21	2026-08-16 10:15:23
9150	cb679e87-713c-4b1d-8c39-dfe444f3432f	2026-08-16 00:00:00	2_3_5	发行同业存单_1Y	-24314603588.93	-1591501071.69	62195972.3953	2026-08-16 10:15:23
9151	cb679e87-713c-4b1d-8c39-dfe444f3432f	2026-08-16 00:00:00	2_4	发行债券	-10214516252.14	-191397765.02	35112500.3503	2026-08-16 10:15:23
9152	cb679e87-713c-4b1d-8c39-dfe444f3432f	2026-08-16 00:00:00	2_4_1	发行债券_3Y	-4214516322.3	-191397800.07	12645833.2779	2026-08-16 10:15:23
9153	cb679e87-713c-4b1d-8c39-dfe444f3432f	2026-08-16 00:00:00	2_4_2	发行债券_5Y	-2000000033.29	-16.64	6666666.6667	2026-08-16 10:15:23
9154	cb679e87-713c-4b1d-8c39-dfe444f3432f	2026-08-16 00:00:00	2_4_3	发行债券_10Y	-4000000066.59	-33.27	15800000.0	2026-08-16 10:15:23
9155	cb679e87-713c-4b1d-8c39-dfe444f3432f	2026-08-16 00:00:00	2_5	吸收存款	-206064840581.44	-74566603089.56	423035556.0841	2026-08-16 10:15:23
9156	cb679e87-713c-4b1d-8c39-dfe444f3432f	2026-08-16 00:00:00	2_5_1	单位存款	-145009240241.68	-55460688827.66	280878475.7006	2026-08-16 10:15:23
9157	cb679e87-713c-4b1d-8c39-dfe444f3432f	2026-08-16 00:00:00	2_5_1_1	单位活期存款	-59652530636.94	-41648275881.29	54707010.1815	2026-08-16 10:15:23
9158	cb679e87-713c-4b1d-8c39-dfe444f3432f	2026-08-16 00:00:00	2_5_1_1_1	单位普通活期存款_1D	-59652530694.85	-41648275910.23	57569679.6666	2026-08-16 10:15:23
9159	cb679e87-713c-4b1d-8c39-dfe444f3432f	2026-08-16 00:00:00	2_5_1_1_2	单位协议活期存款_1D	0.0	0.0	0.0	2026-08-16 10:15:23
9160	cb679e87-713c-4b1d-8c39-dfe444f3432f	2026-08-16 00:00:00	2_5_1_2	单位协议存款	-6064000000.0	-22258064.52	24037358.5108	2026-08-16 10:15:23
9161	cb679e87-713c-4b1d-8c39-dfe444f3432f	2026-08-16 00:00:00	2_5_1_2_1	单位协议存款_1Y	-1064000001.03	-22258065.04	3489298.624	2026-08-16 10:15:23
9162	cb679e87-713c-4b1d-8c39-dfe444f3432f	2026-08-16 00:00:00	2_5_1_2_2	单位协议存款_3Y	0.0	0.0	3252.8902	2026-08-16 10:15:23
9163	cb679e87-713c-4b1d-8c39-dfe444f3432f	2026-08-16 00:00:00	2_5_1_2_3	单位协议存款_5Y	-5000000004.85	-2.43	20544806.9933	2026-08-16 10:15:23
9164	cb679e87-713c-4b1d-8c39-dfe444f3432f	2026-08-16 00:00:00	2_5_1_3	单位定期	-24957048396.94	-1777014300.14	63161725.0515	2026-08-16 10:15:23
9165	cb679e87-713c-4b1d-8c39-dfe444f3432f	2026-08-16 00:00:00	2_5_1_3_1	单位定期_3M	-854359881.51	-85435291.96	1455789.9851	2026-08-16 10:15:23
9166	cb679e87-713c-4b1d-8c39-dfe444f3432f	2026-08-16 00:00:00	2_5_1_3_2	单位定期_6M	-705084605.78	-0.34	1100363.6012	2026-08-16 10:15:23
9167	cb679e87-713c-4b1d-8c39-dfe444f3432f	2026-08-16 00:00:00	2_5_1_3_3	单位定期_1Y	-16339524310.7	-1654940306.85	43174624.4998	2026-08-16 10:15:23
9168	cb679e87-713c-4b1d-8c39-dfe444f3432f	2026-08-16 00:00:00	2_5_1_3_4	单位定期_2Y	-3662473116.67	-1.78	8013370.2474	2026-08-16 10:15:23
9169	cb679e87-713c-4b1d-8c39-dfe444f3432f	2026-08-16 00:00:00	2_5_1_3_5	单位定期_3Y	-1090121466.97	-0.53	2949194.5885	2026-08-16 10:15:23
9170	cb679e87-713c-4b1d-8c39-dfe444f3432f	2026-08-16 00:00:00	2_5_1_3_6	单位定期_5Y	-2305485039.54	-36638710.8	6357297.675	2026-08-16 10:15:23
9171	cb679e87-713c-4b1d-8c39-dfe444f3432f	2026-08-16 00:00:00	2_5_1_4	单位通知存款	-942557807.0	-515740636.73	711264.4477	2026-08-16 10:15:23
9172	cb679e87-713c-4b1d-8c39-dfe444f3432f	2026-08-16 00:00:00	2_5_1_4_1	单位通知存款_1D	-292204301.57	-14232224.77	13561.684	2026-08-16 10:15:23
9173	cb679e87-713c-4b1d-8c39-dfe444f3432f	2026-08-16 00:00:00	2_5_1_4_2	单位通知存款_7D	-650353506.34	-501508412.42	699115.5484	2026-08-16 10:15:23
9174	cb679e87-713c-4b1d-8c39-dfe444f3432f	2026-08-16 00:00:00	2_5_1_5	单位保本理财	0.0	0.0	0.0	2026-08-16 10:15:23
9175	cb679e87-713c-4b1d-8c39-dfe444f3432f	2026-08-16 00:00:00	2_5_1_5_1	单位保本理财_1Y	0.0	0.0	0.0	2026-08-16 10:15:23
9176	cb679e87-713c-4b1d-8c39-dfe444f3432f	2026-08-16 00:00:00	2_5_1_6	单位大额存单存款	-296000000.0	-9677419.35	791557.2484	2026-08-16 10:15:23
9177	cb679e87-713c-4b1d-8c39-dfe444f3432f	2026-08-16 00:00:00	2_5_1_6_1	单位大额存单存款_1Y	-114000000.11	-0.06	154813.7782	2026-08-16 10:15:23
9178	cb679e87-713c-4b1d-8c39-dfe444f3432f	2026-08-16 00:00:00	2_5_1_6_2	单位大额存单存款_2Y	-30000000.03	-9677419.36	78441.2075	2026-08-16 10:15:23
9179	cb679e87-713c-4b1d-8c39-dfe444f3432f	2026-08-16 00:00:00	2_5_1_6_3	单位大额存单存款_3Y	-152000000.15	-0.07	558302.27	2026-08-16 10:15:23
9180	cb679e87-713c-4b1d-8c39-dfe444f3432f	2026-08-16 00:00:00	2_5_1_7	单位保证金存款	-53097103400.79	-11487722525.63	147481980.521	2026-08-16 10:15:23
9181	cb679e87-713c-4b1d-8c39-dfe444f3432f	2026-08-16 00:00:00	2_5_1_7_1	单位活期保证金存款_1D	-8861988297.19	-6999769409.93	22389110.2547	2026-08-16 10:15:23
9182	cb679e87-713c-4b1d-8c39-dfe444f3432f	2026-08-16 00:00:00	2_5_1_7_2	单位定期保证金存款	-44235115112.2	-4487953120.0	125045839.946	2026-08-16 10:15:23
9183	cb679e87-713c-4b1d-8c39-dfe444f3432f	2026-08-16 00:00:00	2_5_1_7_2_1	单位定期保证金存款_3M	-2417426304.15	-171473428.66	585432.544	2026-08-16 10:15:23
9184	cb679e87-713c-4b1d-8c39-dfe444f3432f	2026-08-16 00:00:00	2_5_1_7_2_2	单位定期保证金存款_6M	-1217410154.23	-20281109.35	1172534.9616	2026-08-16 10:15:23
9185	cb679e87-713c-4b1d-8c39-dfe444f3432f	2026-08-16 00:00:00	2_5_1_7_2_3	单位定期保证金存款_1Y	-39416825024.08	-4296198602.87	121978001.7617	2026-08-16 10:15:23
9186	cb679e87-713c-4b1d-8c39-dfe444f3432f	2026-08-16 00:00:00	2_5_1_7_2_4	单位定期保证金存款_2Y	-641658394.45	-0.31	1563680.7455	2026-08-16 10:15:23
9187	cb679e87-713c-4b1d-8c39-dfe444f3432f	2026-08-16 00:00:00	2_5_1_7_2_5	单位定期保证金存款_3Y	-541795278.23	-0.26	800237.1411	2026-08-16 10:15:23
9188	cb679e87-713c-4b1d-8c39-dfe444f3432f	2026-08-16 00:00:00	2_5_2	个人存款	-60550339597.77	-19082336979.53	142412517.0119	2026-08-16 10:15:23
9189	cb679e87-713c-4b1d-8c39-dfe444f3432f	2026-08-16 00:00:00	2_5_2_1	个人活期存款	-23127159027.96	-17726865224.38	18514727.0336	2026-08-16 10:15:23
9190	cb679e87-713c-4b1d-8c39-dfe444f3432f	2026-08-16 00:00:00	2_5_2_1_1	个人普通活期存款_1D	-23127159050.41	-17726865235.6	18504034.0407	2026-08-16 10:15:23
9191	cb679e87-713c-4b1d-8c39-dfe444f3432f	2026-08-16 00:00:00	2_5_2_1_2	个人协议活期存款_1D	0.0	0.0	0.0	2026-08-16 10:15:23
9192	cb679e87-713c-4b1d-8c39-dfe444f3432f	2026-08-16 00:00:00	2_5_2_2	个人定期存款	-30847499996.2	-480928531.84	114558549.0504	2026-08-16 10:15:23
9193	cb679e87-713c-4b1d-8c39-dfe444f3432f	2026-08-16 00:00:00	2_5_2_2_1	高兴存	-3676000228.57	0.0	13985734.6421	2026-08-16 10:15:23
9194	cb679e87-713c-4b1d-8c39-dfe444f3432f	2026-08-16 00:00:00	2_5_2_2_1_1	高兴存	-2866463058.59	0.0	10473048.4751	2026-08-16 10:15:23
9195	cb679e87-713c-4b1d-8c39-dfe444f3432f	2026-08-16 00:00:00	2_5_2_2_1_1_1	高兴存_3Y	-355333852.23	-0.17	1236299.3004	2026-08-16 10:15:23
9196	cb679e87-713c-4b1d-8c39-dfe444f3432f	2026-08-16 00:00:00	2_5_2_2_1_1_2	高兴存_5Y	-2511129209.14	-1.22	9236749.0361	2026-08-16 10:15:23
9197	cb679e87-713c-4b1d-8c39-dfe444f3432f	2026-08-16 00:00:00	2_5_2_2_1_2	高兴存（节庆专属）_3Y	-809537170.77	-0.39	3164480.6006	2026-08-16 10:15:23
9198	cb679e87-713c-4b1d-8c39-dfe444f3432f	2026-08-16 00:00:00	2_5_2_2_1_3	高兴存（村镇银行专属）	0.0	0.0	348205.5168	2026-08-16 10:15:23
9199	cb679e87-713c-4b1d-8c39-dfe444f3432f	2026-08-16 00:00:00	2_5_2_2_1_3_1	高兴存（村镇银行专属）_3Y	0.0	0.0	20350.7371	2026-08-16 10:15:23
9200	cb679e87-713c-4b1d-8c39-dfe444f3432f	2026-08-16 00:00:00	2_5_2_2_1_3_2	高兴存（村镇银行专属）_5Y	0.0	0.0	327854.7846	2026-08-16 10:15:23
9201	cb679e87-713c-4b1d-8c39-dfe444f3432f	2026-08-16 00:00:00	2_5_2_2_2	富桂存	-19258406162.06	-1500000.0	81616696.3863	2026-08-16 10:15:23
9202	cb679e87-713c-4b1d-8c39-dfe444f3432f	2026-08-16 00:00:00	2_5_2_2_2_1	富桂存_月得利	-6910533237.94	-1500000.0	29634456.0471	2026-08-16 10:15:23
9203	cb679e87-713c-4b1d-8c39-dfe444f3432f	2026-08-16 00:00:00	2_5_2_2_2_1_1	富桂存_月得利_3Y	0.0	0.0	0.0	2026-08-16 10:15:23
9204	cb679e87-713c-4b1d-8c39-dfe444f3432f	2026-08-16 00:00:00	2_5_2_2_2_1_2	富桂存_月得利_5Y	-6910533244.65	-1500003.35	28858286.6705	2026-08-16 10:15:23
9205	cb679e87-713c-4b1d-8c39-dfe444f3432f	2026-08-16 00:00:00	2_5_2_2_2_2	富桂存_月得利（二期）	-2599032587.86	0.0	11316135.1385	2026-08-16 10:15:23
9206	cb679e87-713c-4b1d-8c39-dfe444f3432f	2026-08-16 00:00:00	2_5_2_2_2_2_1	富桂存_月得利（二期）_3Y	-62695000.06	-0.03	209811.4468	2026-08-16 10:15:23
9207	cb679e87-713c-4b1d-8c39-dfe444f3432f	2026-08-16 00:00:00	2_5_2_2_2_2_2	富桂存_月得利（二期）_5Y	-2536337590.32	-1.23	11106323.672	2026-08-16 10:15:23
9208	cb679e87-713c-4b1d-8c39-dfe444f3432f	2026-08-16 00:00:00	2_5_2_2_2_3	富桂存_月得利(尊享版)_5Y	-3998211032.24	-1.94	15269748.4624	2026-08-16 10:15:23
9209	cb679e87-713c-4b1d-8c39-dfe444f3432f	2026-08-16 00:00:00	2_5_2_2_2_4	富桂存_月得利（E版三年）_3Y	-2000.0	0.0	6.8336	2026-08-16 10:15:23
9210	cb679e87-713c-4b1d-8c39-dfe444f3432f	2026-08-16 00:00:00	2_5_2_2_2_5	富桂存_月得利（县域专属）	-143420934.31	0.0	878925.5988	2026-08-16 10:15:23
9211	cb679e87-713c-4b1d-8c39-dfe444f3432f	2026-08-16 00:00:00	2_5_2_2_2_5_1	富桂存_月得利（县域专属）_3Y	-3171000.0	0.0	46638.1586	2026-08-16 10:15:23
9212	cb679e87-713c-4b1d-8c39-dfe444f3432f	2026-08-16 00:00:00	2_5_2_2_2_5_2	富桂存_月得利（县域专属）_5Y	-140249934.45	-0.07	832287.4458	2026-08-16 10:15:23
9213	cb679e87-713c-4b1d-8c39-dfe444f3432f	2026-08-16 00:00:00	2_5_2_2_2_6	富桂存_月得利（E版五年）_5Y	-2825212.0	0.0	10166.5175	2026-08-16 10:15:23
9214	cb679e87-713c-4b1d-8c39-dfe444f3432f	2026-08-16 00:00:00	2_5_2_2_2_7	行庆专属存款_5Y	-4802214458.28	-2.33	21097523.6272	2026-08-16 10:15:23
9215	cb679e87-713c-4b1d-8c39-dfe444f3432f	2026-08-16 00:00:00	2_5_2_2_2_8	区庆专属存款	-802166707.97	0.0	3409725.3505	2026-08-16 10:15:23
9216	cb679e87-713c-4b1d-8c39-dfe444f3432f	2026-08-16 00:00:00	2_5_2_2_2_8_1	区庆专属存款_3Y	0.0	0.0	0.0	2026-08-16 10:15:23
9217	cb679e87-713c-4b1d-8c39-dfe444f3432f	2026-08-16 00:00:00	2_5_2_2_2_8_2	区庆专属存款_5Y	-802166708.75	-0.39	3338146.4875	2026-08-16 10:15:23
9218	cb679e87-713c-4b1d-8c39-dfe444f3432f	2026-08-16 00:00:00	2_5_2_2_3	其他个人定期存款	-7913093605.57	-479428531.84	19273842.2991	2026-08-16 10:15:23
9219	cb679e87-713c-4b1d-8c39-dfe444f3432f	2026-08-16 00:00:00	2_5_2_2_3_1	其他个人定期存款_3M	-227352126.13	-73404938.81	655266.7354	2026-08-16 10:15:23
9220	cb679e87-713c-4b1d-8c39-dfe444f3432f	2026-08-16 00:00:00	2_5_2_2_3_2	其他个人定期存款_6M	-136123164.61	-0.07	118533.1728	2026-08-16 10:15:23
9221	cb679e87-713c-4b1d-8c39-dfe444f3432f	2026-08-16 00:00:00	2_5_2_2_3_3	其他个人定期存款_1Y	-4237208692.17	-315434019.71	10466298.7363	2026-08-16 10:15:23
9222	cb679e87-713c-4b1d-8c39-dfe444f3432f	2026-08-16 00:00:00	2_5_2_2_3_4	其他个人定期存款_2Y	-428198388.88	-0.21	1396286.0867	2026-08-16 10:15:23
9223	cb679e87-713c-4b1d-8c39-dfe444f3432f	2026-08-16 00:00:00	2_5_2_2_3_5	其他个人定期存款_3Y	-471556449.79	-24480788.14	1573550.508	2026-08-16 10:15:23
9224	cb679e87-713c-4b1d-8c39-dfe444f3432f	2026-08-16 00:00:00	2_5_2_2_3_6	其他个人定期存款_5Y	-2412654791.67	-66108788.76	5059126.6685	2026-08-16 10:15:23
9225	cb679e87-713c-4b1d-8c39-dfe444f3432f	2026-08-16 00:00:00	2_5_2_3	个人通知存款	-1595894322.43	-809771542.53	1358738.7992	2026-08-16 10:15:23
9226	cb679e87-713c-4b1d-8c39-dfe444f3432f	2026-08-16 00:00:00	2_5_2_3_1	个人通知存款_1D	-116396477.2	-11605352.9	8937.5343	2026-08-16 10:15:23
9227	cb679e87-713c-4b1d-8c39-dfe444f3432f	2026-08-16 00:00:00	2_5_2_3_2	个人通知存款_7D	-1479497846.78	-798166190.41	1358260.4079	2026-08-16 10:15:23
9228	cb679e87-713c-4b1d-8c39-dfe444f3432f	2026-08-16 00:00:00	2_5_2_4	个人保本理财	0.0	0.0	0.0	2026-08-16 10:15:23
9229	cb679e87-713c-4b1d-8c39-dfe444f3432f	2026-08-16 00:00:00	2_5_2_4_1	个人保本理财_1Y	0.0	0.0	0.0	2026-08-16 10:15:23
9230	cb679e87-713c-4b1d-8c39-dfe444f3432f	2026-08-16 00:00:00	2_5_2_5	个人大额存单存款	-4276445254.14	-56964569.66	13723420.5469	2026-08-16 10:15:23
9231	cb679e87-713c-4b1d-8c39-dfe444f3432f	2026-08-16 00:00:00	2_5_2_5_1	个人大额存单存款_3M	-53222000.05	-10310161.32	171217.2245	2026-08-16 10:15:23
9232	cb679e87-713c-4b1d-8c39-dfe444f3432f	2026-08-16 00:00:00	2_5_2_5_2	个人大额存单存款_6M	-6953026.2	0.0	5624.0966	2026-08-16 10:15:23
9233	cb679e87-713c-4b1d-8c39-dfe444f3432f	2026-08-16 00:00:00	2_5_2_5_3	个人大额存单存款_1Y	-382716522.77	-45009247.27	903268.2535	2026-08-16 10:15:23
9234	cb679e87-713c-4b1d-8c39-dfe444f3432f	2026-08-16 00:00:00	2_5_2_5_4	个人大额存单存款_3Y	-1830205707.33	-1645162.18	6042286.7272	2026-08-16 10:15:23
9235	cb679e87-713c-4b1d-8c39-dfe444f3432f	2026-08-16 00:00:00	2_5_2_5_5	个人大额存单存款_5Y	-2003348001.94	-0.97	6615527.1091	2026-08-16 10:15:23
9236	cb679e87-713c-4b1d-8c39-dfe444f3432f	2026-08-16 00:00:00	2_5_2_6	个人协议存款	-703338369.0	-7805161.29	2520344.3319	2026-08-16 10:15:23
9237	cb679e87-713c-4b1d-8c39-dfe444f3432f	2026-08-16 00:00:00	2_5_2_6_1	个人协议存款_1Y	-339438369.33	-7805161.45	1078523.0909	2026-08-16 10:15:23
9238	cb679e87-713c-4b1d-8c39-dfe444f3432f	2026-08-16 00:00:00	2_5_2_6_2	个人协议存款_5Y	-363900000.35	-0.18	1455033.3561	2026-08-16 10:15:23
9239	cb679e87-713c-4b1d-8c39-dfe444f3432f	2026-08-16 00:00:00	2_5_2_7	个人定活两便	-2628.03	-1949.83	0.3653	2026-08-16 10:15:23
9240	cb679e87-713c-4b1d-8c39-dfe444f3432f	2026-08-16 00:00:00	2_5_2_7_1	个人定活两便_1D	-2628.03	-1949.83	0.3653	2026-08-16 10:15:23
9241	cb679e87-713c-4b1d-8c39-dfe444f3432f	2026-08-16 00:00:00	2_5_3	国库定期存款	0.0	0.0	0.0	2026-08-16 10:15:23
9242	cb679e87-713c-4b1d-8c39-dfe444f3432f	2026-08-16 00:00:00	2_5_3_1	国库定期存款_1Y	0.0	0.0	0.0	2026-08-16 10:15:23
9243	cb679e87-713c-4b1d-8c39-dfe444f3432f	2026-08-16 00:00:00	2_5_4	财政性存款	-5260529.99	-23532908.76	0.0	2026-08-16 10:15:23
9244	cb679e87-713c-4b1d-8c39-dfe444f3432f	2026-08-16 00:00:00	2_5_4_1	财政性存款_1Y	-5260530.0	-23532908.76	0.0	2026-08-16 10:15:23
9245	cb679e87-713c-4b1d-8c39-dfe444f3432f	2026-08-16 00:00:00	2_5_5	其他存款	-500000212.01	-44373.61	0.0	2026-08-16 10:15:23
9246	cb679e87-713c-4b1d-8c39-dfe444f3432f	2026-08-16 00:00:00	2_5_5_1	应解汇款机临时存款_1D	-212.01	-44373.61	0.0	2026-08-16 10:15:23
9247	cb679e87-713c-4b1d-8c39-dfe444f3432f	2026-08-16 00:00:00	2_5_5_2	开出银行汇票_1D	0.0	0.0	0.0	2026-08-16 10:15:23
9248	cb679e87-713c-4b1d-8c39-dfe444f3432f	2026-08-16 00:00:00	2_5_5_3	开出银行本票_1D	0.0	0.0	0.0	2026-08-16 10:15:23
9249	cb679e87-713c-4b1d-8c39-dfe444f3432f	2026-08-16 00:00:00	2_5_5_4	转股协议存款_1D	-500000000.49	-0.24	0.0	2026-08-16 10:15:23
9250	cb679e87-713c-4b1d-8c39-dfe444f3432f	2026-08-16 00:00:00	2_6	其他负债	-12442989328.77	-12461805484.29	0.0	2026-08-16 10:15:23
9251	cb679e87-713c-4b1d-8c39-dfe444f3432f	2026-08-16 00:00:00	2_6_1	代理类负债_1Y	-3015144150.4	-2860744293.49	0.0	2026-08-16 10:15:23
9252	cb679e87-713c-4b1d-8c39-dfe444f3432f	2026-08-16 00:00:00	2_6_2	转贴现负债_3M	0.0	0.0	0.0	2026-08-16 10:15:23
9253	cb679e87-713c-4b1d-8c39-dfe444f3432f	2026-08-16 00:00:00	2_6_3	其他负债_30Y	-9427845186.41	-9601061194.76	0.0	2026-08-16 10:15:23
9254	cb679e87-713c-4b1d-8c39-dfe444f3432f	2026-08-16 00:00:00	3_1	所有者权益	24140467204.32	0.0	0.0	2026-08-16 10:15:23
9255	cb679e87-713c-4b1d-8c39-dfe444f3432f	2026-08-16 00:00:00	3_1_1	所有者权益_10Y	21680118122.12	12.0	0.0	2026-08-16 10:15:23
9256	runner-smoke-test	2026-08-15 00:00:00	ROOT	资产负债账户册	0.0	0.0	0.0	2026-08-16 15:05:04
9257	runner-smoke-test	2026-08-15 00:00:00	1_1	现金及存放央行	17950159801.66	10915535758.27	14643383.2725	2026-08-16 15:05:04
9258	runner-smoke-test	2026-08-15 00:00:00	1_1_1	现金_1D	352301407.43	315817569.15	0.0	2026-08-16 15:05:04
9259	runner-smoke-test	2026-08-15 00:00:00	1_1_2	存放央行法定准备金_30Y	12993399938.71	9867797415.73	-29043911.0066	2026-08-16 15:05:04
9260	runner-smoke-test	2026-08-15 00:00:00	1_1_3	存放央行超额准备金_1D	4590823251.88	722990558.66	49601960.1174	2026-08-16 15:05:04
9261	runner-smoke-test	2026-08-15 00:00:00	1_1_4	存放央行其他款项_30Y	13640003.65	8932614.72	0.0	2026-08-16 15:05:04
9262	runner-smoke-test	2026-08-15 00:00:00	1_2	同业资产	25399096836.7	9741609449.5	44563467.373	2026-08-16 15:05:04
9263	runner-smoke-test	2026-08-15 00:00:00	1_2_1	存放同业款项	12267470836.7	7933941377.03	20915999.1117	2026-08-16 15:05:04
9264	runner-smoke-test	2026-08-15 00:00:00	1_2_1_1	存放同业款项_金融市场部	0.0	0.0	0.0	2026-08-16 15:05:04
9265	runner-smoke-test	2026-08-15 00:00:00	1_2_1_1_1	存放同业活期款项_金融市场部_1D	0.0	0.0	0.0	2026-08-16 15:05:04
9266	runner-smoke-test	2026-08-15 00:00:00	1_2_1_1_2	存放同业定期款项_金融市场部_1M	0.0	0.0	0.0	2026-08-16 15:05:04
9267	runner-smoke-test	2026-08-15 00:00:00	1_2_1_1_3	存放同业定期款项_金融市场部_3M	0.0	0.0	0.0	2026-08-16 15:05:04
9268	runner-smoke-test	2026-08-15 00:00:00	1_2_1_1_4	存放同业定期款项_金融市场部_6M	0.0	0.0	0.0	2026-08-16 15:05:04
9269	runner-smoke-test	2026-08-15 00:00:00	1_2_1_1_5	存放同业定期款项_金融市场部_1Y	0.0	0.0	0.0	2026-08-16 15:05:04
9270	runner-smoke-test	2026-08-15 00:00:00	1_2_1_2	存放同业款项_公司金融部	12267470836.7	7933941377.03	20915999.1117	2026-08-16 15:05:04
9271	runner-smoke-test	2026-08-15 00:00:00	1_2_1_2_1	存放同业活期款项_公司金融部_1D	8467472036.86	7933941977.11	9910125.3354	2026-08-16 15:05:04
9272	runner-smoke-test	2026-08-15 00:00:00	1_2_1_2_2	存放同业定期款项_公司金融部_1M	0.0	0.0	0.0	2026-08-16 15:05:04
9273	runner-smoke-test	2026-08-15 00:00:00	1_2_1_2_3	存放同业定期款项_公司金融部_3M	2000000283.47	141.74	779427.0833	2026-08-16 15:05:04
9274	runner-smoke-test	2026-08-15 00:00:00	1_2_1_2_4	存放同业定期款项_公司金融部_6M	0.0	0.0	0.0	2026-08-16 15:05:04
9275	runner-smoke-test	2026-08-15 00:00:00	1_2_1_2_5	存放同业定期款项_公司金融部_1Y	1800000255.13	127.56	8118741.12	2026-08-16 15:05:04
9276	runner-smoke-test	2026-08-15 00:00:00	1_2_2	拆放同业款项	4138716000.0	461408967.74	20460371.0276	2026-08-16 15:05:04
9277	runner-smoke-test	2026-08-15 00:00:00	1_2_2_1	拆放同业款项_1D	0.0	0.0	0.0	2026-08-16 15:05:04
9278	runner-smoke-test	2026-08-15 00:00:00	1_2_2_2	拆放同业款项_1M	129358018.33	70938267.23	55740.7215	2026-08-16 15:05:04
9279	runner-smoke-test	2026-08-15 00:00:00	1_2_2_3	拆放同业款项_3M	229358032.51	196922338.83	467350.1824	2026-08-16 15:05:04
9280	runner-smoke-test	2026-08-15 00:00:00	1_2_2_4	拆放同业款项_6M	250000035.43	17.72	1161747.6875	2026-08-16 15:05:04
9281	runner-smoke-test	2026-08-15 00:00:00	1_2_2_5	拆放同业款项_1Y	3530000500.33	193548637.27	18775532.5575	2026-08-16 15:05:04
9282	runner-smoke-test	2026-08-15 00:00:00	1_2_3	买入返售	8992910000.0	1346259104.73	4071344.2718	2026-08-16 15:05:04
9283	runner-smoke-test	2026-08-15 00:00:00	1_2_3_1	买入返售债券	6992910000.0	433355878.92	1056694.5936	2026-08-16 15:05:04
9284	runner-smoke-test	2026-08-15 00:00:00	1_2_3_1_1	买入返售债券_买断式_1D	0.0	14620072.47	21059.1429	2026-08-16 15:05:04
9285	runner-smoke-test	2026-08-15 00:00:00	1_2_3_1_2	买入返售债券_买断式_7D	6992910991.16	418736302.03	1074960.9964	2026-08-16 15:05:04
9286	runner-smoke-test	2026-08-15 00:00:00	1_2_3_1_3	买入返售债券_质押式_1D	0.0	0.0	0.0	2026-08-16 15:05:04
9287	runner-smoke-test	2026-08-15 00:00:00	1_2_3_1_4	买入返售债券_质押式_7D	0.0	0.0	0.0	2026-08-16 15:05:04
9288	runner-smoke-test	2026-08-15 00:00:00	1_2_3_2	买入返售票据	2000000000.0	912903225.81	2956129.0908	2026-08-16 15:05:04
9289	runner-smoke-test	2026-08-15 00:00:00	1_2_3_2_1	买入返售票据_买断式_1D	0.0	0.0	0.0	2026-08-16 15:05:04
9290	runner-smoke-test	2026-08-15 00:00:00	1_2_3_2_2	买入返售票据_买断式_7D	2000000283.47	912903367.55	2956129.0908	2026-08-16 15:05:04
9291	runner-smoke-test	2026-08-15 00:00:00	1_2_3_2_3	买入返售票据_质押式_1D	0.0	0.0	0.0	2026-08-16 15:05:04
9292	runner-smoke-test	2026-08-15 00:00:00	1_2_3_2_4	买入返售票据_质押式_7D	0.0	0.0	0.0	2026-08-16 15:05:04
9293	runner-smoke-test	2026-08-15 00:00:00	1_3	各项投资	110159732825.43	25640168009.1	453181145.9075	2026-08-16 15:05:04
9294	runner-smoke-test	2026-08-15 00:00:00	1_3_1	金融市场部投资	53901916889.84	19600422907.1	183740100.3979	2026-08-16 15:05:04
9295	runner-smoke-test	2026-08-15 00:00:00	1_3_1_1	金融市场部_交易性金融资产	18348493643.13	19231016157.81	51430488.308	2026-08-16 15:05:04
9296	runner-smoke-test	2026-08-15 00:00:00	1_3_1_1_1	金融市场部_交易性国债投资	0.0	477203.72	1001.5498	2026-08-16 15:05:04
9297	runner-smoke-test	2026-08-15 00:00:00	1_3_1_1_1_1	金融市场部_交易性国债投资_司库	0.0	0.0	0.0	2026-08-16 15:05:04
9298	runner-smoke-test	2026-08-15 00:00:00	1_3_1_1_1_1_1	金融市场部_交易性国债投资_司库_1Y	0.0	0.0	0.0	2026-08-16 15:05:04
9299	runner-smoke-test	2026-08-15 00:00:00	1_3_1_1_1_1_2	金融市场部_交易性国债投资_司库_3Y	0.0	0.0	0.0	2026-08-16 15:05:04
9300	runner-smoke-test	2026-08-15 00:00:00	1_3_1_1_1_1_3	金融市场部_交易性国债投资_司库_5Y	0.0	0.0	0.0	2026-08-16 15:05:04
9301	runner-smoke-test	2026-08-15 00:00:00	1_3_1_1_1_1_4	金融市场部_交易性国债投资_司库_10Y	0.0	0.0	0.0	2026-08-16 15:05:04
9302	runner-smoke-test	2026-08-15 00:00:00	1_3_1_1_1_2	金融市场部_交易性国债投资_非司库	0.0	477203.72	1001.5498	2026-08-16 15:05:04
9303	runner-smoke-test	2026-08-15 00:00:00	1_3_1_1_1_2_1	金融市场部_交易性国债投资_非司库_交易账户	0.0	477203.72	1001.5498	2026-08-16 15:05:04
9304	runner-smoke-test	2026-08-15 00:00:00	1_3_1_1_1_2_1_1	金融市场部_交易性国债投资_非司库_交易账户_1Y	0.0	0.0	0.0	2026-08-16 15:05:04
9305	runner-smoke-test	2026-08-15 00:00:00	1_3_1_1_1_2_1_2	金融市场部_交易性国债投资_非司库_交易账户_3Y	0.0	0.0	0.0	2026-08-16 15:05:04
9306	runner-smoke-test	2026-08-15 00:00:00	1_3_1_1_1_2_1_3	金融市场部_交易性国债投资_非司库_交易账户_5Y	0.0	477203.72	1001.5296	2026-08-16 15:05:04
9307	runner-smoke-test	2026-08-15 00:00:00	1_3_1_1_1_2_1_4	金融市场部_交易性国债投资_非司库_交易账户_10Y	0.0	0.0	0.0	2026-08-16 15:05:04
9308	runner-smoke-test	2026-08-15 00:00:00	1_3_1_1_1_2_2	金融市场部_交易性国债投资_非司库_银行账户	0.0	0.0	0.0	2026-08-16 15:05:04
9309	runner-smoke-test	2026-08-15 00:00:00	1_3_1_1_1_2_2_1	金融市场部_交易性国债投资_非司库_银行账户_1Y	0.0	0.0	0.0	2026-08-16 15:05:04
9310	runner-smoke-test	2026-08-15 00:00:00	1_3_1_1_1_2_2_2	金融市场部_交易性国债投资_非司库_银行账户_3Y	0.0	0.0	0.0	2026-08-16 15:05:04
9311	runner-smoke-test	2026-08-15 00:00:00	1_3_1_1_1_2_2_3	金融市场部_交易性国债投资_非司库_银行账户_5Y	0.0	0.0	0.0	2026-08-16 15:05:04
9312	runner-smoke-test	2026-08-15 00:00:00	1_3_1_1_1_2_2_4	金融市场部_交易性国债投资_非司库_银行账户_10Y	0.0	0.0	0.0	2026-08-16 15:05:04
9313	runner-smoke-test	2026-08-15 00:00:00	1_3_1_1_2	金融市场部_交易性央票投资	0.0	0.0	0.0	2026-08-16 15:05:04
9314	runner-smoke-test	2026-08-15 00:00:00	1_3_1_1_2_1	金融市场部_交易性央票投资_司库	0.0	0.0	0.0	2026-08-16 15:05:04
9315	runner-smoke-test	2026-08-15 00:00:00	1_3_1_1_2_1_1	金融市场部_交易性央票投资_司库_1Y	0.0	0.0	0.0	2026-08-16 15:05:04
9316	runner-smoke-test	2026-08-15 00:00:00	1_3_1_1_2_1_2	金融市场部_交易性央票投资_司库_3Y	0.0	0.0	0.0	2026-08-16 15:05:04
9317	runner-smoke-test	2026-08-15 00:00:00	1_3_1_1_2_1_3	金融市场部_交易性央票投资_司库_5Y	0.0	0.0	0.0	2026-08-16 15:05:04
9318	runner-smoke-test	2026-08-15 00:00:00	1_3_1_1_2_1_4	金融市场部_交易性央票投资_司库_10Y	0.0	0.0	0.0	2026-08-16 15:05:04
9319	runner-smoke-test	2026-08-15 00:00:00	1_3_1_1_2_2	金融市场部_交易性央票投资_非司库	0.0	0.0	0.0	2026-08-16 15:05:04
9320	runner-smoke-test	2026-08-15 00:00:00	1_3_1_1_2_2_1	金融市场部_交易性央票投资_非司库_交易账户	0.0	0.0	0.0	2026-08-16 15:05:04
9321	runner-smoke-test	2026-08-15 00:00:00	1_3_1_1_2_2_1_1	金融市场部_交易性央票投资_非司库_交易账户_1Y	0.0	0.0	0.0	2026-08-16 15:05:04
9322	runner-smoke-test	2026-08-15 00:00:00	1_3_1_1_2_2_1_2	金融市场部_交易性央票投资_非司库_交易账户_3Y	0.0	0.0	0.0	2026-08-16 15:05:04
9323	runner-smoke-test	2026-08-15 00:00:00	1_3_1_1_2_2_1_3	金融市场部_交易性央票投资_非司库_交易账户_5Y	0.0	0.0	0.0	2026-08-16 15:05:04
9324	runner-smoke-test	2026-08-15 00:00:00	1_3_1_1_2_2_1_4	金融市场部_交易性央票投资_非司库_交易账户_10Y	0.0	0.0	0.0	2026-08-16 15:05:04
9325	runner-smoke-test	2026-08-15 00:00:00	1_3_1_1_2_2_2	金融市场部_交易性央票投资_非司库_银行账户	0.0	0.0	0.0	2026-08-16 15:05:04
9326	runner-smoke-test	2026-08-15 00:00:00	1_3_1_1_2_2_2_1	金融市场部_交易性央票投资_非司库_银行账户_1Y	0.0	0.0	0.0	2026-08-16 15:05:04
9327	runner-smoke-test	2026-08-15 00:00:00	1_3_1_1_2_2_2_2	金融市场部_交易性央票投资_非司库_银行账户_3Y	0.0	0.0	0.0	2026-08-16 15:05:04
9328	runner-smoke-test	2026-08-15 00:00:00	1_3_1_1_2_2_2_3	金融市场部_交易性央票投资_非司库_银行账户_5Y	0.0	0.0	0.0	2026-08-16 15:05:04
9329	runner-smoke-test	2026-08-15 00:00:00	1_3_1_1_2_2_2_4	金融市场部_交易性央票投资_非司库_银行账户_10Y	0.0	0.0	0.0	2026-08-16 15:05:04
9330	runner-smoke-test	2026-08-15 00:00:00	1_3_1_1_3	金融市场部_交易性地方政府债投资	500003891.3	484641654.98	1438179.3561	2026-08-16 15:05:04
9331	runner-smoke-test	2026-08-15 00:00:00	1_3_1_1_3_1	金融市场部_交易性地方政府债投资_司库	0.0	0.0	0.0	2026-08-16 15:05:04
9332	runner-smoke-test	2026-08-15 00:00:00	1_3_1_1_3_1_1	金融市场部_交易性地方政府债投资_司库_1Y	0.0	0.0	0.0	2026-08-16 15:05:04
9333	runner-smoke-test	2026-08-15 00:00:00	1_3_1_1_3_1_2	金融市场部_交易性地方政府债投资_司库_3Y	0.0	0.0	0.0	2026-08-16 15:05:04
9334	runner-smoke-test	2026-08-15 00:00:00	1_3_1_1_3_1_3	金融市场部_交易性地方政府债投资_司库_5Y	0.0	0.0	0.0	2026-08-16 15:05:04
9335	runner-smoke-test	2026-08-15 00:00:00	1_3_1_1_3_1_4	金融市场部_交易性地方政府债投资_司库_10Y	0.0	0.0	0.0	2026-08-16 15:05:04
9336	runner-smoke-test	2026-08-15 00:00:00	1_3_1_1_3_2	金融市场部_交易性地方政府债投资_非司库	500003891.3	484641654.98	1438179.3561	2026-08-16 15:05:04
9337	runner-smoke-test	2026-08-15 00:00:00	1_3_1_1_3_2_1	金融市场部_交易性地方政府债投资_非司库_交易账户	500003891.3	484641654.98	1438179.3561	2026-08-16 15:05:04
9338	runner-smoke-test	2026-08-15 00:00:00	1_3_1_1_3_2_1_1	金融市场部_交易性地方政府债投资_非司库_交易账户_1Y	0.0	0.0	0.0	2026-08-16 15:05:04
9339	runner-smoke-test	2026-08-15 00:00:00	1_3_1_1_3_2_1_2	金融市场部_交易性地方政府债投资_非司库_交易账户_3Y	0.0	0.0	0.0	2026-08-16 15:05:04
9340	runner-smoke-test	2026-08-15 00:00:00	1_3_1_1_3_2_1_3	金融市场部_交易性地方政府债投资_非司库_交易账户_5Y	0.0	0.0	0.0	2026-08-16 15:05:04
9341	runner-smoke-test	2026-08-15 00:00:00	1_3_1_1_3_2_1_4	金融市场部_交易性地方政府债投资_非司库_交易账户_10Y	500003907.64	484641663.15	1438179.3561	2026-08-16 15:05:04
9342	runner-smoke-test	2026-08-15 00:00:00	1_3_1_1_3_2_2	金融市场部_交易性地方政府债投资_非司库_银行账户	0.0	0.0	0.0	2026-08-16 15:05:04
9343	runner-smoke-test	2026-08-15 00:00:00	1_3_1_1_3_2_2_1	金融市场部_交易性地方政府债投资_非司库_银行账户_1Y	0.0	0.0	0.0	2026-08-16 15:05:04
9344	runner-smoke-test	2026-08-15 00:00:00	1_3_1_1_3_2_2_2	金融市场部_交易性地方政府债投资_非司库_银行账户_3Y	0.0	0.0	0.0	2026-08-16 15:05:04
9345	runner-smoke-test	2026-08-15 00:00:00	1_3_1_1_3_2_2_3	金融市场部_交易性地方政府债投资_非司库_银行账户_5Y	0.0	0.0	0.0	2026-08-16 15:05:04
9346	runner-smoke-test	2026-08-15 00:00:00	1_3_1_1_3_2_2_4	金融市场部_交易性地方政府债投资_非司库_银行账户_10Y	0.0	0.0	0.0	2026-08-16 15:05:04
9347	runner-smoke-test	2026-08-15 00:00:00	1_3_1_1_4	金融市场部_交易性政策性金融债投资	307242895.89	331570085.76	843655.8353	2026-08-16 15:05:04
9348	runner-smoke-test	2026-08-15 00:00:00	1_3_1_1_4_1	金融市场部_交易性政策性金融债投资_司库	0.0	0.0	0.0	2026-08-16 15:05:04
9349	runner-smoke-test	2026-08-15 00:00:00	1_3_1_1_4_1_1	金融市场部_交易性政策性金融债投资_ 司库_1Y	0.0	0.0	0.0	2026-08-16 15:05:04
9350	runner-smoke-test	2026-08-15 00:00:00	1_3_1_1_4_1_2	金融市场部_交易性政策性金融债投资_ 司库_3Y	0.0	0.0	0.0	2026-08-16 15:05:04
9351	runner-smoke-test	2026-08-15 00:00:00	1_3_1_1_4_1_3	金融市场部_交易性政策性金融债投资_ 司库_5Y	0.0	0.0	0.0	2026-08-16 15:05:04
9352	runner-smoke-test	2026-08-15 00:00:00	1_3_1_1_4_1_4	金融市场部_交易性政策性金融债投资_ 司库_10Y	0.0	0.0	0.0	2026-08-16 15:05:04
9353	runner-smoke-test	2026-08-15 00:00:00	1_3_1_1_4_2	金融市场部_交易性政策性金融债投资_非司库	307242895.89	331570085.76	843655.8353	2026-08-16 15:05:04
9354	runner-smoke-test	2026-08-15 00:00:00	1_3_1_1_4_2_1	金融市场部_交易性政策性金融债投资_非司库_交易账户	307242895.89	331570085.76	843655.8353	2026-08-16 15:05:04
9355	runner-smoke-test	2026-08-15 00:00:00	1_3_1_1_4_2_1_1	金融市场部_交易性政策性金融债投资_非司库_交易账户_1Y	0.0	21276333.61	40744.1996	2026-08-16 15:05:04
9356	runner-smoke-test	2026-08-15 00:00:00	1_3_1_1_4_2_1_2	金融市场部_交易性政策性金融债投资_非司库_交易账户_3Y	307242905.93	310293757.16	811144.4466	2026-08-16 15:05:04
9357	runner-smoke-test	2026-08-15 00:00:00	1_3_1_1_4_2_1_3	金融市场部_交易性政策性金融债投资_非司库_交易账户_5Y	0.0	0.0	0.0	2026-08-16 15:05:04
9358	runner-smoke-test	2026-08-15 00:00:00	1_3_1_1_4_2_1_4	金融市场部_交易性政策性金融债投资_非司库_交易账户_10Y	0.0	0.0	0.0	2026-08-16 15:05:04
9359	runner-smoke-test	2026-08-15 00:00:00	1_3_1_1_4_2_2	金融市场部_交易性政策性金融债投资_非司库_银行账户	0.0	0.0	0.0	2026-08-16 15:05:04
9360	runner-smoke-test	2026-08-15 00:00:00	1_3_1_1_4_2_2_1	金融市场部_交易性政策性金融债投资_非司库_银行账户_1Y	0.0	0.0	0.0	2026-08-16 15:05:04
9361	runner-smoke-test	2026-08-15 00:00:00	1_3_1_1_4_2_2_2	金融市场部_交易性政策性金融债投资_非司库_银行账户_3Y	0.0	0.0	0.0	2026-08-16 15:05:04
9362	runner-smoke-test	2026-08-15 00:00:00	1_3_1_1_4_2_2_3	金融市场部_交易性政策性金融债投资_非司库_银行账户_5Y	0.0	0.0	0.0	2026-08-16 15:05:04
9363	runner-smoke-test	2026-08-15 00:00:00	1_3_1_1_4_2_2_4	金融市场部_交易性政策性金融债投资_非司库_银行账户_10Y	0.0	0.0	0.0	2026-08-16 15:05:04
9364	runner-smoke-test	2026-08-15 00:00:00	1_3_1_1_5	金融市场部_交易性商业银行债投资	1564604917.13	215722891.52	5083472.2235	2026-08-16 15:05:04
9365	runner-smoke-test	2026-08-15 00:00:00	1_3_1_1_5_1	金融市场部_交易性商业银行债投资_司库	0.0	0.0	0.0	2026-08-16 15:05:04
9366	runner-smoke-test	2026-08-15 00:00:00	1_3_1_1_5_1_1	金融市场部_交易性商业银行债投资_司库_1Y	0.0	0.0	0.0	2026-08-16 15:05:04
9367	runner-smoke-test	2026-08-15 00:00:00	1_3_1_1_5_1_2	金融市场部_交易性商业银行债投资_司库_3Y	0.0	0.0	0.0	2026-08-16 15:05:04
9368	runner-smoke-test	2026-08-15 00:00:00	1_3_1_1_5_1_3	金融市场部_交易性商业银行债投资_司库_5Y	0.0	0.0	0.0	2026-08-16 15:05:04
9369	runner-smoke-test	2026-08-15 00:00:00	1_3_1_1_5_1_4	金融市场部_交易性商业银行债投资_司库_10Y	0.0	0.0	0.0	2026-08-16 15:05:04
9370	runner-smoke-test	2026-08-15 00:00:00	1_3_1_1_5_2	金融市场部_交易性商业银行债投资_非司库	1564604917.13	215722891.52	5083472.2235	2026-08-16 15:05:04
9371	runner-smoke-test	2026-08-15 00:00:00	1_3_1_1_5_2_1	金融市场部_交易性商业银行债投资_非司库_交易账户	398808939.73	215722891.52	661805.5626	2026-08-16 15:05:04
9372	runner-smoke-test	2026-08-15 00:00:00	1_3_1_1_5_2_1_1	金融市场部_交易性商业银行债投资_非司库_交易账户_1Y	0.0	0.0	0.0	2026-08-16 15:05:04
9373	runner-smoke-test	2026-08-15 00:00:00	1_3_1_1_5_2_1_2	金融市场部_交易性商业银行债投资_非司库_交易账户_3Y	0.0	0.0	0.0	2026-08-16 15:05:04
9374	runner-smoke-test	2026-08-15 00:00:00	1_3_1_1_5_2_1_3	金融市场部_交易性商业银行债投资_非司库_交易账户_5Y	299264249.51	202867196.41	621250.0086	2026-08-16 15:05:04
9375	runner-smoke-test	2026-08-15 00:00:00	1_3_1_1_5_2_1_4	金融市场部_交易性商业银行债投资_非司库_交易账户_10Y	99544703.25	12855701.63	40555.556	2026-08-16 15:05:04
9376	runner-smoke-test	2026-08-15 00:00:00	1_3_1_1_5_2_2	金融市场部_交易性商业银行债投资_非司库_银行账户	1165795977.4	0.0	4421666.631	2026-08-16 15:05:04
9377	runner-smoke-test	2026-08-15 00:00:00	1_3_1_1_5_2_2_1	金融市场部_交易性商业银行债投资_非司库_银行账户_1Y	0.0	0.0	0.0	2026-08-16 15:05:04
9378	runner-smoke-test	2026-08-15 00:00:00	1_3_1_1_5_2_2_2	金融市场部_交易性商业银行债投资_非司库_银行账户_3Y	0.0	0.0	0.0	2026-08-16 15:05:04
9379	runner-smoke-test	2026-08-15 00:00:00	1_3_1_1_5_2_2_3	金融市场部_交易性商业银行债投资_非司库_银行账户_5Y	0.0	0.0	0.0	2026-08-16 15:05:04
9380	runner-smoke-test	2026-08-15 00:00:00	1_3_1_1_5_2_2_4	金融市场部_交易性商业银行债投资_非司库_银行账户_10Y	1165796015.5	19.05	4421666.631	2026-08-16 15:05:04
9381	runner-smoke-test	2026-08-15 00:00:00	1_3_1_1_6	金融市场部_交易性金融机构债投资	0.0	0.0	0.0	2026-08-16 15:05:04
9382	runner-smoke-test	2026-08-15 00:00:00	1_3_1_1_6_1	金融市场部_交易性金融机构债投资_非司库	0.0	0.0	0.0	2026-08-16 15:05:04
9383	runner-smoke-test	2026-08-15 00:00:00	1_3_1_1_6_1_1	金融市场部_交易性金融机构债投资_非司库_交易账户	0.0	0.0	0.0	2026-08-16 15:05:04
9384	runner-smoke-test	2026-08-15 00:00:00	1_3_1_1_6_1_1_1	金融市场部_交易性金融机构债投资_非司库_交易账户_1Y	0.0	0.0	0.0	2026-08-16 15:05:04
9385	runner-smoke-test	2026-08-15 00:00:00	1_3_1_1_6_1_1_2	金融市场部_交易性金融机构债投资_非司库_交易账户_3Y	0.0	0.0	0.0	2026-08-16 15:05:04
9386	runner-smoke-test	2026-08-15 00:00:00	1_3_1_1_6_1_1_3	金融市场部_交易性金融机构债投资_非司库_交易账户_5Y	0.0	0.0	0.0	2026-08-16 15:05:04
9387	runner-smoke-test	2026-08-15 00:00:00	1_3_1_1_6_1_1_4	金融市场部_交易性金融机构债投资_非司库_交易账户_10Y	0.0	0.0	0.0	2026-08-16 15:05:04
9388	runner-smoke-test	2026-08-15 00:00:00	1_3_1_1_6_1_2	金融市场部_交易性金融机构债投资_非司库_银行账户	0.0	0.0	0.0	2026-08-16 15:05:04
9389	runner-smoke-test	2026-08-15 00:00:00	1_3_1_1_6_1_2_1	金融市场部_交易性金融机构债投资_非司库_银行账户_1Y	0.0	0.0	0.0	2026-08-16 15:05:04
9390	runner-smoke-test	2026-08-15 00:00:00	1_3_1_1_6_1_2_2	金融市场部_交易性金融机构债投资_非司库_银行账户_3Y	0.0	0.0	0.0	2026-08-16 15:05:04
9391	runner-smoke-test	2026-08-15 00:00:00	1_3_1_1_6_1_2_3	金融市场部_交易性金融机构债投资_非司库_银行账户_5Y	0.0	0.0	0.0	2026-08-16 15:05:04
9392	runner-smoke-test	2026-08-15 00:00:00	1_3_1_1_6_1_2_4	金融市场部_交易性金融机构债投资_非司库_银行账户_10Y	0.0	0.0	0.0	2026-08-16 15:05:04
9393	runner-smoke-test	2026-08-15 00:00:00	1_3_1_1_7	金融市场部_交易性公司债投资	574520754.66	444454079.18	2743780.612	2026-08-16 15:05:04
9394	runner-smoke-test	2026-08-15 00:00:00	1_3_1_1_7_1	金融市场部_交易性公司债投资_非司库	574520754.66	444454079.18	2743780.612	2026-08-16 15:05:04
9395	runner-smoke-test	2026-08-15 00:00:00	1_3_1_1_7_1_1	金融市场部_交易性公司债投资_非司库_交易账户	514383362.88	444454079.18	2604480.6233	2026-08-16 15:05:04
9396	runner-smoke-test	2026-08-15 00:00:00	1_3_1_1_7_1_1_1	金融市场部_交易性公司债投资_非司库_交易账户_1Y	253920946.52	181678093.82	988688.92	2026-08-16 15:05:04
9397	runner-smoke-test	2026-08-15 00:00:00	1_3_1_1_7_1_1_2	金融市场部_交易性公司债投资_非司库_交易账户_3Y	260462433.17	253419961.16	1582516.7052	2026-08-16 15:05:04
9398	runner-smoke-test	2026-08-15 00:00:00	1_3_1_1_7_1_1_3	金融市场部_交易性公司债投资_非司库_交易账户_5Y	0.0	2258366.42	9488.8847	2026-08-16 15:05:04
9399	runner-smoke-test	2026-08-15 00:00:00	1_3_1_1_7_1_1_4	金融市场部_交易性公司债投资_非司库_交易账户_10Y	0.0	7097666.2	23786.1272	2026-08-16 15:05:04
9400	runner-smoke-test	2026-08-15 00:00:00	1_3_1_1_7_1_2	金融市场部_交易性公司债投资_非司库_银行账户	60137391.78	0.0	139300.0006	2026-08-16 15:05:04
9401	runner-smoke-test	2026-08-15 00:00:00	1_3_1_1_7_1_2_1	金融市场部_交易性公司债投资_非司库_银行账户_1Y	60137393.75	0.98	139300.0006	2026-08-16 15:05:04
9402	runner-smoke-test	2026-08-15 00:00:00	1_3_1_1_7_1_2_2	金融市场部_交易性公司债投资_非司库_银行账户_3Y	0.0	0.0	0.0	2026-08-16 15:05:04
9403	runner-smoke-test	2026-08-15 00:00:00	1_3_1_1_7_1_2_3	金融市场部_交易性公司债投资_非司库_银行账户_5Y	0.0	0.0	0.0	2026-08-16 15:05:04
9404	runner-smoke-test	2026-08-15 00:00:00	1_3_1_1_7_1_2_4	金融市场部_交易性公司债投资_非司库_银行账户_10Y	0.0	0.0	0.0	2026-08-16 15:05:04
9405	runner-smoke-test	2026-08-15 00:00:00	1_3_1_1_8	金融市场部_交易性同业存单投资	498946083.33	16095034.95	40640.0427	2026-08-16 15:05:04
9406	runner-smoke-test	2026-08-15 00:00:00	1_3_1_1_8_1	金融市场部_交易性同业存单投资_非司库	498946083.33	16095034.95	40640.0427	2026-08-16 15:05:04
9407	runner-smoke-test	2026-08-15 00:00:00	1_3_1_1_8_1_1	金融市场部_交易性同业存单投资_非司库_交易账户	498946083.33	16095034.95	40640.0427	2026-08-16 15:05:04
9408	runner-smoke-test	2026-08-15 00:00:00	1_3_1_1_8_1_1_1	金融市场部_交易性同业存单投资_非司库_交易账户_1M	498946099.64	16095043.1	40640.0427	2026-08-16 15:05:04
9409	runner-smoke-test	2026-08-15 00:00:00	1_3_1_1_8_1_1_2	金融市场部_交易性同业存单投资_非司库_交易账户_3M	0.0	0.0	0.0	2026-08-16 15:05:04
9410	runner-smoke-test	2026-08-15 00:00:00	1_3_1_1_8_1_1_3	金融市场部_交易性同业存单投资_非司库_交易账户_6M	0.0	0.0	0.0	2026-08-16 15:05:04
9411	runner-smoke-test	2026-08-15 00:00:00	1_3_1_1_8_1_1_4	金融市场部_交易性同业存单投资_非司库_交易账户_1Y	0.0	0.0	0.0	2026-08-16 15:05:04
9412	runner-smoke-test	2026-08-15 00:00:00	1_3_1_1_8_1_2	金融市场部_交易性同业存单投资_非司库_银行账户	0.0	0.0	0.0	2026-08-16 15:05:04
9413	runner-smoke-test	2026-08-15 00:00:00	1_3_1_1_8_1_2_1	金融市场部_交易性同业存单投资_非司库_银行账户_1M	0.0	0.0	0.0	2026-08-16 15:05:04
9414	runner-smoke-test	2026-08-15 00:00:00	1_3_1_1_8_1_2_2	金融市场部_交易性同业存单投资_非司库_银行账户_3M	0.0	0.0	0.0	2026-08-16 15:05:04
9415	runner-smoke-test	2026-08-15 00:00:00	1_3_1_1_8_1_2_3	金融市场部_交易性同业存单投资_非司库_银行账户_6M	0.0	0.0	0.0	2026-08-16 15:05:04
9416	runner-smoke-test	2026-08-15 00:00:00	1_3_1_1_8_1_2_4	金融市场部_交易性同业存单投资_非司库_银行账户_1Y	0.0	0.0	0.0	2026-08-16 15:05:04
9417	runner-smoke-test	2026-08-15 00:00:00	1_3_1_1_9	金融市场部_交易性金融资产_其他	14903175100.82	17738055207.71	41279758.6246	2026-08-16 15:05:04
9418	runner-smoke-test	2026-08-15 00:00:00	1_3_1_1_9_1	金融市场部_交易性金融资产_其他_非司库	14903175100.82	17738055207.71	41279758.6246	2026-08-16 15:05:04
9419	runner-smoke-test	2026-08-15 00:00:00	1_3_1_1_9_1_1	金融市场部_交易性金融资产_其他_非司库_交易账户	14903175100.82	17738055207.71	41279758.6246	2026-08-16 15:05:04
9420	runner-smoke-test	2026-08-15 00:00:00	1_3_1_1_9_1_1_1	金融市场部_交易性金融资产_其他_非司库_交易账户_1Y	7571408452.23	10648326198.96	32427258.2764	2026-08-16 15:05:04
9421	runner-smoke-test	2026-08-15 00:00:00	1_3_1_1_9_1_1_2	金融市场部_交易性金融资产_其他_非司库_交易账户_3Y	5803874016.68	5613265714.82	8852499.6201	2026-08-16 15:05:04
9422	runner-smoke-test	2026-08-15 00:00:00	1_3_1_1_9_1_1_3	金融市场部_交易性金融资产_其他_非司库_交易账户_5Y	1527893118.94	1476463537.45	0.0	2026-08-16 15:05:04
9423	runner-smoke-test	2026-08-15 00:00:00	1_3_1_1_9_1_2	金融市场部_交易性金融资产_其他_非司库_银行账户	0.0	0.0	0.0	2026-08-16 15:05:04
9424	runner-smoke-test	2026-08-15 00:00:00	1_3_1_1_9_1_2_1	金融市场部_交易性金融资产_其他_非司库_银行账户_1Y	0.0	0.0	0.0	2026-08-16 15:05:04
9425	runner-smoke-test	2026-08-15 00:00:00	1_3_1_1_9_1_2_2	金融市场部_交易性金融资产_其他_非司库_银行账户_3Y	0.0	0.0	0.0	2026-08-16 15:05:04
9426	runner-smoke-test	2026-08-15 00:00:00	1_3_1_1_9_1_2_3	金融市场部_交易性金融资产_其他_非司库_银行账户_5Y	0.0	0.0	0.0	2026-08-16 15:05:04
9427	runner-smoke-test	2026-08-15 00:00:00	1_3_1_2	金融市场部_其他债权投资	4160729104.47	280397783.31	11717828.8702	2026-08-16 15:05:04
9428	runner-smoke-test	2026-08-15 00:00:00	1_3_1_2_1	金融市场部_其他债权投资_国债	512161849.32	0.0	1405750.4625	2026-08-16 15:05:04
9429	runner-smoke-test	2026-08-15 00:00:00	1_3_1_2_1_1	金融市场部_其他债权投资_国债_司库	0.0	0.0	0.0	2026-08-16 15:05:04
9430	runner-smoke-test	2026-08-15 00:00:00	1_3_1_2_1_1_1	金融市场部_其他债权投资_国债_司库_1Y	0.0	0.0	0.0	2026-08-16 15:05:04
9431	runner-smoke-test	2026-08-15 00:00:00	1_3_1_2_1_1_2	金融市场部_其他债权投资_国债_司库_3Y	0.0	0.0	0.0	2026-08-16 15:05:04
9432	runner-smoke-test	2026-08-15 00:00:00	1_3_1_2_1_1_3	金融市场部_其他债权投资_国债_司库_5Y	0.0	0.0	0.0	2026-08-16 15:05:04
9433	runner-smoke-test	2026-08-15 00:00:00	1_3_1_2_1_1_4	金融市场部_其他债权投资_国债_司库_10Y	0.0	0.0	0.0	2026-08-16 15:05:04
9434	runner-smoke-test	2026-08-15 00:00:00	1_3_1_2_1_2	金融市场部_其他债权投资_国债_非司库	512161849.32	0.0	1405750.4625	2026-08-16 15:05:04
9435	runner-smoke-test	2026-08-15 00:00:00	1_3_1_2_1_2_1	金融市场部_其他债权投资_国债_非司库_1Y	0.0	0.0	0.0	2026-08-16 15:05:04
9436	runner-smoke-test	2026-08-15 00:00:00	1_3_1_2_1_2_2	金融市场部_其他债权投资_国债_非司库_3Y	0.0	0.0	0.0	2026-08-16 15:05:04
9437	runner-smoke-test	2026-08-15 00:00:00	1_3_1_2_1_2_3	金融市场部_其他债权投资_国债_非司库_5Y	0.0	0.0	0.0	2026-08-16 15:05:04
9438	runner-smoke-test	2026-08-15 00:00:00	1_3_1_2_1_2_4	金融市场部_其他债权投资_国债_非司库_10Y	512161866.06	8.37	1405750.4625	2026-08-16 15:05:04
9439	runner-smoke-test	2026-08-15 00:00:00	1_3_1_2_2	金融市场部_其他债权投资_央票	0.0	0.0	0.0	2026-08-16 15:05:04
9440	runner-smoke-test	2026-08-15 00:00:00	1_3_1_2_2_1	金融市场部_其他债权投资_央票_司库	0.0	0.0	0.0	2026-08-16 15:05:04
9441	runner-smoke-test	2026-08-15 00:00:00	1_3_1_2_2_1_1	金融市场部_其他债权投资_央票_司库_1Y	0.0	0.0	0.0	2026-08-16 15:05:04
9442	runner-smoke-test	2026-08-15 00:00:00	1_3_1_2_2_1_2	金融市场部_其他债权投资_央票_司库_3Y	0.0	0.0	0.0	2026-08-16 15:05:04
9443	runner-smoke-test	2026-08-15 00:00:00	1_3_1_2_2_1_3	金融市场部_其他债权投资_央票_司库_5Y	0.0	0.0	0.0	2026-08-16 15:05:04
9444	runner-smoke-test	2026-08-15 00:00:00	1_3_1_2_2_1_4	金融市场部_其他债权投资_央票_司库_10Y	0.0	0.0	0.0	2026-08-16 15:05:04
9445	runner-smoke-test	2026-08-15 00:00:00	1_3_1_2_2_2	金融市场部_其他债权投资_央票_非司库	0.0	0.0	0.0	2026-08-16 15:05:04
9446	runner-smoke-test	2026-08-15 00:00:00	1_3_1_2_2_2_1	金融市场部_其他债权投资_央票_非司库_1Y	0.0	0.0	0.0	2026-08-16 15:05:04
9447	runner-smoke-test	2026-08-15 00:00:00	1_3_1_2_2_2_2	金融市场部_其他债权投资_央票_非司库_3Y	0.0	0.0	0.0	2026-08-16 15:05:04
9448	runner-smoke-test	2026-08-15 00:00:00	1_3_1_2_2_2_3	金融市场部_其他债权投资_央票_非司库_5Y	0.0	0.0	0.0	2026-08-16 15:05:04
9449	runner-smoke-test	2026-08-15 00:00:00	1_3_1_2_2_2_4	金融市场部_其他债权投资_央票_非司库_10Y	0.0	0.0	0.0	2026-08-16 15:05:04
9450	runner-smoke-test	2026-08-15 00:00:00	1_3_1_2_3	金融市场部_其他债权投资_地方政府债	467829120.17	0.0	1164373.5164	2026-08-16 15:05:04
9451	runner-smoke-test	2026-08-15 00:00:00	1_3_1_2_3_1	金融市场部_其他债权投资_地方政府债_司库	0.0	0.0	0.0	2026-08-16 15:05:04
9452	runner-smoke-test	2026-08-15 00:00:00	1_3_1_2_3_1_1	金融市场部_其他债权投资_地方政府债_司库_1Y	0.0	0.0	0.0	2026-08-16 15:05:04
9453	runner-smoke-test	2026-08-15 00:00:00	1_3_1_2_3_1_2	金融市场部_其他债权投资_地方政府债_司库_3Y	0.0	0.0	0.0	2026-08-16 15:05:04
9454	runner-smoke-test	2026-08-15 00:00:00	1_3_1_2_3_1_3	金融市场部_其他债权投资_地方政府债_司库_5Y	0.0	0.0	0.0	2026-08-16 15:05:04
9455	runner-smoke-test	2026-08-15 00:00:00	1_3_1_2_3_1_4	金融市场部_其他债权投资_地方政府债_司库_10Y	0.0	0.0	0.0	2026-08-16 15:05:04
9456	runner-smoke-test	2026-08-15 00:00:00	1_3_1_2_3_2	金融市场部_其他债权投资_地方政府债_非司库	467829120.17	0.0	1164373.5164	2026-08-16 15:05:04
9457	runner-smoke-test	2026-08-15 00:00:00	1_3_1_2_3_2_1	金融市场部_其他债权投资_地方政府债_非司库_1Y	0.0	0.0	0.0	2026-08-16 15:05:04
9458	runner-smoke-test	2026-08-15 00:00:00	1_3_1_2_3_2_2	金融市场部_其他债权投资_地方政府债_非司库_3Y	0.0	0.0	0.0	2026-08-16 15:05:04
9459	runner-smoke-test	2026-08-15 00:00:00	1_3_1_2_3_2_3	金融市场部_其他债权投资_地方政府债_非司库_5Y	0.0	0.0	0.0	2026-08-16 15:05:04
9460	runner-smoke-test	2026-08-15 00:00:00	1_3_1_2_3_2_4	金融市场部_其他债权投资_地方政府债_非司库_10Y	467829135.46	7.64	1164373.5164	2026-08-16 15:05:04
9461	runner-smoke-test	2026-08-15 00:00:00	1_3_1_2_4	金融市场部_其他债权投资_政策性金融债	765783645.89	0.0	2095637.9378	2026-08-16 15:05:04
9462	runner-smoke-test	2026-08-15 00:00:00	1_3_1_2_4_1	金融市场部_其他债权投资_政策性金融债_司库	0.0	0.0	0.0	2026-08-16 15:05:04
9463	runner-smoke-test	2026-08-15 00:00:00	1_3_1_2_4_1_1	金融市场部_其他债权投资_政策性金融债_司库_1Y	0.0	0.0	0.0	2026-08-16 15:05:04
9464	runner-smoke-test	2026-08-15 00:00:00	1_3_1_2_4_1_2	金融市场部_其他债权投资_政策性金融债_司库_3Y	0.0	0.0	0.0	2026-08-16 15:05:04
9465	runner-smoke-test	2026-08-15 00:00:00	1_3_1_2_4_1_3	金融市场部_其他债权投资_政策性金融债_司库_5Y	0.0	0.0	0.0	2026-08-16 15:05:04
9466	runner-smoke-test	2026-08-15 00:00:00	1_3_1_2_4_1_4	金融市场部_其他债权投资_政策性金融债_司库_10Y	0.0	0.0	0.0	2026-08-16 15:05:04
9467	runner-smoke-test	2026-08-15 00:00:00	1_3_1_2_4_2	金融市场部_其他债权投资_政策性金融债_非司库	765783645.89	0.0	2095637.9378	2026-08-16 15:05:04
9468	runner-smoke-test	2026-08-15 00:00:00	1_3_1_2_4_2_1	金融市场部_其他债权投资_政策性金融债_非司库_1Y	0.0	0.0	0.0	2026-08-16 15:05:04
9469	runner-smoke-test	2026-08-15 00:00:00	1_3_1_2_4_2_2	金融市场部_其他债权投资_政策性金融债_非司库_3Y	358406285.0	5.86	992010.3201	2026-08-16 15:05:04
9470	runner-smoke-test	2026-08-15 00:00:00	1_3_1_2_4_2_3	金融市场部_其他债权投资_政策性金融债_非司库_5Y	304774456.54	4.98	802822.3037	2026-08-16 15:05:04
9471	runner-smoke-test	2026-08-15 00:00:00	1_3_1_2_4_2_4	金融市场部_其他债权投资_政策性金融债_非司库_10Y	102602929.37	1.68	300805.309	2026-08-16 15:05:04
9472	runner-smoke-test	2026-08-15 00:00:00	1_3_1_2_5	金融市场部_其他债权投资_商业银行债	203486341.1	0.0	406729.0594	2026-08-16 15:05:04
9473	runner-smoke-test	2026-08-15 00:00:00	1_3_1_2_5_1	金融市场部_其他债权投资_商业银行债_司库	0.0	0.0	0.0	2026-08-16 15:05:04
9474	runner-smoke-test	2026-08-15 00:00:00	1_3_1_2_5_1_1	金融市场部_其他债权投资_商业银行债_司库_1Y	0.0	0.0	0.0	2026-08-16 15:05:04
9475	runner-smoke-test	2026-08-15 00:00:00	1_3_1_2_5_1_2	金融市场部_其他债权投资_商业银行债_司库_3Y	0.0	0.0	0.0	2026-08-16 15:05:04
9476	runner-smoke-test	2026-08-15 00:00:00	1_3_1_2_5_1_3	金融市场部_其他债权投资_商业银行债_司库_5Y	0.0	0.0	0.0	2026-08-16 15:05:04
9477	runner-smoke-test	2026-08-15 00:00:00	1_3_1_2_5_1_4	金融市场部_其他债权投资_商业银行债_司库_10Y	0.0	0.0	0.0	2026-08-16 15:05:04
9478	runner-smoke-test	2026-08-15 00:00:00	1_3_1_2_5_2	金融市场部_其他债权投资_商业银行债_非司库	203486341.1	0.0	406729.0594	2026-08-16 15:05:04
9479	runner-smoke-test	2026-08-15 00:00:00	1_3_1_2_5_2_1	金融市场部_其他债权投资_商业银行债_非司库_1Y	0.0	0.0	0.0	2026-08-16 15:05:04
9480	runner-smoke-test	2026-08-15 00:00:00	1_3_1_2_5_2_2	金融市场部_其他债权投资_商业银行债_非司库_3Y	0.0	0.0	0.0	2026-08-16 15:05:04
9481	runner-smoke-test	2026-08-15 00:00:00	1_3_1_2_5_2_3	金融市场部_其他债权投资_商业银行债_非司库_5Y	203486347.75	3.32	406729.0594	2026-08-16 15:05:04
9482	runner-smoke-test	2026-08-15 00:00:00	1_3_1_2_5_2_4	金融市场部_其他债权投资_商业银行债_非司库_10Y	0.0	0.0	0.0	2026-08-16 15:05:04
9483	runner-smoke-test	2026-08-15 00:00:00	1_3_1_2_6	金融市场部_其他债权投资_金融机构债	0.0	0.0	0.0	2026-08-16 15:05:04
9484	runner-smoke-test	2026-08-15 00:00:00	1_3_1_2_6_1	金融市场部_其他债权投资_金融机构债_非司库	0.0	0.0	0.0	2026-08-16 15:05:04
9485	runner-smoke-test	2026-08-15 00:00:00	1_3_1_2_6_1_1	金融市场部_其他债权投资_金融机构债_非司库_1Y	0.0	0.0	0.0	2026-08-16 15:05:04
9486	runner-smoke-test	2026-08-15 00:00:00	1_3_1_2_6_1_2	金融市场部_其他债权投资_金融机构债_非司库_3Y	0.0	0.0	0.0	2026-08-16 15:05:04
9487	runner-smoke-test	2026-08-15 00:00:00	1_3_1_2_6_1_3	金融市场部_其他债权投资_金融机构债_非司库_5Y	0.0	0.0	0.0	2026-08-16 15:05:04
9488	runner-smoke-test	2026-08-15 00:00:00	1_3_1_2_6_1_4	金融市场部_其他债权投资_金融机构债_非司库_10Y	0.0	0.0	0.0	2026-08-16 15:05:04
9489	runner-smoke-test	2026-08-15 00:00:00	1_3_1_2_7	金融市场部_其他债权投资_公司债	529767109.53	0.0	2169464.7696	2026-08-16 15:05:04
9490	runner-smoke-test	2026-08-15 00:00:00	1_3_1_2_7_1	金融市场部_其他债权投资_公司债_非司库	529767109.53	0.0	2169464.7696	2026-08-16 15:05:04
9491	runner-smoke-test	2026-08-15 00:00:00	1_3_1_2_7_1_1	金融市场部_其他债权投资_公司债_非司库_1Y	289715620.11	4.73	1272820.5458	2026-08-16 15:05:04
9492	runner-smoke-test	2026-08-15 00:00:00	1_3_1_2_7_1_2	金融市场部_其他债权投资_公司债_非司库_3Y	240051506.73	3.92	896644.2239	2026-08-16 15:05:04
9493	runner-smoke-test	2026-08-15 00:00:00	1_3_1_2_7_1_3	金融市场部_其他债权投资_公司债_非司库_5Y	0.0	0.0	0.0	2026-08-16 15:05:04
9494	runner-smoke-test	2026-08-15 00:00:00	1_3_1_2_7_1_4	金融市场部_其他债权投资_公司债_非司库_10Y	0.0	0.0	0.0	2026-08-16 15:05:04
9495	runner-smoke-test	2026-08-15 00:00:00	1_3_1_2_8	金融市场部_其他债权投资_同业存单债	1477021038.46	280397783.31	4475873.1927	2026-08-16 15:05:04
9496	runner-smoke-test	2026-08-15 00:00:00	1_3_1_2_8_1	金融市场部_其他债权投资_同业存单债_非司库	1477021038.46	280397783.31	4475873.1927	2026-08-16 15:05:04
9497	runner-smoke-test	2026-08-15 00:00:00	1_3_1_2_8_1_1	金融市场部_其他债权投资_同业存单债_非司库_1M	1477021086.73	280397807.44	4475873.1927	2026-08-16 15:05:04
9498	runner-smoke-test	2026-08-15 00:00:00	1_3_1_2_8_1_2	金融市场部_其他债权投资_同业存单债_非司库_3M	0.0	0.0	0.0	2026-08-16 15:05:04
9499	runner-smoke-test	2026-08-15 00:00:00	1_3_1_2_8_1_3	金融市场部_其他债权投资_同业存单债_非司库_6M	0.0	0.0	0.0	2026-08-16 15:05:04
9500	runner-smoke-test	2026-08-15 00:00:00	1_3_1_2_8_1_4	金融市场部_其他债权投资_同业存单债_非司库_1Y	0.0	0.0	0.0	2026-08-16 15:05:04
9501	runner-smoke-test	2026-08-15 00:00:00	1_3_1_2_9	金融市场部_其他债权投资_其他	204680000.0	0.0	0.0	2026-08-16 15:05:04
9502	runner-smoke-test	2026-08-15 00:00:00	1_3_1_2_9_1	金融市场部_其他债权投资_其他_非司库	204680000.0	0.0	0.0	2026-08-16 15:05:04
9503	runner-smoke-test	2026-08-15 00:00:00	1_3_1_2_9_1_1	金融市场部_其他债权投资_其他_非司库_1Y	204680006.69	3.34	0.0	2026-08-16 15:05:04
9504	runner-smoke-test	2026-08-15 00:00:00	1_3_1_2_9_1_2	金融市场部_其他债权投资_其他_非司库_3Y	0.0	0.0	0.0	2026-08-16 15:05:04
9505	runner-smoke-test	2026-08-15 00:00:00	1_3_1_2_9_1_3	金融市场部_其他债权投资_其他_非司库_5Y	0.0	0.0	0.0	2026-08-16 15:05:04
9506	runner-smoke-test	2026-08-15 00:00:00	1_3_1_3	金融市场部_债权投资	31392694142.24	89008965.97	120236751.2181	2026-08-16 15:05:04
9507	runner-smoke-test	2026-08-15 00:00:00	1_3_1_3_1	金融市场部_债权投资_国债	0.0	0.0	0.0	2026-08-16 15:05:04
9508	runner-smoke-test	2026-08-15 00:00:00	1_3_1_3_1_1	金融市场部_债权投资_国债_司库	0.0	0.0	0.0	2026-08-16 15:05:04
9509	runner-smoke-test	2026-08-15 00:00:00	1_3_1_3_1_1_1	金融市场部_债权投资_国债_司库_1Y	0.0	0.0	0.0	2026-08-16 15:05:04
9510	runner-smoke-test	2026-08-15 00:00:00	1_3_1_3_1_1_2	金融市场部_债权投资_国债_司库_3Y	0.0	0.0	0.0	2026-08-16 15:05:04
9511	runner-smoke-test	2026-08-15 00:00:00	1_3_1_3_1_1_3	金融市场部_债权投资_国债_司库_5Y	0.0	0.0	0.0	2026-08-16 15:05:04
9512	runner-smoke-test	2026-08-15 00:00:00	1_3_1_3_1_1_4	金融市场部_债权投资_国债_司库_10Y	0.0	0.0	0.0	2026-08-16 15:05:04
9513	runner-smoke-test	2026-08-15 00:00:00	1_3_1_3_1_2	金融市场部_债权投资_国债_非司库	0.0	0.0	0.0	2026-08-16 15:05:04
9514	runner-smoke-test	2026-08-15 00:00:00	1_3_1_3_1_2_1	金融市场部_债权投资_国债_非司库_1Y	0.0	0.0	0.0	2026-08-16 15:05:04
9515	runner-smoke-test	2026-08-15 00:00:00	1_3_1_3_1_2_2	金融市场部_债权投资_国债_非司库_3Y	0.0	0.0	0.0	2026-08-16 15:05:04
9516	runner-smoke-test	2026-08-15 00:00:00	1_3_1_3_1_2_3	金融市场部_债权投资_国债_非司库_5Y	0.0	0.0	0.0	2026-08-16 15:05:04
9517	runner-smoke-test	2026-08-15 00:00:00	1_3_1_3_1_2_4	金融市场部_债权投资_国债_非司库_10Y	0.0	0.0	0.0	2026-08-16 15:05:04
9518	runner-smoke-test	2026-08-15 00:00:00	1_3_1_3_2	金融市场部_债权投资_央票	0.0	0.0	0.0	2026-08-16 15:05:04
9519	runner-smoke-test	2026-08-15 00:00:00	1_3_1_3_2_1	金融市场部_债权投资_央票_司库	0.0	0.0	0.0	2026-08-16 15:05:04
9520	runner-smoke-test	2026-08-15 00:00:00	1_3_1_3_2_1_1	金融市场部_债权投资_央票_司库_1Y	0.0	0.0	0.0	2026-08-16 15:05:04
9521	runner-smoke-test	2026-08-15 00:00:00	1_3_1_3_2_1_2	金融市场部_债权投资_央票_司库_3Y	0.0	0.0	0.0	2026-08-16 15:05:04
9522	runner-smoke-test	2026-08-15 00:00:00	1_3_1_3_2_1_3	金融市场部_债权投资_央票_司库_5Y	0.0	0.0	0.0	2026-08-16 15:05:04
9523	runner-smoke-test	2026-08-15 00:00:00	1_3_1_3_2_1_4	金融市场部_债权投资_央票_司库_10Y	0.0	0.0	0.0	2026-08-16 15:05:04
9524	runner-smoke-test	2026-08-15 00:00:00	1_3_1_3_2_2	金融市场部_债权投资_央票_非司库	0.0	0.0	0.0	2026-08-16 15:05:04
9525	runner-smoke-test	2026-08-15 00:00:00	1_3_1_3_2_2_1	金融市场部_债权投资_央票_非司库_1Y	0.0	0.0	0.0	2026-08-16 15:05:04
9526	runner-smoke-test	2026-08-15 00:00:00	1_3_1_3_2_2_2	金融市场部_债权投资_央票_非司库_3Y	0.0	0.0	0.0	2026-08-16 15:05:04
9527	runner-smoke-test	2026-08-15 00:00:00	1_3_1_3_2_2_3	金融市场部_债权投资_央票_非司库_5Y	0.0	0.0	0.0	2026-08-16 15:05:04
9528	runner-smoke-test	2026-08-15 00:00:00	1_3_1_3_2_2_4	金融市场部_债权投资_央票_非司库_10Y	0.0	0.0	0.0	2026-08-16 15:05:04
9529	runner-smoke-test	2026-08-15 00:00:00	1_3_1_3_3	金融市场部_债权投资_地方政府债	2819483140.46	0.0	7226758.7372	2026-08-16 15:05:04
9530	runner-smoke-test	2026-08-15 00:00:00	1_3_1_3_3_1	金融市场部_债权投资_地方政府债_司库	0.0	0.0	0.0	2026-08-16 15:05:04
9531	runner-smoke-test	2026-08-15 00:00:00	1_3_1_3_3_1_1	金融市场部_债权投资_地方政府债_司库_1Y	0.0	0.0	0.0	2026-08-16 15:05:04
9532	runner-smoke-test	2026-08-15 00:00:00	1_3_1_3_3_1_2	金融市场部_债权投资_地方政府债_司库_3Y	0.0	0.0	0.0	2026-08-16 15:05:04
9533	runner-smoke-test	2026-08-15 00:00:00	1_3_1_3_3_1_3	金融市场部_债权投资_地方政府债_司库_5Y	0.0	0.0	0.0	2026-08-16 15:05:04
9534	runner-smoke-test	2026-08-15 00:00:00	1_3_1_3_3_1_4	金融市场部_债权投资_地方政府债_司库_10Y	0.0	0.0	0.0	2026-08-16 15:05:04
9535	runner-smoke-test	2026-08-15 00:00:00	1_3_1_3_3_2	金融市场部_债权投资_地方政府债_非司库	2819483140.46	0.0	7226758.7372	2026-08-16 15:05:04
9536	runner-smoke-test	2026-08-15 00:00:00	1_3_1_3_3_2_1	金融市场部_债权投资_地方政府债_非司库_1Y	0.0	0.0	0.0	2026-08-16 15:05:04
9537	runner-smoke-test	2026-08-15 00:00:00	1_3_1_3_3_2_2	金融市场部_债权投资_地方政府债_非司库_3Y	30671222.68	0.5	69676.7664	2026-08-16 15:05:04
9538	runner-smoke-test	2026-08-15 00:00:00	1_3_1_3_3_2_3	金融市场部_债权投资_地方政府债_非司库_5Y	0.0	0.0	0.0	2026-08-16 15:05:04
9539	runner-smoke-test	2026-08-15 00:00:00	1_3_1_3_3_2_4	金融市场部_债权投资_地方政府债_非司库_10Y	2788812009.92	45.57	7157082.0693	2026-08-16 15:05:04
9540	runner-smoke-test	2026-08-15 00:00:00	1_3_1_3_4	金融市场部_债权投资_政策性金融债	12727963893.62	0.0	36213190.4543	2026-08-16 15:05:04
9541	runner-smoke-test	2026-08-15 00:00:00	1_3_1_3_4_1	金融市场部_债权投资_政策性金融债_司库	0.0	0.0	0.0	2026-08-16 15:05:04
9542	runner-smoke-test	2026-08-15 00:00:00	1_3_1_3_4_1_1	金融市场部_债权投资_政策性金融债_司库_1Y	0.0	0.0	0.0	2026-08-16 15:05:04
9543	runner-smoke-test	2026-08-15 00:00:00	1_3_1_3_4_1_2	金融市场部_债权投资_政策性金融债_司库_3Y	0.0	0.0	0.0	2026-08-16 15:05:04
9544	runner-smoke-test	2026-08-15 00:00:00	1_3_1_3_4_1_3	金融市场部_债权投资_政策性金融债_司库_5Y	0.0	0.0	0.0	2026-08-16 15:05:04
9545	runner-smoke-test	2026-08-15 00:00:00	1_3_1_3_4_1_4	金融市场部_债权投资_政策性金融债_司库_10Y	0.0	0.0	0.0	2026-08-16 15:05:04
9546	runner-smoke-test	2026-08-15 00:00:00	1_3_1_3_4_2	金融市场部_债权投资_政策性金融债_非司库	12727963893.62	0.0	36213190.4543	2026-08-16 15:05:04
9547	runner-smoke-test	2026-08-15 00:00:00	1_3_1_3_4_2_1	金融市场部_债权投资_政策性金融债_非司库_1Y	0.0	0.0	0.0	2026-08-16 15:05:04
9548	runner-smoke-test	2026-08-15 00:00:00	1_3_1_3_4_2_2	金融市场部_债权投资_政策性金融债_非司库_3Y	0.0	0.0	0.0	2026-08-16 15:05:04
9549	runner-smoke-test	2026-08-15 00:00:00	1_3_1_3_4_2_3	金融市场部_债权投资_政策性金融债_非司库_5Y	174734691.17	2.86	495135.505	2026-08-16 15:05:04
9550	runner-smoke-test	2026-08-15 00:00:00	1_3_1_3_4_2_4	金融市场部_债权投资_政策性金融债_非司库_10Y	12553229618.4	205.12	35718054.7556	2026-08-16 15:05:04
9551	runner-smoke-test	2026-08-15 00:00:00	1_3_1_3_5	金融市场部_债权投资_商业银行债	1394012123.33	0.0	4387113.7604	2026-08-16 15:05:04
9552	runner-smoke-test	2026-08-15 00:00:00	1_3_1_3_5_1	金融市场部_债权投资_商业银行债_司库	0.0	0.0	0.0	2026-08-16 15:05:04
9553	runner-smoke-test	2026-08-15 00:00:00	1_3_1_3_5_1_1	金融市场部_债权投资_商业银行债_司库_1Y	0.0	0.0	0.0	2026-08-16 15:05:04
9554	runner-smoke-test	2026-08-15 00:00:00	1_3_1_3_5_1_2	金融市场部_债权投资_商业银行债_司库_3Y	0.0	0.0	0.0	2026-08-16 15:05:04
9555	runner-smoke-test	2026-08-15 00:00:00	1_3_1_3_5_1_3	金融市场部_债权投资_商业银行债_司库_5Y	0.0	0.0	0.0	2026-08-16 15:05:04
9556	runner-smoke-test	2026-08-15 00:00:00	1_3_1_3_5_1_4	金融市场部_债权投资_商业银行债_司库_10Y	0.0	0.0	0.0	2026-08-16 15:05:04
9557	runner-smoke-test	2026-08-15 00:00:00	1_3_1_3_5_2	金融市场部_债权投资_商业银行债_非司库	1394012123.33	0.0	4387113.7604	2026-08-16 15:05:04
9558	runner-smoke-test	2026-08-15 00:00:00	1_3_1_3_5_2_1	金融市场部_债权投资_商业银行债_非司库_1Y	0.0	0.0	0.0	2026-08-16 15:05:04
9559	runner-smoke-test	2026-08-15 00:00:00	1_3_1_3_5_2_2	金融市场部_债权投资_商业银行债_非司库_3Y	647891842.61	10.59	1979117.0109	2026-08-16 15:05:04
9560	runner-smoke-test	2026-08-15 00:00:00	1_3_1_3_5_2_3	金融市场部_债权投资_商业银行债_非司库_5Y	746120326.27	12.19	2407996.8221	2026-08-16 15:05:04
9561	runner-smoke-test	2026-08-15 00:00:00	1_3_1_3_5_2_4	金融市场部_债权投资_商业银行债_非司库_10Y	0.0	0.0	0.0	2026-08-16 15:05:04
9562	runner-smoke-test	2026-08-15 00:00:00	1_3_1_3_6	金融市场部_债权投资_金融机构债	712089972.64	0.0	2656374.2858	2026-08-16 15:05:04
9563	runner-smoke-test	2026-08-15 00:00:00	1_3_1_3_6_1	金融市场部_债权投资_金融机构债_非司库	712089972.64	0.0	2656374.2858	2026-08-16 15:05:04
9564	runner-smoke-test	2026-08-15 00:00:00	1_3_1_3_6_1_1	金融市场部_债权投资_金融机构债_非司库_1Y	95692497.82	1.56	439732.2701	2026-08-16 15:05:04
9565	runner-smoke-test	2026-08-15 00:00:00	1_3_1_3_6_1_2	金融市场部_债权投资_金融机构债_非司库_3Y	409904616.02	6.7	1533327.0262	2026-08-16 15:05:04
9566	runner-smoke-test	2026-08-15 00:00:00	1_3_1_3_6_1_3	金融市场部_债权投资_金融机构债_非司库_5Y	206492882.08	3.37	683315.0118	2026-08-16 15:05:04
9567	runner-smoke-test	2026-08-15 00:00:00	1_3_1_3_6_1_4	金融市场部_债权投资_金融机构债_非司库_10Y	0.0	0.0	0.0	2026-08-16 15:05:04
9568	runner-smoke-test	2026-08-15 00:00:00	1_3_1_3_7	金融市场部_债权投资_公司债	13582656562.27	89008965.97	68134523.6448	2026-08-16 15:05:04
9569	runner-smoke-test	2026-08-15 00:00:00	1_3_1_3_7_1	金融市场部_债权投资_公司债_非司库	13582656562.27	89008965.97	68134523.6448	2026-08-16 15:05:04
9570	runner-smoke-test	2026-08-15 00:00:00	1_3_1_3_7_1_1	金融市场部_债权投资_公司债_非司库_1Y	695958998.09	89008977.34	2636151.9858	2026-08-16 15:05:04
9571	runner-smoke-test	2026-08-15 00:00:00	1_3_1_3_7_1_2	金融市场部_债权投资_公司债_非司库_3Y	2173023001.8	35.51	10533636.5426	2026-08-16 15:05:04
9572	runner-smoke-test	2026-08-15 00:00:00	1_3_1_3_7_1_3	金融市场部_债权投资_公司债_非司库_5Y	2722682848.32	44.49	9032785.3899	2026-08-16 15:05:04
9573	runner-smoke-test	2026-08-15 00:00:00	1_3_1_3_7_1_4	金融市场部_债权投资_公司债_非司库_10Y	7990992157.93	130.57	46621444.2893	2026-08-16 15:05:04
9574	runner-smoke-test	2026-08-15 00:00:00	1_3_1_3_8	金融市场部_债权投资_同业存单债	0.0	0.0	0.0	2026-08-16 15:05:04
9575	runner-smoke-test	2026-08-15 00:00:00	1_3_1_3_8_1	金融市场部_债权投资_同业存单债_非司库	0.0	0.0	0.0	2026-08-16 15:05:04
9576	runner-smoke-test	2026-08-15 00:00:00	1_3_1_3_8_1_1	金融市场部_债权投资_同业存单债_非司库_1M	0.0	0.0	0.0	2026-08-16 15:05:04
9577	runner-smoke-test	2026-08-15 00:00:00	1_3_1_3_8_1_2	金融市场部_债权投资_同业存单债_非司库_3M	0.0	0.0	0.0	2026-08-16 15:05:04
9578	runner-smoke-test	2026-08-15 00:00:00	1_3_1_3_8_1_3	金融市场部_债权投资_同业存单债_非司库_6M	0.0	0.0	0.0	2026-08-16 15:05:04
9579	runner-smoke-test	2026-08-15 00:00:00	1_3_1_3_8_1_4	金融市场部_债权投资_同业存单债_非司库_1Y	0.0	0.0	0.0	2026-08-16 15:05:04
9580	runner-smoke-test	2026-08-15 00:00:00	1_3_1_3_9	金融市场部_债权投资_其他	156488449.92	0.0	938590.9272	2026-08-16 15:05:04
9581	runner-smoke-test	2026-08-15 00:00:00	1_3_1_3_9_1	金融市场部_债权投资_其他_非司库	156488449.92	0.0	938590.9272	2026-08-16 15:05:04
9582	runner-smoke-test	2026-08-15 00:00:00	1_3_1_3_9_1_1	金融市场部_债权投资_其他_非司库_1Y	156488455.03	2.56	938590.9272	2026-08-16 15:05:04
9583	runner-smoke-test	2026-08-15 00:00:00	1_3_1_3_9_1_2	金融市场部_债权投资_其他_非司库_3Y	0.0	0.0	0.0	2026-08-16 15:05:04
9584	runner-smoke-test	2026-08-15 00:00:00	1_3_1_3_9_1_3	金融市场部_债权投资_其他_非司库_5Y	0.0	0.0	0.0	2026-08-16 15:05:04
9585	runner-smoke-test	2026-08-15 00:00:00	1_3_1_4	金融市场部_其他权益工具投资	0.0	0.0	0.0	2026-08-16 15:05:04
9586	runner-smoke-test	2026-08-15 00:00:00	1_3_1_4_1	金融市场部_其他权益工具投资_司库_5Y	0.0	0.0	0.0	2026-08-16 15:05:04
9587	runner-smoke-test	2026-08-15 00:00:00	1_3_1_4_2	金融市场部_其他权益工具投资_非司库_5Y	0.0	0.0	0.0	2026-08-16 15:05:04
9588	runner-smoke-test	2026-08-15 00:00:00	1_3_2	投资银行部投资	56257815935.59	6039745102.0	269315074.5492	2026-08-16 15:05:04
9589	runner-smoke-test	2026-08-15 00:00:00	1_3_2_1	投资银行部_交易性金融资产	10532109378.66	6039745102.0	18706619.2569	2026-08-16 15:05:04
9590	runner-smoke-test	2026-08-15 00:00:00	1_3_2_1_1	投资银行部_交易性政策性金融债投资	0.0	0.0	0.0	2026-08-16 15:05:04
9591	runner-smoke-test	2026-08-15 00:00:00	1_3_2_1_1_1	投资银行部_交易性政策性金融债投资_交易账户	0.0	0.0	0.0	2026-08-16 15:05:04
9592	runner-smoke-test	2026-08-15 00:00:00	1_3_2_1_1_1_1	投资银行部_交易性政策性金融债投资_交易账户_1Y	0.0	0.0	0.0	2026-08-16 15:05:04
9593	runner-smoke-test	2026-08-15 00:00:00	1_3_2_1_1_1_2	投资银行部_交易性政策性金融债投资_交易账户_3Y	0.0	0.0	0.0	2026-08-16 15:05:04
9594	runner-smoke-test	2026-08-15 00:00:00	1_3_2_1_1_1_3	投资银行部_交易性政策性金融债投资_交易账户_5Y	0.0	0.0	0.0	2026-08-16 15:05:04
9595	runner-smoke-test	2026-08-15 00:00:00	1_3_2_1_1_1_4	投资银行部_交易性政策性金融债投资_交易账户_10Y	0.0	0.0	0.0	2026-08-16 15:05:04
9596	runner-smoke-test	2026-08-15 00:00:00	1_3_2_1_1_2	投资银行部_交易性政策性金融债投资_银行账户	0.0	0.0	0.0	2026-08-16 15:05:04
9597	runner-smoke-test	2026-08-15 00:00:00	1_3_2_1_1_2_1	投资银行部_交易性政策性金融债投资_银行账户_1Y	0.0	0.0	0.0	2026-08-16 15:05:04
9598	runner-smoke-test	2026-08-15 00:00:00	1_3_2_1_1_2_2	投资银行部_交易性政策性金融债投资_银行账户_3Y	0.0	0.0	0.0	2026-08-16 15:05:04
9599	runner-smoke-test	2026-08-15 00:00:00	1_3_2_1_1_2_3	投资银行部_交易性政策性金融债投资_银行账户_5Y	0.0	0.0	0.0	2026-08-16 15:05:04
9600	runner-smoke-test	2026-08-15 00:00:00	1_3_2_1_1_2_4	投资银行部_交易性政策性金融债投资_银行账户_10Y	0.0	0.0	0.0	2026-08-16 15:05:04
9601	runner-smoke-test	2026-08-15 00:00:00	1_3_2_1_10	投资银行部_交易性融资租赁	0.0	0.0	0.0	2026-08-16 15:05:04
9602	runner-smoke-test	2026-08-15 00:00:00	1_3_2_1_10_1	投资银行部_交易性融资租赁_1Y	0.0	0.0	0.0	2026-08-16 15:05:04
9603	runner-smoke-test	2026-08-15 00:00:00	1_3_2_1_10_2	投资银行部_交易性融资租赁_3Y	0.0	0.0	0.0	2026-08-16 15:05:04
9604	runner-smoke-test	2026-08-15 00:00:00	1_3_2_1_10_3	投资银行部_交易性融资租赁_5Y	0.0	0.0	0.0	2026-08-16 15:05:04
9605	runner-smoke-test	2026-08-15 00:00:00	1_3_2_1_11	投资银行部_交易性金融资产_资产证券化产品	0.0	0.0	0.0	2026-08-16 15:05:04
9606	runner-smoke-test	2026-08-15 00:00:00	1_3_2_1_11_1	投资银行部_交易性金融资产_资产证券化产品_1Y	0.0	0.0	0.0	2026-08-16 15:05:04
9607	runner-smoke-test	2026-08-15 00:00:00	1_3_2_1_11_2	投资银行部_交易性金融资产_资产证券化产品_3Y	0.0	0.0	0.0	2026-08-16 15:05:04
9608	runner-smoke-test	2026-08-15 00:00:00	1_3_2_1_11_3	投资银行部_交易性金融资产_资产证券化产品_5Y	0.0	0.0	0.0	2026-08-16 15:05:04
9609	runner-smoke-test	2026-08-15 00:00:00	1_3_2_1_12	投资银行部_交易性其他资产	5778494116.07	3844339904.01	-5522119.3276	2026-08-16 15:05:04
9610	runner-smoke-test	2026-08-15 00:00:00	1_3_2_1_12_1	投资银行部_交易性其他资产_1Y	5075185351.48	3844339986.94	-5600184.0607	2026-08-16 15:05:04
9611	runner-smoke-test	2026-08-15 00:00:00	1_3_2_1_12_2	投资银行部_交易性其他资产_3Y	403188943.63	6.59	0.0	2026-08-16 15:05:04
9612	runner-smoke-test	2026-08-15 00:00:00	1_3_2_1_12_3	投资银行部_交易性其他资产_5Y	300120009.81	4.9	121666.6674	2026-08-16 15:05:04
9613	runner-smoke-test	2026-08-15 00:00:00	1_3_2_1_2	投资银行部_交易性商业银行债投资	0.0	0.0	0.0	2026-08-16 15:05:04
9614	runner-smoke-test	2026-08-15 00:00:00	1_3_2_1_2_1	投资银行部_交易性商业银行债投资_交易账户	0.0	0.0	0.0	2026-08-16 15:05:04
9615	runner-smoke-test	2026-08-15 00:00:00	1_3_2_1_2_1_1	投资银行部_交易性商业银行债投资_交易账户_1Y	0.0	0.0	0.0	2026-08-16 15:05:04
9616	runner-smoke-test	2026-08-15 00:00:00	1_3_2_1_2_1_2	投资银行部_交易性商业银行债投资_交易账户_3Y	0.0	0.0	0.0	2026-08-16 15:05:04
9617	runner-smoke-test	2026-08-15 00:00:00	1_3_2_1_2_1_3	投资银行部_交易性商业银行债投资_交易账户_5Y	0.0	0.0	0.0	2026-08-16 15:05:04
9618	runner-smoke-test	2026-08-15 00:00:00	1_3_2_1_2_1_4	投资银行部_交易性商业银行债投资_交易账户_10Y	0.0	0.0	0.0	2026-08-16 15:05:04
9619	runner-smoke-test	2026-08-15 00:00:00	1_3_2_1_2_2	投资银行部_交易性商业银行债投资_银行账户	0.0	0.0	0.0	2026-08-16 15:05:04
9620	runner-smoke-test	2026-08-15 00:00:00	1_3_2_1_2_2_1	投资银行部_交易性商业银行债投资_银行账户_1Y	0.0	0.0	0.0	2026-08-16 15:05:04
9621	runner-smoke-test	2026-08-15 00:00:00	1_3_2_1_2_2_2	投资银行部_交易性商业银行债投资_银行账户_3Y	0.0	0.0	0.0	2026-08-16 15:05:04
9622	runner-smoke-test	2026-08-15 00:00:00	1_3_2_1_2_2_3	投资银行部_交易性商业银行债投资_银行账户_5Y	0.0	0.0	0.0	2026-08-16 15:05:04
9623	runner-smoke-test	2026-08-15 00:00:00	1_3_2_1_2_2_4	投资银行部_交易性商业银行债投资_银行账户_10Y	0.0	0.0	0.0	2026-08-16 15:05:04
9624	runner-smoke-test	2026-08-15 00:00:00	1_3_2_1_3	投资银行部_交易性金融机构债投资	4303377.4	4168502.21	0.0	2026-08-16 15:05:04
9625	runner-smoke-test	2026-08-15 00:00:00	1_3_2_1_3_1	投资银行部_交易性金融机构债投资_交易账户	4303377.4	4168502.21	0.0	2026-08-16 15:05:04
9626	runner-smoke-test	2026-08-15 00:00:00	1_3_2_1_3_1_1	投资银行部_交易性金融机构债投资_交易账户_1Y	4303377.54	4168502.28	0.0	2026-08-16 15:05:04
9627	runner-smoke-test	2026-08-15 00:00:00	1_3_2_1_3_1_2	投资银行部_交易性金融机构债投资_交易账户_3Y	0.0	0.0	0.0	2026-08-16 15:05:04
9628	runner-smoke-test	2026-08-15 00:00:00	1_3_2_1_3_1_3	投资银行部_交易性金融机构债投资_交易账户_5Y	0.0	0.0	0.0	2026-08-16 15:05:04
9629	runner-smoke-test	2026-08-15 00:00:00	1_3_2_1_3_1_4	投资银行部_交易性金融机构债投资_交易账户_10Y	0.0	0.0	0.0	2026-08-16 15:05:04
9630	runner-smoke-test	2026-08-15 00:00:00	1_3_2_1_3_2	投资银行部_交易性金融机构债投资_银行账户	0.0	0.0	0.0	2026-08-16 15:05:04
9631	runner-smoke-test	2026-08-15 00:00:00	1_3_2_1_3_2_1	投资银行部_交易性金融机构债投资_银行账户_1Y	0.0	0.0	0.0	2026-08-16 15:05:04
9632	runner-smoke-test	2026-08-15 00:00:00	1_3_2_1_3_2_2	投资银行部_交易性金融机构债投资_银行账户_3Y	0.0	0.0	0.0	2026-08-16 15:05:04
9633	runner-smoke-test	2026-08-15 00:00:00	1_3_2_1_3_2_3	投资银行部_交易性金融机构债投资_银行账户_5Y	0.0	0.0	0.0	2026-08-16 15:05:04
9634	runner-smoke-test	2026-08-15 00:00:00	1_3_2_1_3_2_4	投资银行部_交易性金融机构债投资_银行账户_10Y	0.0	0.0	0.0	2026-08-16 15:05:04
9635	runner-smoke-test	2026-08-15 00:00:00	1_3_2_1_4	投资银行部_交易性公司债投资	2263808260.51	2191236695.78	12396333.4602	2026-08-16 15:05:04
9636	runner-smoke-test	2026-08-15 00:00:00	1_3_2_1_4_1	投资银行部_交易性公司债投资_交易账户	2263808260.51	2191236695.78	12396333.4602	2026-08-16 15:05:04
9637	runner-smoke-test	2026-08-15 00:00:00	1_3_2_1_4_1_1	投资银行部_交易性公司债投资_交易账户_1Y	727863211.8	703796501.7	4206750.0051	2026-08-16 15:05:04
9638	runner-smoke-test	2026-08-15 00:00:00	1_3_2_1_4_1_2	投资银行部_交易性公司债投资_交易账户_3Y	1535945122.69	1487440231.07	8189583.4351	2026-08-16 15:05:04
9639	runner-smoke-test	2026-08-15 00:00:00	1_3_2_1_4_1_3	投资银行部_交易性公司债投资_交易账户_5Y	0.0	0.0	0.0	2026-08-16 15:05:04
9640	runner-smoke-test	2026-08-15 00:00:00	1_3_2_1_4_1_4	投资银行部_交易性公司债投资_交易账户_10Y	0.0	0.0	0.0	2026-08-16 15:05:04
9641	runner-smoke-test	2026-08-15 00:00:00	1_3_2_1_4_2	投资银行部_交易性公司债投资_银行账户	0.0	0.0	0.0	2026-08-16 15:05:04
9642	runner-smoke-test	2026-08-15 00:00:00	1_3_2_1_4_2_1	投资银行部_交易性公司债投资_银行账户_1Y	0.0	0.0	0.0	2026-08-16 15:05:04
9643	runner-smoke-test	2026-08-15 00:00:00	1_3_2_1_4_2_2	投资银行部_交易性公司债投资_银行账户_3Y	0.0	0.0	0.0	2026-08-16 15:05:04
9644	runner-smoke-test	2026-08-15 00:00:00	1_3_2_1_4_2_3	投资银行部_交易性公司债投资_银行账户_5Y	0.0	0.0	0.0	2026-08-16 15:05:04
9645	runner-smoke-test	2026-08-15 00:00:00	1_3_2_1_4_2_4	投资银行部_交易性公司债投资_银行账户_10Y	0.0	0.0	0.0	2026-08-16 15:05:04
9646	runner-smoke-test	2026-08-15 00:00:00	1_3_2_1_5	投资银行部_交易性信托	510000000.0	0.0	3581900.4677	2026-08-16 15:05:04
9647	runner-smoke-test	2026-08-15 00:00:00	1_3_2_1_5_1	投资银行部_交易性信托_1Y	0.0	0.0	0.0	2026-08-16 15:05:04
9648	runner-smoke-test	2026-08-15 00:00:00	1_3_2_1_5_2	投资银行部_交易性信托_3Y	510000016.67	8.33	3581900.4677	2026-08-16 15:05:04
9649	runner-smoke-test	2026-08-15 00:00:00	1_3_2_1_5_3	投资银行部_交易性信托_5Y	0.0	0.0	0.0	2026-08-16 15:05:04
9650	runner-smoke-test	2026-08-15 00:00:00	1_3_2_1_6	投资银行部_交易性资管计划	1775109005.18	0.0	8231931.0685	2026-08-16 15:05:04
9651	runner-smoke-test	2026-08-15 00:00:00	1_3_2_1_6_1	投资银行部_交易性资管计划_1Y	559040555.14	9.13	1744803.8589	2026-08-16 15:05:04
9652	runner-smoke-test	2026-08-15 00:00:00	1_3_2_1_6_2	投资银行部_交易性资管计划_3Y	519624798.37	8.49	3280432.0424	2026-08-16 15:05:04
9653	runner-smoke-test	2026-08-15 00:00:00	1_3_2_1_6_3	投资银行部_交易性资管计划_5Y	696443709.68	11.38	3327500.0123	2026-08-16 15:05:04
9654	runner-smoke-test	2026-08-15 00:00:00	1_3_2_1_7	投资银行部_交易性债权融资计划	0.0	0.0	0.0	2026-08-16 15:05:04
9655	runner-smoke-test	2026-08-15 00:00:00	1_3_2_1_7_1	投资银行部_交易性债权融资计划_1Y	0.0	0.0	0.0	2026-08-16 15:05:04
9656	runner-smoke-test	2026-08-15 00:00:00	1_3_2_1_7_2	投资银行部_交易性债权融资计划_3Y	0.0	0.0	0.0	2026-08-16 15:05:04
9657	runner-smoke-test	2026-08-15 00:00:00	1_3_2_1_7_3	投资银行部_交易性债权融资计划_5Y	0.0	0.0	0.0	2026-08-16 15:05:04
9658	runner-smoke-test	2026-08-15 00:00:00	1_3_2_1_8	投资银行部_交易性私募基金	200394619.5	0.0	1144004.5893	2026-08-16 15:05:04
9659	runner-smoke-test	2026-08-15 00:00:00	1_3_2_1_8_1	投资银行部_交易性私募基金_1Y	0.0	0.0	0.0	2026-08-16 15:05:04
9660	runner-smoke-test	2026-08-15 00:00:00	1_3_2_1_8_2	投资银行部_交易性私募基金_3Y	0.0	0.0	0.0	2026-08-16 15:05:04
9661	runner-smoke-test	2026-08-15 00:00:00	1_3_2_1_8_3	投资银行部_交易性私募基金_5Y	200394626.05	3.27	1144004.5893	2026-08-16 15:05:04
9662	runner-smoke-test	2026-08-15 00:00:00	1_3_2_1_9	投资银行部_交易性公募基金	0.0	0.0	0.0	2026-08-16 15:05:04
9663	runner-smoke-test	2026-08-15 00:00:00	1_3_2_1_9_1	投资银行部_交易性公募基金_3Y	0.0	0.0	0.0	2026-08-16 15:05:04
9664	runner-smoke-test	2026-08-15 00:00:00	1_3_2_2	投资银行部_其他债权投资	0.0	0.0	0.0	2026-08-16 15:05:04
9665	runner-smoke-test	2026-08-15 00:00:00	1_3_2_2_1	投资银行部_其他债权投资_商业银行债	0.0	0.0	0.0	2026-08-16 15:05:04
9666	runner-smoke-test	2026-08-15 00:00:00	1_3_2_2_1_1	投资银行部_其他债权投资_商业银行债_1Y	0.0	0.0	0.0	2026-08-16 15:05:04
9667	runner-smoke-test	2026-08-15 00:00:00	1_3_2_2_1_2	投资银行部_其他债权投资_商业银行债_3Y	0.0	0.0	0.0	2026-08-16 15:05:04
9668	runner-smoke-test	2026-08-15 00:00:00	1_3_2_2_1_3	投资银行部_其他债权投资_商业银行债_5Y	0.0	0.0	0.0	2026-08-16 15:05:04
9669	runner-smoke-test	2026-08-15 00:00:00	1_3_2_2_1_4	投资银行部_其他债权投资_商业银行债_10Y	0.0	0.0	0.0	2026-08-16 15:05:04
9670	runner-smoke-test	2026-08-15 00:00:00	1_3_2_2_10	投资银行部_其他债权投资_其他	0.0	0.0	0.0	2026-08-16 15:05:04
9671	runner-smoke-test	2026-08-15 00:00:00	1_3_2_2_10_1	投资银行部_其他债权投资_其他_1Y	0.0	0.0	0.0	2026-08-16 15:05:04
9672	runner-smoke-test	2026-08-15 00:00:00	1_3_2_2_10_2	投资银行部_其他债权投资_其他_3Y	0.0	0.0	0.0	2026-08-16 15:05:04
9673	runner-smoke-test	2026-08-15 00:00:00	1_3_2_2_10_3	投资银行部_其他债权投资_其他_5Y	0.0	0.0	0.0	2026-08-16 15:05:04
9674	runner-smoke-test	2026-08-15 00:00:00	1_3_2_2_2	投资银行部_其他债权投资_金融机构债	0.0	0.0	0.0	2026-08-16 15:05:04
9675	runner-smoke-test	2026-08-15 00:00:00	1_3_2_2_2_1	投资银行部_其他债权投资_金融机构债_1Y	0.0	0.0	0.0	2026-08-16 15:05:04
9676	runner-smoke-test	2026-08-15 00:00:00	1_3_2_2_2_2	投资银行部_其他债权投资_金融机构债_3Y	0.0	0.0	0.0	2026-08-16 15:05:04
9677	runner-smoke-test	2026-08-15 00:00:00	1_3_2_2_2_3	投资银行部_其他债权投资_金融机构债_5Y	0.0	0.0	0.0	2026-08-16 15:05:04
9678	runner-smoke-test	2026-08-15 00:00:00	1_3_2_2_2_4	投资银行部_其他债权投资_金融机构债_10Y	0.0	0.0	0.0	2026-08-16 15:05:04
9679	runner-smoke-test	2026-08-15 00:00:00	1_3_2_2_3	投资银行部_其他债权投资_公司债	0.0	0.0	0.0	2026-08-16 15:05:04
9680	runner-smoke-test	2026-08-15 00:00:00	1_3_2_2_3_1	投资银行部_其他债权投资_公司债_1Y	0.0	0.0	0.0	2026-08-16 15:05:04
9681	runner-smoke-test	2026-08-15 00:00:00	1_3_2_2_3_2	投资银行部_其他债权投资_公司债_3Y	0.0	0.0	0.0	2026-08-16 15:05:04
9682	runner-smoke-test	2026-08-15 00:00:00	1_3_2_2_3_3	投资银行部_其他债权投资_公司债_5Y	0.0	0.0	0.0	2026-08-16 15:05:04
9683	runner-smoke-test	2026-08-15 00:00:00	1_3_2_2_3_4	投资银行部_其他债权投资_公司债_10Y	0.0	0.0	0.0	2026-08-16 15:05:04
9684	runner-smoke-test	2026-08-15 00:00:00	1_3_2_2_4	投资银行部_其他债权投资_信托	0.0	0.0	0.0	2026-08-16 15:05:04
9685	runner-smoke-test	2026-08-15 00:00:00	1_3_2_2_4_1	投资银行部_其他债权投资_信托_1Y	0.0	0.0	0.0	2026-08-16 15:05:04
9686	runner-smoke-test	2026-08-15 00:00:00	1_3_2_2_4_2	投资银行部_其他债权投资_信托_3Y	0.0	0.0	0.0	2026-08-16 15:05:04
9687	runner-smoke-test	2026-08-15 00:00:00	1_3_2_2_4_3	投资银行部_其他债权投资_信托_5Y	0.0	0.0	0.0	2026-08-16 15:05:04
9688	runner-smoke-test	2026-08-15 00:00:00	1_3_2_2_5	投资银行部_其他债权投资_资管计划	0.0	0.0	0.0	2026-08-16 15:05:04
9689	runner-smoke-test	2026-08-15 00:00:00	1_3_2_2_5_1	投资银行部_其他债权投资_资管计划_1Y	0.0	0.0	0.0	2026-08-16 15:05:04
9690	runner-smoke-test	2026-08-15 00:00:00	1_3_2_2_5_2	投资银行部_其他债权投资_资管计划_3Y	0.0	0.0	0.0	2026-08-16 15:05:04
9691	runner-smoke-test	2026-08-15 00:00:00	1_3_2_2_5_3	投资银行部_其他债权投资_资管计划_5Y	0.0	0.0	0.0	2026-08-16 15:05:04
9692	runner-smoke-test	2026-08-15 00:00:00	1_3_2_2_6	投资银行部_其他债权投资_债权融资计划	0.0	0.0	0.0	2026-08-16 15:05:04
9693	runner-smoke-test	2026-08-15 00:00:00	1_3_2_2_6_1	投资银行部_其他债权投资_债权融资计划_1Y	0.0	0.0	0.0	2026-08-16 15:05:04
9694	runner-smoke-test	2026-08-15 00:00:00	1_3_2_2_6_2	投资银行部_其他债权投资_债权融资计划_3Y	0.0	0.0	0.0	2026-08-16 15:05:04
9695	runner-smoke-test	2026-08-15 00:00:00	1_3_2_2_6_3	投资银行部_其他债权投资_债权融资计划_5Y	0.0	0.0	0.0	2026-08-16 15:05:04
9696	runner-smoke-test	2026-08-15 00:00:00	1_3_2_2_7	投资银行部_其他债权投资_私募基金	0.0	0.0	0.0	2026-08-16 15:05:04
9697	runner-smoke-test	2026-08-15 00:00:00	1_3_2_2_7_1	投资银行部_其他债权投资_私募基金_1Y	0.0	0.0	0.0	2026-08-16 15:05:04
9698	runner-smoke-test	2026-08-15 00:00:00	1_3_2_2_7_2	投资银行部_其他债权投资_私募基金_3Y	0.0	0.0	0.0	2026-08-16 15:05:04
9699	runner-smoke-test	2026-08-15 00:00:00	1_3_2_2_7_3	投资银行部_其他债权投资_私募基金_5Y	0.0	0.0	0.0	2026-08-16 15:05:04
9700	runner-smoke-test	2026-08-15 00:00:00	1_3_2_2_8	投资银行部_其他债权投资_公募基金	0.0	0.0	0.0	2026-08-16 15:05:04
9701	runner-smoke-test	2026-08-15 00:00:00	1_3_2_2_8_1	投资银行部_其他债权投资_公募基金_3Y	0.0	0.0	0.0	2026-08-16 15:05:04
9702	runner-smoke-test	2026-08-15 00:00:00	1_3_2_2_9	投资银行部_其他债权投资_融资租赁	0.0	0.0	0.0	2026-08-16 15:05:04
9703	runner-smoke-test	2026-08-15 00:00:00	1_3_2_2_9_1	投资银行部_其他债权投资_融资租赁_1Y	0.0	0.0	0.0	2026-08-16 15:05:04
9704	runner-smoke-test	2026-08-15 00:00:00	1_3_2_2_9_2	投资银行部_其他债权投资_融资租赁_3Y	0.0	0.0	0.0	2026-08-16 15:05:04
9705	runner-smoke-test	2026-08-15 00:00:00	1_3_2_2_9_3	投资银行部_其他债权投资_融资租赁_5Y	0.0	0.0	0.0	2026-08-16 15:05:04
9706	runner-smoke-test	2026-08-15 00:00:00	1_3_2_3	投资银行部_债权投资	45715426189.02	0.0	252709813.3857	2026-08-16 15:05:04
9707	runner-smoke-test	2026-08-15 00:00:00	1_3_2_3_1	投资银行部_债权投资_商业银行债	0.0	0.0	0.0	2026-08-16 15:05:04
9708	runner-smoke-test	2026-08-15 00:00:00	1_3_2_3_1_1	投资银行部_债权投资_商业银行债_1Y	0.0	0.0	0.0	2026-08-16 15:05:04
9709	runner-smoke-test	2026-08-15 00:00:00	1_3_2_3_1_2	投资银行部_债权投资_商业银行债_3Y	0.0	0.0	0.0	2026-08-16 15:05:04
9710	runner-smoke-test	2026-08-15 00:00:00	1_3_2_3_1_3	投资银行部_债权投资_商业银行债_5Y	0.0	0.0	0.0	2026-08-16 15:05:04
9711	runner-smoke-test	2026-08-15 00:00:00	1_3_2_3_1_4	投资银行部_债权投资_商业银行债_10Y	0.0	0.0	0.0	2026-08-16 15:05:04
9712	runner-smoke-test	2026-08-15 00:00:00	1_3_2_3_10	投资银行部_债权投资_其他	2425222399.91	0.0	13791628.4791	2026-08-16 15:05:04
9713	runner-smoke-test	2026-08-15 00:00:00	1_3_2_3_10_1	投资银行部_债权投资_其他_1Y	0.0	0.0	0.0	2026-08-16 15:05:04
9714	runner-smoke-test	2026-08-15 00:00:00	1_3_2_3_10_2	投资银行部_债权投资_其他_3Y	1625189420.13	26.56	9123568.5054	2026-08-16 15:05:04
9715	runner-smoke-test	2026-08-15 00:00:00	1_3_2_3_10_3	投资银行部_债权投资_其他_5Y	800033059.03	13.07	4475790.7922	2026-08-16 15:05:04
9716	runner-smoke-test	2026-08-15 00:00:00	1_3_2_3_2	投资银行部_债权投资_金融机构债	0.0	0.0	0.0	2026-08-16 15:05:04
9717	runner-smoke-test	2026-08-15 00:00:00	1_3_2_3_2_1	投资银行部_债权投资_金融机构债_1Y	0.0	0.0	0.0	2026-08-16 15:05:04
9718	runner-smoke-test	2026-08-15 00:00:00	1_3_2_3_2_2	投资银行部_债权投资_金融机构债_3Y	0.0	0.0	0.0	2026-08-16 15:05:04
9719	runner-smoke-test	2026-08-15 00:00:00	1_3_2_3_2_3	投资银行部_债权投资_金融机构债_5Y	0.0	0.0	0.0	2026-08-16 15:05:04
9720	runner-smoke-test	2026-08-15 00:00:00	1_3_2_3_2_4	投资银行部_债权投资_金融机构债_10Y	0.0	0.0	0.0	2026-08-16 15:05:04
9721	runner-smoke-test	2026-08-15 00:00:00	1_3_2_3_3	投资银行部_债权投资_公司债	10410689899.56	0.0	58781509.6386	2026-08-16 15:05:04
9722	runner-smoke-test	2026-08-15 00:00:00	1_3_2_3_3_1	投资银行部_债权投资_公司债_1Y	1046929554.96	17.11	2833204.3663	2026-08-16 15:05:04
9723	runner-smoke-test	2026-08-15 00:00:00	1_3_2_3_3_2	投资银行部_债权投资_公司债_3Y	6384721582.4	104.33	38047377.5598	2026-08-16 15:05:04
9724	runner-smoke-test	2026-08-15 00:00:00	1_3_2_3_3_3	投资银行部_债权投资_公司债_5Y	2979039102.41	48.68	17900927.8898	2026-08-16 15:05:04
9725	runner-smoke-test	2026-08-15 00:00:00	1_3_2_3_3_4	投资银行部_债权投资_公司债_10Y	0.0	0.0	0.0	2026-08-16 15:05:04
9726	runner-smoke-test	2026-08-15 00:00:00	1_3_2_3_4	投资银行部_债权投资_信托	4143516867.07	0.0	25298789.8186	2026-08-16 15:05:04
9727	runner-smoke-test	2026-08-15 00:00:00	1_3_2_3_4_1	投资银行部_债权投资_信托_1Y	632150361.44	10.33	4527659.8732	2026-08-16 15:05:04
9728	runner-smoke-test	2026-08-15 00:00:00	1_3_2_3_4_2	投资银行部_债权投资_信托_3Y	2672249720.63	43.66	16366360.4275	2026-08-16 15:05:04
9729	runner-smoke-test	2026-08-15 00:00:00	1_3_2_3_4_3	投资银行部_债权投资_信托_5Y	839116920.41	13.71	4404769.3313	2026-08-16 15:05:04
9730	runner-smoke-test	2026-08-15 00:00:00	1_3_2_3_5	投资银行部_债权投资_资管计划	10971174703.68	0.0	53235508.9167	2026-08-16 15:05:04
9731	runner-smoke-test	2026-08-15 00:00:00	1_3_2_3_5_1	投资银行部_债权投资_资管计划_1Y	0.0	0.0	0.0	2026-08-16 15:05:04
9732	runner-smoke-test	2026-08-15 00:00:00	1_3_2_3_5_2	投资银行部_债权投资_资管计划_3Y	3276024298.73	53.53	16710577.9421	2026-08-16 15:05:04
9733	runner-smoke-test	2026-08-15 00:00:00	1_3_2_3_5_3	投资银行部_债权投资_资管计划_5Y	7695150763.49	125.74	36524930.8692	2026-08-16 15:05:04
9734	runner-smoke-test	2026-08-15 00:00:00	1_3_2_3_6	投资银行部_债权投资_债权融资计划	11393448380.51	0.0	67435185.8933	2026-08-16 15:05:04
9735	runner-smoke-test	2026-08-15 00:00:00	1_3_2_3_6_1	投资银行部_债权投资_债权融资计划_1Y	2459928095.36	40.19	15045917.3875	2026-08-16 15:05:04
9736	runner-smoke-test	2026-08-15 00:00:00	1_3_2_3_6_2	投资银行部_债权投资_债权融资计划_3Y	6213167883.09	101.52	36486705.044	2026-08-16 15:05:04
9737	runner-smoke-test	2026-08-15 00:00:00	1_3_2_3_6_3	投资银行部_债权投资_债权融资计划_5Y	2720352774.4	44.45	15902563.6628	2026-08-16 15:05:04
9738	runner-smoke-test	2026-08-15 00:00:00	1_3_2_3_7	投资银行部_债权投资_私募基金	5470337682.35	0.0	28784399.3597	2026-08-16 15:05:04
9739	runner-smoke-test	2026-08-15 00:00:00	1_3_2_3_7_1	投资银行部_债权投资_私募基金_1Y	0.0	0.0	0.0	2026-08-16 15:05:04
9740	runner-smoke-test	2026-08-15 00:00:00	1_3_2_3_7_2	投资银行部_债权投资_私募基金_3Y	802415033.88	13.11	4544852.7849	2026-08-16 15:05:04
9741	runner-smoke-test	2026-08-15 00:00:00	1_3_2_3_7_3	投资银行部_债权投资_私募基金_5Y	4667922827.24	76.27	24239546.6592	2026-08-16 15:05:04
9742	runner-smoke-test	2026-08-15 00:00:00	1_3_2_3_8	投资银行部_债权投资_公募基金	0.0	0.0	0.0	2026-08-16 15:05:04
9743	runner-smoke-test	2026-08-15 00:00:00	1_3_2_3_8_1	投资银行部_债权投资_公募基金_3Y	0.0	0.0	0.0	2026-08-16 15:05:04
9744	runner-smoke-test	2026-08-15 00:00:00	1_3_2_3_9	投资银行部_债权投资_融资租赁	901036255.94	0.0	5374872.4292	2026-08-16 15:05:04
9745	runner-smoke-test	2026-08-15 00:00:00	1_3_2_3_9_1	投资银行部_债权投资_融资租赁_1Y	0.0	0.0	0.0	2026-08-16 15:05:04
9746	runner-smoke-test	2026-08-15 00:00:00	1_3_2_3_9_2	投资银行部_债权投资_融资租赁_3Y	0.0	0.0	0.0	2026-08-16 15:05:04
9747	runner-smoke-test	2026-08-15 00:00:00	1_3_2_3_9_3	投资银行部_债权投资_融资租赁_5Y	901036285.39	14.72	5374872.4292	2026-08-16 15:05:04
9748	runner-smoke-test	2026-08-15 00:00:00	1_3_2_4	投资银行部_其他权益工具投资	10280367.91	0.0	248689.7286	2026-08-16 15:05:04
9749	runner-smoke-test	2026-08-15 00:00:00	1_3_2_4_1	投资银行部_其他权益工具投资_5Y	10280368.25	0.17	248689.7286	2026-08-16 15:05:04
9750	runner-smoke-test	2026-08-15 00:00:00	1_4	发放贷款	187681479451.64	7107588432.93	819226932.29	2026-08-16 15:05:04
9751	runner-smoke-test	2026-08-15 00:00:00	1_4_1	个金条线贷款	59481229195.35	2202186858.59	261780888.6301	2026-08-16 15:05:04
9752	runner-smoke-test	2026-08-15 00:00:00	1_4_1_1	个金条线_个人经营贷款	1089633180.64	23984025.88	11242082.7283	2026-08-16 15:05:04
9753	runner-smoke-test	2026-08-15 00:00:00	1_4_1_1_1	个金条线_个人经营贷款_3M	2146697.51	0.02	0.0	2026-08-16 15:05:04
9754	runner-smoke-test	2026-08-15 00:00:00	1_4_1_1_2	个金条线_个人经营贷款_6M	0.0	0.0	0.0	2026-08-16 15:05:04
9755	runner-smoke-test	2026-08-15 00:00:00	1_4_1_1_3	个金条线_个人经营贷款_1Y	147037132.89	19164840.12	1190540.1708	2026-08-16 15:05:04
9756	runner-smoke-test	2026-08-15 00:00:00	1_4_1_1_4	个金条线_个人经营贷款_2Y	29630444.7	0.28	1810929.3287	2026-08-16 15:05:04
9757	runner-smoke-test	2026-08-15 00:00:00	1_4_1_1_5	个金条线_个人经营贷款_3Y	910818926.44	4819195.91	8238681.0432	2026-08-16 15:05:04
9758	runner-smoke-test	2026-08-15 00:00:00	1_4_1_2	个金条线_个人消费贷款	6830796167.57	121226448.48	32227125.7093	2026-08-16 15:05:04
9759	runner-smoke-test	2026-08-15 00:00:00	1_4_1_2_1	个金条线_便民贷	523352523.8	7694844.31	3397519.0373	2026-08-16 15:05:04
9760	runner-smoke-test	2026-08-15 00:00:00	1_4_1_2_1_1	个金条线_便民贷_3M	7018460.09	1642705.74	53530.9386	2026-08-16 15:05:04
9761	runner-smoke-test	2026-08-15 00:00:00	1_4_1_2_1_2	个金条线_便民贷_6M	9954814.82	1320309.7	45709.1733	2026-08-16 15:05:04
9762	runner-smoke-test	2026-08-15 00:00:00	1_4_1_2_1_3	个金条线_便民贷_1Y	123046974.22	4538091.49	842687.6243	2026-08-16 15:05:04
9763	runner-smoke-test	2026-08-15 00:00:00	1_4_1_2_1_4	个金条线_便民贷_2Y	327352738.18	193741.87	2136322.5671	2026-08-16 15:05:04
9764	runner-smoke-test	2026-08-15 00:00:00	1_4_1_2_1_5	个金条线_便民贷_3Y	55979546.52	0.54	317235.3788	2026-08-16 15:05:04
9765	runner-smoke-test	2026-08-15 00:00:00	1_4_1_2_2	个金条线_公积金秒贷	3201734935.39	109759604.39	13397140.8989	2026-08-16 15:05:04
9766	runner-smoke-test	2026-08-15 00:00:00	1_4_1_2_2_1	个金条线_公积金秒贷_3M	0.0	0.0	0.0	2026-08-16 15:05:04
9767	runner-smoke-test	2026-08-15 00:00:00	1_4_1_2_2_2	个金条线_公积金秒贷_6M	0.0	0.0	0.0	2026-08-16 15:05:04
9768	runner-smoke-test	2026-08-15 00:00:00	1_4_1_2_2_3	个金条线_公积金秒贷_1Y	2866313837.61	109058187.8	11842001.6601	2026-08-16 15:05:04
9769	runner-smoke-test	2026-08-15 00:00:00	1_4_1_2_2_4	个金条线_公积金秒贷_2Y	324118651.64	3.11	1479585.1093	2026-08-16 15:05:04
9770	runner-smoke-test	2026-08-15 00:00:00	1_4_1_2_2_5	个金条线_公积金秒贷_3Y	11302507.56	701444.19	75749.6081	2026-08-16 15:05:04
9771	runner-smoke-test	2026-08-15 00:00:00	1_4_1_2_3	个金条线_其他个人消费贷款	3105708708.38	3771999.77	15464423.1541	2026-08-16 15:05:04
9772	runner-smoke-test	2026-08-15 00:00:00	1_4_1_2_3_1	个金条线_其他个人消费贷款_3M	0.0	0.0	0.0	2026-08-16 15:05:04
9773	runner-smoke-test	2026-08-15 00:00:00	1_4_1_2_3_2	个金条线_其他个人消费贷款_6M	270000.01	0.0	1071.2851	2026-08-16 15:05:04
9774	runner-smoke-test	2026-08-15 00:00:00	1_4_1_2_3_3	个金条线_其他个人消费贷款_1Y	312817064.82	3222333.36	1362467.912	2026-08-16 15:05:04
9775	runner-smoke-test	2026-08-15 00:00:00	1_4_1_2_3_4	个金条线_其他个人消费贷款_2Y	35496665.88	0.34	191195.6249	2026-08-16 15:05:04
9776	runner-smoke-test	2026-08-15 00:00:00	1_4_1_2_3_5	个金条线_其他个人消费贷款_3Y	2757125037.25	549695.86	13911145.0291	2026-08-16 15:05:04
9777	runner-smoke-test	2026-08-15 00:00:00	1_4_1_3	个金条线_个人住房贷款	49251997930.1	167494.35	215514182.6485	2026-08-16 15:05:04
9778	runner-smoke-test	2026-08-15 00:00:00	1_4_1_3_1	个金条线_个人住房贷款_1Y	30000.0	0.0	9.7637	2026-08-16 15:05:04
9779	runner-smoke-test	2026-08-15 00:00:00	1_4_1_3_2	个金条线_个人住房贷款_2Y	0.0	0.0	0.0	2026-08-16 15:05:04
9780	runner-smoke-test	2026-08-15 00:00:00	1_4_1_3_3	个金条线_个人住房贷款_3Y	1108505.9	0.01	5682.4619	2026-08-16 15:05:04
9781	runner-smoke-test	2026-08-15 00:00:00	1_4_1_3_4	个金条线_个人住房贷款_5Y	1678547.96	8849.89	8379.7595	2026-08-16 15:05:04
9782	runner-smoke-test	2026-08-15 00:00:00	1_4_1_3_5	个金条线_个人住房贷款_10Y	49249181820.96	159116.81	215500112.7481	2026-08-16 15:05:04
9783	runner-smoke-test	2026-08-15 00:00:00	1_4_1_4	个金条线_个人贷记卡透支	2308796917.05	2056808889.87	2477342.9044	2026-08-16 15:05:04
9784	runner-smoke-test	2026-08-15 00:00:00	1_4_1_4_1	个金条线_个人贷记卡透支_3M	2300877903.39	2056734886.28	2477342.812	2026-08-16 15:05:04
9785	runner-smoke-test	2026-08-15 00:00:00	1_4_1_4_2	个金条线_个人贷记卡透支_6M	935465.03	15745.17	0.0	2026-08-16 15:05:04
9786	runner-smoke-test	2026-08-15 00:00:00	1_4_1_4_3	个金条线_个人贷记卡透支_1Y	1514996.26	55977.16	0.0	2026-08-16 15:05:04
9787	runner-smoke-test	2026-08-15 00:00:00	1_4_1_4_4	个金条线_个人贷记卡透支_2Y	2318596.59	178.75	0.0	2026-08-16 15:05:04
9788	runner-smoke-test	2026-08-15 00:00:00	1_4_1_4_5	个金条线_个人贷记卡透支_3Y	3150000.06	2124.65	0.0	2026-08-16 15:05:04
9789	runner-smoke-test	2026-08-15 00:00:00	1_4_1_5	个金条线_其他贷款	4999.99	0.0	0.0	2026-08-16 15:05:04
9790	runner-smoke-test	2026-08-15 00:00:00	1_4_1_5_1	个金条线_其他贷款_3M	0.0	0.0	0.0	2026-08-16 15:05:04
9791	runner-smoke-test	2026-08-15 00:00:00	1_4_1_5_2	个金条线_其他贷款_6M	0.0	0.0	0.0	2026-08-16 15:05:04
9792	runner-smoke-test	2026-08-15 00:00:00	1_4_1_5_3	个金条线_其他贷款_1Y	0.0	0.0	0.0	2026-08-16 15:05:04
9793	runner-smoke-test	2026-08-15 00:00:00	1_4_1_5_4	个金条线_其他贷款_2Y	0.0	0.0	0.0	2026-08-16 15:05:04
9794	runner-smoke-test	2026-08-15 00:00:00	1_4_1_5_5	个金条线_其他贷款_3Y	4999.99	0.0	0.0	2026-08-16 15:05:04
9795	runner-smoke-test	2026-08-15 00:00:00	1_4_2	小微条线贷款	13290914456.06	432212949.62	71170954.1724	2026-08-16 15:05:04
9796	runner-smoke-test	2026-08-15 00:00:00	1_4_2_1	小微条线_单位流动资金贷款	7625019773.66	210400722.52	40752188.9952	2026-08-16 15:05:04
9797	runner-smoke-test	2026-08-15 00:00:00	1_4_2_1_1	小微条线_单位流动资金贷款_3M	49000000.94	0.47	27725.414	2026-08-16 15:05:04
9798	runner-smoke-test	2026-08-15 00:00:00	1_4_2_1_2	小微条线_单位流动资金贷款_6M	50311470.97	0.48	-86184.7992	2026-08-16 15:05:04
9799	runner-smoke-test	2026-08-15 00:00:00	1_4_2_1_3	小微条线_单位流动资金贷款_1Y	6305237495.14	202672517.64	32281647.3003	2026-08-16 15:05:04
9800	runner-smoke-test	2026-08-15 00:00:00	1_4_2_1_4	小微条线_单位流动资金贷款_2Y	675070636.36	3612909.7	4516290.3546	2026-08-16 15:05:04
9801	runner-smoke-test	2026-08-15 00:00:00	1_4_2_1_5	小微条线_单位流动资金贷款_3Y	545400316.51	4115367.36	4061954.2959	2026-08-16 15:05:04
9802	runner-smoke-test	2026-08-15 00:00:00	1_4_2_2	小微条线_单位其他固定资产贷款	46623755.22	0.0	209783.7104	2026-08-16 15:05:04
9803	runner-smoke-test	2026-08-15 00:00:00	1_4_2_2_1	小微条线_单位其他固定资产贷款_1Y	3600000.07	0.03	1520.8333	2026-08-16 15:05:04
9804	runner-smoke-test	2026-08-15 00:00:00	1_4_2_2_2	小微条线_单位其他固定资产贷款_3Y	0.0	0.0	0.0	2026-08-16 15:05:04
9805	runner-smoke-test	2026-08-15 00:00:00	1_4_2_2_3	小微条线_单位其他固定资产贷款_5Y	10000000.19	0.1	46131.955	2026-08-16 15:05:04
9806	runner-smoke-test	2026-08-15 00:00:00	1_4_2_2_4	小微条线_单位其他固定资产贷款_10Y	33023755.85	0.32	162130.9211	2026-08-16 15:05:04
9807	runner-smoke-test	2026-08-15 00:00:00	1_4_2_3	小微条线_个人经营贷款	5618766715.57	221812227.1	30125806.0491	2026-08-16 15:05:04
9808	runner-smoke-test	2026-08-15 00:00:00	1_4_2_3_1	小微条线_个人经营贷款_线上	1131626047.95	61643420.06	6353716.7885	2026-08-16 15:05:04
9809	runner-smoke-test	2026-08-15 00:00:00	1_4_2_3_1_1	小微条线_个人经营贷款_线上_3M	4919841.19	990296.72	14266.46	2026-08-16 15:05:04
9810	runner-smoke-test	2026-08-15 00:00:00	1_4_2_3_1_2	小微条线_个人经营贷款_线上_6M	6719720.32	1709677.48	20216.3071	2026-08-16 15:05:04
9811	runner-smoke-test	2026-08-15 00:00:00	1_4_2_3_1_3	小微条线_个人经营贷款_线上_1Y	971425936.86	58943455.29	5464493.3699	2026-08-16 15:05:04
9812	runner-smoke-test	2026-08-15 00:00:00	1_4_2_3_1_4	小微条线_个人经营贷款_线上_2Y	39502113.93	0.38	42436.8717	2026-08-16 15:05:04
9813	runner-smoke-test	2026-08-15 00:00:00	1_4_2_3_1_5	小微条线_个人经营贷款_线上_3Y	109058457.35	1.05	893797.9891	2026-08-16 15:05:04
9814	runner-smoke-test	2026-08-15 00:00:00	1_4_2_3_2	小微条线_个人经营贷款_线下	4487140667.62	160168807.04	23776461.0897	2026-08-16 15:05:04
9815	runner-smoke-test	2026-08-15 00:00:00	1_4_2_3_2_1	小微条线_个人经营贷款_线下_3M	2254244.8	0.02	0.0	2026-08-16 15:05:04
9816	runner-smoke-test	2026-08-15 00:00:00	1_4_2_3_2_2	小微条线_个人经营贷款_线下_6M	4870955.83	0.05	0.0	2026-08-16 15:05:04
9817	runner-smoke-test	2026-08-15 00:00:00	1_4_2_3_2_3	小微条线_个人经营贷款_线下_1Y	2532720622.98	132408082.45	13851350.428	2026-08-16 15:05:04
9818	runner-smoke-test	2026-08-15 00:00:00	1_4_2_3_2_4	小微条线_个人经营贷款_线下_2Y	718440417.53	3961297.21	3519651.4178	2026-08-16 15:05:04
9819	runner-smoke-test	2026-08-15 00:00:00	1_4_2_3_2_5	小微条线_个人经营贷款_线下_3Y	1228854512.54	23799470.35	6291060.4228	2026-08-16 15:05:04
9820	runner-smoke-test	2026-08-15 00:00:00	1_4_2_4	小微条线_个人消费贷款	504211.61	0.0	1852.3616	2026-08-16 15:05:04
9821	runner-smoke-test	2026-08-15 00:00:00	1_4_2_4_1	小微条线_个人消费贷款_3M	0.0	0.0	0.0	2026-08-16 15:05:04
9822	runner-smoke-test	2026-08-15 00:00:00	1_4_2_4_2	小微条线_个人消费贷款_6M	0.0	0.0	0.0	2026-08-16 15:05:04
9823	runner-smoke-test	2026-08-15 00:00:00	1_4_2_4_3	小微条线_个人消费贷款_1Y	0.0	0.0	0.0	2026-08-16 15:05:04
9824	runner-smoke-test	2026-08-15 00:00:00	1_4_2_4_4	小微条线_个人消费贷款_2Y	0.0	0.0	0.0	2026-08-16 15:05:04
9825	runner-smoke-test	2026-08-15 00:00:00	1_4_2_4_5	小微条线_个人消费贷款_3Y	504211.62	0.0	1852.3616	2026-08-16 15:05:04
9826	runner-smoke-test	2026-08-15 00:00:00	1_4_3	对公条线贷款	96772976571.62	2940619203.64	421455259.2088	2026-08-16 15:05:04
9827	runner-smoke-test	2026-08-15 00:00:00	1_4_3_1	对公条线_单位房地产贷款	7959675760.51	152980645.16	44269140.8948	2026-08-16 15:05:04
9828	runner-smoke-test	2026-08-15 00:00:00	1_4_3_1_1	对公条线_单位房地产贷款_1Y	30800000.59	71206451.91	409702.3432	2026-08-16 15:05:04
9829	runner-smoke-test	2026-08-15 00:00:00	1_4_3_1_2	对公条线_单位房地产贷款_3Y	6049185516.29	2419412.86	34613428.2019	2026-08-16 15:05:04
9830	runner-smoke-test	2026-08-15 00:00:00	1_4_3_1_3	对公条线_单位房地产贷款_5Y	1528690389.57	79354853.37	7082584.9783	2026-08-16 15:05:04
9831	runner-smoke-test	2026-08-15 00:00:00	1_4_3_1_4	对公条线_单位房地产贷款_10Y	351000006.73	3.37	2190215.079	2026-08-16 15:05:04
9832	runner-smoke-test	2026-08-15 00:00:00	1_4_3_2	对公条线_单位项目融资贷款	2625647357.1	0.0	13318266.3495	2026-08-16 15:05:04
9833	runner-smoke-test	2026-08-15 00:00:00	1_4_3_2_1	对公条线_单位项目融资贷款_3M	0.0	0.0	0.0	2026-08-16 15:05:04
9834	runner-smoke-test	2026-08-15 00:00:00	1_4_3_2_2	对公条线_单位项目融资贷款_6M	0.0	0.0	0.0	2026-08-16 15:05:04
9835	runner-smoke-test	2026-08-15 00:00:00	1_4_3_2_3	对公条线_单位项目融资贷款_1Y	0.0	0.0	0.0	2026-08-16 15:05:04
9836	runner-smoke-test	2026-08-15 00:00:00	1_4_3_2_4	对公条线_单位项目融资贷款_2Y	0.0	0.0	0.0	2026-08-16 15:05:04
9837	runner-smoke-test	2026-08-15 00:00:00	1_4_3_2_5	对公条线_单位项目融资贷款_3Y	2625647407.46	25.18	13318266.3495	2026-08-16 15:05:04
9838	runner-smoke-test	2026-08-15 00:00:00	1_4_3_3	对公条线_单位其他固定资产贷款	16755827011.48	0.0	78094931.3182	2026-08-16 15:05:04
9839	runner-smoke-test	2026-08-15 00:00:00	1_4_3_3_1	对公条线_单位其他固定资产贷款_1Y	0.0	0.0	0.0	2026-08-16 15:05:04
9840	runner-smoke-test	2026-08-15 00:00:00	1_4_3_3_2	对公条线_单位其他固定资产贷款_3Y	2226216042.7	21.35	10669028.3964	2026-08-16 15:05:04
9841	runner-smoke-test	2026-08-15 00:00:00	1_4_3_3_3	对公条线_单位其他固定资产贷款_5Y	2033377839.0	19.5	10413261.0183	2026-08-16 15:05:04
9842	runner-smoke-test	2026-08-15 00:00:00	1_4_3_3_4	对公条线_单位其他固定资产贷款_10Y	12496233451.18	119.85	57012752.4393	2026-08-16 15:05:04
9843	runner-smoke-test	2026-08-15 00:00:00	1_4_3_4	对公条线_单位流动资金贷款	69271779814.21	2626336774.19	285476465.8465	2026-08-16 15:05:04
9844	runner-smoke-test	2026-08-15 00:00:00	1_4_3_4_1	对公条线_单位流动资金贷款_3M	13492708.7	8709677.55	7893.627	2026-08-16 15:05:04
9845	runner-smoke-test	2026-08-15 00:00:00	1_4_3_4_2	对公条线_单位流动资金贷款_6M	416900008.0	4.0	503259.9615	2026-08-16 15:05:04
9846	runner-smoke-test	2026-08-15 00:00:00	1_4_3_4_3	对公条线_单位流动资金贷款_1Y	33956298816.69	1835477745.02	132633025.5935	2026-08-16 15:05:04
9847	runner-smoke-test	2026-08-15 00:00:00	1_4_3_4_4	对公条线_单位流动资金贷款_2Y	10686139439.14	17742037.97	43004710.9438	2026-08-16 15:05:04
9848	runner-smoke-test	2026-08-15 00:00:00	1_4_3_4_5	对公条线_单位流动资金贷款_3Y	24198950170.42	764407974.03	109407064.7239	2026-08-16 15:05:04
9849	runner-smoke-test	2026-08-15 00:00:00	1_4_3_5	对公条线_其他贷款	160046628.32	161301784.28	194665.0407	2026-08-16 15:05:04
9850	runner-smoke-test	2026-08-15 00:00:00	1_4_3_5_1	对公条线_其他贷款_3M	26999345.06	32546348.63	98455.9317	2026-08-16 15:05:04
9851	runner-smoke-test	2026-08-15 00:00:00	1_4_3_5_2	对公条线_其他贷款_6M	0.0	0.0	0.0	2026-08-16 15:05:04
9852	runner-smoke-test	2026-08-15 00:00:00	1_4_3_5_3	对公条线_其他贷款_1Y	0.0	0.0	0.0	2026-08-16 15:05:04
9853	runner-smoke-test	2026-08-15 00:00:00	1_4_3_5_4	对公条线_其他贷款_2Y	0.0	0.0	0.0	2026-08-16 15:05:04
9854	runner-smoke-test	2026-08-15 00:00:00	1_4_3_5_5	对公条线_其他贷款_3Y	133047286.33	128755437.2	96209.1075	2026-08-16 15:05:04
9855	runner-smoke-test	2026-08-15 00:00:00	1_4_4	数金条线贷款	6138937400.44	204424426.34	39179377.1304	2026-08-16 15:05:04
9856	runner-smoke-test	2026-08-15 00:00:00	1_4_4_1	数金条线_个人经营贷款	6396912.44	1458020.51	54566.5769	2026-08-16 15:05:04
9857	runner-smoke-test	2026-08-15 00:00:00	1_4_4_1_1	数金条线_个人经营贷款_线上	0.0	0.0	0.0	2026-08-16 15:05:04
9858	runner-smoke-test	2026-08-15 00:00:00	1_4_4_1_1_1	数金条线_个人经营贷款_线上_3M	0.0	0.0	0.0	2026-08-16 15:05:04
9859	runner-smoke-test	2026-08-15 00:00:00	1_4_4_1_1_2	数金条线_个人经营贷款_线上_6M	0.0	0.0	0.0	2026-08-16 15:05:04
9860	runner-smoke-test	2026-08-15 00:00:00	1_4_4_1_1_3	数金条线_个人经营贷款_线上_1Y	0.0	0.0	0.0	2026-08-16 15:05:04
9861	runner-smoke-test	2026-08-15 00:00:00	1_4_4_1_1_4	数金条线_个人经营贷款_线上_2Y	0.0	0.0	0.0	2026-08-16 15:05:04
9862	runner-smoke-test	2026-08-15 00:00:00	1_4_4_1_1_5	数金条线_个人经营贷款_线上_3Y	0.0	0.0	0.0	2026-08-16 15:05:04
9863	runner-smoke-test	2026-08-15 00:00:00	1_4_4_1_2	数金条线_个人经营贷款_线下	6396912.44	1458020.51	54566.5769	2026-08-16 15:05:04
9864	runner-smoke-test	2026-08-15 00:00:00	1_4_4_1_2_1	数金条线_个人经营贷款_线下_3M	0.0	0.0	0.0	2026-08-16 15:05:04
9865	runner-smoke-test	2026-08-15 00:00:00	1_4_4_1_2_2	数金条线_个人经营贷款_线下_6M	0.0	0.0	0.0	2026-08-16 15:05:04
9866	runner-smoke-test	2026-08-15 00:00:00	1_4_4_1_2_3	数金条线_个人经营贷款_线下_1Y	0.0	0.0	0.0	2026-08-16 15:05:04
9867	runner-smoke-test	2026-08-15 00:00:00	1_4_4_1_2_4	数金条线_个人经营贷款_线下_2Y	0.0	0.0	0.0	2026-08-16 15:05:04
9868	runner-smoke-test	2026-08-15 00:00:00	1_4_4_1_2_5	数金条线_个人经营贷款_线下_3Y	6396912.56	1458020.57	54566.5769	2026-08-16 15:05:04
9869	runner-smoke-test	2026-08-15 00:00:00	1_4_4_2	数金条线_个人消费贷款	6132540488.0	202966405.82	39124021.6591	2026-08-16 15:05:04
9870	runner-smoke-test	2026-08-15 00:00:00	1_4_4_2_1	数金条线_个人消费贷款_3M	339308047.57	73951563.96	1735001.1855	2026-08-16 15:05:04
9871	runner-smoke-test	2026-08-15 00:00:00	1_4_4_2_2	数金条线_个人消费贷款_6M	472778285.03	24302269.36	1530124.8342	2026-08-16 15:05:04
9872	runner-smoke-test	2026-08-15 00:00:00	1_4_4_2_3	数金条线_个人消费贷款_1Y	4999063700.4	104689846.45	34243763.2163	2026-08-16 15:05:04
9873	runner-smoke-test	2026-08-15 00:00:00	1_4_4_2_4	数金条线_个人消费贷款_2Y	307173979.0	22784.73	1522278.9533	2026-08-16 15:05:04
9874	runner-smoke-test	2026-08-15 00:00:00	1_4_4_2_5	数金条线_个人消费贷款_3Y	14216593.63	0.14	106071.2308	2026-08-16 15:05:04
9875	runner-smoke-test	2026-08-15 00:00:00	1_4_5	贸易融资	3273562990.18	387324359.64	7118234.8087	2026-08-16 15:05:04
9876	runner-smoke-test	2026-08-15 00:00:00	1_4_5_1	贸易融资_3M	703982770.46	387324366.39	1117458.3414	2026-08-16 15:05:04
9877	runner-smoke-test	2026-08-15 00:00:00	1_4_5_2	贸易融资_6M	2039580272.35	19.56	3286421.0419	2026-08-16 15:05:04
9878	runner-smoke-test	2026-08-15 00:00:00	1_4_5_3	贸易融资_1Y	0.0	0.0	0.0	2026-08-16 15:05:04
9879	runner-smoke-test	2026-08-15 00:00:00	1_4_5_4	贸易融资_2Y	0.0	0.0	0.0	2026-08-16 15:05:04
9880	runner-smoke-test	2026-08-15 00:00:00	1_4_5_5	贸易融资_3Y	530000010.17	5.08	2777832.3783	2026-08-16 15:05:04
9881	runner-smoke-test	2026-08-15 00:00:00	1_4_6	贴现	8723858837.99	940820635.1	19681816.2623	2026-08-16 15:05:04
9882	runner-smoke-test	2026-08-15 00:00:00	1_4_6_1	直贴_3M	703236663.37	397021149.05	11823969.6273	2026-08-16 15:05:04
9883	runner-smoke-test	2026-08-15 00:00:00	1_4_6_2	转贴_6M	6731155094.86	466286117.22	8384831.3891	2026-08-16 15:05:04
9884	runner-smoke-test	2026-08-15 00:00:00	1_4_6_3	福费廷_3M	1289467247.09	77513452.5	235281.1794	2026-08-16 15:05:04
9885	runner-smoke-test	2026-08-15 00:00:00	1_4_6_4	应收款买断_3M	0.0	0.0	0.0	2026-08-16 15:05:04
9886	runner-smoke-test	2026-08-15 00:00:00	1_5	其他资产	20562683409.17	16697443249.88	0.0	2026-08-16 15:05:04
9887	runner-smoke-test	2026-08-15 00:00:00	1_5_1	贵金属_30Y	0.0	0.0	0.0	2026-08-16 15:05:04
9888	runner-smoke-test	2026-08-15 00:00:00	1_5_1_1	贵金属_黄金_1D	0.0	0.0	0.0	2026-08-16 15:05:04
9889	runner-smoke-test	2026-08-15 00:00:00	1_5_1_2	贵金属_非黄金_30Y	0.0	0.0	0.0	2026-08-16 15:05:04
9890	runner-smoke-test	2026-08-15 00:00:00	1_5_2	各类应收款_30Y	2758823466.27	2297068582.44	0.0	2026-08-16 15:05:04
9891	runner-smoke-test	2026-08-15 00:00:00	1_5_3	其他资产_30Y	17803863542.89	14400376467.44	0.0	2026-08-16 15:05:04
9892	runner-smoke-test	2026-08-15 00:00:00	2_1	向中央银行借款	-13220221887.02	-782031989.31	20247325.6126	2026-08-16 15:05:04
9893	runner-smoke-test	2026-08-15 00:00:00	2_1_1	再贴现_1Y	-3326710792.92	-782032442.26	3891188.0469	2026-08-16 15:05:04
9894	runner-smoke-test	2026-08-15 00:00:00	2_1_2	再贷款_1Y	-9893514694.1	-1347.05	16355836.2718	2026-08-16 15:05:04
9895	runner-smoke-test	2026-08-15 00:00:00	2_2	同业负债	-33386978675.08	-3958346118.26	35045535.7617	2026-08-16 15:05:04
9896	runner-smoke-test	2026-08-15 00:00:00	2_2_1	同业存放款项	-17057013301.15	-3035967860.2	23838358.9692	2026-08-16 15:05:04
9897	runner-smoke-test	2026-08-15 00:00:00	2_2_1_1	同业存放活期款项	-4951622651.15	-3035967860.2	3236033.8159	2026-08-16 15:05:04
9898	runner-smoke-test	2026-08-15 00:00:00	2_2_1_1_1	同业存放活期款项_1D	-4951623185.07	-3035968127.16	3236033.8159	2026-08-16 15:05:04
9899	runner-smoke-test	2026-08-15 00:00:00	2_2_1_2	同业存放定期款项	-12105390650.0	0.0	19601858.522	2026-08-16 15:05:04
9900	runner-smoke-test	2026-08-15 00:00:00	2_2_1_2_1	同业存放定期款项_1M	0.0	0.0	0.0	2026-08-16 15:05:04
9901	runner-smoke-test	2026-08-15 00:00:00	2_2_1_2_2	同业存放定期款项_3M	-300000032.35	-16.17	49849.54	2026-08-16 15:05:04
9902	runner-smoke-test	2026-08-15 00:00:00	2_2_1_2_3	同业存放定期款项_6M	-3650000393.57	-196.78	5549492.684	2026-08-16 15:05:04
9903	runner-smoke-test	2026-08-15 00:00:00	2_2_1_2_4	同业存放定期款项_1Y	-8155391529.37	-439.68	13893534.6518	2026-08-16 15:05:04
9904	runner-smoke-test	2026-08-15 00:00:00	2_2_2	同业拆入	-3568465373.93	-72270000.0	3211786.1118	2026-08-16 15:05:04
9905	runner-smoke-test	2026-08-15 00:00:00	2_2_2_1	同业拆入_1D	-3568465758.71	-72270192.39	3211786.1118	2026-08-16 15:05:04
9906	runner-smoke-test	2026-08-15 00:00:00	2_2_3	同业借款借入	-2990000000.0	0.0	8500824.6483	2026-08-16 15:05:04
9907	runner-smoke-test	2026-08-15 00:00:00	2_2_3_1	同业借款借入_1D	-2990000322.4	-161.2	8500824.6483	2026-08-16 15:05:04
9908	runner-smoke-test	2026-08-15 00:00:00	2_2_4	卖出回购	-9771500000.0	-850108258.06	1598452.4864	2026-08-16 15:05:04
9909	runner-smoke-test	2026-08-15 00:00:00	2_2_4_1	卖出回购债券	-9771500000.0	-850108258.06	1598429.5737	2026-08-16 15:05:04
9910	runner-smoke-test	2026-08-15 00:00:00	2_2_4_1_1	卖出回购债券_买断式_1D	0.0	-196209677.42	353892.826	2026-08-16 15:05:04
9911	runner-smoke-test	2026-08-15 00:00:00	2_2_4_1_2	卖出回购债券_买断式_7D	-9771501053.63	-653899107.46	1255732.6247	2026-08-16 15:05:04
9912	runner-smoke-test	2026-08-15 00:00:00	2_2_4_1_3	卖出回购债券_质押式_1D	0.0	0.0	0.0	2026-08-16 15:05:04
9913	runner-smoke-test	2026-08-15 00:00:00	2_2_4_1_4	卖出回购债券_质押式_7D	0.0	0.0	0.0	2026-08-16 15:05:04
9914	runner-smoke-test	2026-08-15 00:00:00	2_2_4_2	卖出回购票据	0.0	0.0	0.0	2026-08-16 15:05:04
9915	runner-smoke-test	2026-08-15 00:00:00	2_2_4_2_1	卖出回购票据_买断式_1D	0.0	0.0	0.0	2026-08-16 15:05:04
9916	runner-smoke-test	2026-08-15 00:00:00	2_2_4_2_2	卖出回购票据_买断式_7D	0.0	0.0	0.0	2026-08-16 15:05:04
9917	runner-smoke-test	2026-08-15 00:00:00	2_2_4_2_3	卖出回购票据_质押式_1D	0.0	0.0	0.0	2026-08-16 15:05:04
9918	runner-smoke-test	2026-08-15 00:00:00	2_2_4_2_4	卖出回购票据_质押式_7D	0.0	0.0	0.0	2026-08-16 15:05:04
9919	runner-smoke-test	2026-08-15 00:00:00	2_3	发行同业存单	-51565555503.83	-2723704286.01	116600474.6322	2026-08-16 15:05:04
9920	runner-smoke-test	2026-08-15 00:00:00	2_3_1	发行同业存单_1M	-2484643862.21	-147106137.21	347519.2854	2026-08-16 15:05:04
9921	runner-smoke-test	2026-08-15 00:00:00	2_3_2	发行同业存单_3M	-129954270.71	-125629392.11	290727.2919	2026-08-16 15:05:04
9922	runner-smoke-test	2026-08-15 00:00:00	2_3_3	发行同业存单_6M	-4737902624.04	-165.39	5351727.2136	2026-08-16 15:05:04
9923	runner-smoke-test	2026-08-15 00:00:00	2_3_4	发行同业存单_9M	-19898453060.43	-859468470.87	48880348.21	2026-08-16 15:05:04
9924	runner-smoke-test	2026-08-15 00:00:00	2_3_5	发行同业存单_1Y	-24314605286.43	-1591501920.44	62195972.3953	2026-08-16 15:05:04
9925	runner-smoke-test	2026-08-15 00:00:00	2_4	发行债券	-10214516252.14	-191397765.02	35112500.3503	2026-08-16 15:05:04
9926	runner-smoke-test	2026-08-15 00:00:00	2_4_1	发行债券_3Y	-4214517737.5	-191398507.7	12645833.2779	2026-08-16 15:05:04
9927	runner-smoke-test	2026-08-15 00:00:00	2_4_2	发行债券_5Y	-2000000704.88	-352.44	6666666.6667	2026-08-16 15:05:04
9928	runner-smoke-test	2026-08-15 00:00:00	2_4_3	发行债券_10Y	-4000001409.76	-704.88	15800000.0	2026-08-16 15:05:04
9929	runner-smoke-test	2026-08-15 00:00:00	2_5	吸收存款	-206064840581.44	-74566603089.56	423035556.0841	2026-08-16 15:05:04
9930	runner-smoke-test	2026-08-15 00:00:00	2_5_1	单位存款	-145009240241.68	-55460688827.66	280878475.7006	2026-08-16 15:05:04
9931	runner-smoke-test	2026-08-15 00:00:00	2_5_1_1	单位活期存款	-59652530636.94	-41648275881.29	54707010.1815	2026-08-16 15:05:04
9932	runner-smoke-test	2026-08-15 00:00:00	2_5_1_1_1	单位普通活期存款_1D	-59652531679.08	-41648276402.36	57569679.6666	2026-08-16 15:05:04
9933	runner-smoke-test	2026-08-15 00:00:00	2_5_1_1_2	单位协议活期存款_1D	0.0	0.0	0.0	2026-08-16 15:05:04
9934	runner-smoke-test	2026-08-15 00:00:00	2_5_1_2	单位协议存款	-6064000000.0	-22258064.52	24037358.5108	2026-08-16 15:05:04
9935	runner-smoke-test	2026-08-15 00:00:00	2_5_1_2_1	单位协议存款_1Y	-1064000018.59	-22258073.81	3489298.624	2026-08-16 15:05:04
9936	runner-smoke-test	2026-08-15 00:00:00	2_5_1_2_2	单位协议存款_3Y	0.0	0.0	3252.8902	2026-08-16 15:05:04
9937	runner-smoke-test	2026-08-15 00:00:00	2_5_1_2_3	单位协议存款_5Y	-5000000087.35	-43.68	20544806.9933	2026-08-16 15:05:04
9938	runner-smoke-test	2026-08-15 00:00:00	2_5_1_3	单位定期	-24957048396.94	-1777014300.14	63161725.0515	2026-08-16 15:05:04
9939	runner-smoke-test	2026-08-15 00:00:00	2_5_1_3_1	单位定期_3M	-854359895.61	-85435299.01	1455789.9851	2026-08-16 15:05:04
9940	runner-smoke-test	2026-08-15 00:00:00	2_5_1_3_2	单位定期_6M	-705084617.42	-6.16	1100363.6012	2026-08-16 15:05:04
9941	runner-smoke-test	2026-08-15 00:00:00	2_5_1_3_3	单位定期_1Y	-16339524580.3	-1654940441.65	43174624.4998	2026-08-16 15:05:04
9942	runner-smoke-test	2026-08-15 00:00:00	2_5_1_3_4	单位定期_2Y	-3662473177.09	-31.99	8013370.2474	2026-08-16 15:05:04
9943	runner-smoke-test	2026-08-15 00:00:00	2_5_1_3_5	单位定期_3Y	-1090121484.95	-9.52	2949194.5885	2026-08-16 15:05:04
9944	runner-smoke-test	2026-08-15 00:00:00	2_5_1_3_6	单位定期_5Y	-2305485077.58	-36638729.82	6357297.675	2026-08-16 15:05:04
9945	runner-smoke-test	2026-08-15 00:00:00	2_5_1_4	单位通知存款	-942557807.0	-515740636.73	711264.4477	2026-08-16 15:05:04
9946	runner-smoke-test	2026-08-15 00:00:00	2_5_1_4_1	单位通知存款_1D	-292204306.39	-14232227.18	13561.684	2026-08-16 15:05:04
9947	runner-smoke-test	2026-08-15 00:00:00	2_5_1_4_2	单位通知存款_7D	-650353517.07	-501508417.78	699115.5484	2026-08-16 15:05:04
9948	runner-smoke-test	2026-08-15 00:00:00	2_5_1_5	单位保本理财	0.0	0.0	0.0	2026-08-16 15:05:04
9949	runner-smoke-test	2026-08-15 00:00:00	2_5_1_5_1	单位保本理财_1Y	0.0	0.0	0.0	2026-08-16 15:05:04
9950	runner-smoke-test	2026-08-15 00:00:00	2_5_1_6	单位大额存单存款	-296000000.0	-9677419.35	791557.2484	2026-08-16 15:05:04
9951	runner-smoke-test	2026-08-15 00:00:00	2_5_1_6_1	单位大额存单存款_1Y	-114000001.99	-1.0	154813.7782	2026-08-16 15:05:04
9952	runner-smoke-test	2026-08-15 00:00:00	2_5_1_6_2	单位大额存单存款_2Y	-30000000.52	-9677419.61	78441.2075	2026-08-16 15:05:04
9953	runner-smoke-test	2026-08-15 00:00:00	2_5_1_6_3	单位大额存单存款_3Y	-152000002.66	-1.33	558302.27	2026-08-16 15:05:04
9954	runner-smoke-test	2026-08-15 00:00:00	2_5_1_7	单位保证金存款	-53097103400.79	-11487722525.63	147481980.521	2026-08-16 15:05:04
9955	runner-smoke-test	2026-08-15 00:00:00	2_5_1_7_1	单位活期保证金存款_1D	-8861988443.41	-6999769483.04	22389110.2547	2026-08-16 15:05:04
9956	runner-smoke-test	2026-08-15 00:00:00	2_5_1_7_2	单位定期保证金存款	-44235115112.2	-4487953120.0	125045839.946	2026-08-16 15:05:04
9957	runner-smoke-test	2026-08-15 00:00:00	2_5_1_7_2_1	单位定期保证金存款_3M	-2417426344.03	-171473448.61	585432.544	2026-08-16 15:05:04
9958	runner-smoke-test	2026-08-15 00:00:00	2_5_1_7_2_2	单位定期保证金存款_6M	-1217410174.32	-20281119.39	1172534.9616	2026-08-16 15:05:04
9959	runner-smoke-test	2026-08-15 00:00:00	2_5_1_7_2_3	单位定期保证金存款_1Y	-39416825674.44	-4296198928.06	121978001.7617	2026-08-16 15:05:04
9960	runner-smoke-test	2026-08-15 00:00:00	2_5_1_7_2_4	单位定期保证金存款_2Y	-641658405.04	-5.6	1563680.7455	2026-08-16 15:05:04
9961	runner-smoke-test	2026-08-15 00:00:00	2_5_1_7_2_5	单位定期保证金存款_3Y	-541795287.17	-4.73	800237.1411	2026-08-16 15:05:04
9962	runner-smoke-test	2026-08-15 00:00:00	2_5_2	个人存款	-60550339597.77	-19082336979.53	142412517.0119	2026-08-16 15:05:04
9963	runner-smoke-test	2026-08-15 00:00:00	2_5_2_1	个人活期存款	-23127159027.96	-17726865224.38	18514727.0336	2026-08-16 15:05:04
9964	runner-smoke-test	2026-08-15 00:00:00	2_5_2_1_1	个人普通活期存款_1D	-23127159432.0	-17726865426.4	18504034.0407	2026-08-16 15:05:04
9965	runner-smoke-test	2026-08-15 00:00:00	2_5_2_1_2	个人协议活期存款_1D	0.0	0.0	0.0	2026-08-16 15:05:04
9966	runner-smoke-test	2026-08-15 00:00:00	2_5_2_2	个人定期存款	-30847499996.2	-480928531.84	114558549.0504	2026-08-16 15:05:04
9967	runner-smoke-test	2026-08-15 00:00:00	2_5_2_2_1	高兴存	-3676000228.57	0.0	13985734.6421	2026-08-16 15:05:04
9968	runner-smoke-test	2026-08-15 00:00:00	2_5_2_2_1_1	高兴存	-2866463058.59	0.0	10473048.4751	2026-08-16 15:05:04
9969	runner-smoke-test	2026-08-15 00:00:00	2_5_2_2_1_1_1	高兴存_3Y	-355333858.1	-3.1	1236299.3004	2026-08-16 15:05:04
9970	runner-smoke-test	2026-08-15 00:00:00	2_5_2_2_1_1_2	高兴存_5Y	-2511129250.57	-21.94	9236749.0361	2026-08-16 15:05:04
9971	runner-smoke-test	2026-08-15 00:00:00	2_5_2_2_1_2	高兴存（节庆专属）_3Y	-809537184.12	-7.07	3164480.6006	2026-08-16 15:05:04
9972	runner-smoke-test	2026-08-15 00:00:00	2_5_2_2_1_3	高兴存（村镇银行专属）	0.0	0.0	348205.5168	2026-08-16 15:05:04
9973	runner-smoke-test	2026-08-15 00:00:00	2_5_2_2_1_3_1	高兴存（村镇银行专属）_3Y	0.0	0.0	20350.7371	2026-08-16 15:05:04
9974	runner-smoke-test	2026-08-15 00:00:00	2_5_2_2_1_3_2	高兴存（村镇银行专属）_5Y	0.0	0.0	327854.7846	2026-08-16 15:05:04
9975	runner-smoke-test	2026-08-15 00:00:00	2_5_2_2_2	富桂存	-19258406162.06	-1500000.0	81616696.3863	2026-08-16 15:05:04
9976	runner-smoke-test	2026-08-15 00:00:00	2_5_2_2_2_1	富桂存_月得利	-6910533237.94	-1500000.0	29634456.0471	2026-08-16 15:05:04
9977	runner-smoke-test	2026-08-15 00:00:00	2_5_2_2_2_1_1	富桂存_月得利_3Y	0.0	0.0	0.0	2026-08-16 15:05:04
9978	runner-smoke-test	2026-08-15 00:00:00	2_5_2_2_2_1_2	富桂存_月得利_5Y	-6910533358.67	-1500060.36	28858286.6705	2026-08-16 15:05:04
9979	runner-smoke-test	2026-08-15 00:00:00	2_5_2_2_2_2	富桂存_月得利（二期）	-2599032587.86	0.0	11316135.1385	2026-08-16 15:05:04
9980	runner-smoke-test	2026-08-15 00:00:00	2_5_2_2_2_2_1	富桂存_月得利（二期）_3Y	-62695001.1	-0.55	209811.4468	2026-08-16 15:05:04
9981	runner-smoke-test	2026-08-15 00:00:00	2_5_2_2_2_2_2	富桂存_月得利（二期）_5Y	-2536337632.17	-22.16	11106323.672	2026-08-16 15:05:04
9982	runner-smoke-test	2026-08-15 00:00:00	2_5_2_2_2_3	富桂存_月得利(尊享版)_5Y	-3998211098.21	-34.92	15269748.4624	2026-08-16 15:05:04
9983	runner-smoke-test	2026-08-15 00:00:00	2_5_2_2_2_4	富桂存_月得利（E版三年）_3Y	-2000.0	0.0	6.8336	2026-08-16 15:05:04
9984	runner-smoke-test	2026-08-15 00:00:00	2_5_2_2_2_5	富桂存_月得利（县域专属）	-143420934.31	0.0	878925.5988	2026-08-16 15:05:04
9985	runner-smoke-test	2026-08-15 00:00:00	2_5_2_2_2_5_1	富桂存_月得利（县域专属）_3Y	-3171000.06	-0.03	46638.1586	2026-08-16 15:05:04
9986	runner-smoke-test	2026-08-15 00:00:00	2_5_2_2_2_5_2	富桂存_月得利（县域专属）_5Y	-140249936.76	-1.23	832287.4458	2026-08-16 15:05:04
9987	runner-smoke-test	2026-08-15 00:00:00	2_5_2_2_2_6	富桂存_月得利（E版五年）_5Y	-2825212.05	-0.02	10166.5175	2026-08-16 15:05:04
9988	runner-smoke-test	2026-08-15 00:00:00	2_5_2_2_2_7	行庆专属存款_5Y	-4802214537.52	-41.95	21097523.6272	2026-08-16 15:05:04
9989	runner-smoke-test	2026-08-15 00:00:00	2_5_2_2_2_8	区庆专属存款	-802166707.97	0.0	3409725.3505	2026-08-16 15:05:04
9990	runner-smoke-test	2026-08-15 00:00:00	2_5_2_2_2_8_1	区庆专属存款_3Y	0.0	0.0	0.0	2026-08-16 15:05:04
9991	runner-smoke-test	2026-08-15 00:00:00	2_5_2_2_2_8_2	区庆专属存款_5Y	-802166721.98	-7.01	3338146.4875	2026-08-16 15:05:04
9992	runner-smoke-test	2026-08-15 00:00:00	2_5_2_2_3	其他个人定期存款	-7913093605.57	-479428531.84	19273842.2991	2026-08-16 15:05:04
9993	runner-smoke-test	2026-08-15 00:00:00	2_5_2_2_3_1	其他个人定期存款_3M	-227352129.88	-73404940.69	655266.7354	2026-08-16 15:05:04
9994	runner-smoke-test	2026-08-15 00:00:00	2_5_2_2_3_2	其他个人定期存款_6M	-136123166.86	-1.19	118533.1728	2026-08-16 15:05:04
9995	runner-smoke-test	2026-08-15 00:00:00	2_5_2_2_3_3	其他个人定期存款_1Y	-4237208762.09	-315434054.66	10466298.7363	2026-08-16 15:05:04
9996	runner-smoke-test	2026-08-15 00:00:00	2_5_2_2_3_4	其他个人定期存款_2Y	-428198395.94	-3.74	1396286.0867	2026-08-16 15:05:04
9997	runner-smoke-test	2026-08-15 00:00:00	2_5_2_2_3_5	其他个人定期存款_3Y	-471556457.57	-24480792.03	1573550.508	2026-08-16 15:05:04
9998	runner-smoke-test	2026-08-15 00:00:00	2_5_2_2_3_6	其他个人定期存款_5Y	-2412654831.48	-66108808.66	5059126.6685	2026-08-16 15:05:04
9999	runner-smoke-test	2026-08-15 00:00:00	2_5_2_3	个人通知存款	-1595894322.43	-809771542.53	1358738.7992	2026-08-16 15:05:04
10000	runner-smoke-test	2026-08-15 00:00:00	2_5_2_3_1	个人通知存款_1D	-116396479.12	-11605353.86	8937.5343	2026-08-16 15:05:04
10001	runner-smoke-test	2026-08-15 00:00:00	2_5_2_3_2	个人通知存款_7D	-1479497871.19	-798166202.61	1358260.4079	2026-08-16 15:05:04
10002	runner-smoke-test	2026-08-15 00:00:00	2_5_2_4	个人保本理财	0.0	0.0	0.0	2026-08-16 15:05:04
10003	runner-smoke-test	2026-08-15 00:00:00	2_5_2_4_1	个人保本理财_1Y	0.0	0.0	0.0	2026-08-16 15:05:04
10004	runner-smoke-test	2026-08-15 00:00:00	2_5_2_5	个人大额存单存款	-4276445254.14	-56964569.66	13723420.5469	2026-08-16 15:05:04
10005	runner-smoke-test	2026-08-15 00:00:00	2_5_2_5_1	个人大额存单存款_3M	-53222000.93	-10310161.75	171217.2245	2026-08-16 15:05:04
10006	runner-smoke-test	2026-08-15 00:00:00	2_5_2_5_2	个人大额存单存款_6M	-6953026.31	-0.06	5624.0966	2026-08-16 15:05:04
10007	runner-smoke-test	2026-08-15 00:00:00	2_5_2_5_3	个人大额存单存款_1Y	-382716529.09	-45009250.42	903268.2535	2026-08-16 15:05:04
10008	runner-smoke-test	2026-08-15 00:00:00	2_5_2_5_4	个人大额存单存款_3Y	-1830205737.52	-1645177.28	6042286.7272	2026-08-16 15:05:04
10009	runner-smoke-test	2026-08-15 00:00:00	2_5_2_5_5	个人大额存单存款_5Y	-2003348035.0	-17.5	6615527.1091	2026-08-16 15:05:04
10010	runner-smoke-test	2026-08-15 00:00:00	2_5_2_6	个人协议存款	-703338369.0	-7805161.29	2520344.3319	2026-08-16 15:05:04
10011	runner-smoke-test	2026-08-15 00:00:00	2_5_2_6_1	个人协议存款_1Y	-339438374.93	-7805164.26	1078523.0909	2026-08-16 15:05:04
10012	runner-smoke-test	2026-08-15 00:00:00	2_5_2_6_2	个人协议存款_5Y	-363900006.36	-3.18	1455033.3561	2026-08-16 15:05:04
10013	runner-smoke-test	2026-08-15 00:00:00	2_5_2_7	个人定活两便	-2628.03	-1949.83	0.3653	2026-08-16 15:05:04
10014	runner-smoke-test	2026-08-15 00:00:00	2_5_2_7_1	个人定活两便_1D	-2628.03	-1949.83	0.3653	2026-08-16 15:05:04
10015	runner-smoke-test	2026-08-15 00:00:00	2_5_3	国库定期存款	0.0	0.0	0.0	2026-08-16 15:05:04
10016	runner-smoke-test	2026-08-15 00:00:00	2_5_3_1	国库定期存款_1Y	0.0	0.0	0.0	2026-08-16 15:05:04
10017	runner-smoke-test	2026-08-15 00:00:00	2_5_4	财政性存款	-5260529.99	-23532908.76	0.0	2026-08-16 15:05:04
10018	runner-smoke-test	2026-08-15 00:00:00	2_5_4_1	财政性存款_1Y	-5260530.08	-23532908.81	0.0	2026-08-16 15:05:04
10019	runner-smoke-test	2026-08-15 00:00:00	2_5_5	其他存款	-500000212.01	-44373.61	0.0	2026-08-16 15:05:04
10020	runner-smoke-test	2026-08-15 00:00:00	2_5_5_1	应解汇款机临时存款_1D	-212.01	-44373.61	0.0	2026-08-16 15:05:04
10021	runner-smoke-test	2026-08-15 00:00:00	2_5_5_2	开出银行汇票_1D	0.0	0.0	0.0	2026-08-16 15:05:04
10022	runner-smoke-test	2026-08-15 00:00:00	2_5_5_3	开出银行本票_1D	0.0	0.0	0.0	2026-08-16 15:05:04
10023	runner-smoke-test	2026-08-15 00:00:00	2_5_5_4	转股协议存款_1D	-500000008.74	-4.37	0.0	2026-08-16 15:05:04
10024	runner-smoke-test	2026-08-15 00:00:00	2_6	其他负债	-12442989328.77	-12461805484.29	0.0	2026-08-16 15:05:04
10025	runner-smoke-test	2026-08-15 00:00:00	2_6_1	代理类负债_1Y	-3015145020.79	-2860744728.7	0.0	2026-08-16 15:05:04
10026	runner-smoke-test	2026-08-15 00:00:00	2_6_2	转贴现负债_3M	0.0	0.0	0.0	2026-08-16 15:05:04
10027	runner-smoke-test	2026-08-15 00:00:00	2_6_3	其他负债_30Y	-9427847907.98	-9601062555.59	0.0	2026-08-16 15:05:04
10028	runner-smoke-test	2026-08-15 00:00:00	3_1	所有者权益	24140467204.32	0.0	0.0	2026-08-16 15:05:04
10029	runner-smoke-test	2026-08-15 00:00:00	3_1_1	所有者权益_10Y	21680121698.12	1800.0	0.0	2026-08-16 15:05:04
