id	uuid	order_number	parent_coa_cd	coa_cd	coa_name	leaf_desc	leaf_flag	created_at	updated_at
1	43e3c002-725b-4d05-82c6-3ec6d35f0153	1	ROOT	1_1	现金及存放央行	1_1	0	2026-08-14 10:04:21	2026-08-14 11:18:10
2	188f7ba7-b0e4-465d-97b7-568a32d0aa85	2	1_1	1_1_1	现金_1D	末级账户册	0	2026-08-14 10:04:22	2026-08-14 10:04:22
3	4406d25a-b424-4805-84db-152a6071970f	3	1_1	1_1_2	存放央行法定准备金_30Y	末级账户册	0	2026-08-14 10:04:23	2026-08-14 10:04:23
4	c7f73ae2-af74-4535-bcd9-d45f23f12882	4	1_1	1_1_3	存放央行超额准备金_1D	末级账户册	0	2026-08-14 10:04:23	2026-08-14 10:04:23
5	8d46bb24-589e-4c59-89ad-c37710c11071	5	1_1	1_1_4	存放央行其他款项_30Y	末级账户册	0	2026-08-14 10:04:23	2026-08-14 10:04:23
6	162179f3-4a5c-45f8-bfcc-b4f7b055c318	6	ROOT	1_2	同业资产	1_2	0	2026-08-14 10:04:23	2026-08-14 11:18:10
7	c0df9d7f-049a-4f92-b8b5-054407ee1bf9	7	1_2	1_2_1	存放同业款项	1_2_1	0	2026-08-14 10:04:23	2026-08-14 10:04:23
8	d8e7169d-aef8-485e-a72f-07bc44e17b9f	8	1_2_1	1_2_1_1	存放同业款项_金融市场部	1_2_1_1	0	2026-08-14 10:04:23	2026-08-14 10:04:23
9	07391bc0-30c2-4ba1-b0af-ea2d8602bf37	9	1_2_1_1	1_2_1_1_1	存放同业活期款项_金融市场部_1D	末级账户册	0	2026-08-14 10:04:23	2026-08-14 10:04:23
10	8fe72e32-1495-4953-b719-a7e3b10d273b	10	1_2_1_1	1_2_1_1_2	存放同业定期款项_金融市场部_1M	末级账户册	0	2026-08-14 10:04:23	2026-08-14 10:04:23
11	3e7308d8-8d22-4066-83ce-163acfb03ce8	11	1_2_1_1	1_2_1_1_3	存放同业定期款项_金融市场部_3M	末级账户册	0	2026-08-14 10:04:23	2026-08-14 10:04:23
12	665b6793-619e-4288-a5aa-7d7075087389	12	1_2_1_1	1_2_1_1_4	存放同业定期款项_金融市场部_6M	末级账户册	0	2026-08-14 10:04:23	2026-08-14 10:04:23
13	5fa0e51e-e086-4fec-ab3b-6efcf4f48172	13	1_2_1_1	1_2_1_1_5	存放同业定期款项_金融市场部_1Y	末级账户册	0	2026-08-14 10:04:23	2026-08-14 10:04:23
14	36fa15ef-1e35-40eb-9c42-30aede2b53d9	14	1_2_1	1_2_1_2	存放同业款项_公司金融部	1_2_1_2	0	2026-08-14 10:04:23	2026-08-14 10:04:23
15	11bc4ef5-c1e8-4367-a132-0742efc965ae	15	1_2_1_2	1_2_1_2_1	存放同业活期款项_公司金融部_1D	末级账户册	0	2026-08-14 10:04:23	2026-08-14 10:04:23
16	077eacd5-eda0-40d6-97ff-ce336cf20a1f	16	1_2_1_2	1_2_1_2_2	存放同业定期款项_公司金融部_1M	末级账户册	0	2026-08-14 10:04:23	2026-08-14 10:04:23
17	a8887587-ab11-4f15-90b7-332c065b482c	17	1_2_1_2	1_2_1_2_3	存放同业定期款项_公司金融部_3M	末级账户册	0	2026-08-14 10:04:23	2026-08-14 10:04:23
18	ae560258-03f0-4ad9-b1ad-78fa37fadb59	18	1_2_1_2	1_2_1_2_4	存放同业定期款项_公司金融部_6M	末级账户册	0	2026-08-14 10:04:23	2026-08-14 10:04:23
19	362e5a3c-22d0-4025-ad1a-259fcc760500	19	1_2_1_2	1_2_1_2_5	存放同业定期款项_公司金融部_1Y	末级账户册	0	2026-08-14 10:04:23	2026-08-14 10:04:23
20	b7f7989d-4368-457b-8af3-91b2807db5a2	20	1_2	1_2_2	拆放同业款项	1_2_2	0	2026-08-14 10:04:23	2026-08-14 10:04:23
21	9d367c27-6a5d-4abc-b91a-baa64e724bb4	21	1_2_2	1_2_2_1	拆放同业款项_1D	末级账户册	0	2026-08-14 10:04:23	2026-08-14 10:04:23
22	ef2f796c-8126-43ec-8bcf-215967a9f4d1	22	1_2_2	1_2_2_2	拆放同业款项_1M	末级账户册	0	2026-08-14 10:04:23	2026-08-14 10:04:23
23	2dd5c6c9-7801-46a0-bb95-40d54b5306a0	23	1_2_2	1_2_2_3	拆放同业款项_3M	末级账户册	0	2026-08-14 10:04:23	2026-08-14 10:04:23
24	61c1c21d-aabe-42ce-83cb-992560de09fa	24	1_2_2	1_2_2_4	拆放同业款项_6M	末级账户册	0	2026-08-14 10:04:23	2026-08-14 10:04:23
25	c2c94ca0-ab32-4c7a-8c59-88409481fd53	25	1_2_2	1_2_2_5	拆放同业款项_1Y	末级账户册	0	2026-08-14 10:04:23	2026-08-14 10:04:23
26	f3d59936-4235-4fbd-982f-92ed8c4041e3	26	1_2	1_2_3	买入返售	1_2_3	0	2026-08-14 10:04:23	2026-08-14 10:04:23
27	777f0ffb-1b9f-4955-8cad-96ab5edda8d5	27	1_2_3	1_2_3_1	买入返售债券	1_2_3_1	0	2026-08-14 10:04:23	2026-08-14 10:04:23
28	dfd295a6-fb02-42a9-816b-01837d61f8cd	28	1_2_3_1	1_2_3_1_1	买入返售债券_买断式_1D	末级账户册	0	2026-08-14 10:04:23	2026-08-14 10:04:23
29	2b28a1b6-068e-45f6-b18b-f1fd289d71e4	29	1_2_3_1	1_2_3_1_2	买入返售债券_买断式_7D	末级账户册	0	2026-08-14 10:04:23	2026-08-14 10:04:23
30	3f385a02-4c12-4f50-b608-0a2f73558d7f	30	1_2_3_1	1_2_3_1_3	买入返售债券_质押式_1D	末级账户册	0	2026-08-14 10:04:23	2026-08-14 10:04:23
31	86af9bcd-c8db-4555-b246-23adca5547f7	31	1_2_3_1	1_2_3_1_4	买入返售债券_质押式_7D	末级账户册	0	2026-08-14 10:04:23	2026-08-14 10:04:23
32	aa142ac3-ffd2-4de8-95af-1a33f663cc6d	32	1_2_3	1_2_3_2	买入返售票据	1_2_3_2	0	2026-08-14 10:04:23	2026-08-14 10:04:23
33	7cad6a89-7bcc-48db-9877-a38eb4b4b29a	33	1_2_3_2	1_2_3_2_1	买入返售票据_买断式_1D	末级账户册	0	2026-08-14 10:04:23	2026-08-14 10:04:23
34	3faa41ea-3b43-46dd-9c22-a674c65f54cb	34	1_2_3_2	1_2_3_2_2	买入返售票据_买断式_7D	末级账户册	0	2026-08-14 10:04:23	2026-08-14 10:04:23
35	bd2a8e26-9ae5-465a-bfab-87b29d230bb3	35	1_2_3_2	1_2_3_2_3	买入返售票据_质押式_1D	末级账户册	0	2026-08-14 10:04:23	2026-08-14 10:04:23
36	7f57ac74-60a4-409c-aa58-57023ef3ea0d	36	1_2_3_2	1_2_3_2_4	买入返售票据_质押式_7D	末级账户册	0	2026-08-14 10:04:23	2026-08-14 10:04:23
37	d1322bb4-1fa5-4337-b422-92318f8c3dc6	37	ROOT	1_3	各项投资	1_3	0	2026-08-14 10:04:23	2026-08-14 11:18:10
38	c29a0a46-75af-4f43-8440-e9fba9f9973f	38	1_3	1_3_1	金融市场部投资	1_3_1	0	2026-08-14 10:04:23	2026-08-14 10:04:23
39	a814d057-1c84-4446-a42d-d5d88b4d75a7	39	1_3_1	1_3_1_1	金融市场部_交易性金融资产	1_3_1_1	0	2026-08-14 10:04:23	2026-08-14 10:04:23
40	7426a0a2-295a-47c5-8dab-e86d1b54324a	40	1_3_1_1	1_3_1_1_1	金融市场部_交易性国债投资	1_3_1_1_1	0	2026-08-14 10:04:23	2026-08-14 10:04:23
41	e13b78db-4aa4-4535-95f8-4d26c6b30b2a	41	1_3_1_1_1	1_3_1_1_1_1	金融市场部_交易性国债投资_司库	1_3_1_1_1_1	0	2026-08-14 10:04:23	2026-08-14 10:04:23
42	c0e9a318-b995-4746-8658-ebd8f1446d02	42	1_3_1_1_1_1	1_3_1_1_1_1_1	金融市场部_交易性国债投资_司库_1Y	末级账户册	0	2026-08-14 10:04:23	2026-08-14 10:04:23
43	bbe300c6-1dda-4520-9d6f-072a3cc2e311	43	1_3_1_1_1_1	1_3_1_1_1_1_2	金融市场部_交易性国债投资_司库_3Y	末级账户册	0	2026-08-14 10:04:23	2026-08-14 10:04:23
44	8d14e5a0-41c5-4213-b681-591f33ab9754	44	1_3_1_1_1_1	1_3_1_1_1_1_3	金融市场部_交易性国债投资_司库_5Y	末级账户册	0	2026-08-14 10:04:23	2026-08-14 10:04:23
45	ff016959-b7af-4f3f-a05a-aa87606e10c1	45	1_3_1_1_1_1	1_3_1_1_1_1_4	金融市场部_交易性国债投资_司库_10Y	末级账户册	0	2026-08-14 10:04:23	2026-08-14 10:04:23
46	ab161be8-d4b6-40d3-9b1a-c69cfbc2b149	46	1_3_1_1_1	1_3_1_1_1_2	金融市场部_交易性国债投资_非司库	1_3_1_1_1_2	0	2026-08-14 10:04:23	2026-08-14 10:04:23
47	9d47f377-b6bd-46d0-95b2-185bcd371ecd	47	1_3_1_1_1_2	1_3_1_1_1_2_1	金融市场部_交易性国债投资_非司库_交易账户	1_3_1_1_1_2_1	0	2026-08-14 10:04:23	2026-08-14 10:04:23
48	6679b84d-ccb4-4279-aa2c-e44ca0b65d5c	48	1_3_1_1_1_2_1	1_3_1_1_1_2_1_1	金融市场部_交易性国债投资_非司库_交易账户_1Y	末级账户册	0	2026-08-14 10:04:23	2026-08-14 10:04:23
49	0dc4cdfb-8801-402d-8248-f8eec6b757ce	49	1_3_1_1_1_2_1	1_3_1_1_1_2_1_2	金融市场部_交易性国债投资_非司库_交易账户_3Y	末级账户册	0	2026-08-14 10:04:23	2026-08-14 10:04:23
50	9bb44135-56f2-4910-b2b2-4125a8c4a9eb	50	1_3_1_1_1_2_1	1_3_1_1_1_2_1_3	金融市场部_交易性国债投资_非司库_交易账户_5Y	末级账户册	0	2026-08-14 10:04:23	2026-08-14 10:04:23
51	f9c1ed63-7fd0-4be7-9ff3-c776e872d86e	51	1_3_1_1_1_2_1	1_3_1_1_1_2_1_4	金融市场部_交易性国债投资_非司库_交易账户_10Y	末级账户册	0	2026-08-14 10:04:23	2026-08-14 10:04:23
52	9fd782c4-2451-41ea-a492-2879c9637564	52	1_3_1_1_1_2	1_3_1_1_1_2_2	金融市场部_交易性国债投资_非司库_银行账户	1_3_1_1_1_2_2	0	2026-08-14 10:04:23	2026-08-14 10:04:23
53	9d2815cd-b5aa-4e35-b456-0d873384627c	53	1_3_1_1_1_2_2	1_3_1_1_1_2_2_1	金融市场部_交易性国债投资_非司库_银行账户_1Y	末级账户册	0	2026-08-14 10:04:23	2026-08-14 10:04:23
54	bba6f79e-bf77-4e19-8594-a71152dc9c55	54	1_3_1_1_1_2_2	1_3_1_1_1_2_2_2	金融市场部_交易性国债投资_非司库_银行账户_3Y	末级账户册	0	2026-08-14 10:04:23	2026-08-14 10:04:23
55	f354e3e1-f97e-40be-b845-87630d3526d1	55	1_3_1_1_1_2_2	1_3_1_1_1_2_2_3	金融市场部_交易性国债投资_非司库_银行账户_5Y	末级账户册	0	2026-08-14 10:04:23	2026-08-14 10:04:23
56	9496e6d4-f224-439a-93c5-4d7df2b39277	56	1_3_1_1_1_2_2	1_3_1_1_1_2_2_4	金融市场部_交易性国债投资_非司库_银行账户_10Y	末级账户册	0	2026-08-14 10:04:23	2026-08-14 10:04:23
57	b71c9589-fa23-429b-8826-8ef914a5006e	57	1_3_1_1	1_3_1_1_2	金融市场部_交易性央票投资	1_3_1_1_2	0	2026-08-14 10:04:23	2026-08-14 10:04:23
58	1ba3cc60-9313-4d8e-b926-af443b4395e0	58	1_3_1_1_2	1_3_1_1_2_1	金融市场部_交易性央票投资_司库	1_3_1_1_2_1	0	2026-08-14 10:04:23	2026-08-14 10:04:23
59	c4b1e7e5-a6bd-49a9-8f0d-8b0dcdec6dff	59	1_3_1_1_2_1	1_3_1_1_2_1_1	金融市场部_交易性央票投资_司库_1Y	末级账户册	0	2026-08-14 10:04:23	2026-08-14 10:04:23
60	fbf3b622-2fdf-4977-ba2b-74aa713343d9	60	1_3_1_1_2_1	1_3_1_1_2_1_2	金融市场部_交易性央票投资_司库_3Y	末级账户册	0	2026-08-14 10:04:23	2026-08-14 10:04:23
61	d138b1f9-5eb0-46d3-857a-63bb3b77f45e	61	1_3_1_1_2_1	1_3_1_1_2_1_3	金融市场部_交易性央票投资_司库_5Y	末级账户册	0	2026-08-14 10:04:23	2026-08-14 10:04:23
62	df7f9bee-7efb-4031-ab92-aea5c1dc06f7	62	1_3_1_1_2_1	1_3_1_1_2_1_4	金融市场部_交易性央票投资_司库_10Y	末级账户册	0	2026-08-14 10:04:23	2026-08-14 10:04:23
63	5632778f-b9ea-415d-8612-321639627c0f	63	1_3_1_1_2	1_3_1_1_2_2	金融市场部_交易性央票投资_非司库	1_3_1_1_2_2	0	2026-08-14 10:04:23	2026-08-14 10:04:23
64	41e331fd-5000-4f8b-83d2-8327af8a541c	64	1_3_1_1_2_2	1_3_1_1_2_2_1	金融市场部_交易性央票投资_非司库_交易账户	1_3_1_1_2_2_1	0	2026-08-14 10:04:23	2026-08-14 10:04:23
65	f9ac3717-4af0-4beb-b704-88f41971a8ad	65	1_3_1_1_2_2_1	1_3_1_1_2_2_1_1	金融市场部_交易性央票投资_非司库_交易账户_1Y	末级账户册	0	2026-08-14 10:04:23	2026-08-14 10:04:23
66	9534fd78-f235-4357-a3b6-9e2c3695d255	66	1_3_1_1_2_2_1	1_3_1_1_2_2_1_2	金融市场部_交易性央票投资_非司库_交易账户_3Y	末级账户册	0	2026-08-14 10:04:23	2026-08-14 10:04:23
67	71f7a0b0-00d7-4eea-9ba7-bd237b450432	67	1_3_1_1_2_2_1	1_3_1_1_2_2_1_3	金融市场部_交易性央票投资_非司库_交易账户_5Y	末级账户册	0	2026-08-14 10:04:23	2026-08-14 10:04:23
68	6d1db708-72d9-404c-8abe-d764057eb371	68	1_3_1_1_2_2_1	1_3_1_1_2_2_1_4	金融市场部_交易性央票投资_非司库_交易账户_10Y	末级账户册	0	2026-08-14 10:04:23	2026-08-14 10:04:23
69	f881db87-b703-4983-a786-79491017298b	69	1_3_1_1_2_2	1_3_1_1_2_2_2	金融市场部_交易性央票投资_非司库_银行账户	1_3_1_1_2_2_2	0	2026-08-14 10:04:23	2026-08-14 10:04:23
70	04b75b0b-1467-4035-bcb0-6d6dfc2dd99f	70	1_3_1_1_2_2_2	1_3_1_1_2_2_2_1	金融市场部_交易性央票投资_非司库_银行账户_1Y	末级账户册	0	2026-08-14 10:04:23	2026-08-14 10:04:23
71	b268ced3-3c77-4ab0-8fef-62ddf3774594	71	1_3_1_1_2_2_2	1_3_1_1_2_2_2_2	金融市场部_交易性央票投资_非司库_银行账户_3Y	末级账户册	0	2026-08-14 10:04:23	2026-08-14 10:04:23
72	f3dbef0f-ff11-4af9-aac5-21a872e5ad42	72	1_3_1_1_2_2_2	1_3_1_1_2_2_2_3	金融市场部_交易性央票投资_非司库_银行账户_5Y	末级账户册	0	2026-08-14 10:04:23	2026-08-14 10:04:23
73	6b19c375-bd2c-4a3c-99cd-88ec723e7767	73	1_3_1_1_2_2_2	1_3_1_1_2_2_2_4	金融市场部_交易性央票投资_非司库_银行账户_10Y	末级账户册	0	2026-08-14 10:04:23	2026-08-14 10:04:23
74	bcad552a-d6fa-47ce-884c-a41664acb8c4	74	1_3_1_1	1_3_1_1_3	金融市场部_交易性地方政府债投资	1_3_1_1_3	0	2026-08-14 10:04:23	2026-08-14 10:04:23
75	f65e2756-85dd-4bb4-a34b-656c5e7a6d11	75	1_3_1_1_3	1_3_1_1_3_1	金融市场部_交易性地方政府债投资_司库	1_3_1_1_3_1	0	2026-08-14 10:04:23	2026-08-14 10:04:23
76	e65f8b8a-251a-49d9-a1f2-ca8c3824b88a	76	1_3_1_1_3_1	1_3_1_1_3_1_1	金融市场部_交易性地方政府债投资_司库_1Y	末级账户册	0	2026-08-14 10:04:23	2026-08-14 10:04:23
77	ca443606-de8a-441d-bda1-b5eb607ac122	77	1_3_1_1_3_1	1_3_1_1_3_1_2	金融市场部_交易性地方政府债投资_司库_3Y	末级账户册	0	2026-08-14 10:04:23	2026-08-14 10:04:23
78	00dcacb5-cf08-4d9b-a157-205830510636	78	1_3_1_1_3_1	1_3_1_1_3_1_3	金融市场部_交易性地方政府债投资_司库_5Y	末级账户册	0	2026-08-14 10:04:23	2026-08-14 10:04:23
79	1189fbe3-cd0a-4dcd-98a5-c75e576e81cc	79	1_3_1_1_3_1	1_3_1_1_3_1_4	金融市场部_交易性地方政府债投资_司库_10Y	末级账户册	0	2026-08-14 10:04:23	2026-08-14 10:04:23
80	5c9c660b-f573-4bde-b793-8dfba67e844d	80	1_3_1_1_3	1_3_1_1_3_2	金融市场部_交易性地方政府债投资_非司库	1_3_1_1_3_2	0	2026-08-14 10:04:23	2026-08-14 10:04:23
81	53f73c97-4116-4326-a3e0-183a0baa5c50	81	1_3_1_1_3_2	1_3_1_1_3_2_1	金融市场部_交易性地方政府债投资_非司库_交易账户	1_3_1_1_3_2_1	0	2026-08-14 10:04:23	2026-08-14 10:04:23
82	e6cf0c10-2b77-4e69-a058-49c9fb1950c3	82	1_3_1_1_3_2_1	1_3_1_1_3_2_1_1	金融市场部_交易性地方政府债投资_非司库_交易账户_1Y	末级账户册	0	2026-08-14 10:04:23	2026-08-14 10:04:23
83	6410fc1a-ee9d-4ef7-b82f-59e1e9695c29	83	1_3_1_1_3_2_1	1_3_1_1_3_2_1_2	金融市场部_交易性地方政府债投资_非司库_交易账户_3Y	末级账户册	0	2026-08-14 10:04:23	2026-08-14 10:04:23
84	ba664366-98f8-49c6-94cd-e40847575a86	84	1_3_1_1_3_2_1	1_3_1_1_3_2_1_3	金融市场部_交易性地方政府债投资_非司库_交易账户_5Y	末级账户册	0	2026-08-14 10:04:23	2026-08-14 10:04:23
85	54e29dfb-84b4-4603-88ec-0dd0ec8295b1	85	1_3_1_1_3_2_1	1_3_1_1_3_2_1_4	金融市场部_交易性地方政府债投资_非司库_交易账户_10Y	末级账户册	0	2026-08-14 10:04:23	2026-08-14 10:04:23
86	006d2302-1c8d-432b-8d4b-2cf0e9d5fb89	86	1_3_1_1_3_2	1_3_1_1_3_2_2	金融市场部_交易性地方政府债投资_非司库_银行账户	1_3_1_1_3_2_2	0	2026-08-14 10:04:23	2026-08-14 10:04:23
87	8fb8934b-2cc4-49f7-bf97-65e45df1aab7	87	1_3_1_1_3_2_2	1_3_1_1_3_2_2_1	金融市场部_交易性地方政府债投资_非司库_银行账户_1Y	末级账户册	0	2026-08-14 10:04:23	2026-08-14 10:04:23
88	6d411dde-28bc-4363-8cdd-6810ab799b95	88	1_3_1_1_3_2_2	1_3_1_1_3_2_2_2	金融市场部_交易性地方政府债投资_非司库_银行账户_3Y	末级账户册	0	2026-08-14 10:04:23	2026-08-14 10:04:23
89	84fbd870-c376-4b9c-8e31-6ac65185df0f	89	1_3_1_1_3_2_2	1_3_1_1_3_2_2_3	金融市场部_交易性地方政府债投资_非司库_银行账户_5Y	末级账户册	0	2026-08-14 10:04:23	2026-08-14 10:04:23
90	5773fa49-31cd-4535-bb63-d33ed57c9d45	90	1_3_1_1_3_2_2	1_3_1_1_3_2_2_4	金融市场部_交易性地方政府债投资_非司库_银行账户_10Y	末级账户册	0	2026-08-14 10:04:23	2026-08-14 10:04:23
91	57490518-0a05-464b-9205-04cce26948f7	91	1_3_1_1	1_3_1_1_4	金融市场部_交易性政策性金融债投资	1_3_1_1_4	0	2026-08-14 10:04:23	2026-08-14 10:04:23
92	5e643172-6808-484c-a0af-f5be1acd6e93	92	1_3_1_1_4	1_3_1_1_4_1	金融市场部_交易性政策性金融债投资_司库	1_3_1_1_4_1	0	2026-08-14 10:04:23	2026-08-14 10:04:23
93	4ac819c7-0368-42c1-b524-54f78528f279	93	1_3_1_1_4_1	1_3_1_1_4_1_1	金融市场部_交易性政策性金融债投资_ 司库_1Y	末级账户册	0	2026-08-14 10:04:23	2026-08-14 10:04:23
94	fb24dce9-97a3-48a3-9ebf-a1d2d5d6429d	94	1_3_1_1_4_1	1_3_1_1_4_1_2	金融市场部_交易性政策性金融债投资_ 司库_3Y	末级账户册	0	2026-08-14 10:04:23	2026-08-14 10:04:23
95	f2f52db2-22c7-4196-943e-9601b14bd6ef	95	1_3_1_1_4_1	1_3_1_1_4_1_3	金融市场部_交易性政策性金融债投资_ 司库_5Y	末级账户册	0	2026-08-14 10:04:23	2026-08-14 10:04:23
96	4e54ccc1-4087-4c6a-98bb-3dd98dafafb8	96	1_3_1_1_4_1	1_3_1_1_4_1_4	金融市场部_交易性政策性金融债投资_ 司库_10Y	末级账户册	0	2026-08-14 10:04:23	2026-08-14 10:04:23
97	6eeb64fa-e313-4dc9-af13-195e000a8221	97	1_3_1_1_4	1_3_1_1_4_2	金融市场部_交易性政策性金融债投资_非司库	1_3_1_1_4_2	0	2026-08-14 10:04:23	2026-08-14 10:04:23
98	f9ba96a2-756a-4b99-a993-af5dc91a2e3e	98	1_3_1_1_4_2	1_3_1_1_4_2_1	金融市场部_交易性政策性金融债投资_非司库_交易账户	1_3_1_1_4_2_1	0	2026-08-14 10:04:23	2026-08-14 10:04:23
99	b34673a7-ec05-42bf-b7b2-719b79aa70d7	99	1_3_1_1_4_2_1	1_3_1_1_4_2_1_1	金融市场部_交易性政策性金融债投资_非司库_交易账户_1Y	末级账户册	0	2026-08-14 10:04:23	2026-08-14 10:04:23
100	97cf6e6c-8f1b-41af-aac1-136db145e37c	100	1_3_1_1_4_2_1	1_3_1_1_4_2_1_2	金融市场部_交易性政策性金融债投资_非司库_交易账户_3Y	末级账户册	0	2026-08-14 10:04:23	2026-08-14 10:04:23
101	efdbaa23-0636-4b0e-b99a-64ad0bbb8deb	101	1_3_1_1_4_2_1	1_3_1_1_4_2_1_3	金融市场部_交易性政策性金融债投资_非司库_交易账户_5Y	末级账户册	0	2026-08-14 10:04:23	2026-08-14 10:04:23
102	4a89cff2-f09c-4895-a2ef-f415f666dfd8	102	1_3_1_1_4_2_1	1_3_1_1_4_2_1_4	金融市场部_交易性政策性金融债投资_非司库_交易账户_10Y	末级账户册	0	2026-08-14 10:04:23	2026-08-14 10:04:23
103	1da2fe03-1012-49dd-9ab6-339345045caa	103	1_3_1_1_4_2	1_3_1_1_4_2_2	金融市场部_交易性政策性金融债投资_非司库_银行账户	1_3_1_1_4_2_2	0	2026-08-14 10:04:23	2026-08-14 10:04:23
104	16f2784c-81f5-43e6-9376-2cf18cbf170d	104	1_3_1_1_4_2_2	1_3_1_1_4_2_2_1	金融市场部_交易性政策性金融债投资_非司库_银行账户_1Y	末级账户册	0	2026-08-14 10:04:23	2026-08-14 10:04:23
105	837d4121-b930-4f80-bd0b-8c751a835f63	105	1_3_1_1_4_2_2	1_3_1_1_4_2_2_2	金融市场部_交易性政策性金融债投资_非司库_银行账户_3Y	末级账户册	0	2026-08-14 10:04:23	2026-08-14 10:04:23
106	2fc7c274-920b-4232-bbf9-2183b3562499	106	1_3_1_1_4_2_2	1_3_1_1_4_2_2_3	金融市场部_交易性政策性金融债投资_非司库_银行账户_5Y	末级账户册	0	2026-08-14 10:04:23	2026-08-14 10:04:23
107	c5232666-a9a0-4201-87b7-2f7b126d6f31	107	1_3_1_1_4_2_2	1_3_1_1_4_2_2_4	金融市场部_交易性政策性金融债投资_非司库_银行账户_10Y	末级账户册	0	2026-08-14 10:04:23	2026-08-14 10:04:23
108	bab23492-3f18-427e-b9ad-edf6cfda3210	108	1_3_1_1	1_3_1_1_5	金融市场部_交易性商业银行债投资	1_3_1_1_5	0	2026-08-14 10:04:23	2026-08-14 10:04:23
109	e1b9f7c9-68cc-4b22-80b2-5437c3638096	109	1_3_1_1_5	1_3_1_1_5_1	金融市场部_交易性商业银行债投资_司库	1_3_1_1_5_1	0	2026-08-14 10:04:23	2026-08-14 10:04:23
110	9ada05c0-fab5-4633-b038-c415e47b218d	110	1_3_1_1_5_1	1_3_1_1_5_1_1	金融市场部_交易性商业银行债投资_司库_1Y	末级账户册	0	2026-08-14 10:04:23	2026-08-14 10:04:23
111	5a12a8cb-683b-4b31-8fc6-de5ddff864f0	111	1_3_1_1_5_1	1_3_1_1_5_1_2	金融市场部_交易性商业银行债投资_司库_3Y	末级账户册	0	2026-08-14 10:04:23	2026-08-14 10:04:23
112	f7d92c17-71e8-4a83-8f27-396edb79a7d7	112	1_3_1_1_5_1	1_3_1_1_5_1_3	金融市场部_交易性商业银行债投资_司库_5Y	末级账户册	0	2026-08-14 10:04:23	2026-08-14 10:04:23
113	1afb226f-8295-4502-bfe9-62e603ec07d2	113	1_3_1_1_5_1	1_3_1_1_5_1_4	金融市场部_交易性商业银行债投资_司库_10Y	末级账户册	0	2026-08-14 10:04:23	2026-08-14 10:04:23
114	441c69fe-56cd-4e57-b935-42b1946ebf2d	114	1_3_1_1_5	1_3_1_1_5_2	金融市场部_交易性商业银行债投资_非司库	1_3_1_1_5_2	0	2026-08-14 10:04:23	2026-08-14 10:04:23
115	c2e7b80f-228d-4544-9dbe-9b36da6e75a7	115	1_3_1_1_5_2	1_3_1_1_5_2_1	金融市场部_交易性商业银行债投资_非司库_交易账户	1_3_1_1_5_2_1	0	2026-08-14 10:04:23	2026-08-14 10:04:23
116	cbd33f30-09e9-48a2-b6ef-b0a28e4f8a6f	116	1_3_1_1_5_2_1	1_3_1_1_5_2_1_1	金融市场部_交易性商业银行债投资_非司库_交易账户_1Y	末级账户册	0	2026-08-14 10:04:23	2026-08-14 10:04:23
117	c94c8d62-c290-4805-a228-c8c40071f44f	117	1_3_1_1_5_2_1	1_3_1_1_5_2_1_2	金融市场部_交易性商业银行债投资_非司库_交易账户_3Y	末级账户册	0	2026-08-14 10:04:23	2026-08-14 10:04:23
118	7665e0ce-8157-4990-bfd5-81eae7c4df46	118	1_3_1_1_5_2_1	1_3_1_1_5_2_1_3	金融市场部_交易性商业银行债投资_非司库_交易账户_5Y	末级账户册	0	2026-08-14 10:04:23	2026-08-14 10:04:23
119	69d97d98-a3f4-4cd0-b015-473e6cde79a3	119	1_3_1_1_5_2_1	1_3_1_1_5_2_1_4	金融市场部_交易性商业银行债投资_非司库_交易账户_10Y	末级账户册	0	2026-08-14 10:04:23	2026-08-14 10:04:23
120	54d408d7-db86-4388-9720-3b6d97ffb79e	120	1_3_1_1_5_2	1_3_1_1_5_2_2	金融市场部_交易性商业银行债投资_非司库_银行账户	1_3_1_1_5_2_2	0	2026-08-14 10:04:23	2026-08-14 10:04:23
121	4fc505f2-d9b4-4a97-a9d0-ebbe8ab7074a	121	1_3_1_1_5_2_2	1_3_1_1_5_2_2_1	金融市场部_交易性商业银行债投资_非司库_银行账户_1Y	末级账户册	0	2026-08-14 10:04:23	2026-08-14 10:04:23
122	05bfd1cf-b3af-4d32-8914-fdaefbe305f0	122	1_3_1_1_5_2_2	1_3_1_1_5_2_2_2	金融市场部_交易性商业银行债投资_非司库_银行账户_3Y	末级账户册	0	2026-08-14 10:04:23	2026-08-14 10:04:23
123	1ca2a682-5c9d-4dd9-9b0f-8e75f2853045	123	1_3_1_1_5_2_2	1_3_1_1_5_2_2_3	金融市场部_交易性商业银行债投资_非司库_银行账户_5Y	末级账户册	0	2026-08-14 10:04:23	2026-08-14 10:04:23
124	3111dcf9-1c0e-4cee-8929-9af96f925b16	124	1_3_1_1_5_2_2	1_3_1_1_5_2_2_4	金融市场部_交易性商业银行债投资_非司库_银行账户_10Y	末级账户册	0	2026-08-14 10:04:23	2026-08-14 10:04:23
125	b48330f5-837e-4788-b205-ae7398738569	125	1_3_1_1	1_3_1_1_6	金融市场部_交易性金融机构债投资	1_3_1_1_6	0	2026-08-14 10:04:23	2026-08-14 10:04:23
126	e49d4733-4f20-4318-972b-5b48b6f1ea50	126	1_3_1_1_6	1_3_1_1_6_1	金融市场部_交易性金融机构债投资_非司库	1_3_1_1_6_1	0	2026-08-14 10:04:23	2026-08-14 10:04:23
127	80cde76b-dfdb-4fac-8a01-069f741d0f6b	127	1_3_1_1_6_1	1_3_1_1_6_1_1	金融市场部_交易性金融机构债投资_非司库_交易账户	1_3_1_1_6_1_1	0	2026-08-14 10:04:23	2026-08-14 10:04:23
128	0a4ecd92-4441-458f-a0be-e00252cf62e6	128	1_3_1_1_6_1_1	1_3_1_1_6_1_1_1	金融市场部_交易性金融机构债投资_非司库_交易账户_1Y	末级账户册	0	2026-08-14 10:04:23	2026-08-14 10:04:23
129	0a19fae5-178d-4d31-bc11-defc46244113	129	1_3_1_1_6_1_1	1_3_1_1_6_1_1_2	金融市场部_交易性金融机构债投资_非司库_交易账户_3Y	末级账户册	0	2026-08-14 10:04:23	2026-08-14 10:04:23
130	a2450bb1-cfa6-4e4b-938a-991dcac8d1bb	130	1_3_1_1_6_1_1	1_3_1_1_6_1_1_3	金融市场部_交易性金融机构债投资_非司库_交易账户_5Y	末级账户册	0	2026-08-14 10:04:23	2026-08-14 10:04:23
131	3d81ae8c-cb5f-42ad-b184-604a3a8c08fe	131	1_3_1_1_6_1_1	1_3_1_1_6_1_1_4	金融市场部_交易性金融机构债投资_非司库_交易账户_10Y	末级账户册	0	2026-08-14 10:04:23	2026-08-14 10:04:23
132	90145506-d2b4-4a27-882e-8a49df57376e	132	1_3_1_1_6_1	1_3_1_1_6_1_2	金融市场部_交易性金融机构债投资_非司库_银行账户	1_3_1_1_6_1_2	0	2026-08-14 10:04:23	2026-08-14 10:04:23
133	f1ffccd8-105b-4f20-82e6-722239ebbaeb	133	1_3_1_1_6_1_2	1_3_1_1_6_1_2_1	金融市场部_交易性金融机构债投资_非司库_银行账户_1Y	末级账户册	0	2026-08-14 10:04:23	2026-08-14 10:04:23
134	121923b3-305b-4610-9c4e-1c78f7200eca	134	1_3_1_1_6_1_2	1_3_1_1_6_1_2_2	金融市场部_交易性金融机构债投资_非司库_银行账户_3Y	末级账户册	0	2026-08-14 10:04:23	2026-08-14 10:04:23
135	a4d107c4-e6dd-465a-b129-fb870638641e	135	1_3_1_1_6_1_2	1_3_1_1_6_1_2_3	金融市场部_交易性金融机构债投资_非司库_银行账户_5Y	末级账户册	0	2026-08-14 10:04:23	2026-08-14 10:04:23
136	ba9c18e2-dba4-46bc-986f-6968e70067b4	136	1_3_1_1_6_1_2	1_3_1_1_6_1_2_4	金融市场部_交易性金融机构债投资_非司库_银行账户_10Y	末级账户册	0	2026-08-14 10:04:23	2026-08-14 10:04:23
137	23fc2784-e284-4384-8d15-613ecf09c388	137	1_3_1_1	1_3_1_1_7	金融市场部_交易性公司债投资	1_3_1_1_7	0	2026-08-14 10:04:23	2026-08-14 10:04:23
138	b615a7af-9ee9-48b2-adc0-bc1a6f5d2b08	138	1_3_1_1_7	1_3_1_1_7_1	金融市场部_交易性公司债投资_非司库	1_3_1_1_7_1	0	2026-08-14 10:04:23	2026-08-14 10:04:23
139	ddb3e60a-8369-4174-8e41-4c5519d90108	139	1_3_1_1_7_1	1_3_1_1_7_1_1	金融市场部_交易性公司债投资_非司库_交易账户	1_3_1_1_7_1_1	0	2026-08-14 10:04:23	2026-08-14 10:04:23
140	aabb8081-4ea6-4bf6-8087-5ec061164930	140	1_3_1_1_7_1_1	1_3_1_1_7_1_1_1	金融市场部_交易性公司债投资_非司库_交易账户_1Y	末级账户册	0	2026-08-14 10:04:23	2026-08-14 10:04:23
141	62600e3d-9a2a-4036-b620-b28dae54cbb3	141	1_3_1_1_7_1_1	1_3_1_1_7_1_1_2	金融市场部_交易性公司债投资_非司库_交易账户_3Y	末级账户册	0	2026-08-14 10:04:23	2026-08-14 10:04:23
142	0f6b563a-63a7-4f42-a31b-8695fb6007ba	142	1_3_1_1_7_1_1	1_3_1_1_7_1_1_3	金融市场部_交易性公司债投资_非司库_交易账户_5Y	末级账户册	0	2026-08-14 10:04:23	2026-08-14 10:04:23
143	a31cf459-6f6b-4dba-bde8-d259d4519481	143	1_3_1_1_7_1_1	1_3_1_1_7_1_1_4	金融市场部_交易性公司债投资_非司库_交易账户_10Y	末级账户册	0	2026-08-14 10:04:23	2026-08-14 10:04:23
144	6f9304fd-1cea-4b92-9cda-081baad03687	144	1_3_1_1_7_1	1_3_1_1_7_1_2	金融市场部_交易性公司债投资_非司库_银行账户	1_3_1_1_7_1_2	0	2026-08-14 10:04:23	2026-08-14 10:04:23
145	7bcff950-54e9-4e8a-a6ca-9534c312d553	145	1_3_1_1_7_1_2	1_3_1_1_7_1_2_1	金融市场部_交易性公司债投资_非司库_银行账户_1Y	末级账户册	0	2026-08-14 10:04:23	2026-08-14 10:04:23
146	3e53b1bf-4ae7-4d37-8a9d-725ee74d8aa5	146	1_3_1_1_7_1_2	1_3_1_1_7_1_2_2	金融市场部_交易性公司债投资_非司库_银行账户_3Y	末级账户册	0	2026-08-14 10:04:23	2026-08-14 10:04:23
147	e0218a6c-b26b-475c-a358-ac1023e04572	147	1_3_1_1_7_1_2	1_3_1_1_7_1_2_3	金融市场部_交易性公司债投资_非司库_银行账户_5Y	末级账户册	0	2026-08-14 10:04:23	2026-08-14 10:04:23
148	75f27c87-e515-40fa-b4a8-c371d00d2487	148	1_3_1_1_7_1_2	1_3_1_1_7_1_2_4	金融市场部_交易性公司债投资_非司库_银行账户_10Y	末级账户册	0	2026-08-14 10:04:23	2026-08-14 10:04:23
149	0ce21237-c60b-499b-bdd3-3df14440788e	149	1_3_1_1	1_3_1_1_8	金融市场部_交易性同业存单投资	1_3_1_1_8	0	2026-08-14 10:04:23	2026-08-14 10:04:23
150	c7f26b51-f86b-41a5-8ff2-c571415f138e	150	1_3_1_1_8	1_3_1_1_8_1	金融市场部_交易性同业存单投资_非司库	1_3_1_1_8_1	0	2026-08-14 10:04:23	2026-08-14 10:04:23
151	d49ee4e8-e80a-46de-90d1-779cfc90e760	151	1_3_1_1_8_1	1_3_1_1_8_1_1	金融市场部_交易性同业存单投资_非司库_交易账户	1_3_1_1_8_1_1	0	2026-08-14 10:04:23	2026-08-14 10:04:23
152	6491e510-d581-494d-9354-b9233ed6b4b8	152	1_3_1_1_8_1_1	1_3_1_1_8_1_1_1	金融市场部_交易性同业存单投资_非司库_交易账户_1M	末级账户册	0	2026-08-14 10:04:23	2026-08-14 10:04:23
153	56c4f484-7732-40dc-977a-3d81b8cf132a	153	1_3_1_1_8_1_1	1_3_1_1_8_1_1_2	金融市场部_交易性同业存单投资_非司库_交易账户_3M	末级账户册	0	2026-08-14 10:04:23	2026-08-14 10:04:23
154	3e9b66c8-3d99-4260-9218-3b9ed03f391c	154	1_3_1_1_8_1_1	1_3_1_1_8_1_1_3	金融市场部_交易性同业存单投资_非司库_交易账户_6M	末级账户册	0	2026-08-14 10:04:23	2026-08-14 10:04:23
155	8b1e943c-147b-441e-b900-18c61019d67a	155	1_3_1_1_8_1_1	1_3_1_1_8_1_1_4	金融市场部_交易性同业存单投资_非司库_交易账户_1Y	末级账户册	0	2026-08-14 10:04:23	2026-08-14 10:04:23
156	822fd8e5-fc87-46d3-bd33-bb04f1d259f5	156	1_3_1_1_8_1	1_3_1_1_8_1_2	金融市场部_交易性同业存单投资_非司库_银行账户	1_3_1_1_8_1_2	0	2026-08-14 10:04:23	2026-08-14 10:04:23
157	278f85fe-6a2b-4b3d-878d-14080df0f84e	157	1_3_1_1_8_1_2	1_3_1_1_8_1_2_1	金融市场部_交易性同业存单投资_非司库_银行账户_1M	末级账户册	0	2026-08-14 10:04:23	2026-08-14 10:04:23
158	711a3349-4db1-474b-89de-4094a1f360dd	158	1_3_1_1_8_1_2	1_3_1_1_8_1_2_2	金融市场部_交易性同业存单投资_非司库_银行账户_3M	末级账户册	0	2026-08-14 10:04:23	2026-08-14 10:04:23
159	6197bf9a-540b-4f49-b91a-177d53ba5c16	159	1_3_1_1_8_1_2	1_3_1_1_8_1_2_3	金融市场部_交易性同业存单投资_非司库_银行账户_6M	末级账户册	0	2026-08-14 10:04:23	2026-08-14 10:04:23
160	d7ef730e-7571-425d-8fce-a2bc870a467e	160	1_3_1_1_8_1_2	1_3_1_1_8_1_2_4	金融市场部_交易性同业存单投资_非司库_银行账户_1Y	末级账户册	0	2026-08-14 10:04:23	2026-08-14 10:04:23
161	99e39f72-6710-4421-8014-a4d289efd5b3	161	1_3_1_1	1_3_1_1_9	金融市场部_交易性金融资产_其他	1_3_1_1_9	0	2026-08-14 10:04:23	2026-08-14 10:04:23
162	c39f5fe5-9965-444f-aa57-258641796317	162	1_3_1_1_9	1_3_1_1_9_1	金融市场部_交易性金融资产_其他_非司库	1_3_1_1_9_1	0	2026-08-14 10:04:23	2026-08-14 10:04:23
163	a9d43eaa-a092-45f4-be7f-1e7f10fb611b	163	1_3_1_1_9_1	1_3_1_1_9_1_1	金融市场部_交易性金融资产_其他_非司库_交易账户	1_3_1_1_9_1_1	0	2026-08-14 10:04:23	2026-08-14 10:04:23
164	d7e8e005-6c07-4ac6-8072-cbc4ad1b1175	164	1_3_1_1_9_1_1	1_3_1_1_9_1_1_1	金融市场部_交易性金融资产_其他_非司库_交易账户_1Y	末级账户册	0	2026-08-14 10:04:23	2026-08-14 10:04:23
165	f50d2dcb-3c72-46ad-a538-9c6c7ecf62c1	165	1_3_1_1_9_1_1	1_3_1_1_9_1_1_2	金融市场部_交易性金融资产_其他_非司库_交易账户_3Y	末级账户册	0	2026-08-14 10:04:23	2026-08-14 10:04:23
166	7fab72aa-1752-4493-86e5-6c4a2bdc0130	166	1_3_1_1_9_1_1	1_3_1_1_9_1_1_3	金融市场部_交易性金融资产_其他_非司库_交易账户_5Y	末级账户册	0	2026-08-14 10:04:23	2026-08-14 10:04:23
167	4f3ff66f-0aed-4323-b1b1-746240eb7ad8	167	1_3_1_1_9_1	1_3_1_1_9_1_2	金融市场部_交易性金融资产_其他_非司库_银行账户	1_3_1_1_9_1_2	0	2026-08-14 10:04:23	2026-08-14 10:04:23
168	419a9489-2e23-4e73-8e83-1d60128e5844	168	1_3_1_1_9_1_2	1_3_1_1_9_1_2_1	金融市场部_交易性金融资产_其他_非司库_银行账户_1Y	末级账户册	0	2026-08-14 10:04:23	2026-08-14 10:04:23
169	789e1f45-8019-4d8e-b8c0-00fd420ec041	169	1_3_1_1_9_1_2	1_3_1_1_9_1_2_2	金融市场部_交易性金融资产_其他_非司库_银行账户_3Y	末级账户册	0	2026-08-14 10:04:23	2026-08-14 10:04:23
170	5ec281f2-51bc-4e4b-9112-2474fa7877ba	170	1_3_1_1_9_1_2	1_3_1_1_9_1_2_3	金融市场部_交易性金融资产_其他_非司库_银行账户_5Y	末级账户册	0	2026-08-14 10:04:23	2026-08-14 10:04:23
171	70818d2d-96f1-443d-be6a-bd66989d6f9f	171	1_3_1	1_3_1_2	金融市场部_其他债权投资	1_3_1_2	0	2026-08-14 10:04:23	2026-08-14 10:04:23
172	f8cee89a-8222-492a-a4db-dab3c3e991e5	172	1_3_1_2	1_3_1_2_1	金融市场部_其他债权投资_国债	1_3_1_2_1	0	2026-08-14 10:04:23	2026-08-14 10:04:23
173	b3f9a2e1-c6a8-4c4c-8f27-f63fa9bcd4a6	173	1_3_1_2_1	1_3_1_2_1_1	金融市场部_其他债权投资_国债_司库	1_3_1_2_1_1	0	2026-08-14 10:04:23	2026-08-14 10:04:23
174	face1ad4-9c7b-451b-babb-bca6f02717e9	174	1_3_1_2_1_1	1_3_1_2_1_1_1	金融市场部_其他债权投资_国债_司库_1Y	末级账户册	0	2026-08-14 10:04:23	2026-08-14 10:04:23
175	2e2216df-44b8-4700-9644-709a2570f8f8	175	1_3_1_2_1_1	1_3_1_2_1_1_2	金融市场部_其他债权投资_国债_司库_3Y	末级账户册	0	2026-08-14 10:04:23	2026-08-14 10:04:23
176	24ac7142-60ee-4746-b731-c2974ca4ce85	176	1_3_1_2_1_1	1_3_1_2_1_1_3	金融市场部_其他债权投资_国债_司库_5Y	末级账户册	0	2026-08-14 10:04:23	2026-08-14 10:04:23
177	ec9e24e1-bf2c-407e-a3e9-c2eaf52a0f37	177	1_3_1_2_1_1	1_3_1_2_1_1_4	金融市场部_其他债权投资_国债_司库_10Y	末级账户册	0	2026-08-14 10:04:23	2026-08-14 10:04:23
178	d6c169b4-c366-4358-b335-2b8520956ff9	178	1_3_1_2_1	1_3_1_2_1_2	金融市场部_其他债权投资_国债_非司库	1_3_1_2_1_2	0	2026-08-14 10:04:23	2026-08-14 10:04:23
179	9cfccb2d-cbaf-43c8-b2ab-cf9cc318a35b	179	1_3_1_2_1_2	1_3_1_2_1_2_1	金融市场部_其他债权投资_国债_非司库_1Y	末级账户册	0	2026-08-14 10:04:23	2026-08-14 10:04:23
180	7a9236c4-ba2f-49d8-beda-5206a31eca01	180	1_3_1_2_1_2	1_3_1_2_1_2_2	金融市场部_其他债权投资_国债_非司库_3Y	末级账户册	0	2026-08-14 10:04:23	2026-08-14 10:04:23
181	14ce25a1-3a03-430d-b148-e313e8157758	181	1_3_1_2_1_2	1_3_1_2_1_2_3	金融市场部_其他债权投资_国债_非司库_5Y	末级账户册	0	2026-08-14 10:04:23	2026-08-14 10:04:23
182	1220b858-5681-4397-a00e-380f358017ef	182	1_3_1_2_1_2	1_3_1_2_1_2_4	金融市场部_其他债权投资_国债_非司库_10Y	末级账户册	0	2026-08-14 10:04:23	2026-08-14 10:04:23
183	7c5ba70c-7b2d-4838-8e53-a7f764a65521	183	1_3_1_2	1_3_1_2_2	金融市场部_其他债权投资_央票	1_3_1_2_2	0	2026-08-14 10:04:23	2026-08-14 10:04:23
184	3017caae-5ab8-4605-820d-063d938c4bb1	184	1_3_1_2_2	1_3_1_2_2_1	金融市场部_其他债权投资_央票_司库	1_3_1_2_2_1	0	2026-08-14 10:04:23	2026-08-14 10:04:23
185	2edc5aa8-2115-4998-a403-30d2a8e99c84	185	1_3_1_2_2_1	1_3_1_2_2_1_1	金融市场部_其他债权投资_央票_司库_1Y	末级账户册	0	2026-08-14 10:04:23	2026-08-14 10:04:23
186	ba435853-d278-4db8-bbc2-70eda35dc17a	186	1_3_1_2_2_1	1_3_1_2_2_1_2	金融市场部_其他债权投资_央票_司库_3Y	末级账户册	0	2026-08-14 10:04:23	2026-08-14 10:04:23
187	fd9a061d-2298-4c54-9d39-3667dd1d67e9	187	1_3_1_2_2_1	1_3_1_2_2_1_3	金融市场部_其他债权投资_央票_司库_5Y	末级账户册	0	2026-08-14 10:04:23	2026-08-14 10:04:23
188	9b0a1592-4f47-4bfb-8e56-f6e4347ba4cc	188	1_3_1_2_2_1	1_3_1_2_2_1_4	金融市场部_其他债权投资_央票_司库_10Y	末级账户册	0	2026-08-14 10:04:23	2026-08-14 10:04:23
189	a1604f2c-451c-4cf7-84d1-c7824ec023c8	189	1_3_1_2_2	1_3_1_2_2_2	金融市场部_其他债权投资_央票_非司库	1_3_1_2_2_2	0	2026-08-14 10:04:23	2026-08-14 10:04:23
190	32daf35c-d146-4a90-9729-5930be021316	190	1_3_1_2_2_2	1_3_1_2_2_2_1	金融市场部_其他债权投资_央票_非司库_1Y	末级账户册	0	2026-08-14 10:04:23	2026-08-14 10:04:23
191	b7e64ea6-fa5f-4a81-94e8-c5908ebbba68	191	1_3_1_2_2_2	1_3_1_2_2_2_2	金融市场部_其他债权投资_央票_非司库_3Y	末级账户册	0	2026-08-14 10:04:23	2026-08-14 10:04:23
192	7413d75f-6a7a-471c-8990-b756f892cd8c	192	1_3_1_2_2_2	1_3_1_2_2_2_3	金融市场部_其他债权投资_央票_非司库_5Y	末级账户册	0	2026-08-14 10:04:23	2026-08-14 10:04:23
193	28e3c3e3-bcb5-4f82-b5bf-7ae9bfcbc5d9	193	1_3_1_2_2_2	1_3_1_2_2_2_4	金融市场部_其他债权投资_央票_非司库_10Y	末级账户册	0	2026-08-14 10:04:23	2026-08-14 10:04:23
194	5b19254d-8ba1-492e-b43d-b41274de6a3a	194	1_3_1_2	1_3_1_2_3	金融市场部_其他债权投资_地方政府债	1_3_1_2_3	0	2026-08-14 10:04:23	2026-08-14 10:04:23
195	5adfc921-6fc9-4c38-baf7-712ec35ce8f8	195	1_3_1_2_3	1_3_1_2_3_1	金融市场部_其他债权投资_地方政府债_司库	1_3_1_2_3_1	0	2026-08-14 10:04:23	2026-08-14 10:04:23
196	e74a9f64-b8e2-4d07-9912-48b6b428e959	196	1_3_1_2_3_1	1_3_1_2_3_1_1	金融市场部_其他债权投资_地方政府债_司库_1Y	末级账户册	0	2026-08-14 10:04:23	2026-08-14 10:04:23
197	3fb73f9c-fbc1-4b35-8dc4-26e0961e995f	197	1_3_1_2_3_1	1_3_1_2_3_1_2	金融市场部_其他债权投资_地方政府债_司库_3Y	末级账户册	0	2026-08-14 10:04:23	2026-08-14 10:04:23
198	9a744552-eb13-4079-8deb-1630952d2296	198	1_3_1_2_3_1	1_3_1_2_3_1_3	金融市场部_其他债权投资_地方政府债_司库_5Y	末级账户册	0	2026-08-14 10:04:23	2026-08-14 10:04:23
199	b1819314-e260-4b9f-82c1-18a45695ce88	199	1_3_1_2_3_1	1_3_1_2_3_1_4	金融市场部_其他债权投资_地方政府债_司库_10Y	末级账户册	0	2026-08-14 10:04:23	2026-08-14 10:04:23
200	74ff72ea-e8ee-4b94-abe7-16371a5f4449	200	1_3_1_2_3	1_3_1_2_3_2	金融市场部_其他债权投资_地方政府债_非司库	1_3_1_2_3_2	0	2026-08-14 10:04:23	2026-08-14 10:04:23
201	53909b7f-5983-401c-a60f-4c3d391b25cb	201	1_3_1_2_3_2	1_3_1_2_3_2_1	金融市场部_其他债权投资_地方政府债_非司库_1Y	末级账户册	0	2026-08-14 10:04:23	2026-08-14 10:04:23
202	9a3be4a6-be1e-4620-8a35-a9257aabd66e	202	1_3_1_2_3_2	1_3_1_2_3_2_2	金融市场部_其他债权投资_地方政府债_非司库_3Y	末级账户册	0	2026-08-14 10:04:23	2026-08-14 10:04:23
203	65525965-dfb3-42dc-8708-6d96624749b3	203	1_3_1_2_3_2	1_3_1_2_3_2_3	金融市场部_其他债权投资_地方政府债_非司库_5Y	末级账户册	0	2026-08-14 10:04:23	2026-08-14 10:04:23
204	e2d9c787-d593-42f6-acff-f40779d83f2e	204	1_3_1_2_3_2	1_3_1_2_3_2_4	金融市场部_其他债权投资_地方政府债_非司库_10Y	末级账户册	0	2026-08-14 10:04:23	2026-08-14 10:04:23
205	c16aa159-fe5b-4d09-b4fc-8373442d4911	205	1_3_1_2	1_3_1_2_4	金融市场部_其他债权投资_政策性金融债	1_3_1_2_4	0	2026-08-14 10:04:23	2026-08-14 10:04:23
206	1f1c3108-1236-4d31-a1a1-f95f684fd2f2	206	1_3_1_2_4	1_3_1_2_4_1	金融市场部_其他债权投资_政策性金融债_司库	1_3_1_2_4_1	0	2026-08-14 10:04:23	2026-08-14 10:04:23
207	77041f28-a7ec-47a9-b3a8-87be31073800	207	1_3_1_2_4_1	1_3_1_2_4_1_1	金融市场部_其他债权投资_政策性金融债_司库_1Y	末级账户册	0	2026-08-14 10:04:23	2026-08-14 10:04:23
208	4b2d837a-7c19-4ece-bdb6-d41e93e0ce48	208	1_3_1_2_4_1	1_3_1_2_4_1_2	金融市场部_其他债权投资_政策性金融债_司库_3Y	末级账户册	0	2026-08-14 10:04:23	2026-08-14 10:04:23
209	3e5b8931-e271-4eac-8c04-e5006d1fdb5e	209	1_3_1_2_4_1	1_3_1_2_4_1_3	金融市场部_其他债权投资_政策性金融债_司库_5Y	末级账户册	0	2026-08-14 10:04:23	2026-08-14 10:04:23
210	6b47fd57-c487-45b7-ba88-75c367bd261f	210	1_3_1_2_4_1	1_3_1_2_4_1_4	金融市场部_其他债权投资_政策性金融债_司库_10Y	末级账户册	0	2026-08-14 10:04:23	2026-08-14 10:04:23
211	9c5adff2-04b0-41cb-be0e-0fa1e5798457	211	1_3_1_2_4	1_3_1_2_4_2	金融市场部_其他债权投资_政策性金融债_非司库	1_3_1_2_4_2	0	2026-08-14 10:04:23	2026-08-14 10:04:23
212	8232df5c-efbd-4db7-89e7-a2be93715052	212	1_3_1_2_4_2	1_3_1_2_4_2_1	金融市场部_其他债权投资_政策性金融债_非司库_1Y	末级账户册	0	2026-08-14 10:04:23	2026-08-14 10:04:23
213	8949cfcd-0dbc-4335-9cb4-e91831165b00	213	1_3_1_2_4_2	1_3_1_2_4_2_2	金融市场部_其他债权投资_政策性金融债_非司库_3Y	末级账户册	0	2026-08-14 10:04:23	2026-08-14 10:04:23
214	4fbcc264-a63a-4c67-ac3c-1cb2000733e8	214	1_3_1_2_4_2	1_3_1_2_4_2_3	金融市场部_其他债权投资_政策性金融债_非司库_5Y	末级账户册	0	2026-08-14 10:04:23	2026-08-14 10:04:23
215	acc7f7b7-7803-445f-a014-0c6fb3928bba	215	1_3_1_2_4_2	1_3_1_2_4_2_4	金融市场部_其他债权投资_政策性金融债_非司库_10Y	末级账户册	0	2026-08-14 10:04:23	2026-08-14 10:04:23
216	a4f27a10-7ed6-4a8f-959f-b61a61910f71	216	1_3_1_2	1_3_1_2_5	金融市场部_其他债权投资_商业银行债	1_3_1_2_5	0	2026-08-14 10:04:23	2026-08-14 10:04:23
217	9ad10c38-0097-4fbc-bdb5-fd98b1292d87	217	1_3_1_2_5	1_3_1_2_5_1	金融市场部_其他债权投资_商业银行债_司库	1_3_1_2_5_1	0	2026-08-14 10:04:23	2026-08-14 10:04:23
218	88716882-b4c2-44dd-891c-a5bcf67449ac	218	1_3_1_2_5_1	1_3_1_2_5_1_1	金融市场部_其他债权投资_商业银行债_司库_1Y	末级账户册	0	2026-08-14 10:04:23	2026-08-14 10:04:23
219	8ccd6da5-13e6-45c9-8a81-1693e1d0e98d	219	1_3_1_2_5_1	1_3_1_2_5_1_2	金融市场部_其他债权投资_商业银行债_司库_3Y	末级账户册	0	2026-08-14 10:04:23	2026-08-14 10:04:23
220	acaf2e38-146e-4f10-828b-30d803d3f349	220	1_3_1_2_5_1	1_3_1_2_5_1_3	金融市场部_其他债权投资_商业银行债_司库_5Y	末级账户册	0	2026-08-14 10:04:23	2026-08-14 10:04:23
221	1a9166a7-eb23-40dc-adb5-09f1dd4f5a21	221	1_3_1_2_5_1	1_3_1_2_5_1_4	金融市场部_其他债权投资_商业银行债_司库_10Y	末级账户册	0	2026-08-14 10:04:23	2026-08-14 10:04:23
222	d3a264fa-7c90-45da-8c33-6a98c0edc4fe	222	1_3_1_2_5	1_3_1_2_5_2	金融市场部_其他债权投资_商业银行债_非司库	1_3_1_2_5_2	0	2026-08-14 10:04:23	2026-08-14 10:04:23
223	0888e525-7e72-4570-bae8-90f31798aa00	223	1_3_1_2_5_2	1_3_1_2_5_2_1	金融市场部_其他债权投资_商业银行债_非司库_1Y	末级账户册	0	2026-08-14 10:04:23	2026-08-14 10:04:23
224	5fabafdb-4ec7-45a4-ba88-7ba815c6c4fd	224	1_3_1_2_5_2	1_3_1_2_5_2_2	金融市场部_其他债权投资_商业银行债_非司库_3Y	末级账户册	0	2026-08-14 10:04:23	2026-08-14 10:04:23
225	175993cc-3928-4ed7-a6ae-0517cc7ef981	225	1_3_1_2_5_2	1_3_1_2_5_2_3	金融市场部_其他债权投资_商业银行债_非司库_5Y	末级账户册	0	2026-08-14 10:04:23	2026-08-14 10:04:23
226	dcc7e9df-d67a-4902-bb1c-ca1db4255bef	226	1_3_1_2_5_2	1_3_1_2_5_2_4	金融市场部_其他债权投资_商业银行债_非司库_10Y	末级账户册	0	2026-08-14 10:04:23	2026-08-14 10:04:23
227	fdca5fe6-0590-465e-9952-20dd3fe8e2e4	227	1_3_1_2	1_3_1_2_6	金融市场部_其他债权投资_金融机构债	1_3_1_2_6	0	2026-08-14 10:04:23	2026-08-14 10:04:23
228	af1e99a4-9e02-4669-a363-74c8d05930fb	228	1_3_1_2_6	1_3_1_2_6_1	金融市场部_其他债权投资_金融机构债_非司库	1_3_1_2_6_1	0	2026-08-14 10:04:23	2026-08-14 10:04:23
229	1b3572e7-1060-45b7-9d93-00a53e8b1f81	229	1_3_1_2_6_1	1_3_1_2_6_1_1	金融市场部_其他债权投资_金融机构债_非司库_1Y	末级账户册	0	2026-08-14 10:04:23	2026-08-14 10:04:23
230	e98e9f59-0e51-428f-a3d5-152c5c0fbff8	230	1_3_1_2_6_1	1_3_1_2_6_1_2	金融市场部_其他债权投资_金融机构债_非司库_3Y	末级账户册	0	2026-08-14 10:04:23	2026-08-14 10:04:23
231	437dc3cf-27f6-4d65-8167-66bcf43ca68b	231	1_3_1_2_6_1	1_3_1_2_6_1_3	金融市场部_其他债权投资_金融机构债_非司库_5Y	末级账户册	0	2026-08-14 10:04:23	2026-08-14 10:04:23
232	a2666e49-6f48-454a-a977-5b19e59c85fe	232	1_3_1_2_6_1	1_3_1_2_6_1_4	金融市场部_其他债权投资_金融机构债_非司库_10Y	末级账户册	0	2026-08-14 10:04:23	2026-08-14 10:04:23
233	2ff19b9a-9c5d-4fe7-823d-52a150a73ff3	233	1_3_1_2	1_3_1_2_7	金融市场部_其他债权投资_公司债	1_3_1_2_7	0	2026-08-14 10:04:23	2026-08-14 10:04:23
234	eb8ca468-60cc-49d0-9bc6-5e6938ba7c4d	234	1_3_1_2_7	1_3_1_2_7_1	金融市场部_其他债权投资_公司债_非司库	1_3_1_2_7_1	0	2026-08-14 10:04:23	2026-08-14 10:04:23
235	488dee44-539e-4c26-bdb7-288f56e96ed7	235	1_3_1_2_7_1	1_3_1_2_7_1_1	金融市场部_其他债权投资_公司债_非司库_1Y	末级账户册	0	2026-08-14 10:04:23	2026-08-14 10:04:23
236	11b48291-c509-4653-a3e7-7216dffc9c0b	236	1_3_1_2_7_1	1_3_1_2_7_1_2	金融市场部_其他债权投资_公司债_非司库_3Y	末级账户册	0	2026-08-14 10:04:23	2026-08-14 10:04:23
237	6e09f879-e730-4463-92fc-f602b2f567df	237	1_3_1_2_7_1	1_3_1_2_7_1_3	金融市场部_其他债权投资_公司债_非司库_5Y	末级账户册	0	2026-08-14 10:04:23	2026-08-14 10:04:23
238	1034ebd0-f574-4f6b-b4a0-6c85ba6efc1f	238	1_3_1_2_7_1	1_3_1_2_7_1_4	金融市场部_其他债权投资_公司债_非司库_10Y	末级账户册	0	2026-08-14 10:04:23	2026-08-14 10:04:23
239	9f025321-05ae-4e58-92f4-5a35fd598b79	239	1_3_1_2	1_3_1_2_8	金融市场部_其他债权投资_同业存单债	1_3_1_2_8	0	2026-08-14 10:04:23	2026-08-14 10:04:23
240	96e82c77-c5ce-4245-86a9-76293d8bac6a	240	1_3_1_2_8	1_3_1_2_8_1	金融市场部_其他债权投资_同业存单债_非司库	1_3_1_2_8_1	0	2026-08-14 10:04:23	2026-08-14 10:04:23
241	09ba9c7b-890e-4110-b44e-283f52ed3ca9	241	1_3_1_2_8_1	1_3_1_2_8_1_1	金融市场部_其他债权投资_同业存单债_非司库_1M	末级账户册	0	2026-08-14 10:04:23	2026-08-14 10:04:23
242	cf9e866e-f1f0-44a5-907a-18328f2a8aca	242	1_3_1_2_8_1	1_3_1_2_8_1_2	金融市场部_其他债权投资_同业存单债_非司库_3M	末级账户册	0	2026-08-14 10:04:23	2026-08-14 10:04:23
243	7d84e339-fe47-45ac-93a5-4b193620a0c6	243	1_3_1_2_8_1	1_3_1_2_8_1_3	金融市场部_其他债权投资_同业存单债_非司库_6M	末级账户册	0	2026-08-14 10:04:23	2026-08-14 10:04:23
244	ad15507d-2609-4515-a6b6-07f3b5b8d3c9	244	1_3_1_2_8_1	1_3_1_2_8_1_4	金融市场部_其他债权投资_同业存单债_非司库_1Y	末级账户册	0	2026-08-14 10:04:23	2026-08-14 10:04:23
245	896d479e-d3b6-4cc7-bf61-4c8e333374cf	245	1_3_1_2	1_3_1_2_9	金融市场部_其他债权投资_其他	1_3_1_2_9	0	2026-08-14 10:04:23	2026-08-14 10:04:23
246	c39a033e-19aa-4d41-a839-222ac1523b10	246	1_3_1_2_9	1_3_1_2_9_1	金融市场部_其他债权投资_其他_非司库	1_3_1_2_9_1	0	2026-08-14 10:04:23	2026-08-14 10:04:23
247	037b6e69-5602-44d9-b008-311214542367	247	1_3_1_2_9_1	1_3_1_2_9_1_1	金融市场部_其他债权投资_其他_非司库_1Y	末级账户册	0	2026-08-14 10:04:23	2026-08-14 10:04:23
248	904bfff2-3a9b-487b-9464-8268b854e0b8	248	1_3_1_2_9_1	1_3_1_2_9_1_2	金融市场部_其他债权投资_其他_非司库_3Y	末级账户册	0	2026-08-14 10:04:23	2026-08-14 10:04:23
249	a9651484-7024-4bf2-9f4d-7e505f2eca4a	249	1_3_1_2_9_1	1_3_1_2_9_1_3	金融市场部_其他债权投资_其他_非司库_5Y	末级账户册	0	2026-08-14 10:04:23	2026-08-14 10:04:23
250	1c8468e0-a384-406e-aa2d-d2e5ece9e11c	250	1_3_1	1_3_1_3	金融市场部_债权投资	1_3_1_3	0	2026-08-14 10:04:23	2026-08-14 10:04:23
251	64abef36-301e-46c7-8012-85b770845402	251	1_3_1_3	1_3_1_3_1	金融市场部_债权投资_国债	1_3_1_3_1	0	2026-08-14 10:04:23	2026-08-14 10:04:23
252	935c866c-97cd-41a9-8f40-ee55daf570b6	252	1_3_1_3_1	1_3_1_3_1_1	金融市场部_债权投资_国债_司库	1_3_1_3_1_1	0	2026-08-14 10:04:23	2026-08-14 10:04:23
253	a35a16ab-6b6b-4c46-af30-bcc65d3a20c2	253	1_3_1_3_1_1	1_3_1_3_1_1_1	金融市场部_债权投资_国债_司库_1Y	末级账户册	0	2026-08-14 10:04:23	2026-08-14 10:04:23
254	6dc77017-5bb5-4776-b0e0-4f81fbcbaf13	254	1_3_1_3_1_1	1_3_1_3_1_1_2	金融市场部_债权投资_国债_司库_3Y	末级账户册	0	2026-08-14 10:04:23	2026-08-14 10:04:23
255	36cd6118-b0a3-405f-a5a7-4edadd33caba	255	1_3_1_3_1_1	1_3_1_3_1_1_3	金融市场部_债权投资_国债_司库_5Y	末级账户册	0	2026-08-14 10:04:23	2026-08-14 10:04:23
256	d4842c84-7dd2-4d1f-bff9-aee95fb1e364	256	1_3_1_3_1_1	1_3_1_3_1_1_4	金融市场部_债权投资_国债_司库_10Y	末级账户册	0	2026-08-14 10:04:23	2026-08-14 10:04:23
257	f7b60a93-c090-4069-8d16-bf9f069979bb	257	1_3_1_3_1	1_3_1_3_1_2	金融市场部_债权投资_国债_非司库	1_3_1_3_1_2	0	2026-08-14 10:04:23	2026-08-14 10:04:23
258	04591678-6380-418f-aabd-31a3e833bb03	258	1_3_1_3_1_2	1_3_1_3_1_2_1	金融市场部_债权投资_国债_非司库_1Y	末级账户册	0	2026-08-14 10:04:23	2026-08-14 10:04:23
259	9c182e04-14cd-4050-b601-63c5790bacb9	259	1_3_1_3_1_2	1_3_1_3_1_2_2	金融市场部_债权投资_国债_非司库_3Y	末级账户册	0	2026-08-14 10:04:23	2026-08-14 10:04:23
260	59eb6a70-5893-4a71-a929-9cfdf6fd7fcf	260	1_3_1_3_1_2	1_3_1_3_1_2_3	金融市场部_债权投资_国债_非司库_5Y	末级账户册	0	2026-08-14 10:04:23	2026-08-14 10:04:23
261	a52d5652-04db-46ca-8de7-e1f6df1ec1d3	261	1_3_1_3_1_2	1_3_1_3_1_2_4	金融市场部_债权投资_国债_非司库_10Y	末级账户册	0	2026-08-14 10:04:23	2026-08-14 10:04:23
262	a365caf8-64ef-4d5b-9b64-b5ff4786cc36	262	1_3_1_3	1_3_1_3_2	金融市场部_债权投资_央票	1_3_1_3_2	0	2026-08-14 10:04:23	2026-08-14 10:04:23
263	536c457f-e696-4588-9710-4d4cd3305ede	263	1_3_1_3_2	1_3_1_3_2_1	金融市场部_债权投资_央票_司库	1_3_1_3_2_1	0	2026-08-14 10:04:23	2026-08-14 10:04:23
264	b0848f12-25fa-40b6-abff-b24a1acbbae0	264	1_3_1_3_2_1	1_3_1_3_2_1_1	金融市场部_债权投资_央票_司库_1Y	末级账户册	0	2026-08-14 10:04:23	2026-08-14 10:04:23
265	038d05e2-c60d-40ed-8e2b-0432f2abb73a	265	1_3_1_3_2_1	1_3_1_3_2_1_2	金融市场部_债权投资_央票_司库_3Y	末级账户册	0	2026-08-14 10:04:23	2026-08-14 10:04:23
266	48b5ceee-24d2-4d8b-bad1-7c5b5a72bb9d	266	1_3_1_3_2_1	1_3_1_3_2_1_3	金融市场部_债权投资_央票_司库_5Y	末级账户册	0	2026-08-14 10:04:23	2026-08-14 10:04:23
267	6897e84b-de1a-4f5a-9876-05d84dde74a7	267	1_3_1_3_2_1	1_3_1_3_2_1_4	金融市场部_债权投资_央票_司库_10Y	末级账户册	0	2026-08-14 10:04:23	2026-08-14 10:04:23
268	5388ecc0-f3d4-47b4-b63a-44b7f3ec5ac7	268	1_3_1_3_2	1_3_1_3_2_2	金融市场部_债权投资_央票_非司库	1_3_1_3_2_2	0	2026-08-14 10:04:23	2026-08-14 10:04:23
269	70d14d1e-8772-4d20-b4f3-d8b7bac2bbd3	269	1_3_1_3_2_2	1_3_1_3_2_2_1	金融市场部_债权投资_央票_非司库_1Y	末级账户册	0	2026-08-14 10:04:23	2026-08-14 10:04:23
270	65d48b75-2e34-4f62-9ce2-c09ebc2c0c26	270	1_3_1_3_2_2	1_3_1_3_2_2_2	金融市场部_债权投资_央票_非司库_3Y	末级账户册	0	2026-08-14 10:04:23	2026-08-14 10:04:23
271	03cf61d6-7899-4269-a764-b1909ee5f015	271	1_3_1_3_2_2	1_3_1_3_2_2_3	金融市场部_债权投资_央票_非司库_5Y	末级账户册	0	2026-08-14 10:04:23	2026-08-14 10:04:23
272	1b93a5de-5044-402f-b3a3-95788933b7b9	272	1_3_1_3_2_2	1_3_1_3_2_2_4	金融市场部_债权投资_央票_非司库_10Y	末级账户册	0	2026-08-14 10:04:23	2026-08-14 10:04:23
273	b0fea3ca-cdfd-472e-9ede-79f3bef5e944	273	1_3_1_3	1_3_1_3_3	金融市场部_债权投资_地方政府债	1_3_1_3_3	0	2026-08-14 10:04:23	2026-08-14 10:04:23
274	aaaaf32e-bdd6-438a-a77d-de4fd38a09a5	274	1_3_1_3_3	1_3_1_3_3_1	金融市场部_债权投资_地方政府债_司库	1_3_1_3_3_1	0	2026-08-14 10:04:23	2026-08-14 10:04:23
275	4a47ace6-9536-4057-9359-9d21ea9149a8	275	1_3_1_3_3_1	1_3_1_3_3_1_1	金融市场部_债权投资_地方政府债_司库_1Y	末级账户册	0	2026-08-14 10:04:23	2026-08-14 10:04:23
276	c5d05ddb-6e2d-4291-8ca6-903580d00f4b	276	1_3_1_3_3_1	1_3_1_3_3_1_2	金融市场部_债权投资_地方政府债_司库_3Y	末级账户册	0	2026-08-14 10:04:23	2026-08-14 10:04:23
277	837551cc-64bb-47f2-8ed9-df05aa6815bd	277	1_3_1_3_3_1	1_3_1_3_3_1_3	金融市场部_债权投资_地方政府债_司库_5Y	末级账户册	0	2026-08-14 10:04:23	2026-08-14 10:04:23
278	138a0b9e-84d2-4e0c-9d4c-16415b1d473d	278	1_3_1_3_3_1	1_3_1_3_3_1_4	金融市场部_债权投资_地方政府债_司库_10Y	末级账户册	0	2026-08-14 10:04:23	2026-08-14 10:04:23
279	c0f5ef10-a20a-45b7-9696-6c9456a72af5	279	1_3_1_3_3	1_3_1_3_3_2	金融市场部_债权投资_地方政府债_非司库	1_3_1_3_3_2	0	2026-08-14 10:04:23	2026-08-14 10:04:23
280	e57acdda-ac05-4ca5-b4fd-3f3448262abb	280	1_3_1_3_3_2	1_3_1_3_3_2_1	金融市场部_债权投资_地方政府债_非司库_1Y	末级账户册	0	2026-08-14 10:04:23	2026-08-14 10:04:23
281	eadcf53d-26e3-488b-9ef2-e4e31a3fae27	281	1_3_1_3_3_2	1_3_1_3_3_2_2	金融市场部_债权投资_地方政府债_非司库_3Y	末级账户册	0	2026-08-14 10:04:23	2026-08-14 10:04:23
282	dc8bda42-6814-42c6-80c9-3c7ae128243e	282	1_3_1_3_3_2	1_3_1_3_3_2_3	金融市场部_债权投资_地方政府债_非司库_5Y	末级账户册	0	2026-08-14 10:04:23	2026-08-14 10:04:23
283	e6e71ffe-3356-4fd4-871a-1c37c295cf08	283	1_3_1_3_3_2	1_3_1_3_3_2_4	金融市场部_债权投资_地方政府债_非司库_10Y	末级账户册	0	2026-08-14 10:04:23	2026-08-14 10:04:23
284	3975d90b-5c2d-4215-bf47-49d4ca52df09	284	1_3_1_3	1_3_1_3_4	金融市场部_债权投资_政策性金融债	1_3_1_3_4	0	2026-08-14 10:04:23	2026-08-14 10:04:23
285	bd9a3308-4b0c-4908-a8db-0abc9c98253b	285	1_3_1_3_4	1_3_1_3_4_1	金融市场部_债权投资_政策性金融债_司库	1_3_1_3_4_1	0	2026-08-14 10:04:23	2026-08-14 10:04:23
286	beb4b9c1-3c73-4290-a331-cb8a2413823c	286	1_3_1_3_4_1	1_3_1_3_4_1_1	金融市场部_债权投资_政策性金融债_司库_1Y	末级账户册	0	2026-08-14 10:04:23	2026-08-14 10:04:23
287	9071cde9-20a6-4a62-b41d-e32bba8b35d0	287	1_3_1_3_4_1	1_3_1_3_4_1_2	金融市场部_债权投资_政策性金融债_司库_3Y	末级账户册	0	2026-08-14 10:04:23	2026-08-14 10:04:23
288	1956637d-ab06-4503-bfb3-6244812accf0	288	1_3_1_3_4_1	1_3_1_3_4_1_3	金融市场部_债权投资_政策性金融债_司库_5Y	末级账户册	0	2026-08-14 10:04:23	2026-08-14 10:04:23
289	27bd26e4-8b74-4aa6-8365-b9314a53fd5d	289	1_3_1_3_4_1	1_3_1_3_4_1_4	金融市场部_债权投资_政策性金融债_司库_10Y	末级账户册	0	2026-08-14 10:04:23	2026-08-14 10:04:23
290	7124d133-76c1-40b8-97df-c73792cedd19	290	1_3_1_3_4	1_3_1_3_4_2	金融市场部_债权投资_政策性金融债_非司库	1_3_1_3_4_2	0	2026-08-14 10:04:23	2026-08-14 10:04:23
291	97f9cbd0-61ed-47fc-91d0-a1958188e4b0	291	1_3_1_3_4_2	1_3_1_3_4_2_1	金融市场部_债权投资_政策性金融债_非司库_1Y	末级账户册	0	2026-08-14 10:04:23	2026-08-14 10:04:23
292	0ce07d2d-4912-4b34-b49a-938be576d290	292	1_3_1_3_4_2	1_3_1_3_4_2_2	金融市场部_债权投资_政策性金融债_非司库_3Y	末级账户册	0	2026-08-14 10:04:23	2026-08-14 10:04:23
293	c92f914f-24d9-4c6b-a95e-a97b64576e36	293	1_3_1_3_4_2	1_3_1_3_4_2_3	金融市场部_债权投资_政策性金融债_非司库_5Y	末级账户册	0	2026-08-14 10:04:23	2026-08-14 10:04:23
294	8ca752cc-0404-4930-8dc1-82d9a6d34772	294	1_3_1_3_4_2	1_3_1_3_4_2_4	金融市场部_债权投资_政策性金融债_非司库_10Y	末级账户册	0	2026-08-14 10:04:23	2026-08-14 10:04:23
295	d35e045a-a06f-4abd-8e6d-5da6cc8b5dc0	295	1_3_1_3	1_3_1_3_5	金融市场部_债权投资_商业银行债	1_3_1_3_5	0	2026-08-14 10:04:23	2026-08-14 10:04:23
296	3549536f-b753-4460-be43-41167925e208	296	1_3_1_3_5	1_3_1_3_5_1	金融市场部_债权投资_商业银行债_司库	1_3_1_3_5_1	0	2026-08-14 10:04:23	2026-08-14 10:04:23
297	03f35c2d-0ac9-40cf-8efc-235d3ed64d59	297	1_3_1_3_5_1	1_3_1_3_5_1_1	金融市场部_债权投资_商业银行债_司库_1Y	末级账户册	0	2026-08-14 10:04:23	2026-08-14 10:04:23
298	03860af7-f3fa-4eef-96df-62fe01f8af6c	298	1_3_1_3_5_1	1_3_1_3_5_1_2	金融市场部_债权投资_商业银行债_司库_3Y	末级账户册	0	2026-08-14 10:04:23	2026-08-14 10:04:23
299	7c43aaf2-4a4c-48f1-b74c-7b90116e4d1a	299	1_3_1_3_5_1	1_3_1_3_5_1_3	金融市场部_债权投资_商业银行债_司库_5Y	末级账户册	0	2026-08-14 10:04:23	2026-08-14 10:04:23
300	37a08215-b34b-4c7a-847b-b47815452196	300	1_3_1_3_5_1	1_3_1_3_5_1_4	金融市场部_债权投资_商业银行债_司库_10Y	末级账户册	0	2026-08-14 10:04:23	2026-08-14 10:04:23
301	61a37fcb-e9c8-4803-afae-ced4f38492e1	301	1_3_1_3_5	1_3_1_3_5_2	金融市场部_债权投资_商业银行债_非司库	1_3_1_3_5_2	0	2026-08-14 10:04:23	2026-08-14 10:04:23
302	7d8d0e2b-56ac-495a-8ac7-a9de692564a0	302	1_3_1_3_5_2	1_3_1_3_5_2_1	金融市场部_债权投资_商业银行债_非司库_1Y	末级账户册	0	2026-08-14 10:04:23	2026-08-14 10:04:23
303	63593953-550f-4e87-9ab7-57f1cb4b790f	303	1_3_1_3_5_2	1_3_1_3_5_2_2	金融市场部_债权投资_商业银行债_非司库_3Y	末级账户册	0	2026-08-14 10:04:23	2026-08-14 10:04:23
304	0a5f523d-a3c4-4897-846a-66f0c6549e20	304	1_3_1_3_5_2	1_3_1_3_5_2_3	金融市场部_债权投资_商业银行债_非司库_5Y	末级账户册	0	2026-08-14 10:04:23	2026-08-14 10:04:23
305	2c03516f-bb3f-490b-9528-fcee4c191ef2	305	1_3_1_3_5_2	1_3_1_3_5_2_4	金融市场部_债权投资_商业银行债_非司库_10Y	末级账户册	0	2026-08-14 10:04:23	2026-08-14 10:04:23
306	ae6b1094-8197-4dbb-9024-056ad53bee6f	306	1_3_1_3	1_3_1_3_6	金融市场部_债权投资_金融机构债	1_3_1_3_6	0	2026-08-14 10:04:23	2026-08-14 10:04:23
307	326da272-ea7f-4ac0-bcb8-93563a7f7612	307	1_3_1_3_6	1_3_1_3_6_1	金融市场部_债权投资_金融机构债_非司库	1_3_1_3_6_1	0	2026-08-14 10:04:23	2026-08-14 10:04:23
308	fae10fb1-0aaf-48a6-9318-4db75fdfe5a4	308	1_3_1_3_6_1	1_3_1_3_6_1_1	金融市场部_债权投资_金融机构债_非司库_1Y	末级账户册	0	2026-08-14 10:04:23	2026-08-14 10:04:23
309	183370ae-8685-4ede-89c9-a3ba0c62b309	309	1_3_1_3_6_1	1_3_1_3_6_1_2	金融市场部_债权投资_金融机构债_非司库_3Y	末级账户册	0	2026-08-14 10:04:23	2026-08-14 10:04:23
310	6d6e2d43-8213-40f5-b217-3e5c5329ff36	310	1_3_1_3_6_1	1_3_1_3_6_1_3	金融市场部_债权投资_金融机构债_非司库_5Y	末级账户册	0	2026-08-14 10:04:23	2026-08-14 10:04:23
311	1ee3ae3e-c5fb-4348-bb36-670f8d9b674b	311	1_3_1_3_6_1	1_3_1_3_6_1_4	金融市场部_债权投资_金融机构债_非司库_10Y	末级账户册	0	2026-08-14 10:04:23	2026-08-14 10:04:23
312	4d468489-14e5-4de0-b904-a955f4ede02d	312	1_3_1_3	1_3_1_3_7	金融市场部_债权投资_公司债	1_3_1_3_7	0	2026-08-14 10:04:23	2026-08-14 10:04:23
313	49f596c8-2639-43f3-91fb-9a84bfd25a39	313	1_3_1_3_7	1_3_1_3_7_1	金融市场部_债权投资_公司债_非司库	1_3_1_3_7_1	0	2026-08-14 10:04:23	2026-08-14 10:04:23
314	bd91ac98-f54d-483f-9b58-5c9ed38045b4	314	1_3_1_3_7_1	1_3_1_3_7_1_1	金融市场部_债权投资_公司债_非司库_1Y	末级账户册	0	2026-08-14 10:04:23	2026-08-14 10:04:23
315	1f586972-bf62-4092-b679-c489ef818f01	315	1_3_1_3_7_1	1_3_1_3_7_1_2	金融市场部_债权投资_公司债_非司库_3Y	末级账户册	0	2026-08-14 10:04:23	2026-08-14 10:04:23
316	8b71bbc3-039b-42e1-b3d5-162dce8565fa	316	1_3_1_3_7_1	1_3_1_3_7_1_3	金融市场部_债权投资_公司债_非司库_5Y	末级账户册	0	2026-08-14 10:04:23	2026-08-14 10:04:23
317	f70a75b6-c7c4-4c0c-a139-f1f3de114219	317	1_3_1_3_7_1	1_3_1_3_7_1_4	金融市场部_债权投资_公司债_非司库_10Y	末级账户册	0	2026-08-14 10:04:23	2026-08-14 10:04:23
318	52158395-e621-48e0-9fec-0a566633d0c9	318	1_3_1_3	1_3_1_3_8	金融市场部_债权投资_同业存单债	1_3_1_3_8	0	2026-08-14 10:04:23	2026-08-14 10:04:23
319	8d06ac01-8ff9-48f3-a97d-75d2a9b6ef49	319	1_3_1_3_8	1_3_1_3_8_1	金融市场部_债权投资_同业存单债_非司库	1_3_1_3_8_1	0	2026-08-14 10:04:23	2026-08-14 10:04:23
320	bfbfaaaf-dc63-4e85-955a-fa81ec34c8df	320	1_3_1_3_8_1	1_3_1_3_8_1_1	金融市场部_债权投资_同业存单债_非司库_1M	末级账户册	0	2026-08-14 10:04:23	2026-08-14 10:04:23
321	aee65c33-a644-458d-ac14-40c5846b24ec	321	1_3_1_3_8_1	1_3_1_3_8_1_2	金融市场部_债权投资_同业存单债_非司库_3M	末级账户册	0	2026-08-14 10:04:23	2026-08-14 10:04:23
322	defe809c-0c27-44bf-bc02-a75fac5cf27c	322	1_3_1_3_8_1	1_3_1_3_8_1_3	金融市场部_债权投资_同业存单债_非司库_6M	末级账户册	0	2026-08-14 10:04:23	2026-08-14 10:04:23
323	4e1e5099-63c6-4083-a08b-3b404294050a	323	1_3_1_3_8_1	1_3_1_3_8_1_4	金融市场部_债权投资_同业存单债_非司库_1Y	末级账户册	0	2026-08-14 10:04:23	2026-08-14 10:04:23
324	a9edba91-0f0c-464b-ae8e-7af02599f66b	324	1_3_1_3	1_3_1_3_9	金融市场部_债权投资_其他	1_3_1_3_9	0	2026-08-14 10:04:23	2026-08-14 10:04:23
325	da29b6d4-a99d-40c3-9835-c9fbb188ee0d	325	1_3_1_3_9	1_3_1_3_9_1	金融市场部_债权投资_其他_非司库	1_3_1_3_9_1	0	2026-08-14 10:04:23	2026-08-14 10:04:23
326	5e64d883-6c81-441a-b473-8eb84e4a07e4	326	1_3_1_3_9_1	1_3_1_3_9_1_1	金融市场部_债权投资_其他_非司库_1Y	末级账户册	0	2026-08-14 10:04:23	2026-08-14 10:04:23
327	a5ea72b6-5fda-4dbb-ae25-c90c7c9c5cb2	327	1_3_1_3_9_1	1_3_1_3_9_1_2	金融市场部_债权投资_其他_非司库_3Y	末级账户册	0	2026-08-14 10:04:23	2026-08-14 10:04:23
328	99cf8684-bbe5-47b7-be5d-e6bf433af751	328	1_3_1_3_9_1	1_3_1_3_9_1_3	金融市场部_债权投资_其他_非司库_5Y	末级账户册	0	2026-08-14 10:04:23	2026-08-14 10:04:23
329	6c782a25-aa50-407a-8508-fc1a2a3fd301	329	1_3_1	1_3_1_4	金融市场部_其他权益工具投资	1_3_1_4	0	2026-08-14 10:04:23	2026-08-14 10:04:23
330	6cc1f2da-4d86-433a-af96-0c81cd011e34	330	1_3_1_4	1_3_1_4_1	金融市场部_其他权益工具投资_司库_5Y	末级账户册	0	2026-08-14 10:04:23	2026-08-14 10:04:23
331	272dc482-af88-4f49-9db8-c20b8c00b6d1	331	1_3_1_4	1_3_1_4_2	金融市场部_其他权益工具投资_非司库_5Y	末级账户册	0	2026-08-14 10:04:23	2026-08-14 10:04:23
332	f1f9877e-fbcb-4e76-999d-0ebc07774d02	332	1_3	1_3_2	投资银行部投资	1_3_2	0	2026-08-14 10:04:23	2026-08-14 10:04:23
333	0d75e5bd-3ee5-4e8b-992e-5509db5f25b5	333	1_3_2	1_3_2_1	投资银行部_交易性金融资产	1_3_2_1	0	2026-08-14 10:04:23	2026-08-14 10:04:23
334	d1aa78bb-a4da-4c6b-ac5d-fb3136073ec3	334	1_3_2_1	1_3_2_1_1	投资银行部_交易性政策性金融债投资	1_3_2_1_1	0	2026-08-14 10:04:23	2026-08-14 10:04:23
335	0e0ba05c-1ba4-4501-b32f-6e6a1db829fa	335	1_3_2_1_1	1_3_2_1_1_1	投资银行部_交易性政策性金融债投资_交易账户	1_3_2_1_1_1	0	2026-08-14 10:04:23	2026-08-14 10:04:23
336	ea22900e-967a-4e73-b7f4-329448dee687	336	1_3_2_1_1_1	1_3_2_1_1_1_1	投资银行部_交易性政策性金融债投资_交易账户_1Y	末级账户册	0	2026-08-14 10:04:23	2026-08-14 10:04:23
337	2de1f66b-7a74-4d90-b7c9-873679ef5044	337	1_3_2_1_1_1	1_3_2_1_1_1_2	投资银行部_交易性政策性金融债投资_交易账户_3Y	末级账户册	0	2026-08-14 10:04:23	2026-08-14 10:04:23
338	8f8b373b-5ae9-4908-b42d-aee0c96f87b7	338	1_3_2_1_1_1	1_3_2_1_1_1_3	投资银行部_交易性政策性金融债投资_交易账户_5Y	末级账户册	0	2026-08-14 10:04:23	2026-08-14 10:04:23
339	26f5beb2-74a7-4d96-a5c6-5216cbbd53d6	339	1_3_2_1_1_1	1_3_2_1_1_1_4	投资银行部_交易性政策性金融债投资_交易账户_10Y	末级账户册	0	2026-08-14 10:04:23	2026-08-14 10:04:23
340	b72e4ef3-d473-4ee6-92b7-a6f7f4c06667	340	1_3_2_1_1	1_3_2_1_1_2	投资银行部_交易性政策性金融债投资_银行账户	1_3_2_1_1_2	0	2026-08-14 10:04:23	2026-08-14 10:04:23
341	8e3fcdeb-12f0-41cf-945e-535dc30dab32	341	1_3_2_1_1_2	1_3_2_1_1_2_1	投资银行部_交易性政策性金融债投资_银行账户_1Y	末级账户册	0	2026-08-14 10:04:23	2026-08-14 10:04:23
342	3b7b5a23-ff36-48b0-96f6-77070b4f8811	342	1_3_2_1_1_2	1_3_2_1_1_2_2	投资银行部_交易性政策性金融债投资_银行账户_3Y	末级账户册	0	2026-08-14 10:04:23	2026-08-14 10:04:23
343	000f83a4-5b07-415d-bcdf-a8a117671a10	343	1_3_2_1_1_2	1_3_2_1_1_2_3	投资银行部_交易性政策性金融债投资_银行账户_5Y	末级账户册	0	2026-08-14 10:04:23	2026-08-14 10:04:23
344	cdd2a21a-1dab-472f-bb54-24bd5b0d3660	344	1_3_2_1_1_2	1_3_2_1_1_2_4	投资银行部_交易性政策性金融债投资_银行账户_10Y	末级账户册	0	2026-08-14 10:04:23	2026-08-14 10:04:23
345	5e78e744-b73e-46b0-ba67-d805d4712f08	345	1_3_2_1	1_3_2_1_2	投资银行部_交易性商业银行债投资	1_3_2_1_2	0	2026-08-14 10:04:23	2026-08-14 10:04:23
346	796f050e-b0c0-4e63-b80d-5ccbbca43557	346	1_3_2_1_2	1_3_2_1_2_1	投资银行部_交易性商业银行债投资_交易账户	1_3_2_1_2_1	0	2026-08-14 10:04:23	2026-08-14 10:04:23
347	a2d38354-7877-4ec1-95cc-2457c25d4d6a	347	1_3_2_1_2_1	1_3_2_1_2_1_1	投资银行部_交易性商业银行债投资_交易账户_1Y	末级账户册	0	2026-08-14 10:04:23	2026-08-14 10:04:23
348	0fee3b82-0812-4567-b9ea-2fe60412203a	348	1_3_2_1_2_1	1_3_2_1_2_1_2	投资银行部_交易性商业银行债投资_交易账户_3Y	末级账户册	0	2026-08-14 10:04:23	2026-08-14 10:04:23
349	aa9d7b61-7543-43af-9f11-315fbeda863c	349	1_3_2_1_2_1	1_3_2_1_2_1_3	投资银行部_交易性商业银行债投资_交易账户_5Y	末级账户册	0	2026-08-14 10:04:23	2026-08-14 10:04:23
350	eb2d6ec8-2ec1-400d-8375-de5887ab02fe	350	1_3_2_1_2_1	1_3_2_1_2_1_4	投资银行部_交易性商业银行债投资_交易账户_10Y	末级账户册	0	2026-08-14 10:04:23	2026-08-14 10:04:23
351	547a9816-aa8d-4c03-b1b6-855be74f6689	351	1_3_2_1_2	1_3_2_1_2_2	投资银行部_交易性商业银行债投资_银行账户	1_3_2_1_2_2	0	2026-08-14 10:04:23	2026-08-14 10:04:23
352	d5a25187-d082-4859-b6f9-83e0db0946eb	352	1_3_2_1_2_2	1_3_2_1_2_2_1	投资银行部_交易性商业银行债投资_银行账户_1Y	末级账户册	0	2026-08-14 10:04:23	2026-08-14 10:04:23
353	bafc11f3-c7a2-46f0-bb6d-9ebe8a8792e8	353	1_3_2_1_2_2	1_3_2_1_2_2_2	投资银行部_交易性商业银行债投资_银行账户_3Y	末级账户册	0	2026-08-14 10:04:23	2026-08-14 10:04:23
354	1018a76f-a3d2-42c2-9628-d344d493d082	354	1_3_2_1_2_2	1_3_2_1_2_2_3	投资银行部_交易性商业银行债投资_银行账户_5Y	末级账户册	0	2026-08-14 10:04:23	2026-08-14 10:04:23
355	7b5c7e25-48a4-40ad-9900-0996f7e95758	355	1_3_2_1_2_2	1_3_2_1_2_2_4	投资银行部_交易性商业银行债投资_银行账户_10Y	末级账户册	0	2026-08-14 10:04:23	2026-08-14 10:04:23
356	824f6d57-9c34-4d78-b612-4754a7f05cca	356	1_3_2_1	1_3_2_1_3	投资银行部_交易性金融机构债投资	1_3_2_1_3	0	2026-08-14 10:04:23	2026-08-14 10:04:23
357	c591e24e-6868-42f8-b390-374509a46ed1	357	1_3_2_1_3	1_3_2_1_3_1	投资银行部_交易性金融机构债投资_交易账户	1_3_2_1_3_1	0	2026-08-14 10:04:23	2026-08-14 10:04:23
358	8602a9b6-8321-4587-a377-27409b473dbe	358	1_3_2_1_3_1	1_3_2_1_3_1_1	投资银行部_交易性金融机构债投资_交易账户_1Y	末级账户册	0	2026-08-14 10:04:23	2026-08-14 10:04:23
359	d6e19652-fdfa-4a45-9b53-7ed22345452e	359	1_3_2_1_3_1	1_3_2_1_3_1_2	投资银行部_交易性金融机构债投资_交易账户_3Y	末级账户册	0	2026-08-14 10:04:23	2026-08-14 10:04:23
360	ad7af986-18ca-4f41-8c64-d6b87ab226c4	360	1_3_2_1_3_1	1_3_2_1_3_1_3	投资银行部_交易性金融机构债投资_交易账户_5Y	末级账户册	0	2026-08-14 10:04:23	2026-08-14 10:04:23
361	9be88a21-9970-4a01-96d3-21bab32e3b77	361	1_3_2_1_3_1	1_3_2_1_3_1_4	投资银行部_交易性金融机构债投资_交易账户_10Y	末级账户册	0	2026-08-14 10:04:23	2026-08-14 10:04:23
362	ada3005c-4ac3-4171-9707-94182ac33584	362	1_3_2_1_3	1_3_2_1_3_2	投资银行部_交易性金融机构债投资_银行账户	1_3_2_1_3_2	0	2026-08-14 10:04:23	2026-08-14 10:04:23
363	6b52273a-4172-483c-8be1-cdc7ab3a2f05	363	1_3_2_1_3_2	1_3_2_1_3_2_1	投资银行部_交易性金融机构债投资_银行账户_1Y	末级账户册	0	2026-08-14 10:04:23	2026-08-14 10:04:23
364	356baca1-a718-4d1c-83a6-417a2d36aa33	364	1_3_2_1_3_2	1_3_2_1_3_2_2	投资银行部_交易性金融机构债投资_银行账户_3Y	末级账户册	0	2026-08-14 10:04:23	2026-08-14 10:04:23
365	8a85f1ba-7c47-4d45-ba4d-3f151e14b76d	365	1_3_2_1_3_2	1_3_2_1_3_2_3	投资银行部_交易性金融机构债投资_银行账户_5Y	末级账户册	0	2026-08-14 10:04:23	2026-08-14 10:04:23
366	79794967-3c9b-4531-a3a1-b67ae99e31dc	366	1_3_2_1_3_2	1_3_2_1_3_2_4	投资银行部_交易性金融机构债投资_银行账户_10Y	末级账户册	0	2026-08-14 10:04:23	2026-08-14 10:04:23
367	eb792392-cc2b-44f8-b2f0-c306875d2810	367	1_3_2_1	1_3_2_1_4	投资银行部_交易性公司债投资	1_3_2_1_4	0	2026-08-14 10:04:23	2026-08-14 10:04:23
368	d607c9cf-5fd5-419f-a277-bfcf5330d724	368	1_3_2_1_4	1_3_2_1_4_1	投资银行部_交易性公司债投资_交易账户	1_3_2_1_4_1	0	2026-08-14 10:04:23	2026-08-14 10:04:23
369	19e833cc-eb78-4505-87ab-f746e6aaff3c	369	1_3_2_1_4_1	1_3_2_1_4_1_1	投资银行部_交易性公司债投资_交易账户_1Y	末级账户册	0	2026-08-14 10:04:23	2026-08-14 10:04:23
370	85033e64-d10b-42a4-94e1-db0600fd181a	370	1_3_2_1_4_1	1_3_2_1_4_1_2	投资银行部_交易性公司债投资_交易账户_3Y	末级账户册	0	2026-08-14 10:04:23	2026-08-14 10:04:23
371	f6ffac3d-e4fa-4f9b-94e1-372271860368	371	1_3_2_1_4_1	1_3_2_1_4_1_3	投资银行部_交易性公司债投资_交易账户_5Y	末级账户册	0	2026-08-14 10:04:23	2026-08-14 10:04:23
372	a347b311-4d06-4d0a-99af-a0bd1ebfa935	372	1_3_2_1_4_1	1_3_2_1_4_1_4	投资银行部_交易性公司债投资_交易账户_10Y	末级账户册	0	2026-08-14 10:04:23	2026-08-14 10:04:23
373	afe94265-38d6-4f79-86b1-317cb2f347e1	373	1_3_2_1_4	1_3_2_1_4_2	投资银行部_交易性公司债投资_银行账户	1_3_2_1_4_2	0	2026-08-14 10:04:23	2026-08-14 10:04:23
374	864acfc3-27d8-4b09-a49f-4bcc4325d515	374	1_3_2_1_4_2	1_3_2_1_4_2_1	投资银行部_交易性公司债投资_银行账户_1Y	末级账户册	0	2026-08-14 10:04:23	2026-08-14 10:04:23
375	0ea2578b-e19d-48c5-9514-107c93b46d00	375	1_3_2_1_4_2	1_3_2_1_4_2_2	投资银行部_交易性公司债投资_银行账户_3Y	末级账户册	0	2026-08-14 10:04:23	2026-08-14 10:04:23
376	4fc19472-2daf-45c6-8320-2d7024a5617b	376	1_3_2_1_4_2	1_3_2_1_4_2_3	投资银行部_交易性公司债投资_银行账户_5Y	末级账户册	0	2026-08-14 10:04:23	2026-08-14 10:04:23
377	486b4702-b682-4abb-a8d5-9dc8af6e5529	377	1_3_2_1_4_2	1_3_2_1_4_2_4	投资银行部_交易性公司债投资_银行账户_10Y	末级账户册	0	2026-08-14 10:04:23	2026-08-14 10:04:23
378	f446826f-719d-4127-bbf3-9b57bac5386b	378	1_3_2_1	1_3_2_1_5	投资银行部_交易性信托	1_3_2_1_5	0	2026-08-14 10:04:23	2026-08-14 10:04:23
379	e980a8fc-c22a-4241-bc7f-a051a7af9899	379	1_3_2_1_5	1_3_2_1_5_1	投资银行部_交易性信托_1Y	末级账户册	0	2026-08-14 10:04:23	2026-08-14 10:04:23
380	d33073f2-abda-4147-8f08-cb496621adf3	380	1_3_2_1_5	1_3_2_1_5_2	投资银行部_交易性信托_3Y	末级账户册	0	2026-08-14 10:04:23	2026-08-14 10:04:23
381	724847d3-31e8-41ae-a9a5-e6e705093728	381	1_3_2_1_5	1_3_2_1_5_3	投资银行部_交易性信托_5Y	末级账户册	0	2026-08-14 10:04:23	2026-08-14 10:04:23
382	35784e42-39fd-42e4-94b5-5bb042b5d485	382	1_3_2_1	1_3_2_1_6	投资银行部_交易性资管计划	1_3_2_1_6	0	2026-08-14 10:04:23	2026-08-14 10:04:23
383	5a394b3c-c727-4801-b51e-daa7742068dc	383	1_3_2_1_6	1_3_2_1_6_1	投资银行部_交易性资管计划_1Y	末级账户册	0	2026-08-14 10:04:23	2026-08-14 10:04:23
384	9e830201-554a-42e7-82f8-f98c1f1b25fa	384	1_3_2_1_6	1_3_2_1_6_2	投资银行部_交易性资管计划_3Y	末级账户册	0	2026-08-14 10:04:23	2026-08-14 10:04:23
385	b37a6d62-f9c1-4728-9d0b-00342434a302	385	1_3_2_1_6	1_3_2_1_6_3	投资银行部_交易性资管计划_5Y	末级账户册	0	2026-08-14 10:04:23	2026-08-14 10:04:23
386	ea3e4e28-dcd0-4756-aba0-fa812260a840	386	1_3_2_1	1_3_2_1_7	投资银行部_交易性债权融资计划	1_3_2_1_7	0	2026-08-14 10:04:23	2026-08-14 10:04:23
387	50299c86-a726-41da-ade8-7668bbbc156f	387	1_3_2_1_7	1_3_2_1_7_1	投资银行部_交易性债权融资计划_1Y	末级账户册	0	2026-08-14 10:04:23	2026-08-14 10:04:23
388	1e07a6d7-83d0-40a8-ad56-55e71758d3c4	388	1_3_2_1_7	1_3_2_1_7_2	投资银行部_交易性债权融资计划_3Y	末级账户册	0	2026-08-14 10:04:23	2026-08-14 10:04:23
389	59284537-0814-438f-a8aa-b9a86096a331	389	1_3_2_1_7	1_3_2_1_7_3	投资银行部_交易性债权融资计划_5Y	末级账户册	0	2026-08-14 10:04:23	2026-08-14 10:04:23
390	684eac2a-64c6-4d6b-8fa8-2ba8e92ba009	390	1_3_2_1	1_3_2_1_8	投资银行部_交易性私募基金	1_3_2_1_8	0	2026-08-14 10:04:23	2026-08-14 10:04:23
391	907a806b-ac74-4324-988e-b584b1df9aa8	391	1_3_2_1_8	1_3_2_1_8_1	投资银行部_交易性私募基金_1Y	末级账户册	0	2026-08-14 10:04:23	2026-08-14 10:04:23
392	8949c4ee-b5ec-4e0a-8c71-652be49a1adb	392	1_3_2_1_8	1_3_2_1_8_2	投资银行部_交易性私募基金_3Y	末级账户册	0	2026-08-14 10:04:23	2026-08-14 10:04:23
393	408ce333-f26b-4394-9bf8-46ea9bac1d31	393	1_3_2_1_8	1_3_2_1_8_3	投资银行部_交易性私募基金_5Y	末级账户册	0	2026-08-14 10:04:23	2026-08-14 10:04:23
394	4c99f145-0440-417f-a728-98341ff238a6	394	1_3_2_1	1_3_2_1_9	投资银行部_交易性公募基金	1_3_2_1_9	0	2026-08-14 10:04:23	2026-08-14 10:04:23
395	4b0048ad-9ce9-49fa-84a1-6eca6a84892d	395	1_3_2_1_9	1_3_2_1_9_1	投资银行部_交易性公募基金_3Y	末级账户册	0	2026-08-14 10:04:23	2026-08-14 10:04:23
396	113a30df-d770-46de-b0f6-4d1c05589bd0	396	1_3_2_1	1_3_2_1_10	投资银行部_交易性融资租赁	1_3_2_1_10	0	2026-08-14 10:04:23	2026-08-14 10:04:23
397	3ef90b8f-61e9-44f8-bf3e-64612d16a732	397	1_3_2_1_10	1_3_2_1_10_1	投资银行部_交易性融资租赁_1Y	末级账户册	0	2026-08-14 10:04:23	2026-08-14 10:04:23
398	321ff8c0-2e01-434d-8985-41f60086c346	398	1_3_2_1_10	1_3_2_1_10_2	投资银行部_交易性融资租赁_3Y	末级账户册	0	2026-08-14 10:04:23	2026-08-14 10:04:23
399	7933ac47-805b-47b7-98d4-6b809c1b1caa	399	1_3_2_1_10	1_3_2_1_10_3	投资银行部_交易性融资租赁_5Y	末级账户册	0	2026-08-14 10:04:23	2026-08-14 10:04:23
400	df09ce19-2ee1-41cb-9f64-b579b7a03871	400	1_3_2_1	1_3_2_1_11	投资银行部_交易性金融资产_资产证券化产品	1_3_2_1_11	0	2026-08-14 10:04:23	2026-08-14 10:04:23
401	bd699b71-a6f0-4917-99fe-bd79c220d92c	401	1_3_2_1_11	1_3_2_1_11_1	投资银行部_交易性金融资产_资产证券化产品_1Y	末级账户册	0	2026-08-14 10:04:23	2026-08-14 10:04:23
402	3059e626-732f-4115-b3ce-1377498ad80d	402	1_3_2_1_11	1_3_2_1_11_2	投资银行部_交易性金融资产_资产证券化产品_3Y	末级账户册	0	2026-08-14 10:04:23	2026-08-14 10:04:23
403	0a02f323-3cf8-48ca-ac6b-79a6120eca03	403	1_3_2_1_11	1_3_2_1_11_3	投资银行部_交易性金融资产_资产证券化产品_5Y	末级账户册	0	2026-08-14 10:04:23	2026-08-14 10:04:23
404	84ec523f-ba60-4ea1-9d60-a351dc000b4d	404	1_3_2_1	1_3_2_1_12	投资银行部_交易性其他资产	1_3_2_1_12	0	2026-08-14 10:04:23	2026-08-14 10:04:23
405	5f79ba43-6a4f-42a9-9afe-df2648bdf22e	405	1_3_2_1_12	1_3_2_1_12_1	投资银行部_交易性其他资产_1Y	末级账户册	0	2026-08-14 10:04:23	2026-08-14 10:04:23
406	ad32f568-82bc-4def-b911-29a472d56ffc	406	1_3_2_1_12	1_3_2_1_12_2	投资银行部_交易性其他资产_3Y	末级账户册	0	2026-08-14 10:04:23	2026-08-14 10:04:23
407	6733ed2d-f0d3-4c32-8329-60eeeba39532	407	1_3_2_1_12	1_3_2_1_12_3	投资银行部_交易性其他资产_5Y	末级账户册	0	2026-08-14 10:04:23	2026-08-14 10:04:23
408	d2b3f64b-79cc-4678-b87e-32bbeca2fa6a	408	1_3_2	1_3_2_2	投资银行部_其他债权投资	1_3_2_2	0	2026-08-14 10:04:23	2026-08-14 10:04:23
409	e7c769ee-f273-4086-b84d-80e24dd538d8	409	1_3_2_2	1_3_2_2_1	投资银行部_其他债权投资_商业银行债	1_3_2_2_1	0	2026-08-14 10:04:23	2026-08-14 10:04:23
410	714097f5-c72d-428d-89f8-7868928633a4	410	1_3_2_2_1	1_3_2_2_1_1	投资银行部_其他债权投资_商业银行债_1Y	末级账户册	0	2026-08-14 10:04:23	2026-08-14 10:04:23
411	f20391f2-d5e9-4d6c-9fb8-3ddb03a275e1	411	1_3_2_2_1	1_3_2_2_1_2	投资银行部_其他债权投资_商业银行债_3Y	末级账户册	0	2026-08-14 10:04:23	2026-08-14 10:04:23
412	4c2ae188-d573-44a2-a84c-85679607052d	412	1_3_2_2_1	1_3_2_2_1_3	投资银行部_其他债权投资_商业银行债_5Y	末级账户册	0	2026-08-14 10:04:23	2026-08-14 10:04:23
413	930ab2cb-bc94-4273-a516-18584045fa13	413	1_3_2_2_1	1_3_2_2_1_4	投资银行部_其他债权投资_商业银行债_10Y	末级账户册	0	2026-08-14 10:04:23	2026-08-14 10:04:23
414	aca9dab0-c289-49ff-9d89-89ba9dc37409	414	1_3_2_2	1_3_2_2_2	投资银行部_其他债权投资_金融机构债	1_3_2_2_2	0	2026-08-14 10:04:23	2026-08-14 10:04:23
415	9a8a93bd-0379-4b0c-81a6-dfa592024fe1	415	1_3_2_2_2	1_3_2_2_2_1	投资银行部_其他债权投资_金融机构债_1Y	末级账户册	0	2026-08-14 10:04:23	2026-08-14 10:04:23
416	f498dd93-146f-4577-940c-40a248fe6da8	416	1_3_2_2_2	1_3_2_2_2_2	投资银行部_其他债权投资_金融机构债_3Y	末级账户册	0	2026-08-14 10:04:23	2026-08-14 10:04:23
417	fbdcbbde-659a-4e91-90b6-500da5f34ee4	417	1_3_2_2_2	1_3_2_2_2_3	投资银行部_其他债权投资_金融机构债_5Y	末级账户册	0	2026-08-14 10:04:23	2026-08-14 10:04:23
418	8323e762-1366-4c41-9983-f965a6f407b6	418	1_3_2_2_2	1_3_2_2_2_4	投资银行部_其他债权投资_金融机构债_10Y	末级账户册	0	2026-08-14 10:04:23	2026-08-14 10:04:23
419	31ccfd51-ae57-486f-819c-2e89dbbe124c	419	1_3_2_2	1_3_2_2_3	投资银行部_其他债权投资_公司债	1_3_2_2_3	0	2026-08-14 10:04:23	2026-08-14 10:04:23
420	a881ae47-484f-49bb-8058-b81df946dd78	420	1_3_2_2_3	1_3_2_2_3_1	投资银行部_其他债权投资_公司债_1Y	末级账户册	0	2026-08-14 10:04:23	2026-08-14 10:04:23
421	1fc3670a-8b35-4d5f-a1a9-23a9503233f0	421	1_3_2_2_3	1_3_2_2_3_2	投资银行部_其他债权投资_公司债_3Y	末级账户册	0	2026-08-14 10:04:23	2026-08-14 10:04:23
422	f58a8049-f0be-4694-8e6e-209a12ee8b63	422	1_3_2_2_3	1_3_2_2_3_3	投资银行部_其他债权投资_公司债_5Y	末级账户册	0	2026-08-14 10:04:23	2026-08-14 10:04:23
423	30566c86-0e43-4d3f-9c47-e81769fb5136	423	1_3_2_2_3	1_3_2_2_3_4	投资银行部_其他债权投资_公司债_10Y	末级账户册	0	2026-08-14 10:04:23	2026-08-14 10:04:23
424	a0b47549-ad65-4d5e-a088-36c2e8157dbb	424	1_3_2_2	1_3_2_2_4	投资银行部_其他债权投资_信托	1_3_2_2_4	0	2026-08-14 10:04:23	2026-08-14 10:04:23
425	60837459-1ad0-4364-90c4-5140eb5486cf	425	1_3_2_2_4	1_3_2_2_4_1	投资银行部_其他债权投资_信托_1Y	末级账户册	0	2026-08-14 10:04:23	2026-08-14 10:04:23
426	5d1ebe9a-62e9-47f9-9058-1d859858d2a8	426	1_3_2_2_4	1_3_2_2_4_2	投资银行部_其他债权投资_信托_3Y	末级账户册	0	2026-08-14 10:04:23	2026-08-14 10:04:23
427	2ee60bfd-74d7-43ff-930e-193c971453ba	427	1_3_2_2_4	1_3_2_2_4_3	投资银行部_其他债权投资_信托_5Y	末级账户册	0	2026-08-14 10:04:23	2026-08-14 10:04:23
428	ab5fec96-e107-4d3d-895c-801df7e38690	428	1_3_2_2	1_3_2_2_5	投资银行部_其他债权投资_资管计划	1_3_2_2_5	0	2026-08-14 10:04:23	2026-08-14 10:04:23
429	666d015b-f6b3-4a23-b0fc-7405fc6dcf14	429	1_3_2_2_5	1_3_2_2_5_1	投资银行部_其他债权投资_资管计划_1Y	末级账户册	0	2026-08-14 10:04:23	2026-08-14 10:04:23
430	307be966-66d0-4098-b68f-3ddfab3b6e0f	430	1_3_2_2_5	1_3_2_2_5_2	投资银行部_其他债权投资_资管计划_3Y	末级账户册	0	2026-08-14 10:04:23	2026-08-14 10:04:23
431	d7ef9654-132e-4aea-8720-1a2df1deda5b	431	1_3_2_2_5	1_3_2_2_5_3	投资银行部_其他债权投资_资管计划_5Y	末级账户册	0	2026-08-14 10:04:23	2026-08-14 10:04:23
432	64f1ce0f-bf1c-4b1f-9cb8-688e4576a77f	432	1_3_2_2	1_3_2_2_6	投资银行部_其他债权投资_债权融资计划	1_3_2_2_6	0	2026-08-14 10:04:23	2026-08-14 10:04:23
433	a2245a3d-bc1a-4548-9052-a63bce113a12	433	1_3_2_2_6	1_3_2_2_6_1	投资银行部_其他债权投资_债权融资计划_1Y	末级账户册	0	2026-08-14 10:04:23	2026-08-14 10:04:23
434	7597d396-e269-45dd-9e69-8104ba963ca4	434	1_3_2_2_6	1_3_2_2_6_2	投资银行部_其他债权投资_债权融资计划_3Y	末级账户册	0	2026-08-14 10:04:23	2026-08-14 10:04:23
435	d1ab07c8-d140-4c7f-8fe4-e12521021876	435	1_3_2_2_6	1_3_2_2_6_3	投资银行部_其他债权投资_债权融资计划_5Y	末级账户册	0	2026-08-14 10:04:23	2026-08-14 10:04:23
436	b311e194-9e9d-467d-a8dc-33266aab3854	436	1_3_2_2	1_3_2_2_7	投资银行部_其他债权投资_私募基金	1_3_2_2_7	0	2026-08-14 10:04:23	2026-08-14 10:04:23
437	9523a907-c959-4503-85e4-778d350cfd62	437	1_3_2_2_7	1_3_2_2_7_1	投资银行部_其他债权投资_私募基金_1Y	末级账户册	0	2026-08-14 10:04:23	2026-08-14 10:04:23
438	9e1b1409-7a6d-4e2e-bde0-91df9d8e5c33	438	1_3_2_2_7	1_3_2_2_7_2	投资银行部_其他债权投资_私募基金_3Y	末级账户册	0	2026-08-14 10:04:23	2026-08-14 10:04:23
439	34cb824d-2f41-49fa-86e8-563bfdde258f	439	1_3_2_2_7	1_3_2_2_7_3	投资银行部_其他债权投资_私募基金_5Y	末级账户册	0	2026-08-14 10:04:23	2026-08-14 10:04:23
440	4d19827b-49d6-4010-a424-cf21b2c75534	440	1_3_2_2	1_3_2_2_8	投资银行部_其他债权投资_公募基金	1_3_2_2_8	0	2026-08-14 10:04:23	2026-08-14 10:04:23
441	0dcb8aa2-f555-4f2b-8b8e-e07b42ef9d60	441	1_3_2_2_8	1_3_2_2_8_1	投资银行部_其他债权投资_公募基金_3Y	末级账户册	0	2026-08-14 10:04:23	2026-08-14 10:04:23
442	de5f5ca4-544e-4efd-b7ce-9b8309097cbf	442	1_3_2_2	1_3_2_2_9	投资银行部_其他债权投资_融资租赁	1_3_2_2_9	0	2026-08-14 10:04:23	2026-08-14 10:04:23
443	220f68dc-ad64-4daa-97b7-deaecbb6e501	443	1_3_2_2_9	1_3_2_2_9_1	投资银行部_其他债权投资_融资租赁_1Y	末级账户册	0	2026-08-14 10:04:23	2026-08-14 10:04:23
444	94578834-d53a-4add-8b16-754ec27dd66c	444	1_3_2_2_9	1_3_2_2_9_2	投资银行部_其他债权投资_融资租赁_3Y	末级账户册	0	2026-08-14 10:04:23	2026-08-14 10:04:23
445	dae4f8f8-e57f-4ef2-b321-7eedaebecff5	445	1_3_2_2_9	1_3_2_2_9_3	投资银行部_其他债权投资_融资租赁_5Y	末级账户册	0	2026-08-14 10:04:23	2026-08-14 10:04:23
446	d6dc4671-4cb5-4052-b7e2-b0db6538433f	446	1_3_2_2	1_3_2_2_10	投资银行部_其他债权投资_其他	1_3_2_2_10	0	2026-08-14 10:04:23	2026-08-14 10:04:23
447	d86bcee0-ab16-4b10-a23e-53a978a63df4	447	1_3_2_2_10	1_3_2_2_10_1	投资银行部_其他债权投资_其他_1Y	末级账户册	0	2026-08-14 10:04:23	2026-08-14 10:04:23
448	6dc71044-0e0c-4b6f-83f5-e9f1a26b68dd	448	1_3_2_2_10	1_3_2_2_10_2	投资银行部_其他债权投资_其他_3Y	末级账户册	0	2026-08-14 10:04:23	2026-08-14 10:04:23
449	8b85288a-922c-4b26-9b5e-25eb24b50324	449	1_3_2_2_10	1_3_2_2_10_3	投资银行部_其他债权投资_其他_5Y	末级账户册	0	2026-08-14 10:04:23	2026-08-14 10:04:23
450	9013b467-e8f8-4684-9581-81d827362d4b	450	1_3_2	1_3_2_3	投资银行部_债权投资	1_3_2_3	0	2026-08-14 10:04:23	2026-08-14 10:04:23
451	357fe892-f694-4584-8bcf-a6e8932e844f	451	1_3_2_3	1_3_2_3_1	投资银行部_债权投资_商业银行债	1_3_2_3_1	0	2026-08-14 10:04:23	2026-08-14 10:04:23
452	4a75950a-69f3-41a4-aad4-cfa0c9a3f223	452	1_3_2_3_1	1_3_2_3_1_1	投资银行部_债权投资_商业银行债_1Y	末级账户册	0	2026-08-14 10:04:23	2026-08-14 10:04:23
453	d4aa8ec9-1dfc-42dc-896e-d02b9fb9c63e	453	1_3_2_3_1	1_3_2_3_1_2	投资银行部_债权投资_商业银行债_3Y	末级账户册	0	2026-08-14 10:04:23	2026-08-14 10:04:23
454	45ded21b-6d34-45b5-bf8a-3e8715514ab8	454	1_3_2_3_1	1_3_2_3_1_3	投资银行部_债权投资_商业银行债_5Y	末级账户册	0	2026-08-14 10:04:23	2026-08-14 10:04:23
455	88c9ec25-038c-4b72-a96a-36e0b8adb439	455	1_3_2_3_1	1_3_2_3_1_4	投资银行部_债权投资_商业银行债_10Y	末级账户册	0	2026-08-14 10:04:23	2026-08-14 10:04:23
456	74941e9d-3ff1-49ef-988c-28cba92d6990	456	1_3_2_3	1_3_2_3_2	投资银行部_债权投资_金融机构债	1_3_2_3_2	0	2026-08-14 10:04:23	2026-08-14 10:04:23
457	1bebe13e-274f-480d-a823-06a262680dad	457	1_3_2_3_2	1_3_2_3_2_1	投资银行部_债权投资_金融机构债_1Y	末级账户册	0	2026-08-14 10:04:23	2026-08-14 10:04:23
458	9b19da50-5436-4257-ab7c-e5182f520ddb	458	1_3_2_3_2	1_3_2_3_2_2	投资银行部_债权投资_金融机构债_3Y	末级账户册	0	2026-08-14 10:04:23	2026-08-14 10:04:23
459	40062d2b-d12e-4c16-96ce-1dd472926e7c	459	1_3_2_3_2	1_3_2_3_2_3	投资银行部_债权投资_金融机构债_5Y	末级账户册	0	2026-08-14 10:04:23	2026-08-14 10:04:23
460	6aa2e6e2-2c22-4ab2-a7c9-47fd8f833646	460	1_3_2_3_2	1_3_2_3_2_4	投资银行部_债权投资_金融机构债_10Y	末级账户册	0	2026-08-14 10:04:23	2026-08-14 10:04:23
461	699c2b43-70e6-4043-80a5-79c67a838ce1	461	1_3_2_3	1_3_2_3_3	投资银行部_债权投资_公司债	1_3_2_3_3	0	2026-08-14 10:04:23	2026-08-14 10:04:23
462	41699d21-2916-4291-a29f-4cb95fe393d5	462	1_3_2_3_3	1_3_2_3_3_1	投资银行部_债权投资_公司债_1Y	末级账户册	0	2026-08-14 10:04:23	2026-08-14 10:04:23
463	faf2af50-4844-403b-9644-2e058ae64b47	463	1_3_2_3_3	1_3_2_3_3_2	投资银行部_债权投资_公司债_3Y	末级账户册	0	2026-08-14 10:04:23	2026-08-14 10:04:23
464	70a96c04-4016-4a35-9d61-bd9d7d814ca9	464	1_3_2_3_3	1_3_2_3_3_3	投资银行部_债权投资_公司债_5Y	末级账户册	0	2026-08-14 10:04:23	2026-08-14 10:04:23
465	843379be-eee2-473e-8c0b-8d104be7504d	465	1_3_2_3_3	1_3_2_3_3_4	投资银行部_债权投资_公司债_10Y	末级账户册	0	2026-08-14 10:04:23	2026-08-14 10:04:23
466	1ce66a0f-40b3-4a15-912d-bd0f5a639b33	466	1_3_2_3	1_3_2_3_4	投资银行部_债权投资_信托	1_3_2_3_4	0	2026-08-14 10:04:23	2026-08-14 10:04:23
467	9e5b133d-ff77-4be3-91c5-7cc5f7e506c4	467	1_3_2_3_4	1_3_2_3_4_1	投资银行部_债权投资_信托_1Y	末级账户册	0	2026-08-14 10:04:23	2026-08-14 10:04:23
468	fa722a68-6c75-4f21-a08b-c0865c625917	468	1_3_2_3_4	1_3_2_3_4_2	投资银行部_债权投资_信托_3Y	末级账户册	0	2026-08-14 10:04:23	2026-08-14 10:04:23
469	aaffbfa5-ee32-4a0b-9637-c75106319661	469	1_3_2_3_4	1_3_2_3_4_3	投资银行部_债权投资_信托_5Y	末级账户册	0	2026-08-14 10:04:23	2026-08-14 10:04:23
470	77c7f03e-63fe-40ed-bd05-2f51975af894	470	1_3_2_3	1_3_2_3_5	投资银行部_债权投资_资管计划	1_3_2_3_5	0	2026-08-14 10:04:23	2026-08-14 10:04:23
471	c5173a95-31f6-4c3c-8ec9-d03dbce6a784	471	1_3_2_3_5	1_3_2_3_5_1	投资银行部_债权投资_资管计划_1Y	末级账户册	0	2026-08-14 10:04:23	2026-08-14 10:04:23
472	47632bfd-9b6e-4c8f-a6e1-1d132043357f	472	1_3_2_3_5	1_3_2_3_5_2	投资银行部_债权投资_资管计划_3Y	末级账户册	0	2026-08-14 10:04:23	2026-08-14 10:04:23
473	016087c4-d5e8-4f24-afb9-3130fe0965f3	473	1_3_2_3_5	1_3_2_3_5_3	投资银行部_债权投资_资管计划_5Y	末级账户册	0	2026-08-14 10:04:23	2026-08-14 10:04:23
474	81daf7dd-bf39-4d82-904a-531eb0312fac	474	1_3_2_3	1_3_2_3_6	投资银行部_债权投资_债权融资计划	1_3_2_3_6	0	2026-08-14 10:04:23	2026-08-14 10:04:23
475	87637c2a-58a2-432f-beb1-0da9e0887227	475	1_3_2_3_6	1_3_2_3_6_1	投资银行部_债权投资_债权融资计划_1Y	末级账户册	0	2026-08-14 10:04:23	2026-08-14 10:04:23
476	224bab9e-72f9-418b-b97b-e025f760d763	476	1_3_2_3_6	1_3_2_3_6_2	投资银行部_债权投资_债权融资计划_3Y	末级账户册	0	2026-08-14 10:04:23	2026-08-14 10:04:23
477	f9d66008-ddab-43ec-88d6-ba31520488aa	477	1_3_2_3_6	1_3_2_3_6_3	投资银行部_债权投资_债权融资计划_5Y	末级账户册	0	2026-08-14 10:04:23	2026-08-14 10:04:23
478	f56165d3-cfce-4372-94ce-d539905e1599	478	1_3_2_3	1_3_2_3_7	投资银行部_债权投资_私募基金	1_3_2_3_7	0	2026-08-14 10:04:23	2026-08-14 10:04:23
479	1e9fc923-eb5b-40b9-8cab-1999dbba83d1	479	1_3_2_3_7	1_3_2_3_7_1	投资银行部_债权投资_私募基金_1Y	末级账户册	0	2026-08-14 10:04:23	2026-08-14 10:04:23
480	96e25f7a-d46a-4258-aa87-4d82c5f79c14	480	1_3_2_3_7	1_3_2_3_7_2	投资银行部_债权投资_私募基金_3Y	末级账户册	0	2026-08-14 10:04:23	2026-08-14 10:04:23
481	07f6b2b2-5b6f-41ae-8821-1f6022e492cd	481	1_3_2_3_7	1_3_2_3_7_3	投资银行部_债权投资_私募基金_5Y	末级账户册	0	2026-08-14 10:04:23	2026-08-14 10:04:23
482	ebcc83a2-c2a3-45e8-a071-d1f811e9c863	482	1_3_2_3	1_3_2_3_8	投资银行部_债权投资_公募基金	1_3_2_3_8	0	2026-08-14 10:04:23	2026-08-14 10:04:23
483	524f6204-718d-4bdf-843d-4639dfb1c5ac	483	1_3_2_3_8	1_3_2_3_8_1	投资银行部_债权投资_公募基金_3Y	末级账户册	0	2026-08-14 10:04:23	2026-08-14 10:04:23
484	0248ad03-1cc8-4066-bb58-83712033133a	484	1_3_2_3	1_3_2_3_9	投资银行部_债权投资_融资租赁	1_3_2_3_9	0	2026-08-14 10:04:23	2026-08-14 10:04:23
485	24f8c5b0-938f-46b9-828f-64a160de7b38	485	1_3_2_3_9	1_3_2_3_9_1	投资银行部_债权投资_融资租赁_1Y	末级账户册	0	2026-08-14 10:04:23	2026-08-14 10:04:23
486	582e60cc-dad4-43ac-a80a-dbd2d0dd22bd	486	1_3_2_3_9	1_3_2_3_9_2	投资银行部_债权投资_融资租赁_3Y	末级账户册	0	2026-08-14 10:04:23	2026-08-14 10:04:23
487	03001a98-cc9c-406d-8a57-bd0850252c33	487	1_3_2_3_9	1_3_2_3_9_3	投资银行部_债权投资_融资租赁_5Y	末级账户册	0	2026-08-14 10:04:23	2026-08-14 10:04:23
488	691f2e48-2185-49e8-a302-f6a96901aeb4	488	1_3_2_3	1_3_2_3_10	投资银行部_债权投资_其他	1_3_2_3_10	0	2026-08-14 10:04:23	2026-08-14 10:04:23
489	40896128-f60c-4ec2-94e8-45020a186075	489	1_3_2_3_10	1_3_2_3_10_1	投资银行部_债权投资_其他_1Y	末级账户册	0	2026-08-14 10:04:23	2026-08-14 10:04:23
490	e24c0d55-d7ae-45b9-9878-b5a3e6edc212	490	1_3_2_3_10	1_3_2_3_10_2	投资银行部_债权投资_其他_3Y	末级账户册	0	2026-08-14 10:04:23	2026-08-14 10:04:23
491	fe6e280c-bb1d-490a-898a-cb73ffc3505d	491	1_3_2_3_10	1_3_2_3_10_3	投资银行部_债权投资_其他_5Y	末级账户册	0	2026-08-14 10:04:23	2026-08-14 10:04:23
492	be864393-7f5c-4979-94f2-7e990591c408	492	1_3_2	1_3_2_4	投资银行部_其他权益工具投资	1_3_2_4	0	2026-08-14 10:04:23	2026-08-14 10:04:23
493	771708d4-9d1e-4f8c-9f44-5969b7e1fd59	493	1_3_2_4	1_3_2_4_1	投资银行部_其他权益工具投资_5Y	末级账户册	0	2026-08-14 10:04:23	2026-08-14 10:04:23
494	5f364a99-56e8-4908-a400-a10101f4e2ce	494	ROOT	1_4	发放贷款	1_4	0	2026-08-14 10:04:23	2026-08-14 11:18:10
495	76194b0d-a8b1-49c2-bd31-9e4df0128af5	495	1_4	1_4_1	个金条线贷款	1_4_1	0	2026-08-14 10:04:23	2026-08-14 10:04:23
496	47a8e4f2-4ab6-4624-b90c-4c56d6585a1e	496	1_4_1	1_4_1_1	个金条线_个人经营贷款	1_4_1_1	0	2026-08-14 10:04:23	2026-08-14 10:04:23
497	b4a31faf-818c-4540-b1b6-9da6f6a8fdaa	497	1_4_1_1	1_4_1_1_1	个金条线_个人经营贷款_3M	末级账户册	0	2026-08-14 10:04:23	2026-08-14 10:04:23
498	3986ec35-7083-4055-a12f-8de12212ec8c	498	1_4_1_1	1_4_1_1_2	个金条线_个人经营贷款_6M	末级账户册	0	2026-08-14 10:04:23	2026-08-14 10:04:23
499	90b1e4a7-c6d4-4235-b606-5a2813d6dec6	499	1_4_1_1	1_4_1_1_3	个金条线_个人经营贷款_1Y	末级账户册	0	2026-08-14 10:04:23	2026-08-14 10:04:23
500	474a5b96-3de4-4c70-8f59-1eaff3026a6a	500	1_4_1_1	1_4_1_1_4	个金条线_个人经营贷款_2Y	末级账户册	0	2026-08-14 10:04:23	2026-08-14 10:04:23
501	d11eab87-8126-4af2-9857-dcaebedd678d	501	1_4_1_1	1_4_1_1_5	个金条线_个人经营贷款_3Y	末级账户册	0	2026-08-14 10:04:23	2026-08-14 10:04:23
502	3db2d10a-a501-4e02-ab06-31e9a51322cc	502	1_4_1	1_4_1_2	个金条线_个人消费贷款	1_4_1_2	0	2026-08-14 10:04:23	2026-08-14 10:04:23
503	99406d93-e4e7-4d22-bf69-7d7230bbb5e0	503	1_4_1_2	1_4_1_2_1	个金条线_便民贷	1_4_1_2_1	0	2026-08-14 10:04:23	2026-08-14 10:04:23
504	6abe884e-c336-4780-8953-dddb387f5098	504	1_4_1_2_1	1_4_1_2_1_1	个金条线_便民贷_3M	末级账户册	0	2026-08-14 10:04:23	2026-08-14 10:04:23
505	727e0f23-d801-4c4e-a3ab-d3c979163208	505	1_4_1_2_1	1_4_1_2_1_2	个金条线_便民贷_6M	末级账户册	0	2026-08-14 10:04:23	2026-08-14 10:04:23
506	fe5aac38-95b4-4a9a-b5ac-82cb733de94f	506	1_4_1_2_1	1_4_1_2_1_3	个金条线_便民贷_1Y	末级账户册	0	2026-08-14 10:04:23	2026-08-14 10:04:23
507	d1f1fdac-95c2-4927-92b3-7c294c528dee	507	1_4_1_2_1	1_4_1_2_1_4	个金条线_便民贷_2Y	末级账户册	0	2026-08-14 10:04:23	2026-08-14 10:04:23
508	5d4b3159-1558-4496-968a-8d300385295c	508	1_4_1_2_1	1_4_1_2_1_5	个金条线_便民贷_3Y	末级账户册	0	2026-08-14 10:04:23	2026-08-14 10:04:23
509	fa12fcc8-e668-4d1c-9313-929a88134668	509	1_4_1_2	1_4_1_2_2	个金条线_公积金秒贷	1_4_1_2_2	0	2026-08-14 10:04:23	2026-08-14 10:04:23
510	ec169449-bc80-452d-a3e9-be57078b6360	510	1_4_1_2_2	1_4_1_2_2_1	个金条线_公积金秒贷_3M	末级账户册	0	2026-08-14 10:04:23	2026-08-14 10:04:23
511	9bb18610-e5b5-4ae5-87fe-794762e9843a	511	1_4_1_2_2	1_4_1_2_2_2	个金条线_公积金秒贷_6M	末级账户册	0	2026-08-14 10:04:23	2026-08-14 10:04:23
512	f8e7540c-4e3b-438e-bb3d-856bcbc11c63	512	1_4_1_2_2	1_4_1_2_2_3	个金条线_公积金秒贷_1Y	末级账户册	0	2026-08-14 10:04:23	2026-08-14 10:04:23
513	90521284-03fa-4c13-b1bb-eb33a359bf50	513	1_4_1_2_2	1_4_1_2_2_4	个金条线_公积金秒贷_2Y	末级账户册	0	2026-08-14 10:04:23	2026-08-14 10:04:23
514	8a0ec54e-e47d-4d61-aa3d-e45fab96418f	514	1_4_1_2_2	1_4_1_2_2_5	个金条线_公积金秒贷_3Y	末级账户册	0	2026-08-14 10:04:23	2026-08-14 10:04:23
515	c9c9720b-0875-4ba7-8fd5-f3919b4094ff	515	1_4_1_2	1_4_1_2_3	个金条线_其他个人消费贷款	1_4_1_2_3	0	2026-08-14 10:04:23	2026-08-14 10:04:23
516	bcfc0e88-3413-4296-ab55-239c4fc16a90	516	1_4_1_2_3	1_4_1_2_3_1	个金条线_其他个人消费贷款_3M	末级账户册	0	2026-08-14 10:04:23	2026-08-14 10:04:23
517	8284c9a4-3e5a-452e-ba0a-3a8d0db75fec	517	1_4_1_2_3	1_4_1_2_3_2	个金条线_其他个人消费贷款_6M	末级账户册	0	2026-08-14 10:04:23	2026-08-14 10:04:23
518	f4196d05-e2fc-4a8c-926d-09fdab313304	518	1_4_1_2_3	1_4_1_2_3_3	个金条线_其他个人消费贷款_1Y	末级账户册	0	2026-08-14 10:04:23	2026-08-14 10:04:23
519	42d624b6-1a5e-4ed2-8147-b621fe3d2bd0	519	1_4_1_2_3	1_4_1_2_3_4	个金条线_其他个人消费贷款_2Y	末级账户册	0	2026-08-14 10:04:23	2026-08-14 10:04:23
520	8e79875e-f041-440a-bb77-38d1356b7d26	520	1_4_1_2_3	1_4_1_2_3_5	个金条线_其他个人消费贷款_3Y	末级账户册	0	2026-08-14 10:04:23	2026-08-14 10:04:23
521	7d700d45-d9eb-4482-8983-19c8b578624e	521	1_4_1	1_4_1_3	个金条线_个人住房贷款	1_4_1_3	0	2026-08-14 10:04:23	2026-08-14 10:04:23
522	eb34e8e6-274c-4df3-bf10-754ef82ad7aa	522	1_4_1_3	1_4_1_3_1	个金条线_个人住房贷款_1Y	末级账户册	0	2026-08-14 10:04:23	2026-08-14 10:04:23
523	2cddd6b4-c62f-4e8f-b073-b84b780924f8	523	1_4_1_3	1_4_1_3_2	个金条线_个人住房贷款_2Y	末级账户册	0	2026-08-14 10:04:23	2026-08-14 10:04:23
524	60b02b08-a1b2-4082-ab86-a0700d6b5aca	524	1_4_1_3	1_4_1_3_3	个金条线_个人住房贷款_3Y	末级账户册	0	2026-08-14 10:04:23	2026-08-14 10:04:23
525	dacb2004-2a66-4573-8aba-7efdeee30cdd	525	1_4_1_3	1_4_1_3_4	个金条线_个人住房贷款_5Y	末级账户册	0	2026-08-14 10:04:23	2026-08-14 10:04:23
526	b94b44b1-2ed4-4d3b-8453-5729d8e2abad	526	1_4_1_3	1_4_1_3_5	个金条线_个人住房贷款_10Y	末级账户册	0	2026-08-14 10:04:23	2026-08-14 10:04:23
527	337a0b27-91dd-4b16-9f44-ddb915431b11	527	1_4_1	1_4_1_4	个金条线_个人贷记卡透支	1_4_1_4	0	2026-08-14 10:04:23	2026-08-14 10:04:23
528	d7adabe1-07e3-41f3-aea5-8d0ba2f0cf6c	528	1_4_1_4	1_4_1_4_1	个金条线_个人贷记卡透支_3M	末级账户册	0	2026-08-14 10:04:23	2026-08-14 10:04:23
529	95d2ffa8-58bc-40ca-aaae-4d081b8e1f12	529	1_4_1_4	1_4_1_4_2	个金条线_个人贷记卡透支_6M	末级账户册	0	2026-08-14 10:04:23	2026-08-14 10:04:23
530	d502922d-7cc6-4ff3-99f7-51a96b7a20dc	530	1_4_1_4	1_4_1_4_3	个金条线_个人贷记卡透支_1Y	末级账户册	0	2026-08-14 10:04:23	2026-08-14 10:04:23
531	19eb13a5-f48f-4767-9c1c-e85cb853a245	531	1_4_1_4	1_4_1_4_4	个金条线_个人贷记卡透支_2Y	末级账户册	0	2026-08-14 10:04:23	2026-08-14 10:04:23
532	652603c9-7e1c-47ca-a969-0edace967b52	532	1_4_1_4	1_4_1_4_5	个金条线_个人贷记卡透支_3Y	末级账户册	0	2026-08-14 10:04:23	2026-08-14 10:04:23
533	e0c541c3-2d5d-44c1-82fa-bc256d921f7e	533	1_4_1	1_4_1_5	个金条线_其他贷款	1_4_1_5	0	2026-08-14 10:04:23	2026-08-14 10:04:23
534	f800f590-d7cc-484f-ba18-5ec4cf321328	534	1_4_1_5	1_4_1_5_1	个金条线_其他贷款_3M	末级账户册	0	2026-08-14 10:04:23	2026-08-14 10:04:23
535	7c08fcc5-4267-4559-b03a-db71941d46ec	535	1_4_1_5	1_4_1_5_2	个金条线_其他贷款_6M	末级账户册	0	2026-08-14 10:04:23	2026-08-14 10:04:23
536	e12065c9-ca60-4ebc-953e-3234bc64d537	536	1_4_1_5	1_4_1_5_3	个金条线_其他贷款_1Y	末级账户册	0	2026-08-14 10:04:23	2026-08-14 10:04:23
537	58c2a7ea-49ee-430a-931e-eb7f1fca081a	537	1_4_1_5	1_4_1_5_4	个金条线_其他贷款_2Y	末级账户册	0	2026-08-14 10:04:23	2026-08-14 10:04:23
538	bc119b0e-be32-4f5b-8d5e-8854785cb921	538	1_4_1_5	1_4_1_5_5	个金条线_其他贷款_3Y	末级账户册	0	2026-08-14 10:04:23	2026-08-14 10:04:23
539	976bc1b1-57d9-4693-b7c2-5b70827b8b88	539	1_4	1_4_2	小微条线贷款	1_4_2	0	2026-08-14 10:04:23	2026-08-14 10:04:23
540	96a101af-6886-4899-8ddc-876d93f56b31	540	1_4_2	1_4_2_1	小微条线_单位流动资金贷款	1_4_2_1	0	2026-08-14 10:04:23	2026-08-14 10:04:23
541	b46c7b37-72ce-4ab7-b51f-ca1c3be1e120	541	1_4_2_1	1_4_2_1_1	小微条线_单位流动资金贷款_3M	末级账户册	0	2026-08-14 10:04:23	2026-08-14 10:04:23
542	c167cf50-2fcc-47ea-af3a-61f2e63ee8f8	542	1_4_2_1	1_4_2_1_2	小微条线_单位流动资金贷款_6M	末级账户册	0	2026-08-14 10:04:23	2026-08-14 10:04:23
543	1ef51939-3c7b-4170-9343-e62ad7a0ebd3	543	1_4_2_1	1_4_2_1_3	小微条线_单位流动资金贷款_1Y	末级账户册	0	2026-08-14 10:04:23	2026-08-14 10:04:23
544	d5aaf321-6aa5-4f3e-9668-3bbc2196913a	544	1_4_2_1	1_4_2_1_4	小微条线_单位流动资金贷款_2Y	末级账户册	0	2026-08-14 10:04:23	2026-08-14 10:04:23
545	52bcfa4d-5d20-4d22-95a4-0dcd890e635f	545	1_4_2_1	1_4_2_1_5	小微条线_单位流动资金贷款_3Y	末级账户册	0	2026-08-14 10:04:23	2026-08-14 10:04:23
546	607f6578-8e54-480b-82cd-8feb6a62d5fb	546	1_4_2	1_4_2_2	小微条线_单位其他固定资产贷款	1_4_2_2	0	2026-08-14 10:04:23	2026-08-14 10:04:23
547	f9e1b183-9391-48d6-84b9-d65b0afb1588	547	1_4_2_2	1_4_2_2_1	小微条线_单位其他固定资产贷款_1Y	末级账户册	0	2026-08-14 10:04:23	2026-08-14 10:04:23
548	f7e52801-b6d6-420f-b487-07947bb75472	548	1_4_2_2	1_4_2_2_2	小微条线_单位其他固定资产贷款_3Y	末级账户册	0	2026-08-14 10:04:23	2026-08-14 10:04:23
549	d4c405ad-c4db-4681-af96-11b6b2ec5ebb	549	1_4_2_2	1_4_2_2_3	小微条线_单位其他固定资产贷款_5Y	末级账户册	0	2026-08-14 10:04:23	2026-08-14 10:04:23
550	37c1dcea-f30d-4b55-ae05-b98b1fddcf69	550	1_4_2_2	1_4_2_2_4	小微条线_单位其他固定资产贷款_10Y	末级账户册	0	2026-08-14 10:04:23	2026-08-14 10:04:23
551	d59688a4-3315-4e48-b770-2b5097fa363c	551	1_4_2	1_4_2_3	小微条线_个人经营贷款	1_4_2_3	0	2026-08-14 10:04:23	2026-08-14 10:04:23
552	6ea7a8b6-ca5d-45ec-abab-4a267e6da9f8	552	1_4_2_3	1_4_2_3_1	小微条线_个人经营贷款_线上	1_4_2_3_1	0	2026-08-14 10:04:23	2026-08-14 10:04:23
553	6956a4c5-4b28-4dab-9a84-e695b5a504cd	553	1_4_2_3_1	1_4_2_3_1_1	小微条线_个人经营贷款_线上_3M	末级账户册	0	2026-08-14 10:04:23	2026-08-14 10:04:23
554	62cd089e-a513-48a4-a723-bdabaf47a8b9	554	1_4_2_3_1	1_4_2_3_1_2	小微条线_个人经营贷款_线上_6M	末级账户册	0	2026-08-14 10:04:23	2026-08-14 10:04:23
555	78ec87d8-59c0-4a0a-8122-a51347d7b45b	555	1_4_2_3_1	1_4_2_3_1_3	小微条线_个人经营贷款_线上_1Y	末级账户册	0	2026-08-14 10:04:23	2026-08-14 10:04:23
556	a0bb3183-aa0f-483b-8a02-0a62dc6e696f	556	1_4_2_3_1	1_4_2_3_1_4	小微条线_个人经营贷款_线上_2Y	末级账户册	0	2026-08-14 10:04:23	2026-08-14 10:04:23
557	c4b519ac-6689-47f9-b638-c6b5ae25461a	557	1_4_2_3_1	1_4_2_3_1_5	小微条线_个人经营贷款_线上_3Y	末级账户册	0	2026-08-14 10:04:23	2026-08-14 10:04:23
558	eab22d14-abf2-4f40-b357-cb85acde159f	558	1_4_2_3	1_4_2_3_2	小微条线_个人经营贷款_线下	1_4_2_3_2	0	2026-08-14 10:04:23	2026-08-14 10:04:23
559	80854a4c-3f49-4d3d-9562-d008a660fde2	559	1_4_2_3_2	1_4_2_3_2_1	小微条线_个人经营贷款_线下_3M	末级账户册	0	2026-08-14 10:04:23	2026-08-14 10:04:23
560	653162d2-3ff3-41af-afb1-77dae1ee457c	560	1_4_2_3_2	1_4_2_3_2_2	小微条线_个人经营贷款_线下_6M	末级账户册	0	2026-08-14 10:04:23	2026-08-14 10:04:23
561	222bed44-ddc8-4414-8827-e506bcaf0ff5	561	1_4_2_3_2	1_4_2_3_2_3	小微条线_个人经营贷款_线下_1Y	末级账户册	0	2026-08-14 10:04:23	2026-08-14 10:04:23
562	1718f0f3-1f23-4bce-8885-129014c46785	562	1_4_2_3_2	1_4_2_3_2_4	小微条线_个人经营贷款_线下_2Y	末级账户册	0	2026-08-14 10:04:23	2026-08-14 10:04:23
563	5dd82ca2-fdac-4c64-9c0b-9b8a2c6fc9f6	563	1_4_2_3_2	1_4_2_3_2_5	小微条线_个人经营贷款_线下_3Y	末级账户册	0	2026-08-14 10:04:23	2026-08-14 10:04:23
564	4dbacb9e-b7a8-4d43-8039-48a9d203ac1d	564	1_4_2	1_4_2_4	小微条线_个人消费贷款	1_4_2_4	0	2026-08-14 10:04:23	2026-08-14 10:04:23
565	661290d2-df35-4513-8017-379ff2c9aa8e	565	1_4_2_4	1_4_2_4_1	小微条线_个人消费贷款_3M	末级账户册	0	2026-08-14 10:04:23	2026-08-14 10:04:23
566	c58ac672-a9f4-4447-9428-d984be52000b	566	1_4_2_4	1_4_2_4_2	小微条线_个人消费贷款_6M	末级账户册	0	2026-08-14 10:04:23	2026-08-14 10:04:23
567	51139a33-9cbb-4098-9ee4-30d6796732df	567	1_4_2_4	1_4_2_4_3	小微条线_个人消费贷款_1Y	末级账户册	0	2026-08-14 10:04:23	2026-08-14 10:04:23
568	9870b6ca-3fc5-4320-9d1e-6a65e7d6988f	568	1_4_2_4	1_4_2_4_4	小微条线_个人消费贷款_2Y	末级账户册	0	2026-08-14 10:04:23	2026-08-14 10:04:23
569	511331e9-aba8-4ac6-aa90-ee1e5f860517	569	1_4_2_4	1_4_2_4_5	小微条线_个人消费贷款_3Y	末级账户册	0	2026-08-14 10:04:23	2026-08-14 10:04:23
570	69372f9b-58aa-4bbc-8f33-dc26143b168d	570	1_4	1_4_3	对公条线贷款	1_4_3	0	2026-08-14 10:04:23	2026-08-14 10:04:23
571	2f89ce27-0bfa-40cd-a90a-2d4d5f3024ee	571	1_4_3	1_4_3_1	对公条线_单位房地产贷款	1_4_3_1	0	2026-08-14 10:04:23	2026-08-14 10:04:23
572	aa9d2d38-4f72-4e6a-aba3-44b412afadda	572	1_4_3_1	1_4_3_1_1	对公条线_单位房地产贷款_1Y	末级账户册	0	2026-08-14 10:04:23	2026-08-14 10:04:23
573	e38ef085-469f-4363-bf95-828b679b60e8	573	1_4_3_1	1_4_3_1_2	对公条线_单位房地产贷款_3Y	末级账户册	0	2026-08-14 10:04:23	2026-08-14 10:04:23
574	21345eff-19b9-4431-98f4-5b914521f349	574	1_4_3_1	1_4_3_1_3	对公条线_单位房地产贷款_5Y	末级账户册	0	2026-08-14 10:04:23	2026-08-14 10:04:23
575	a0f169cc-3350-44ce-893e-9e9c32344516	575	1_4_3_1	1_4_3_1_4	对公条线_单位房地产贷款_10Y	末级账户册	0	2026-08-14 10:04:23	2026-08-14 10:04:23
576	088404fd-82a5-4b64-bfe0-d9bff1fb887e	576	1_4_3	1_4_3_2	对公条线_单位项目融资贷款	1_4_3_2	0	2026-08-14 10:04:23	2026-08-14 10:04:23
577	d1fb66dd-7644-4d6e-addf-a9b8ba66edda	577	1_4_3_2	1_4_3_2_1	对公条线_单位项目融资贷款_3M	末级账户册	0	2026-08-14 10:04:23	2026-08-14 10:04:23
578	131fe31e-3e00-48ca-befe-2f38629be051	578	1_4_3_2	1_4_3_2_2	对公条线_单位项目融资贷款_6M	末级账户册	0	2026-08-14 10:04:23	2026-08-14 10:04:23
579	fc456c4c-68cd-428b-9e6e-eb65a6ec95d7	579	1_4_3_2	1_4_3_2_3	对公条线_单位项目融资贷款_1Y	末级账户册	0	2026-08-14 10:04:23	2026-08-14 10:04:23
580	41f3cd2a-09bb-41af-8ad7-b8bc3b695c9b	580	1_4_3_2	1_4_3_2_4	对公条线_单位项目融资贷款_2Y	末级账户册	0	2026-08-14 10:04:23	2026-08-14 10:04:23
581	cf706f0a-5109-4a29-819c-99e6249af721	581	1_4_3_2	1_4_3_2_5	对公条线_单位项目融资贷款_3Y	末级账户册	0	2026-08-14 10:04:23	2026-08-14 10:04:23
582	c74a8110-317b-448d-aca1-1e29b242cfd6	582	1_4_3	1_4_3_3	对公条线_单位其他固定资产贷款	1_4_3_3	0	2026-08-14 10:04:23	2026-08-14 10:04:23
583	f96f35d0-3ad7-4f2e-8891-9ff665541df3	583	1_4_3_3	1_4_3_3_1	对公条线_单位其他固定资产贷款_1Y	末级账户册	0	2026-08-14 10:04:23	2026-08-14 10:04:23
584	764d079c-14ed-458e-ac89-06f613f37d9e	584	1_4_3_3	1_4_3_3_2	对公条线_单位其他固定资产贷款_3Y	末级账户册	0	2026-08-14 10:04:23	2026-08-14 10:04:23
585	51ea5d1e-b296-421d-a548-14f273a87739	585	1_4_3_3	1_4_3_3_3	对公条线_单位其他固定资产贷款_5Y	末级账户册	0	2026-08-14 10:04:23	2026-08-14 10:04:23
586	40baca30-2f11-4783-8c38-aea865de6c03	586	1_4_3_3	1_4_3_3_4	对公条线_单位其他固定资产贷款_10Y	末级账户册	0	2026-08-14 10:04:23	2026-08-14 10:04:23
587	3bb7bbd8-d7bd-419e-bf99-afd01313a992	587	1_4_3	1_4_3_4	对公条线_单位流动资金贷款	1_4_3_4	0	2026-08-14 10:04:23	2026-08-14 10:04:23
588	69224ae7-b1a5-4983-888f-7f0c9dc58306	588	1_4_3_4	1_4_3_4_1	对公条线_单位流动资金贷款_3M	末级账户册	0	2026-08-14 10:04:23	2026-08-14 10:04:23
589	bfa4d303-c7ed-4fba-8122-99f5efc1b5f6	589	1_4_3_4	1_4_3_4_2	对公条线_单位流动资金贷款_6M	末级账户册	0	2026-08-14 10:04:23	2026-08-14 10:04:23
590	9a33d6aa-c91d-4066-804f-b649ad87e121	590	1_4_3_4	1_4_3_4_3	对公条线_单位流动资金贷款_1Y	末级账户册	0	2026-08-14 10:04:23	2026-08-14 10:04:23
591	782d8c43-ab04-4515-b4dc-0ef3a5bdd0de	591	1_4_3_4	1_4_3_4_4	对公条线_单位流动资金贷款_2Y	末级账户册	0	2026-08-14 10:04:23	2026-08-14 10:04:23
592	f1a751f5-03f0-469a-b138-0ab9586758c2	592	1_4_3_4	1_4_3_4_5	对公条线_单位流动资金贷款_3Y	末级账户册	0	2026-08-14 10:04:23	2026-08-14 10:04:23
593	d9a637fd-29a4-4d7b-81fe-95de58d4ec63	593	1_4_3	1_4_3_5	对公条线_其他贷款	1_4_3_5	0	2026-08-14 10:04:23	2026-08-14 10:04:23
594	6edfc719-24a2-49f5-a1ad-3068fccf6cdc	594	1_4_3_5	1_4_3_5_1	对公条线_其他贷款_3M	末级账户册	0	2026-08-14 10:04:23	2026-08-14 10:04:23
595	ec79c7c9-cbbf-4a6e-9936-024de41a13f3	595	1_4_3_5	1_4_3_5_2	对公条线_其他贷款_6M	末级账户册	0	2026-08-14 10:04:23	2026-08-14 10:04:23
596	f12f0825-fba8-423e-9caf-a74af89701de	596	1_4_3_5	1_4_3_5_3	对公条线_其他贷款_1Y	末级账户册	0	2026-08-14 10:04:23	2026-08-14 10:04:23
597	ee39861b-f693-4699-a6b9-91278bbb07b7	597	1_4_3_5	1_4_3_5_4	对公条线_其他贷款_2Y	末级账户册	0	2026-08-14 10:04:23	2026-08-14 10:04:23
598	534ff3e3-ace2-4929-a81d-a150c6f0bb63	598	1_4_3_5	1_4_3_5_5	对公条线_其他贷款_3Y	末级账户册	0	2026-08-14 10:04:23	2026-08-14 10:04:23
599	fdcf0e06-464f-4aec-9a78-a00863c9c3c5	599	1_4	1_4_4	数金条线贷款	1_4_4	0	2026-08-14 10:04:23	2026-08-14 10:04:23
600	bcdb47f0-e848-4d44-9efb-afd4c208a893	600	1_4_4	1_4_4_1	数金条线_个人经营贷款	1_4_4_1	0	2026-08-14 10:04:23	2026-08-14 10:04:23
601	f01d5124-fa8b-47bd-9dee-5880019e3755	601	1_4_4_1	1_4_4_1_1	数金条线_个人经营贷款_线上	1_4_4_1_1	0	2026-08-14 10:04:23	2026-08-14 10:04:23
602	8985b712-96bb-42eb-9b91-f3fad04a203f	602	1_4_4_1_1	1_4_4_1_1_1	数金条线_个人经营贷款_线上_3M	末级账户册	0	2026-08-14 10:04:23	2026-08-14 10:04:23
603	2d7627e6-cdd4-4193-aa58-d616c127e9fa	603	1_4_4_1_1	1_4_4_1_1_2	数金条线_个人经营贷款_线上_6M	末级账户册	0	2026-08-14 10:04:23	2026-08-14 10:04:23
604	6ca946e5-87d0-4c8c-a4de-c5412bf92712	604	1_4_4_1_1	1_4_4_1_1_3	数金条线_个人经营贷款_线上_1Y	末级账户册	0	2026-08-14 10:04:23	2026-08-14 10:04:23
605	57f5ee38-67eb-4a78-a4e7-659cf194d3be	605	1_4_4_1_1	1_4_4_1_1_4	数金条线_个人经营贷款_线上_2Y	末级账户册	0	2026-08-14 10:04:23	2026-08-14 10:04:23
606	d0ade453-d86d-4915-aa78-2b2d9ddc1d48	606	1_4_4_1_1	1_4_4_1_1_5	数金条线_个人经营贷款_线上_3Y	末级账户册	0	2026-08-14 10:04:23	2026-08-14 10:04:23
607	fe196f1d-2662-4a80-bfaa-ddcbfafeeede	607	1_4_4_1	1_4_4_1_2	数金条线_个人经营贷款_线下	1_4_4_1_2	0	2026-08-14 10:04:23	2026-08-14 10:04:23
608	eb96340d-11cd-4c3a-8d8e-2fdeea58e2d9	608	1_4_4_1_2	1_4_4_1_2_1	数金条线_个人经营贷款_线下_3M	末级账户册	0	2026-08-14 10:04:23	2026-08-14 10:04:23
609	67b91e3e-1cc3-4a48-ae35-bd544b48b979	609	1_4_4_1_2	1_4_4_1_2_2	数金条线_个人经营贷款_线下_6M	末级账户册	0	2026-08-14 10:04:23	2026-08-14 10:04:23
610	15534c2c-d7f6-42d3-9b1b-be848744f4d6	610	1_4_4_1_2	1_4_4_1_2_3	数金条线_个人经营贷款_线下_1Y	末级账户册	0	2026-08-14 10:04:23	2026-08-14 10:04:23
611	cbacd8eb-380f-4836-9e74-ffccaf585d75	611	1_4_4_1_2	1_4_4_1_2_4	数金条线_个人经营贷款_线下_2Y	末级账户册	0	2026-08-14 10:04:23	2026-08-14 10:04:23
612	75dd419e-2215-443f-afc4-a6e3164e33cb	612	1_4_4_1_2	1_4_4_1_2_5	数金条线_个人经营贷款_线下_3Y	末级账户册	0	2026-08-14 10:04:23	2026-08-14 10:04:23
613	f699a5ba-08db-4114-915d-1b34993d1193	613	1_4_4	1_4_4_2	数金条线_个人消费贷款	1_4_4_2	0	2026-08-14 10:04:23	2026-08-14 10:04:23
614	56372480-724e-45ef-8e92-d5adc25bfed9	614	1_4_4_2	1_4_4_2_1	数金条线_个人消费贷款_3M	末级账户册	0	2026-08-14 10:04:23	2026-08-14 10:04:23
615	99869a47-2c54-4e91-b074-59d6931f418b	615	1_4_4_2	1_4_4_2_2	数金条线_个人消费贷款_6M	末级账户册	0	2026-08-14 10:04:23	2026-08-14 10:04:23
616	07688b49-c2b5-418c-a016-056215b5b262	616	1_4_4_2	1_4_4_2_3	数金条线_个人消费贷款_1Y	末级账户册	0	2026-08-14 10:04:23	2026-08-14 10:04:23
617	3a4409a7-ebce-406a-96f7-9df1854c322e	617	1_4_4_2	1_4_4_2_4	数金条线_个人消费贷款_2Y	末级账户册	0	2026-08-14 10:04:23	2026-08-14 10:04:23
618	2e3eace4-6406-4a42-ba1f-8645e33f65bd	618	1_4_4_2	1_4_4_2_5	数金条线_个人消费贷款_3Y	末级账户册	0	2026-08-14 10:04:23	2026-08-14 10:04:23
619	4115d803-039d-4c18-8736-3b49e86ae09b	619	1_4	1_4_5	贸易融资	1_4_5	0	2026-08-14 10:04:23	2026-08-14 10:04:23
620	ba59f70a-1be4-4017-8285-de342e221684	620	1_4_5	1_4_5_1	贸易融资_3M	末级账户册	0	2026-08-14 10:04:23	2026-08-14 10:04:23
621	d3142482-9a06-40c5-a3f8-30e601a15114	621	1_4_5	1_4_5_2	贸易融资_6M	末级账户册	0	2026-08-14 10:04:23	2026-08-14 10:04:23
622	cac703f2-e5f4-4ba3-90bd-1db61f2dfe50	622	1_4_5	1_4_5_3	贸易融资_1Y	末级账户册	0	2026-08-14 10:04:23	2026-08-14 10:04:23
623	27202317-f260-4fed-a59d-d54ae3a8bb24	623	1_4_5	1_4_5_4	贸易融资_2Y	末级账户册	0	2026-08-14 10:04:23	2026-08-14 10:04:23
624	adc9b339-ca7b-426b-9f27-0948210132fc	624	1_4_5	1_4_5_5	贸易融资_3Y	末级账户册	0	2026-08-14 10:04:23	2026-08-14 10:04:23
625	343d37ef-bc05-4833-aad3-4b3ffb36baca	625	1_4	1_4_6	贴现	1_4_6	0	2026-08-14 10:04:23	2026-08-14 10:04:23
626	20da3dc6-cc7b-4cf2-8064-7ae95edb244f	626	1_4_6	1_4_6_1	直贴_3M	末级账户册	0	2026-08-14 10:04:23	2026-08-14 10:04:23
627	10028efb-b850-4dcb-9c94-22e68060ee43	627	1_4_6	1_4_6_2	转贴_6M	末级账户册	0	2026-08-14 10:04:23	2026-08-14 10:04:23
628	64c6bc13-2774-46eb-9092-4d54dd5d915a	628	1_4_6	1_4_6_3	福费廷_3M	末级账户册	0	2026-08-14 10:04:23	2026-08-14 10:04:23
629	90e5db94-91ba-44b3-b193-a7e0b2f53d61	629	1_4_6	1_4_6_4	应收款买断_3M	末级账户册	0	2026-08-14 10:04:23	2026-08-14 10:04:23
630	8633e64c-aa2f-4475-87b5-71f132d6419d	630	ROOT	1_5	其他资产	1_5	0	2026-08-14 10:04:23	2026-08-14 11:18:10
631	2e244cc5-e2de-4c5c-a638-d4a7149f7088	631	1_5	1_5_1	贵金属_30Y	1_5_1	0	2026-08-14 10:04:23	2026-08-14 10:04:23
632	c0c8ae22-0d24-49c5-b5d3-aa9bf00808ab	632	1_5_1	1_5_1_1	贵金属_黄金_1D	末级账户册	0	2026-08-14 10:04:23	2026-08-14 10:04:23
633	25d0f643-d487-42ef-8de4-56a74dc6f6bf	633	1_5_1	1_5_1_2	贵金属_非黄金_30Y	末级账户册	0	2026-08-14 10:04:23	2026-08-14 10:04:23
634	e5ae37f5-d47f-4367-abfa-a5d2479fb3ff	634	1_5	1_5_2	各类应收款_30Y	末级账户册	0	2026-08-14 10:04:23	2026-08-14 10:04:23
635	c7456d08-bc28-4f49-aefb-749b14c2fbe8	635	1_5	1_5_3	其他资产_30Y	末级账户册	0	2026-08-14 10:04:23	2026-08-14 10:04:23
636	0555f5e7-36ff-4638-b1db-1fe9ab961ee3	636	ROOT	2_1	向中央银行借款	2_1	0	2026-08-14 10:04:23	2026-08-14 11:18:10
637	f98e224f-d109-4c1e-ae26-80d92df6ad23	637	2_1	2_1_1	再贴现_1Y	末级账户册	0	2026-08-14 10:04:23	2026-08-14 10:04:23
638	ce4df7a4-57dd-4d83-98fc-93c09494a086	638	2_1	2_1_2	再贷款_1Y	末级账户册	0	2026-08-14 10:04:23	2026-08-14 10:04:23
639	fa187131-580c-4f34-8062-5566981fe097	639	ROOT	2_2	同业负债	2_2	0	2026-08-14 10:04:23	2026-08-14 11:18:10
640	8764093b-b7d6-4dcb-9f36-0ac21baa983f	640	2_2	2_2_1	同业存放款项	2_2_1	0	2026-08-14 10:04:23	2026-08-14 10:04:23
641	9b48dfc0-95af-46d2-bf28-f891a7c3e348	641	2_2_1	2_2_1_1	同业存放活期款项	2_2_1_1	0	2026-08-14 10:04:23	2026-08-14 10:04:23
642	c7988029-f11e-4b77-8ff0-d2683b4591f3	642	2_2_1_1	2_2_1_1_1	同业存放活期款项_1D	末级账户册	0	2026-08-14 10:04:23	2026-08-14 10:04:23
643	50945334-1a16-49c1-9895-d5be80e534ea	643	2_2_1	2_2_1_2	同业存放定期款项	2_2_1_2	0	2026-08-14 10:04:23	2026-08-14 10:04:23
644	c3cb8e51-7ef5-448b-875e-00e29a7c393b	644	2_2_1_2	2_2_1_2_1	同业存放定期款项_1M	末级账户册	0	2026-08-14 10:04:23	2026-08-14 10:04:23
645	c4b0e36f-7520-4a57-8f69-2b30690ee6cf	645	2_2_1_2	2_2_1_2_2	同业存放定期款项_3M	末级账户册	0	2026-08-14 10:04:23	2026-08-14 10:04:23
646	1f330c23-cb75-4b59-8717-029faae67354	646	2_2_1_2	2_2_1_2_3	同业存放定期款项_6M	末级账户册	0	2026-08-14 10:04:23	2026-08-14 10:04:23
647	0ef19787-05c1-47a0-aba5-376ee83531e6	647	2_2_1_2	2_2_1_2_4	同业存放定期款项_1Y	末级账户册	0	2026-08-14 10:04:23	2026-08-14 10:04:23
648	414440cb-ede5-445c-be53-74564b46742a	648	2_2	2_2_2	同业拆入	2_2_2	0	2026-08-14 10:04:23	2026-08-14 10:04:23
649	1d64c526-c321-4c35-8d65-6e7baf151a94	649	2_2_2	2_2_2_1	同业拆入_1D	末级账户册	0	2026-08-14 10:04:23	2026-08-14 10:04:23
650	72905cad-db7e-4522-a7da-55204b0f9ad5	650	2_2	2_2_3	同业借款借入	2_2_3	0	2026-08-14 10:04:23	2026-08-14 10:04:23
651	1162d5db-7f9b-4d93-9c46-24dfb0b3d84f	651	2_2_3	2_2_3_1	同业借款借入_1D	末级账户册	0	2026-08-14 10:04:23	2026-08-14 10:04:23
652	4057d80f-c0cc-4fed-b63b-5cb2e397125a	652	2_2	2_2_4	卖出回购	2_2_4	0	2026-08-14 10:04:23	2026-08-14 10:04:23
653	d1353181-bbf5-4e64-93db-0cfa1330e202	653	2_2_4	2_2_4_1	卖出回购债券	2_2_4_1	0	2026-08-14 10:04:23	2026-08-14 10:04:23
654	8533a2ec-1954-4d0a-91fa-780d336c1e8b	654	2_2_4_1	2_2_4_1_1	卖出回购债券_买断式_1D	末级账户册	0	2026-08-14 10:04:23	2026-08-14 10:04:23
655	ebaed1ce-8e97-426b-a87e-b809f8260bf4	655	2_2_4_1	2_2_4_1_2	卖出回购债券_买断式_7D	末级账户册	0	2026-08-14 10:04:23	2026-08-14 10:04:23
656	dbf2f713-44ee-42cd-aaa3-12aab33e16b0	656	2_2_4_1	2_2_4_1_3	卖出回购债券_质押式_1D	末级账户册	0	2026-08-14 10:04:23	2026-08-14 10:04:23
657	c50c25be-c912-4960-8c7c-0111381da984	657	2_2_4_1	2_2_4_1_4	卖出回购债券_质押式_7D	末级账户册	0	2026-08-14 10:04:23	2026-08-14 10:04:23
658	6ac07930-110a-45c4-8373-040c8e559dd8	658	2_2_4	2_2_4_2	卖出回购票据	2_2_4_2	0	2026-08-14 10:04:23	2026-08-14 10:04:23
659	c42917e4-cf39-4192-8426-df3c141513e2	659	2_2_4_2	2_2_4_2_1	卖出回购票据_买断式_1D	末级账户册	0	2026-08-14 10:04:23	2026-08-14 10:04:23
660	6ec641e9-f80d-4623-a26f-e3a94eac5cbc	660	2_2_4_2	2_2_4_2_2	卖出回购票据_买断式_7D	末级账户册	0	2026-08-14 10:04:23	2026-08-14 10:04:23
661	2f870392-2239-424c-81f2-b8a4acc8a7cf	661	2_2_4_2	2_2_4_2_3	卖出回购票据_质押式_1D	末级账户册	0	2026-08-14 10:04:23	2026-08-14 10:04:23
662	bcb937c7-0bbd-43cd-a3ec-f7772d0b5785	662	2_2_4_2	2_2_4_2_4	卖出回购票据_质押式_7D	末级账户册	0	2026-08-14 10:04:23	2026-08-14 10:04:23
663	6258b5d3-fa26-466c-ba6f-adb26025883c	663	ROOT	2_3	发行同业存单	2_3	0	2026-08-14 10:04:23	2026-08-14 11:18:10
664	bb23683c-7eac-4903-af51-ad1b2110ba30	664	2_3	2_3_1	发行同业存单_1M	末级账户册	0	2026-08-14 10:04:23	2026-08-14 10:04:23
665	e13a1e12-d8d0-47ff-be53-0424caf8d050	665	2_3	2_3_2	发行同业存单_3M	末级账户册	0	2026-08-14 10:04:23	2026-08-14 10:04:23
666	1d4c9962-1188-4487-bbe6-fba12fe83f75	666	2_3	2_3_3	发行同业存单_6M	末级账户册	0	2026-08-14 10:04:23	2026-08-14 10:04:23
667	fd6b25d3-e1f9-4b2c-962a-fd49da6539be	667	2_3	2_3_4	发行同业存单_9M	末级账户册	0	2026-08-14 10:04:23	2026-08-14 10:04:23
668	50c9363d-b762-4ddd-9959-75d36b737b30	668	2_3	2_3_5	发行同业存单_1Y	末级账户册	0	2026-08-14 10:04:23	2026-08-14 10:04:23
669	4035377d-4da8-4df1-92a3-93f6ae5bbf37	669	ROOT	2_4	发行债券	2_4	0	2026-08-14 10:04:23	2026-08-14 11:18:10
670	415c9539-228a-4bd7-9ec3-e1275a4765b7	670	2_4	2_4_1	发行债券_3Y	末级账户册	0	2026-08-14 10:04:23	2026-08-14 10:04:23
671	e9eb0b2c-f3f5-4652-b259-22da7f016963	671	2_4	2_4_2	发行债券_5Y	末级账户册	0	2026-08-14 10:04:23	2026-08-14 10:04:23
672	d4d0bf25-b1bb-4352-b36f-60be99fb8a02	672	2_4	2_4_3	发行债券_10Y	末级账户册	0	2026-08-14 10:04:23	2026-08-14 10:04:23
673	00178533-4d43-491a-a87b-b305dfa16d91	673	ROOT	2_5	吸收存款	2_5	0	2026-08-14 10:04:23	2026-08-14 11:18:10
674	f7ee77d1-de28-4bf3-a2cc-855e84603d3e	674	2_5	2_5_1	单位存款	2_5_1	0	2026-08-14 10:04:23	2026-08-14 10:04:23
675	1dcb1634-8b3f-47bb-8ef2-c78e84998ab5	675	2_5_1	2_5_1_1	单位活期存款	2_5_1_1	0	2026-08-14 10:04:23	2026-08-14 10:04:23
676	738e853c-aff4-410e-916c-58f858601877	676	2_5_1_1	2_5_1_1_1	单位普通活期存款_1D	末级账户册	0	2026-08-14 10:04:23	2026-08-14 10:04:23
677	bf393e29-8b70-4bf6-8fb7-46ffdd04e6ce	677	2_5_1_1	2_5_1_1_2	单位协议活期存款_1D	末级账户册	0	2026-08-14 10:04:23	2026-08-14 10:04:23
678	69cf9399-a430-4b4e-b50d-58f829975aac	678	2_5_1	2_5_1_2	单位协议存款	2_5_1_2	0	2026-08-14 10:04:23	2026-08-14 10:04:23
679	2d4b1b59-e99b-41f1-9293-76a031895352	679	2_5_1_2	2_5_1_2_1	单位协议存款_1Y	末级账户册	0	2026-08-14 10:04:23	2026-08-14 10:04:23
680	761eb3ec-8bc4-45f1-9016-885f63088c53	680	2_5_1_2	2_5_1_2_2	单位协议存款_3Y	末级账户册	0	2026-08-14 10:04:23	2026-08-14 10:04:23
681	7d26895a-be3e-4261-8c8d-1f40e2da5bde	681	2_5_1_2	2_5_1_2_3	单位协议存款_5Y	末级账户册	0	2026-08-14 10:04:23	2026-08-14 10:04:23
682	bc51c355-3830-4f66-861a-79fcace7f8df	682	2_5_1	2_5_1_3	单位定期	2_5_1_3	0	2026-08-14 10:04:23	2026-08-14 10:04:23
683	01623d67-d59c-4d37-b24a-2c98d373c2fa	683	2_5_1_3	2_5_1_3_1	单位定期_3M	末级账户册	0	2026-08-14 10:04:23	2026-08-14 10:04:23
684	337e2f9a-3412-45b8-8f5b-7a3f41b518c9	684	2_5_1_3	2_5_1_3_2	单位定期_6M	末级账户册	0	2026-08-14 10:04:23	2026-08-14 10:04:23
685	bf17e074-a9b5-4a73-9eb7-be26b91f718a	685	2_5_1_3	2_5_1_3_3	单位定期_1Y	末级账户册	0	2026-08-14 10:04:23	2026-08-14 10:04:23
686	e6ed6bdf-8994-4575-84ff-19b7d9f8ab84	686	2_5_1_3	2_5_1_3_4	单位定期_2Y	末级账户册	0	2026-08-14 10:04:23	2026-08-14 10:04:23
687	580ce922-2653-4505-a843-e90440ee5e60	687	2_5_1_3	2_5_1_3_5	单位定期_3Y	末级账户册	0	2026-08-14 10:04:23	2026-08-14 10:04:23
688	aaa9eac3-0ac2-4066-8e28-954a5be6f189	688	2_5_1_3	2_5_1_3_6	单位定期_5Y	末级账户册	0	2026-08-14 10:04:23	2026-08-14 10:04:23
689	54d64478-b400-4321-9fc0-3e54fdd8a44d	689	2_5_1	2_5_1_4	单位通知存款	2_5_1_4	0	2026-08-14 10:04:23	2026-08-14 10:04:23
690	53fcca86-002a-4fd4-940d-eee3c5a4b43b	690	2_5_1_4	2_5_1_4_1	单位通知存款_1D	末级账户册	0	2026-08-14 10:04:23	2026-08-14 10:04:23
691	f2c2771c-f8b8-4f38-83ce-61281b8bc5ff	691	2_5_1_4	2_5_1_4_2	单位通知存款_7D	末级账户册	0	2026-08-14 10:04:23	2026-08-14 10:04:23
692	49755455-79bd-4851-8003-dd8658e30028	692	2_5_1	2_5_1_5	单位保本理财	2_5_1_5	0	2026-08-14 10:04:23	2026-08-14 10:04:23
693	1c425e4e-5346-489c-bffe-18b50944ac8d	693	2_5_1_5	2_5_1_5_1	单位保本理财_1Y	末级账户册	0	2026-08-14 10:04:23	2026-08-14 10:04:23
694	c5f461de-86e3-42d3-9a03-1fe32d323216	694	2_5_1	2_5_1_6	单位大额存单存款	2_5_1_6	0	2026-08-14 10:04:23	2026-08-14 10:04:23
695	36f1c969-8d78-4c94-ad4c-e94741ef1b3c	695	2_5_1_6	2_5_1_6_1	单位大额存单存款_1Y	末级账户册	0	2026-08-14 10:04:23	2026-08-14 10:04:23
696	db2c8d9c-adbb-4879-8a5b-870354b155cc	696	2_5_1_6	2_5_1_6_2	单位大额存单存款_2Y	末级账户册	0	2026-08-14 10:04:23	2026-08-14 10:04:23
697	775d7299-b335-49fa-a4c9-80905a5f491e	697	2_5_1_6	2_5_1_6_3	单位大额存单存款_3Y	末级账户册	0	2026-08-14 10:04:23	2026-08-14 10:04:23
698	b1a4ee2a-79c1-4d1b-a554-31028dfdc822	698	2_5_1	2_5_1_7	单位保证金存款	2_5_1_7	0	2026-08-14 10:04:23	2026-08-14 10:04:23
699	923f8000-e46b-4579-832a-2c7df0ece58c	699	2_5_1_7	2_5_1_7_1	单位活期保证金存款_1D	末级账户册	0	2026-08-14 10:04:23	2026-08-14 10:04:23
700	31de8f75-23b2-42fb-820c-a81f47b34a6a	700	2_5_1_7	2_5_1_7_2	单位定期保证金存款	2_5_1_7_2	0	2026-08-14 10:04:23	2026-08-14 10:04:23
701	75840a21-807e-48bc-a8ea-63175f3c4790	701	2_5_1_7_2	2_5_1_7_2_1	单位定期保证金存款_3M	末级账户册	0	2026-08-14 10:04:23	2026-08-14 10:04:23
702	4ab0216e-c154-41d9-875b-06f95b4d8dcc	702	2_5_1_7_2	2_5_1_7_2_2	单位定期保证金存款_6M	末级账户册	0	2026-08-14 10:04:23	2026-08-14 10:04:23
703	93433efa-a3a6-4603-b190-023635ce7f8b	703	2_5_1_7_2	2_5_1_7_2_3	单位定期保证金存款_1Y	末级账户册	0	2026-08-14 10:04:23	2026-08-14 10:04:23
704	13873b5f-9705-497a-aee7-5c815f973352	704	2_5_1_7_2	2_5_1_7_2_4	单位定期保证金存款_2Y	末级账户册	0	2026-08-14 10:04:23	2026-08-14 10:04:23
705	41c696bc-5a54-4335-b8ad-5971da89791d	705	2_5_1_7_2	2_5_1_7_2_5	单位定期保证金存款_3Y	末级账户册	0	2026-08-14 10:04:23	2026-08-14 10:04:23
706	db8e1291-c0c8-40c6-9c14-5d9fb6d8163a	706	2_5	2_5_2	个人存款	2_5_2	0	2026-08-14 10:04:23	2026-08-14 10:04:23
707	05dfa5fc-112c-46d4-aa1e-cfa05d02a550	707	2_5_2	2_5_2_1	个人活期存款	2_5_2_1	0	2026-08-14 10:04:23	2026-08-14 10:04:23
708	28eb1865-cf0a-4527-9050-6729cdbb92ea	708	2_5_2_1	2_5_2_1_1	个人普通活期存款_1D	末级账户册	0	2026-08-14 10:04:23	2026-08-14 10:04:23
709	3343e3dd-7b3c-47e1-96bb-0eb7499e9b30	709	2_5_2_1	2_5_2_1_2	个人协议活期存款_1D	末级账户册	0	2026-08-14 10:04:23	2026-08-14 10:04:23
710	e6d788cf-eb73-452c-bb9e-38d6e1461b58	710	2_5_2	2_5_2_2	个人定期存款	2_5_2_2	0	2026-08-14 10:04:23	2026-08-14 10:04:23
711	aff9c8d4-802a-488f-854c-8c38d8f9d118	711	2_5_2_2	2_5_2_2_1	高兴存	2_5_2_2_1	0	2026-08-14 10:04:23	2026-08-14 10:04:23
712	8bbcbf43-55a2-4d07-b63f-747537932d8c	712	2_5_2_2_1	2_5_2_2_1_1	高兴存	2_5_2_2_1_1	0	2026-08-14 10:04:23	2026-08-14 10:04:23
713	87ddfc84-bff4-49c2-b86d-59ae6ef255ba	713	2_5_2_2_1_1	2_5_2_2_1_1_1	高兴存_3Y	末级账户册	0	2026-08-14 10:04:23	2026-08-14 10:04:23
714	10c0c3c1-5dfe-4587-8840-af1fd8185dfc	714	2_5_2_2_1_1	2_5_2_2_1_1_2	高兴存_5Y	末级账户册	0	2026-08-14 10:04:23	2026-08-14 10:04:23
715	e0daed9f-1aae-4513-ad9a-85a54f2444e2	715	2_5_2_2_1	2_5_2_2_1_2	高兴存（节庆专属）_3Y	末级账户册	0	2026-08-14 10:04:23	2026-08-14 10:04:23
716	8bc942b5-37dc-4010-92eb-da6f2aafc5d6	716	2_5_2_2_1	2_5_2_2_1_3	高兴存（村镇银行专属）	2_5_2_2_1_3	0	2026-08-14 10:04:23	2026-08-14 10:04:23
717	1a833acc-37ca-4063-ab44-ba5127ca5ba8	717	2_5_2_2_1_3	2_5_2_2_1_3_1	高兴存（村镇银行专属）_3Y	末级账户册	0	2026-08-14 10:04:23	2026-08-14 10:04:23
718	0438ad9e-ebd2-4728-87de-c370ee2a39b2	718	2_5_2_2_1_3	2_5_2_2_1_3_2	高兴存（村镇银行专属）_5Y	末级账户册	0	2026-08-14 10:04:23	2026-08-14 10:04:23
719	a3b9a3d0-1bd5-4897-a8a2-7478779f39b9	719	2_5_2_2	2_5_2_2_2	富桂存	2_5_2_2_2	0	2026-08-14 10:04:23	2026-08-14 10:04:23
720	865ceb01-da4b-467e-bbbd-e59592a3349f	720	2_5_2_2_2	2_5_2_2_2_1	富桂存_月得利	2_5_2_2_2_1	0	2026-08-14 10:04:23	2026-08-14 10:04:23
721	6881d547-0988-4b07-920e-557a4e669302	721	2_5_2_2_2_1	2_5_2_2_2_1_1	富桂存_月得利_3Y	末级账户册	0	2026-08-14 10:04:23	2026-08-14 10:04:23
722	de772f73-04c1-4d07-8bf6-a09f44245a25	722	2_5_2_2_2_1	2_5_2_2_2_1_2	富桂存_月得利_5Y	末级账户册	0	2026-08-14 10:04:23	2026-08-14 10:04:23
723	f40443bf-dbb1-4617-be97-0a14918ce727	723	2_5_2_2_2	2_5_2_2_2_2	富桂存_月得利（二期）	2_5_2_2_2_2	0	2026-08-14 10:04:23	2026-08-14 10:04:23
724	13991449-6282-4636-a40a-134cc098fb0d	724	2_5_2_2_2_2	2_5_2_2_2_2_1	富桂存_月得利（二期）_3Y	末级账户册	0	2026-08-14 10:04:23	2026-08-14 10:04:23
725	0db97348-f667-41e3-8203-14c145709814	725	2_5_2_2_2_2	2_5_2_2_2_2_2	富桂存_月得利（二期）_5Y	末级账户册	0	2026-08-14 10:04:23	2026-08-14 10:04:23
726	152e642a-a4d1-4a37-9cc2-4d1ff6e79fdd	726	2_5_2_2_2	2_5_2_2_2_3	富桂存_月得利(尊享版)_5Y	末级账户册	0	2026-08-14 10:04:23	2026-08-14 10:04:23
727	b277c96f-71ab-41c6-8f4a-31c3ac0d55f9	727	2_5_2_2_2	2_5_2_2_2_4	富桂存_月得利（E版三年）_3Y	末级账户册	0	2026-08-14 10:04:23	2026-08-14 10:04:23
728	05ae0628-1f83-4600-8f93-ecfb5aa3cd84	728	2_5_2_2_2	2_5_2_2_2_5	富桂存_月得利（县域专属）	2_5_2_2_2_5	0	2026-08-14 10:04:23	2026-08-14 10:04:23
729	706c807e-8c86-47f1-83f2-723a7c677d16	729	2_5_2_2_2_5	2_5_2_2_2_5_1	富桂存_月得利（县域专属）_3Y	末级账户册	0	2026-08-14 10:04:23	2026-08-14 10:04:23
730	04b7fa5a-1f90-4a89-961a-7a5ed35c11c6	730	2_5_2_2_2_5	2_5_2_2_2_5_2	富桂存_月得利（县域专属）_5Y	末级账户册	0	2026-08-14 10:04:23	2026-08-14 10:04:23
731	ec945cfe-0e74-4280-b30f-66ee55860876	731	2_5_2_2_2	2_5_2_2_2_6	富桂存_月得利（E版五年）_5Y	末级账户册	0	2026-08-14 10:04:23	2026-08-14 10:04:23
732	82f4fad9-2b07-49ab-ad3e-4a415c6974a0	732	2_5_2_2_2	2_5_2_2_2_7	行庆专属存款_5Y	末级账户册	0	2026-08-14 10:04:23	2026-08-14 10:04:23
733	307bf98a-e4c4-4df1-8125-2a0442716975	733	2_5_2_2_2	2_5_2_2_2_8	区庆专属存款	2_5_2_2_2_8	0	2026-08-14 10:04:23	2026-08-14 10:04:23
734	41ce75b4-0aaa-437b-a2b9-2743b6c2f002	734	2_5_2_2_2_8	2_5_2_2_2_8_1	区庆专属存款_3Y	末级账户册	0	2026-08-14 10:04:23	2026-08-14 10:04:23
735	7f7327b1-bd22-4cab-8955-c5fcf582842c	735	2_5_2_2_2_8	2_5_2_2_2_8_2	区庆专属存款_5Y	末级账户册	0	2026-08-14 10:04:23	2026-08-14 10:04:23
736	ff4e83d2-6593-4a97-95c0-345614bb7e5b	736	2_5_2_2	2_5_2_2_3	其他个人定期存款	2_5_2_2_3	0	2026-08-14 10:04:23	2026-08-14 10:04:23
737	ed9a0956-45c1-48d2-829b-35df302285e0	737	2_5_2_2_3	2_5_2_2_3_1	其他个人定期存款_3M	末级账户册	0	2026-08-14 10:04:23	2026-08-14 10:04:23
738	09095868-72f7-47ab-a423-2fef20a37e83	738	2_5_2_2_3	2_5_2_2_3_2	其他个人定期存款_6M	末级账户册	0	2026-08-14 10:04:23	2026-08-14 10:04:23
739	3d805c1d-1458-4216-be20-10760861cb64	739	2_5_2_2_3	2_5_2_2_3_3	其他个人定期存款_1Y	末级账户册	0	2026-08-14 10:04:23	2026-08-14 10:04:23
740	1328cf36-3da5-4e8a-a67d-781cbff5db7d	740	2_5_2_2_3	2_5_2_2_3_4	其他个人定期存款_2Y	末级账户册	0	2026-08-14 10:04:23	2026-08-14 10:04:23
741	65634a76-2150-4161-8cc6-55632d45cb82	741	2_5_2_2_3	2_5_2_2_3_5	其他个人定期存款_3Y	末级账户册	0	2026-08-14 10:04:23	2026-08-14 10:04:23
742	ec8989a2-a760-465a-a813-df149bb5201d	742	2_5_2_2_3	2_5_2_2_3_6	其他个人定期存款_5Y	末级账户册	0	2026-08-14 10:04:23	2026-08-14 10:04:23
743	851e7c85-61f7-4d79-ae7d-89853aed063d	743	2_5_2	2_5_2_3	个人通知存款	2_5_2_3	0	2026-08-14 10:04:23	2026-08-14 10:04:23
744	192d4472-c0b2-432f-8b36-bfefce7525eb	744	2_5_2_3	2_5_2_3_1	个人通知存款_1D	末级账户册	0	2026-08-14 10:04:23	2026-08-14 10:04:23
745	c9da853a-b322-490d-ad62-9102a6ec7f24	745	2_5_2_3	2_5_2_3_2	个人通知存款_7D	末级账户册	0	2026-08-14 10:04:23	2026-08-14 10:04:23
746	c9605fe9-f23e-4fce-90e5-7debd7bd0822	746	2_5_2	2_5_2_4	个人保本理财	2_5_2_4	0	2026-08-14 10:04:23	2026-08-14 10:04:23
747	394046d6-3a88-4a0e-ab35-84313f1d9ff7	747	2_5_2_4	2_5_2_4_1	个人保本理财_1Y	末级账户册	0	2026-08-14 10:04:23	2026-08-14 10:04:23
748	d0fb4cb3-1a52-4f28-8139-01de1d3d7620	748	2_5_2	2_5_2_5	个人大额存单存款	2_5_2_5	0	2026-08-14 10:04:23	2026-08-14 10:04:23
749	be7b2d04-1797-4dd1-a5fd-6f0ebb2c0b4c	749	2_5_2_5	2_5_2_5_1	个人大额存单存款_3M	末级账户册	0	2026-08-14 10:04:23	2026-08-14 10:04:23
750	376ab4d1-e4b4-4552-92a8-11e1504ba68a	750	2_5_2_5	2_5_2_5_2	个人大额存单存款_6M	末级账户册	0	2026-08-14 10:04:23	2026-08-14 10:04:23
751	3134140b-77a3-4b29-99d7-f6d4558f3978	751	2_5_2_5	2_5_2_5_3	个人大额存单存款_1Y	末级账户册	0	2026-08-14 10:04:23	2026-08-14 10:04:23
752	17776b03-d106-4178-aaff-cda0a2e19fb8	752	2_5_2_5	2_5_2_5_4	个人大额存单存款_3Y	末级账户册	0	2026-08-14 10:04:23	2026-08-14 10:04:23
753	8f5fb04e-04f2-4722-a31a-0335e346df9c	753	2_5_2_5	2_5_2_5_5	个人大额存单存款_5Y	末级账户册	0	2026-08-14 10:04:23	2026-08-14 10:04:23
754	0478c828-a0d2-4640-ac4f-52eda650534f	754	2_5_2	2_5_2_6	个人协议存款	2_5_2_6	0	2026-08-14 10:04:23	2026-08-14 10:04:23
755	ad475188-9f1b-4049-9827-d901b669486c	755	2_5_2_6	2_5_2_6_1	个人协议存款_1Y	末级账户册	0	2026-08-14 10:04:23	2026-08-14 10:04:23
756	16317207-b96f-4dd9-a325-4ef46f310b95	756	2_5_2_6	2_5_2_6_2	个人协议存款_5Y	末级账户册	0	2026-08-14 10:04:23	2026-08-14 10:04:23
757	4c8fb0b6-8e3b-4c6a-82e9-0e0dd3e0abf7	757	2_5_2	2_5_2_7	个人定活两便	2_5_2_7	0	2026-08-14 10:04:23	2026-08-14 10:04:23
758	b3009dc5-c196-4c81-8379-e0eca733c6bb	758	2_5_2_7	2_5_2_7_1	个人定活两便_1D	末级账户册	0	2026-08-14 10:04:23	2026-08-14 10:04:23
759	effd12aa-64ef-4963-9011-6e1eae59d755	759	2_5	2_5_3	国库定期存款	2_5_3	0	2026-08-14 10:04:23	2026-08-14 10:04:23
760	d577097f-eb61-4749-9d8a-fabc63bcc6a1	760	2_5_3	2_5_3_1	国库定期存款_1Y	末级账户册	0	2026-08-14 10:04:23	2026-08-14 10:04:23
761	868fb7c2-903b-4083-a419-1c427b1f9208	761	2_5	2_5_4	财政性存款	2_5_4	0	2026-08-14 10:04:23	2026-08-14 10:04:23
762	dbc6c34b-62ff-4af6-86b9-179ec89f65c0	762	2_5_4	2_5_4_1	财政性存款_1Y	末级账户册	0	2026-08-14 10:04:23	2026-08-14 10:04:23
763	24b4810f-35a6-4253-981f-8d399f99ac1f	763	2_5	2_5_5	其他存款	2_5_5	0	2026-08-14 10:04:23	2026-08-14 10:04:23
764	53751579-75a9-4c56-adac-f0cddc101668	764	2_5_5	2_5_5_1	应解汇款机临时存款_1D	末级账户册	0	2026-08-14 10:04:23	2026-08-14 10:04:23
765	841d1f0d-659a-4975-bcfb-6ec4945b9fd9	765	2_5_5	2_5_5_2	开出银行汇票_1D	末级账户册	0	2026-08-14 10:04:23	2026-08-14 10:04:23
766	ae9faf48-12af-453d-a23d-5baf0fb721b4	766	2_5_5	2_5_5_3	开出银行本票_1D	末级账户册	0	2026-08-14 10:04:23	2026-08-14 10:04:23
767	993b647d-6d14-430d-8d86-5132102d603a	767	2_5_5	2_5_5_4	转股协议存款_1D	末级账户册	0	2026-08-14 10:04:23	2026-08-14 10:04:23
768	d3ea331d-5eac-4125-8168-74a336a23ee7	768	ROOT	2_6	其他负债	2_6	0	2026-08-14 10:04:23	2026-08-14 11:18:10
769	24645a80-2238-4ac8-92db-6aa9330b0407	769	2_6	2_6_1	代理类负债_1Y	末级账户册	0	2026-08-14 10:04:23	2026-08-14 10:04:23
770	d08e7a81-9b18-4598-bf3a-ed100dc66ea5	770	2_6	2_6_2	转贴现负债_3M	末级账户册	0	2026-08-14 10:04:23	2026-08-14 10:04:23
771	29522584-3e76-4cc3-a98a-88dfde1e95d1	771	2_6	2_6_3	其他负债_30Y	末级账户册	0	2026-08-14 10:04:23	2026-08-14 10:04:23
772	d1aa7c8a-b831-4d88-90b3-11b87075851d	772	ROOT	3_1	所有者权益	3_1	0	2026-08-14 10:04:23	2026-08-14 11:18:10
773	967f8780-e35b-40b1-823c-5dc33ee496f9	773	3_1	3_1_1	所有者权益_10Y	末级账户册	0	2026-08-14 10:04:23	2026-08-14 10:04:23
774	3d6fdcad-1575-4037-93ee-e9f5a67f956c	0	\N	ROOT	资产负债账户册	资产负债账户册	0	2026-08-14 11:18:10	2026-08-14 11:18:10
